customer_id,segment,signup_date,baseline_purchase_prob
c75472d5-f5d8-4816-bfb8-68eef0038dc2,Student,2025-09-10,0.15
15e012ba-96b7-421a-bac8-260d57e2bcaf,Student,2026-06-14,0.15
93ff1212-bfa1-41d6-aeec-3371ba639bd8,Professional,2026-05-14,0.6
728eb6db-89f9-44ad-8db4-7be65fcb5563,Professional,2026-01-22,0.6
5839ec3d-c0b3-4443-86f9-656ad010b457,Student,2026-05-29,0.15
6a8fa5be-4e15-4580-a3b5-43ddb905d0e5,Student,2025-08-30,0.15
c838c618-9761-4c09-9565-2d4f93a9f89b,Professional,2026-03-28,0.6
ede3fbdb-25cc-4a09-872d-66e18ed80341,Student,2025-09-15,0.15
3b601c3d-1a07-41ae-8638-939124a73a9c,Professional,2025-11-04,0.6
7cbb599c-a669-4be5-af37-04f509756f36,Student,2025-11-21,0.15
e341e3e5-9367-4513-abbd-76ae4d0e23ba,Professional,2025-10-15,0.6
2838e417-2d0f-4e06-8b90-0a06bac517e2,Professional,2026-01-01,0.6
b6471765-8e25-4839-9787-818d74ea210c,Student,2026-06-27,0.15
2b1f92bd-d937-46e2-bd61-87ab43c03cae,Student,2026-02-18,0.15
613e18f3-36a3-4c73-b385-dc9524efe3bc,Student,2026-02-16,0.15
314c585d-ad48-4b1f-9c3d-0d94e15bb1f7,Student,2026-07-05,0.15
04caba41-1694-4289-9125-9714e5645024,Student,2025-12-24,0.15
364c04cc-89e9-4183-b8d7-29629343b941,Professional,2026-04-16,0.6
a993cccc-56ec-4643-96c0-7c9970455844,Professional,2026-04-12,0.6
de72177e-6338-43d8-a4ab-d8fc2386c0c7,Student,2026-03-11,0.15
403c389e-9342-4b58-a44a-442d72b592e3,Student,2026-05-28,0.15
0a03aebe-b981-47c9-a7c5-406778cbddf8,Enterprise,2025-12-26,0.85
370569d4-0fd1-4554-a763-463122aaf9dc,Student,2025-09-13,0.15
0dc4ea97-ce1b-427b-a63d-988dfa359e5c,Student,2025-09-19,0.15
0f8a3173-6839-41d7-8b1d-5dbabd92273a,Student,2025-12-04,0.15
5d396fee-dbc4-4799-aa1d-1f0c0f03f742,Student,2026-01-31,0.15
8f30b1fc-775e-49b4-b6ac-140bfb114107,Student,2026-07-06,0.15
61c67508-f1bd-4d75-bfba-db62e71e2121,Professional,2026-08-23,0.6
3f57916f-4bf2-4667-9cda-ce298a841041,Professional,2026-07-02,0.6
137402a6-7b52-48fb-b261-3a841cd5d994,Professional,2025-10-19,0.6
d709a67b-c1d5-4dfa-982a-083a3959ea93,Student,2026-01-19,0.15
71f2c0e3-2325-4a6a-9555-72ed2e8814dc,Professional,2026-02-04,0.6
ed676f3a-cd0e-46d4-b04b-2b73d270c341,Professional,2025-11-28,0.6
c3671b89-d536-4df0-8fee-1be52bd1126a,Professional,2025-11-27,0.6
be1c2749-53c2-4e11-82ba-4bcbf808533d,Student,2026-01-22,0.15
2890c3c0-ef38-4ed8-91f1-63d95f484148,Professional,2026-02-16,0.6
4c1ac87c-d158-478f-b371-96e6d55c9e9d,Student,2026-01-29,0.15
7f3e1487-c84d-4dc7-9a31-d58e325d9534,Professional,2026-07-03,0.6
fd830eb2-b691-46ce-b3af-ca04571a246c,Professional,2026-01-20,0.6
bb3a17ef-bbf3-42dc-ac97-974204dea1e3,Student,2026-07-15,0.15
08c66dde-520f-4993-82c6-24f6bc35bff1,Student,2025-10-28,0.15
b2d39c5a-2db4-48f4-a18d-db7dc0be1ce6,Student,2025-10-02,0.15
171ba1c1-bc06-4516-812c-223df6ca47c1,Professional,2026-04-18,0.6
7dbe3db8-daae-408d-8281-53cad19f4687,Student,2026-06-23,0.15
5052f801-8104-4229-bfec-abdcfb9c2384,Professional,2026-06-05,0.6
8f35abbf-1ed6-4f27-9077-8f8f2152a654,Professional,2025-11-09,0.6
5006d68b-b5cf-4af2-bae5-ef599f7ec081,Professional,2026-01-06,0.6
eacd410a-28c2-41b6-8098-9905d5d057a5,Professional,2026-07-28,0.6
6df5693e-9479-499d-aa57-c03e3cde4e32,Professional,2025-10-01,0.6
c1afab04-5c0a-4f4f-bf6a-e16a63dbed9f,Professional,2026-07-23,0.6
49046505-ce00-4b44-8abf-ad83a838975b,Student,2026-06-24,0.15
1d149b86-1120-483f-8514-d9019b723266,Student,2026-05-18,0.15
c26b3005-bfd4-43c6-96ab-ecac859dee5b,Professional,2026-01-23,0.6
485d3457-abee-419d-96aa-29e95eede6b5,Professional,2026-01-10,0.6
bbd6f749-eca3-449c-b9bc-4b023b3cd76c,Student,2026-04-16,0.15
b8de6473-0f15-4185-9d23-37ca1aca13c0,Professional,2026-01-19,0.6
c2c2e861-da7b-46bc-8b4c-89849b1ef6e1,Student,2025-08-31,0.15
6a0605f8-ded5-4de6-85f8-dd7ea1f64071,Student,2026-01-30,0.15
c62da150-36b3-4390-b71e-e0ea0448a7db,Professional,2026-07-14,0.6
d763a881-bc81-4346-8cde-632d324f4bf7,Professional,2026-02-27,0.6
1d6ff185-7b85-45a6-9096-28ea8e9566d3,Student,2026-01-06,0.15
d35a082c-b736-46d8-b2ed-c73f6228da07,Professional,2026-05-21,0.6
ae34db85-4283-4fee-957f-86411615e4db,Professional,2026-01-06,0.6
8f90e5fc-e5a4-4395-ade8-e038725c6bc1,Professional,2026-03-07,0.6
61d4419c-2715-4466-a91a-d6c9c563c21e,Student,2026-08-12,0.15
2eb59b5b-9625-4712-8b1a-3b12f6417207,Student,2026-02-19,0.15
4b145723-9835-40d4-9062-f8044c4aca30,Professional,2025-11-14,0.6
c9b2163a-22bb-449c-b465-671944f6150f,Enterprise,2026-07-11,0.85
1dc1c7c7-9876-4946-a1a1-e17ad78f96a3,Student,2026-04-13,0.15
af89a668-011b-4c3d-b597-3321232f583b,Professional,2026-05-09,0.6
9473bc96-d54b-4d42-b817-366c938ab5ff,Student,2025-11-12,0.15
5ec5cccc-b29d-4994-94c1-bddbb89998ca,Professional,2026-04-19,0.6
3c394107-be99-429b-ade3-0501fd703e54,Professional,2025-09-11,0.6
be8530ea-3fa7-4710-aac0-d3c46a565037,Student,2026-02-16,0.15
c377ab3b-875d-4435-bdbf-b44a887e115f,Student,2025-11-15,0.15
285de620-cef0-4ec7-aa42-511285c3a52e,Professional,2026-05-01,0.6
f681ea80-04af-4a67-861f-1ea16c7a6267,Student,2025-12-09,0.15
4be430bb-3cd8-4bce-9cee-d830f6d55fd0,Student,2026-04-10,0.15
428796f1-c157-4aab-bd03-5f7426672ee7,Professional,2026-01-12,0.6
06b69cc8-ede6-4057-98ac-4d5b6d5ccfa3,Student,2026-03-06,0.15
b116944d-eb65-4592-a008-62013af4af91,Student,2025-10-14,0.15
0e7ac6f4-6b2d-46da-a12f-7c2202ea0c83,Student,2026-05-21,0.15
e5b94ced-1452-47ba-a84d-539df352bc1c,Professional,2026-02-26,0.6
ec8d0a65-f212-4ff4-8e24-3d7d96998fe3,Student,2026-07-04,0.15
53a90f46-c9f1-45e1-b579-b0042f48d37d,Student,2025-11-03,0.15
3b287c04-c0c3-4bda-8ac6-2c3857151876,Professional,2026-05-04,0.6
28ce0591-8538-4430-aa12-9a1b9f41bc2c,Student,2026-06-05,0.15
ef0fdf70-8b93-4a28-a312-f840a6cb143a,Student,2026-08-23,0.15
cfe96873-60df-44bb-8dc6-781b3276565a,Professional,2026-07-02,0.6
bd07b6c2-fefe-450d-998b-f720377d3d3a,Student,2026-01-13,0.15
44435abd-7594-4d7e-9a7f-0551ec7b8879,Enterprise,2026-04-21,0.85
4b86ecd0-366d-43b2-b6e8-f176eae47b64,Student,2026-03-06,0.15
46c12cf3-a347-4622-8411-5a885025eb02,Professional,2026-02-08,0.6
f2bbf6f5-e293-4300-9100-5ab851b55271,Student,2025-10-05,0.15
eee4b1ea-d25b-49ff-b84a-6161092689d7,Student,2026-02-22,0.15
9bb6721d-7953-4a39-adc0-16377d446334,Student,2025-12-13,0.15
724507bb-91f2-488c-9267-6b2c5d6574f8,Professional,2025-10-04,0.6
cde33b79-dfce-4943-a89a-6217bc356fb7,Professional,2026-02-08,0.6
ef1570fc-4c19-4b98-ba07-c617c0796026,Student,2025-12-28,0.15
97369a58-2563-46c9-9bc2-b28d035a640e,Professional,2026-02-05,0.6
62757fc5-cd4e-461d-8364-af16ab341a94,Student,2025-10-03,0.15
2926a56b-c973-4e4d-a547-a163eeaec381,Professional,2025-12-09,0.6
46ca825f-6bf7-4f73-9ac8-76ecb8b64c25,Professional,2025-09-13,0.6
c808b364-b94b-4b4f-83a6-d89838ffddc2,Professional,2026-03-31,0.6
4862406f-d8fc-4dca-82f7-b5d0350be22e,Student,2026-02-07,0.15
cedf00c3-c1b7-408a-97d9-4a6be204eba0,Student,2026-04-19,0.15
81aea43f-936c-4b41-bfb2-8f498e1cb121,Professional,2025-08-30,0.6
37ec49c2-7e69-4442-ad57-dba78cd7ef45,Student,2026-03-27,0.15
cae3dd3f-36dd-4f27-929c-48acee983b44,Professional,2025-10-31,0.6
7b3d3e39-fae8-4d7d-a1c6-824ff83026c4,Student,2025-12-16,0.15
1b9181d0-632b-4619-b29b-b28bbb732081,Student,2026-05-05,0.15
fab7a352-831e-440a-a3ee-7180eec865bd,Professional,2026-06-26,0.6
5028f1b6-b96a-4570-9a4a-83d7ad7eb513,Student,2025-10-25,0.15
357e94d6-f7b9-4782-83ab-43f42470e59d,Enterprise,2026-07-19,0.85
fc84f32c-6151-47aa-977c-1322abc78c70,Professional,2026-08-16,0.6
c8f799bb-d561-4fcd-8d32-c9eb70c054d7,Student,2026-03-31,0.15
9a9fd07b-88cc-45f4-b593-5147cc29704a,Professional,2026-04-16,0.6
a4f42bd9-5ce2-45fa-b61a-4aeae6515358,Professional,2026-07-02,0.6
b9907ae8-8a64-4c82-b96b-af1ce6772954,Professional,2026-05-01,0.6
908daa69-825a-4ec9-8364-43abaf8a9d53,Student,2026-05-13,0.15
26ded987-6126-4257-a711-87b916c7fd0e,Professional,2026-01-10,0.6
81d784b1-e020-4424-9bbe-398f3eba7bd1,Student,2026-05-18,0.15
2212e049-ff4a-4e43-9389-9ea76aa0ee7b,Enterprise,2025-09-21,0.85
5d22b790-ed5e-47e1-a20f-8f63b90e331d,Professional,2026-03-15,0.6
c4038af5-5c6e-4e70-9b73-a04fafad9d0e,Professional,2026-03-09,0.6
20f0de38-f60c-42ca-8fe6-6492166126b4,Student,2026-06-18,0.15
3a55d8ae-f68a-4005-b29e-40c33aca4aa9,Student,2025-11-21,0.15
e2077725-35b8-4a12-9376-12bf749c94f2,Student,2026-04-12,0.15
af5d1bfc-c367-4ee6-ab7e-e0e02839e521,Professional,2026-04-19,0.6
43c3ec15-c348-4db4-a0e0-a93d1cb5a08c,Professional,2026-08-03,0.6
7e38ad07-5f91-4962-94b6-57dce61816df,Student,2026-07-18,0.15
239e20e3-8a90-478f-9767-a939d50f15f5,Enterprise,2026-07-05,0.85
91c1069e-96c8-4b45-956c-990a408a18ed,Professional,2025-11-15,0.6
f0873270-736d-4f0a-9fdf-f73beac96f27,Professional,2025-11-21,0.6
27fab0c5-4552-4d08-9b91-23b1e4679a88,Professional,2025-11-14,0.6
656aa5fb-d2f0-4728-802e-f9f409b83cca,Professional,2025-10-12,0.6
98501a85-c9d5-4c57-910a-cab9a5ba07b6,Professional,2026-08-21,0.6
fba803c0-934a-404f-b857-f009b8116cb2,Student,2026-07-07,0.15
b138a067-2066-4662-8262-afa4c5301b9c,Student,2026-03-06,0.15
60bd209d-03f8-4d5c-9cb5-a32f607a4d58,Enterprise,2026-07-10,0.85
3d691ea8-eb34-42d5-b8a8-317d2c41bc0f,Enterprise,2026-05-18,0.85
55c46d08-d676-4d7a-8b82-45f86a87511b,Professional,2026-07-19,0.6
e78de840-6f0b-4a95-8d0f-741684ae20a8,Enterprise,2025-10-27,0.85
44e64c99-418f-4fcf-80d0-208020bd360f,Enterprise,2026-05-18,0.85
ea082ed0-5bff-471e-9241-5b32cb7c4e92,Enterprise,2026-05-01,0.85
0ec4a556-efeb-4b87-a4cd-9f840de3b71e,Student,2026-03-17,0.15
95c55091-8d0c-47a0-85a7-c45785a04e87,Student,2026-04-19,0.15
3810668e-d784-4b42-aa0a-48de75f3d752,Student,2026-01-14,0.15
82859383-9344-4a60-85db-a5c9ee2e44a8,Professional,2025-10-06,0.6
57204ed6-dbdc-4bcf-a527-22dae28a4b9c,Professional,2025-11-18,0.6
178945f3-d395-446b-9cc4-50277dfbb9bc,Student,2025-09-17,0.15
1fd45801-a77d-4837-997f-f05bcb37fa28,Student,2026-04-20,0.15
8ee25776-3187-4076-9410-2cf3a8817de8,Professional,2025-11-25,0.6
23de25ac-b83b-4e90-8d6f-22ea9d7ab17b,Professional,2025-10-30,0.6
b36ce2ef-b9fc-48e0-85b9-7caabef6b474,Professional,2026-07-17,0.6
6fe3c7da-62aa-4e24-bfc3-73ee1d106f6b,Student,2025-12-21,0.15
65485776-cee8-422e-b10b-56450a1966bc,Professional,2025-10-23,0.6
ea083065-7db7-4364-9de6-79c73c3c6197,Professional,2026-08-12,0.6
c7d0e95c-04b3-437c-94d5-9ec61d55abad,Student,2025-10-16,0.15
1fe5c8d6-c500-4a71-8f13-ae4e16e2f3c4,Professional,2026-08-05,0.6
f5452ab7-0eae-4c10-9b00-51727a388954,Professional,2026-04-05,0.6
0503e532-1a42-4a84-a5ae-8287ab406d2a,Professional,2026-04-04,0.6
2c14a506-18ea-4dc7-b20b-d082a7af3d09,Student,2025-10-07,0.15
8228ba5f-c3ca-4817-b30b-393a90df9cd0,Professional,2025-09-17,0.6
9bc32bc0-87d2-4a0d-bd52-4eb56f0599b1,Student,2026-02-20,0.15
36bffb0f-5964-4965-b4fe-2b2fa7708761,Professional,2026-04-22,0.6
97edf51d-1eac-4977-aa49-06fc3dff40d2,Professional,2026-06-28,0.6
7ffbf158-d613-40f2-9acd-45d45de5be40,Student,2026-02-26,0.15
0738048d-d6d1-44d5-b7ec-cbbd33c50cf1,Student,2025-11-27,0.15
88c83f6d-f77e-4d14-8d3f-3ace88e29898,Student,2026-05-16,0.15
92d4d25d-703a-4d60-a542-0f097db2ad8d,Professional,2026-07-03,0.6
be494abe-7e17-4408-baaa-542d3cd282a3,Student,2026-05-09,0.15
a5a85389-85a6-470a-835c-a9e52775db7a,Professional,2026-02-10,0.6
0951523c-b7d8-470e-b4b3-5277d7fa4220,Professional,2025-09-09,0.6
cbfaa61a-ac3a-4225-a61a-91504929e2f7,Professional,2025-10-18,0.6
9de42210-566d-42a6-a47a-59ae85c56f84,Student,2026-04-03,0.15
d861148e-0fd0-4536-8467-09f638d61cc4,Enterprise,2026-04-23,0.85
8c248f1e-a948-413f-818e-b819c75238a5,Professional,2026-03-31,0.6
0d26a3e3-75bc-449a-9162-ce822c58398b,Professional,2025-10-10,0.6
921ac775-23bc-4817-8e95-05f875c35999,Professional,2026-06-28,0.6
37e009ff-abaf-412a-b111-2432c0df6ddd,Student,2026-01-08,0.15
7786eb89-1c1a-4f84-90dc-d649ac3bc36f,Student,2025-10-11,0.15
db854b7f-0048-4ce6-aed2-039ac94bc690,Professional,2026-04-18,0.6
0a91ea4a-a87c-4db5-8a42-e6b105080d8c,Student,2026-08-24,0.15
2a0ee89c-c61d-4fec-9136-402cc0edebb4,Professional,2026-05-21,0.6
57c5648d-5c7a-4d80-97ff-5c4e531f1be2,Professional,2026-07-08,0.6
29beaf1e-0bf4-4119-85ce-9439fa5596ee,Student,2025-12-31,0.15
52af4dd2-cafc-451b-b984-4a37336c3fb9,Student,2025-11-26,0.15
0c60bccf-40a2-4a39-9d33-13589174d4e2,Professional,2026-02-14,0.6
f6c9634c-f871-47e0-a74d-b4b17bf76597,Professional,2025-11-20,0.6
157c24c6-1c0e-48b0-a600-98dc77ed68f2,Professional,2026-06-10,0.6
7fa03857-3c6f-459b-b5a8-b457270fd121,Professional,2026-05-31,0.6
983080f0-9062-4d4b-8b37-d9833a87325d,Student,2026-01-17,0.15
749c44b8-b60d-40bc-b4f7-7e7daa7836d4,Student,2026-05-23,0.15
ae088fb7-65c4-4e41-bbc0-f785e1b0b867,Professional,2026-02-02,0.6
697b237b-8d1a-4b64-bf8a-e8a5f7d467ce,Student,2025-09-18,0.15
2628aa45-5282-44c2-a9cf-200722490e25,Professional,2025-11-09,0.6
36d2a65e-b41d-4c0a-bbd1-6ac043e00b66,Professional,2025-09-02,0.6
be62396d-72c1-4584-9968-8436887b1792,Student,2026-08-15,0.15
eb2cc0f3-3ab4-4c29-a8cf-e9bbec45be15,Enterprise,2026-05-17,0.85
b81969b9-db24-44a7-bf60-0858cc9080d9,Student,2026-01-14,0.15
42ca1eff-5fe0-47c0-a12b-77fedbca266f,Student,2026-03-31,0.15
e73ab095-1d9c-461b-b975-9d4e2a45607d,Professional,2025-12-11,0.6
02673754-b891-49cc-ab18-8931dabc3a01,Professional,2026-08-21,0.6
1418f90c-b523-454b-afb7-4c608c0c9899,Professional,2025-09-23,0.6
3f2e7a86-ee2e-4109-9418-6918c113ce2e,Professional,2026-03-18,0.6
15ae2d43-369b-4867-bf5e-a0a5641a6a42,Enterprise,2026-03-26,0.85
6d8c4eaa-622b-46e9-8436-971e7bbe8b80,Professional,2026-03-15,0.6
152bd505-43bc-4a64-8f3b-bc92ce093638,Professional,2026-02-27,0.6
bdf77231-e838-4977-a37d-8f9db8b92865,Professional,2025-11-30,0.6
e2579d84-7202-4d6c-81a0-39a6f27e3e41,Student,2026-03-10,0.15
da73bf91-6972-4ffe-8c55-c23aa2f2ef2e,Enterprise,2026-07-12,0.85
e8ce7ee2-7edb-400a-9a01-1bc4add6d4eb,Student,2026-08-13,0.15
c9146250-144d-48a3-a05f-0b26a3bf6bea,Student,2025-12-15,0.15
98f9cdf1-58c2-485e-8238-a3689756a895,Student,2026-07-21,0.15
5cf073d3-81b3-4e7e-b058-b4434e81c0fb,Student,2026-05-27,0.15
9b125866-aa29-43f6-b55c-01ba8cf7c978,Student,2026-05-27,0.15
61463356-bf69-4b88-9683-f2b8ce49173c,Student,2026-05-02,0.15
40edd11a-11cd-4ef7-9195-53b6b57f4e9c,Student,2026-02-10,0.15
ed9389da-a6fe-4642-bdb2-5211108aa00b,Professional,2026-05-03,0.6
8d472b43-2c9d-4689-885c-96c5799ebcee,Professional,2026-01-20,0.6
d5b9a486-5e66-4ea8-b863-8c61b435cb18,Professional,2025-12-19,0.6
5aaf02cb-3917-408f-96fa-69fb508189b3,Professional,2025-09-02,0.6
f3eb6674-ce5e-4115-b849-d76ef5b51b14,Professional,2026-02-14,0.6
357ed0b4-01d4-4867-8dd6-11b72479491d,Professional,2026-05-18,0.6
4d6d9adb-811c-4f17-90df-ec8072c2d43f,Professional,2026-05-21,0.6
a5050454-1689-4e58-828f-f2c632426981,Student,2026-02-16,0.15
1e7b9958-86e3-4840-8a0f-ceabe770df19,Professional,2025-11-30,0.6
0c58bf7c-0c92-43b3-a638-457b4b18b304,Professional,2026-08-12,0.6
c8226397-56ed-4cdc-ab51-b06fafa1139e,Professional,2025-09-04,0.6
adaa0f02-e210-4dc8-a584-27d121ffa245,Student,2025-11-25,0.15
3efb07ef-8aea-41bc-98f5-47f0c988b0df,Professional,2026-06-02,0.6
50cda5f9-84fc-43e1-9ddd-b11e31b1d0ba,Professional,2025-09-17,0.6
cfaeeab3-8ea2-4a95-af85-3f3fbc415651,Student,2026-08-06,0.15
cb1ebb10-da63-46b3-998a-5547aeeb0c99,Student,2026-01-04,0.15
32042cd2-159f-4335-a219-d913eda569a9,Professional,2025-12-03,0.6
dbd39897-74fd-4c7d-8a8b-9dfd5449a63f,Student,2026-01-31,0.15
b6698bf2-5bb7-4f78-b2bc-78c5d7ba2184,Professional,2026-07-04,0.6
af9afd0e-4926-4943-ad91-ac9f29898e5f,Professional,2026-04-03,0.6
653803a5-7a5f-4d95-9fab-afe32bfc1a93,Professional,2026-05-18,0.6
501a4e06-7808-462d-9513-c8738f2793dc,Professional,2026-07-03,0.6
8a94828c-003c-4bb9-b019-da069a923ea8,Professional,2026-06-29,0.6
d0f7c01d-eca0-4234-9c50-a1fc202c1e41,Student,2026-02-25,0.15
57746bec-e7e5-49be-b2cf-9d6323f71403,Professional,2026-01-14,0.6
db52d72e-c1ce-4540-bc03-13c057868047,Student,2026-03-15,0.15
6314167a-2fd3-4468-b116-b2c1b1e0ee92,Professional,2026-01-02,0.6
2609c185-d1ec-4362-9589-41214540bca7,Professional,2025-12-29,0.6
b35c8704-7c03-4887-89c6-bbab4953dea6,Student,2026-06-12,0.15
eb3c8f8e-ef57-4b48-9eca-cc9700cda038,Professional,2025-12-15,0.6
a4175f0f-0472-4250-92bd-69fc26b6734f,Professional,2026-03-04,0.6
45e08b61-0ade-4eb4-8ecd-495bc7d8fc87,Professional,2026-03-08,0.6
63696182-e84f-4894-a37e-2dbaa6a0b67d,Student,2025-11-15,0.15
2902c7a3-dc23-430f-9f18-db181d9e1c0e,Professional,2026-08-20,0.6
a9110b91-6c44-46cf-bb16-b00261ffc8e0,Professional,2025-09-20,0.6
0a70634a-09bb-4fbc-b968-93ddbeda39e9,Professional,2025-10-08,0.6
46344392-18ce-49f2-b70d-5d8d8df5b8d7,Professional,2026-04-02,0.6
cb7d7bd0-d682-498c-85e8-ac82fd9a8418,Enterprise,2026-01-20,0.85
ebe98054-7807-4dbc-832b-3990baa3522e,Professional,2025-11-06,0.6
74f17a72-374d-4aed-a6a2-b779ac353dd5,Student,2025-11-23,0.15
dcc16840-3322-4cd1-b5ae-0a996620768f,Professional,2026-02-24,0.6
22d8b913-2aa8-4fa0-8e42-5991c2e0e3c4,Professional,2026-02-04,0.6
8ad362dd-5227-477d-a120-c0452e8be386,Enterprise,2026-07-17,0.85
ef51f66b-b275-41c0-8508-1cd782a8365d,Professional,2026-03-05,0.6
5c7b3dec-e0c4-4e49-b1a5-5307ec23826b,Student,2026-01-17,0.15
648cc0c4-c7fd-4717-8c25-764906edda7b,Professional,2026-03-30,0.6
3cb446db-7dfc-4da6-862d-5e15252c1934,Student,2025-10-12,0.15
524a2857-b242-4eea-9734-12c546b97ceb,Professional,2026-08-24,0.6
658bcb1c-3755-4137-a972-25d73b4f168d,Professional,2025-09-11,0.6
1860b3bd-2209-4e56-90d7-2aa7a78214ec,Enterprise,2026-02-15,0.85
d9afe311-84d7-48c3-a84f-67b948383b0b,Professional,2025-10-17,0.6
47e43f24-f5df-454a-9e99-7a3f5cf34042,Professional,2026-04-30,0.6
a9fe6736-baae-4591-a9a9-83e7717b7f55,Enterprise,2026-07-12,0.85
1dfa6e30-efca-438c-84f2-179e71c3700a,Enterprise,2026-03-05,0.85
c79158d2-c17a-4c1f-bfd6-740f9da43add,Student,2026-03-29,0.15
00a7ccf0-2f8d-4ebd-9928-ebd6caecbb33,Student,2026-01-24,0.15
67f8bede-d6db-4ddc-bc5e-4047badc880e,Enterprise,2026-01-08,0.85
eff8ec82-752b-4758-b4fe-732ee88f3b5e,Student,2026-03-31,0.15
0be67091-b079-49ac-b85e-246f79fe3ce7,Enterprise,2026-07-09,0.85
10c836ac-9566-40fe-83bd-394625567f98,Professional,2026-08-11,0.6
193b05d6-6c6a-4a30-9e26-f8d2e4358058,Student,2026-08-24,0.15
ed9ca25c-f7bd-4388-955f-a721bcbfebf9,Professional,2025-12-09,0.6
7e33150f-1adb-4515-a00e-3c2455b7fe77,Enterprise,2026-08-13,0.85
aeec13b2-20f7-403b-be6f-397019cfc08b,Enterprise,2025-11-26,0.85
4c15e7d3-3964-468c-86e1-783334272486,Professional,2026-03-22,0.6
cc8fc1d4-8634-4751-b085-93f678cba3ec,Student,2026-04-25,0.15
0380b08c-d191-4af2-ad63-cc7faf60bc83,Student,2026-05-27,0.15
8102bd02-abbd-4ee2-ae3d-e3f13eed5500,Student,2025-10-13,0.15
2f70398f-5f8d-4643-ba89-51e2a3e21169,Professional,2026-01-17,0.6
367c5c2c-d423-4bfd-8fc8-503b18b680a5,Student,2026-01-09,0.15
842e09e5-3154-477c-acc0-bbee641a492c,Enterprise,2026-04-02,0.85
361230df-249d-4632-b9c2-201a66224f9d,Student,2026-01-25,0.15
b5eca1a8-b6da-4bc3-ad89-559042829640,Professional,2025-12-28,0.6
12c59949-37fd-4e2c-a38d-7394e357471b,Student,2026-07-10,0.15
f82f493b-827e-4d2f-bec3-57c1f339bf44,Student,2026-06-04,0.15
c3d159c9-215d-444c-9bf1-266f50811de6,Professional,2026-02-09,0.6
eaf0db94-f6fe-4880-8e3f-19097b330239,Professional,2026-08-15,0.6
a508b95d-4d81-42f3-9051-6d8d9e0da444,Enterprise,2025-12-26,0.85
f957f13d-29b9-4a04-82e6-b1e2cb653126,Professional,2026-08-20,0.6
433b67a3-ee21-4e09-8734-eb7d2e0080dc,Student,2025-11-09,0.15
383001e1-e5c5-4661-bfa2-d64f0030ca7e,Professional,2026-04-01,0.6
3a9781f2-89b1-4eff-a7bd-30e7b8c69150,Enterprise,2026-03-01,0.85
c21ad507-ac98-4790-aa99-7537872cb9ea,Student,2025-11-16,0.15
b9fb82e2-cfa4-4b7d-9e47-62de9a0a4ba5,Student,2025-09-17,0.15
2359c267-5618-4fcd-bd7b-10c77ca9e019,Professional,2026-03-01,0.6
783797f6-bb65-41e8-bd28-916744a97b2d,Professional,2026-05-19,0.6
1cd3c71d-c11e-464e-ba46-aaac0a497a0e,Student,2025-10-18,0.15
622a1df6-2e3d-4d72-9959-514ddd8b23e3,Professional,2026-02-09,0.6
149c8019-023c-4bf8-8d6b-eb83c9959142,Enterprise,2025-09-01,0.85
4f9a4201-aacb-4ecc-9e8e-4150ddc99987,Enterprise,2026-08-02,0.85
7fb6b9aa-98cb-4eb7-8cea-0f1be75fd07d,Professional,2026-03-13,0.6
da7a03f1-2d04-4f73-9798-c214ca7a85a4,Professional,2026-06-03,0.6
579b688e-a32d-422a-93d9-ac7086c39a63,Student,2026-06-08,0.15
c4ebf8cc-6c88-4287-a449-5da4db58ce83,Student,2026-08-24,0.15
1f4f8419-1662-4adf-b0e5-f3f890ef5f8e,Enterprise,2026-02-01,0.85
2316109d-5377-44cd-9b05-dbe9ffab4fb8,Student,2025-11-10,0.15
48a09106-ecff-461d-a69e-d04e223ea69b,Student,2026-05-22,0.15
c86ae4de-98e5-4e87-9533-d2063ba208ad,Student,2026-03-24,0.15
d34aa279-eab6-4e10-a47c-88464083cda4,Professional,2026-04-29,0.6
eec523ec-74ce-418d-85bd-ca7c052bd1d2,Professional,2025-10-23,0.6
45cc70d4-7152-4392-8381-23707095452d,Professional,2026-07-02,0.6
3746dc6f-e74a-4184-ae4e-65fadf6bfec6,Enterprise,2026-01-15,0.85
5aa756f5-c84a-42b0-afa8-6432610256bc,Professional,2026-05-05,0.6
02c1f1ed-1550-4425-a0ef-f9803b53bec7,Professional,2026-01-30,0.6
7a930bfa-e640-4a97-8831-53d554309349,Professional,2026-06-20,0.6
b407ff71-cf2a-468e-8f24-91a3423d1486,Professional,2026-05-14,0.6
858420c2-ec12-4835-9c58-5fb73ff57207,Student,2025-12-16,0.15
525e2a7c-e570-46c1-8f12-761caa3950d4,Enterprise,2025-10-23,0.85
3cc58ba4-378e-4700-ae18-715fb9bc3580,Professional,2025-11-12,0.6
23be37e5-b369-4146-aa78-831670579ba8,Professional,2025-10-21,0.6
5abcadb1-269a-4c87-9a53-28137ea0be7e,Professional,2025-09-24,0.6
4dc384ad-b34f-4682-82a7-2d4617d3f34d,Student,2025-12-21,0.15
2be30e78-2888-4a51-8877-b7379ff739b0,Professional,2026-06-05,0.6
49e87366-ba8f-4cd1-b745-2991b5778aec,Enterprise,2026-04-09,0.85
13d85661-e1df-426d-b8fe-8712ad4d9eac,Enterprise,2025-09-29,0.85
a907eeb0-c9a6-48d9-96bd-c45d63296d19,Professional,2025-09-19,0.6
cf2ac883-4b6a-4c77-bd99-5c7ac6dd8cec,Professional,2026-07-22,0.6
8973b4d4-ab8e-4b6a-82e3-f4707e4b7caa,Professional,2026-02-01,0.6
13f6bd63-750b-476b-b397-37cd0501b6f8,Student,2026-07-13,0.15
484a8906-daf5-4907-8e68-caa229ea67b0,Student,2026-05-06,0.15
d662b44d-fbc0-429e-b6f0-0543ebce856a,Student,2026-02-23,0.15
e0beb50b-1a40-44be-9588-456258ea89aa,Professional,2026-08-17,0.6
03857790-7535-491f-81c5-5a121ac00a71,Student,2026-02-22,0.15
c3506395-253b-4c0a-9206-087a8eebc95a,Professional,2025-09-07,0.6
6be978d7-0f17-49de-a518-df568addbf90,Professional,2026-05-24,0.6
20989b5b-6f46-45c0-9ad9-f1b19362e22b,Enterprise,2026-06-25,0.85
3061da33-cda1-4024-bd3e-313bede0e09c,Student,2025-11-21,0.15
668be2d7-9b8e-42aa-9f0d-4bc1e528882e,Student,2026-05-25,0.15
7344f3cd-127a-4cf5-8705-4f056c77e103,Student,2026-08-03,0.15
22fc6a62-599a-4d96-a93e-4cfa1ccb52f1,Student,2026-08-24,0.15
2d795e63-a0bb-438a-9cb1-cbb1485e9822,Professional,2026-08-13,0.6
90e80687-4dbf-4640-adf7-c0d17dd3a4cc,Student,2026-07-22,0.15
3904030d-244f-49ef-99e1-ad31c44f4f16,Student,2026-01-19,0.15
b6c48b63-cc15-4183-a409-8e1be82eabae,Professional,2026-06-13,0.6
b4f7ac73-1f8c-4546-89c7-bc95ff75e4f7,Student,2026-07-09,0.15
27e17b85-293c-4c20-9f7a-05800ed1de28,Professional,2025-12-29,0.6
42da5f6c-8d6b-412c-a934-2e2c0411a4f2,Professional,2026-05-10,0.6
3bfd2fb9-370a-4401-98dc-3e67e2b4969d,Enterprise,2026-06-25,0.85
a5d3079f-f7ca-4c13-acf4-903c6e781294,Student,2025-11-06,0.15
c037f109-a8ef-43f5-8f2e-8fc252ab201c,Professional,2026-05-04,0.6
ce220853-ffd3-4b5d-8bd8-e96c264e4579,Professional,2026-02-26,0.6
18a214a9-b6a6-4f1f-bb30-0fb9183b75ef,Student,2026-04-20,0.15
3277e960-e7b2-4723-90d8-67abb5b4a687,Enterprise,2026-08-11,0.85
2eb98a26-4fa7-4738-9174-1e7adf859a00,Professional,2026-06-08,0.6
45de8b2f-0c98-44af-b798-158b0e0087c9,Professional,2026-03-24,0.6
35c767bb-c396-40e1-bb93-46651d89b095,Student,2025-10-17,0.15
151ba1ae-5a19-4ad5-8e55-870f01c31379,Student,2026-08-22,0.15
8acf4b36-e233-4164-a95c-91a25b501a07,Professional,2025-12-30,0.6
4ccf9ecb-8b83-4de3-8d75-acc5dcb4ce91,Professional,2025-11-24,0.6
3b8728b4-bd5d-4004-a35a-be20e8c4c73d,Professional,2026-01-10,0.6
4e92f5b1-0ce4-4718-bb20-f1f480ffb63e,Student,2026-02-14,0.15
e032b7d3-6dc2-4137-919a-17664024a420,Student,2026-07-28,0.15
76d599de-f4f3-499e-8ba8-8298c20035cc,Student,2025-11-25,0.15
4cc4825a-c4fa-44c5-bdb8-b138e71d7811,Student,2026-04-21,0.15
9e1649ba-d21c-4e27-be7a-32e5ae41c3b1,Student,2026-04-02,0.15
3b9cdb49-57c6-4dd4-9af1-9a3875ffc49c,Student,2026-07-31,0.15
1183bbdb-b4cb-4812-9463-411b801871b7,Professional,2026-06-19,0.6
4bc2347e-db06-4978-820b-5a11716036c2,Professional,2026-04-01,0.6
5a94686b-5863-4447-b205-3a2d63bb1e34,Student,2026-05-06,0.15
68e27746-0f3c-4eb0-9403-f784c152905c,Professional,2026-05-06,0.6
eb09290b-2a6a-4bee-9b7f-465889f948e1,Professional,2026-01-01,0.6
752338a5-0cfe-4ef7-9ba0-8aea3e72dbd9,Student,2026-05-16,0.15
561ecf99-6b5b-48a0-9091-498e089ebf7a,Student,2025-11-16,0.15
73b3f63b-a8b7-4183-a71d-d336134ffb11,Professional,2025-10-14,0.6
9d7e58b6-db1e-473b-b5af-08350310c2e4,Enterprise,2026-01-08,0.85
4cde80f7-c435-4170-b05c-9646ae543875,Enterprise,2026-03-28,0.85
16dd0014-9b1f-444f-98ef-78792f0e44b5,Student,2026-06-16,0.15
e4b4a6be-2922-460a-81b0-6c989f498421,Student,2026-08-21,0.15
4099cc3f-dbbe-44e9-926b-7c317216a63a,Professional,2025-10-11,0.6
64c8e1b6-e176-4566-aad1-9addb7b9f3f0,Professional,2026-03-26,0.6
f7dd4d7a-57bf-415d-8305-a497121a8872,Professional,2025-12-21,0.6
250b0a78-cde5-4b59-a355-a11438b83354,Student,2026-07-25,0.15
c3727da6-88ac-42d8-b14d-ad7982198cb3,Professional,2026-07-20,0.6
c07ee40a-caee-452c-ab51-7204bfcaed98,Enterprise,2026-08-19,0.85
194bbe6f-0430-40c3-9432-f3260a1496d3,Student,2026-01-17,0.15
84275fd9-5c5e-4043-9060-84a12f0f3e7e,Enterprise,2025-09-24,0.85
6aec1421-4945-41be-9082-6346108e5634,Professional,2026-05-23,0.6
4d3e4006-dd59-42e5-aa5e-179f4522d7a4,Student,2026-06-24,0.15
4b4b7ec1-4492-4f2b-9109-2236ec5c82e3,Enterprise,2025-09-24,0.85
92db37cd-c576-4670-a8ff-5709e98c951f,Professional,2026-07-30,0.6
830048e9-08ab-4a3e-a5c5-db939db00e3f,Student,2025-10-29,0.15
2ca50fb6-4e12-4d62-a0a2-8aa7f754657a,Student,2026-04-29,0.15
7633eb3a-f284-4edf-82b0-6a00357e9266,Professional,2026-01-25,0.6
a67a0841-d1bb-4251-b2f0-48bd833dbb75,Professional,2026-05-04,0.6
28fb815c-3312-4285-9610-833413b319ea,Professional,2026-08-24,0.6
80267f31-babd-4042-8912-2a7646214b92,Professional,2025-10-09,0.6
1b199785-509c-432e-aa82-54991ad5bf50,Student,2026-04-08,0.15
3c2cec00-4270-4f0c-8f95-2fbbc9b969cf,Enterprise,2025-09-26,0.85
a94071a6-9402-4af1-801c-69da7f7649b8,Professional,2026-03-17,0.6
3e1ffca7-4f45-4d82-b8b8-b9946822dc72,Student,2026-08-15,0.15
8d4cc39b-a3c6-4ab6-a750-78f51b0dba3d,Professional,2026-04-09,0.6
460d7a5f-4ab0-4367-94b0-f96560a8dad8,Enterprise,2026-08-12,0.85
3af5208a-146e-40f0-9dc7-c745dc09a921,Professional,2026-06-02,0.6
fec2ccf6-a521-4b0b-b684-b2a1ae71bba6,Student,2026-05-16,0.15
f11ab1cc-eb79-4a32-9a97-172533d5ec51,Student,2025-12-03,0.15
b9dced8a-5608-4ef5-8668-a045aefe0ee2,Professional,2026-07-18,0.6
7fa5564d-849f-41b0-98c6-71ef5f9ffc1f,Professional,2026-05-23,0.6
28a7d83f-668b-4afb-aba4-e390695c0669,Student,2026-06-17,0.15
7273f743-cce3-4190-abc7-44c4b193824e,Professional,2026-01-01,0.6
48eb812b-d4d5-4cb7-a43f-ca55f42021c7,Professional,2026-04-10,0.6
0c6a591f-4212-47a9-a583-bf29ba493d31,Student,2026-07-21,0.15
81079e30-5daf-4fdc-88d7-a147bf348582,Enterprise,2025-10-09,0.85
4cd0cfab-f8a2-4af5-a91d-a43ad4e286f9,Professional,2025-10-09,0.6
9557caca-fcfb-48eb-98f8-6416fbcdb6fc,Professional,2025-12-01,0.6
47f41b4b-c17a-459a-bcf1-5c8b8d5f56e5,Professional,2025-11-28,0.6
c60f3b84-2411-41a7-8ee1-cfeb2ca4a4ab,Professional,2025-11-07,0.6
1b5309dc-f85b-430e-a5ef-557071b7d28e,Student,2026-08-20,0.15
0a81a85c-6540-4061-95e4-3779366cf937,Student,2026-06-08,0.15
0d297c15-6c6f-4379-a9f9-08f615e4f79d,Professional,2026-04-15,0.6
1f8fcd42-9d3f-4d74-b50f-8f922aa835ec,Student,2026-07-14,0.15
5b065e47-da9c-4de3-9944-abe58cac245b,Student,2025-11-02,0.15
13be3392-ec45-4602-a1fd-dd371bff0f4f,Professional,2026-05-13,0.6
605ffa61-0e93-4cea-ad4f-60fb9cdac77c,Student,2026-02-27,0.15
e7776fe5-2250-4aad-a064-6a350156ae33,Professional,2025-09-06,0.6
870d73fe-a9f1-4a7f-a861-a3f7d97f28f9,Professional,2026-04-04,0.6
e5fecf2b-c544-47ad-8089-968c6079be3d,Professional,2026-04-02,0.6
84422499-cbc3-49bb-86e3-814b9c1a0acf,Professional,2025-10-20,0.6
66e4c86a-17ca-450d-9ef2-852b5c8b237e,Enterprise,2026-07-17,0.85
129a17cd-cd93-41c7-a714-66f338a91529,Student,2026-04-13,0.15
4d8d5a0a-5181-4283-9c6f-098830aecde6,Student,2026-02-27,0.15
ab899c6f-dba0-490b-8749-194eda08fc88,Student,2026-08-10,0.15
39b5974c-fe93-46a7-9bb5-d0e7b9c7b313,Professional,2025-11-09,0.6
e6c9f533-ae69-4837-bb17-06831389fd2b,Professional,2026-01-06,0.6
1ecd85ea-7316-4aca-a50c-ad0e9ea4b960,Professional,2026-03-21,0.6
bf91548c-a681-49f1-815d-14dc7fc1f03c,Student,2026-05-20,0.15
ebb1c235-49e3-49f3-8011-2c1fca8f1464,Professional,2025-11-09,0.6
9fde56f8-6d26-4af6-a2ec-f46299b767f1,Student,2026-05-31,0.15
f07a4a21-6542-4e07-8d47-51ba1065fcb3,Professional,2026-08-20,0.6
86ae79b7-475e-4412-8010-315eb8ee006c,Professional,2025-09-06,0.6
cde2ce58-8b47-454a-939a-ccc849d30164,Student,2026-03-19,0.15
753a0105-8674-4833-95c5-1b7ae4012f78,Student,2026-01-21,0.15
6c5b3396-1304-432b-92e7-ea97085021ed,Professional,2026-08-10,0.6
2cab8838-0368-47e5-8236-b7ec1bc51959,Professional,2025-12-07,0.6
ed351cda-67a9-4f90-bef2-1ace227b3f0e,Professional,2025-10-05,0.6
20546199-5734-4dfb-a2d9-acaaba41d4ff,Professional,2026-04-17,0.6
dfef628e-ad73-4642-bf06-eba7f2280fc1,Student,2026-05-02,0.15
8201784e-d1c0-45b4-987b-8abe58601039,Professional,2025-11-06,0.6
ec574fca-f120-4c02-a23c-076c63680f92,Professional,2025-11-15,0.6
f7b71813-ad77-4ef2-8f05-81a16e0d96a1,Student,2026-08-14,0.15
54f5e20b-dbd2-41d6-80b2-464d4c7ef975,Enterprise,2025-08-30,0.85
b6ae5c92-3600-48a8-96ab-6d5ef8e9310f,Professional,2026-02-06,0.6
8fddc02d-d0e9-427f-9aa9-2dd3e9ffea01,Professional,2025-09-13,0.6
fc1dc428-731f-429c-adbd-6b9e20356660,Enterprise,2026-01-19,0.85
9968ff63-f715-4a6d-bdb1-7c87511340e2,Professional,2026-01-27,0.6
1782c847-fff6-4356-940d-e94ed6d886b3,Professional,2026-05-06,0.6
81fb73fe-6c07-4493-8b97-e24ce5050418,Professional,2026-03-07,0.6
eb7460b0-bd3e-4948-a467-48d1f827769f,Enterprise,2025-09-03,0.85
aff42fa8-9232-468d-b841-b8d257e9dfb7,Enterprise,2026-04-14,0.85
6c5d18b9-ca67-4142-abf9-423e119386cb,Enterprise,2025-10-01,0.85
9894e1c2-e29d-43e4-9a0c-8b89b18863d6,Professional,2026-05-25,0.6
29027256-da7b-4475-8c92-54803a104c18,Student,2026-07-05,0.15
d11fad03-0f91-4482-8f1e-3fc190a04727,Professional,2025-11-02,0.6
f3260c25-4ac0-4c60-bbb5-690c0335a455,Professional,2025-12-01,0.6
762298a6-e181-405e-aace-06e3aa94d069,Professional,2025-10-27,0.6
d4c7e9cc-a8cd-4597-9546-01d878763ecc,Student,2025-09-13,0.15
1b54e689-02ec-4fdf-b56d-dec447921cca,Professional,2026-02-24,0.6
db4d11d8-4c6e-417c-838d-2d87ec56c431,Professional,2026-08-24,0.6
cd854b2f-486c-4452-b249-51f241f29aff,Professional,2026-07-01,0.6
753d51e8-891c-4cd5-8752-c7f670832b75,Student,2026-03-29,0.15
af414291-9d4a-4bef-a233-900209e15c45,Student,2025-10-20,0.15
6f188387-74f0-46c0-a446-ffce43db40b8,Student,2025-10-16,0.15
c67cc95b-69a7-430b-a076-189e89322e22,Student,2025-11-07,0.15
a9808e51-0cee-40fd-8b21-4d8b9712b10b,Student,2026-07-31,0.15
75de1364-40ed-48e3-bb09-26c16d97ca74,Professional,2025-11-04,0.6
2f889ea8-3ec4-4be0-992c-7afe725fa9e0,Student,2026-01-27,0.15
554b27ce-96e2-41fe-8386-5eed766d9240,Professional,2025-09-12,0.6
3935b989-862c-443b-8713-17875d4ee6b3,Professional,2025-08-26,0.6
f1f6c6e4-b83f-4003-9b23-858c92ce5925,Enterprise,2026-02-24,0.85
4c4fc5d0-46c5-4de9-acc0-c956fd9c1a2a,Student,2026-02-26,0.15
0c0847c7-6d99-4d11-a856-61343bc84cdf,Professional,2025-09-15,0.6
682d1488-be20-4d73-92e5-465f2b2a3be7,Student,2025-11-13,0.15
e34c2236-63af-4029-8d45-ef9d71b4e783,Professional,2026-03-28,0.6
02fe0312-dab4-4833-a0ae-e06dc7012345,Student,2026-07-07,0.15
0554658b-37d2-4f51-bc32-4b4b29f5e214,Student,2026-06-02,0.15
c950bba7-2d1a-4889-b6b8-74f2f5123eb9,Professional,2026-03-30,0.6
e2648771-2cd8-4479-8c3b-5e4a014755ef,Professional,2026-06-23,0.6
41a1cedc-38a9-4bad-a21e-dfe3b462e9c9,Enterprise,2026-07-07,0.85
b7898a3a-0e07-4416-b666-d93dd94ecc5d,Student,2026-01-13,0.15
7f922530-1b44-4d43-9156-5cb333aa5338,Student,2026-01-22,0.15
6b334748-b7fb-4030-8b85-d63c7ad71df0,Professional,2026-01-26,0.6
b169192b-ba5d-40a1-8ca4-33add58ea1cb,Student,2026-03-20,0.15
8c8443e5-0555-4daf-b725-774610e69534,Student,2025-11-12,0.15
19faa9a0-f7f7-4a52-bdaa-dfef7bef5a75,Professional,2026-08-06,0.6
10b649a9-0f7d-4fe1-a80c-72003b7356c3,Student,2026-06-08,0.15
0d834419-6bbc-4d04-87ee-decc8217b11e,Professional,2026-02-12,0.6
8a5fe088-4659-4237-a71c-16c7832ffcf9,Professional,2026-05-04,0.6
941194ec-bfcd-4574-8fb9-276a1d1abd91,Professional,2026-03-12,0.6
061d9ee4-4b39-4c57-ab3f-343d74117354,Professional,2026-04-15,0.6
72d5ce29-f083-489a-94f1-7fa7ca79fe0a,Student,2026-07-01,0.15
d0390aa1-5b91-402f-b631-64fb36629a15,Enterprise,2025-11-10,0.85
8ab3f462-61d4-4af5-b38c-375cf79cb82c,Student,2026-03-16,0.15
2d11b101-5a60-47f4-bda8-da89fc9c8848,Professional,2026-05-30,0.6
17945ade-29bd-4265-a7bd-3a0e2f8d1491,Enterprise,2025-11-10,0.85
861800e3-dbb5-4870-a89a-f3265331191c,Professional,2025-09-10,0.6
d471d8d7-543d-472b-a283-9aae268b3c2a,Professional,2025-10-16,0.6
003ab1f6-508a-4264-87aa-318170c505b7,Student,2025-12-13,0.15
ee43554c-4540-47c8-9164-614dae8a581a,Student,2026-07-02,0.15
8171d326-880a-4a8e-9567-9ddf436b9fe4,Student,2026-01-08,0.15
c6a8a85a-41bf-4dad-91f9-87dd595d176f,Student,2026-05-20,0.15
7888517a-47e9-4d03-9837-32e61d625d1e,Professional,2025-12-04,0.6
a9b62318-8cf7-49af-8ff5-5dc9625a260a,Student,2026-05-21,0.15
8c3b3a77-5871-4783-8683-49f8e89baae2,Enterprise,2025-11-10,0.85
b06948eb-1c20-4bf3-b78e-1a89e3f442f6,Professional,2026-03-13,0.6
f8468901-35ae-4f57-885b-b93c73dbda2e,Student,2026-01-14,0.15
f3292ee3-1278-4096-8c74-4811d2a86c0e,Student,2026-08-18,0.15
f1fa56a4-9fd3-45fb-a5bc-0d2e1891ab33,Professional,2026-03-17,0.6
aac9aa92-cdbd-437f-a618-5a6c2cd81690,Student,2026-03-31,0.15
339039cc-f0f3-48c6-b49d-210472eb18fd,Student,2026-07-20,0.15
4dbfa8c5-23ea-477b-bb87-791207fac4d4,Professional,2026-06-04,0.6
7e341565-9ba0-48d2-8609-bc52e733bb86,Professional,2025-10-26,0.6
2943938c-9ad3-4e20-ba64-0015656100bc,Professional,2026-08-14,0.6
586fc3a9-3256-4e07-8ab2-31411d772b94,Student,2026-02-11,0.15
7db35a7d-9665-4359-847c-cd74e3103f91,Professional,2026-08-05,0.6
9c11e6a9-7696-4386-8bd6-a69afecd80d3,Professional,2025-12-12,0.6
6946adc8-655b-4a51-a0fb-6e61d633effb,Professional,2026-01-11,0.6
9c877757-cf17-45f7-8b0d-ca2dc094bf6a,Professional,2025-09-04,0.6
2a06d783-0d59-40b9-8eda-13e9bf48c5f8,Enterprise,2025-09-17,0.85
15691a0e-7e57-4cb2-881b-f7541ec68068,Professional,2026-06-05,0.6
06eb3ffa-92a4-42dd-a32b-3271605d5989,Professional,2026-04-27,0.6
302887c9-523b-45ca-82be-fca996fd04dc,Enterprise,2026-01-22,0.85
2cbe55ee-35e6-43d0-bf2b-514c12e736b7,Professional,2026-01-28,0.6
3650a82d-470a-4241-a66b-e3390fe11214,Professional,2026-01-28,0.6
18b4cdd8-13ea-4a7f-acf7-0c4abbb15bba,Student,2026-07-16,0.15
655511c5-232b-4d8c-8733-84c44968639c,Professional,2025-11-17,0.6
5c563059-24b0-4962-b4c5-a3746a9fa9b6,Student,2025-12-22,0.15
badabdb6-5170-4fad-a51f-f9450149a549,Professional,2026-08-21,0.6
2c4aef56-269e-4ecf-9640-212f1d39b34a,Student,2026-07-27,0.15
82f4b73c-f8aa-4600-aaa7-392b853cf74d,Student,2026-01-22,0.15
65721857-3cc5-4f36-af25-c41c684c0e3a,Professional,2025-10-03,0.6
fc927aca-1f24-4e99-beba-beebe62f50e7,Enterprise,2025-09-18,0.85
c28d78bd-8509-4d40-be7c-23113f4e630d,Professional,2026-07-15,0.6
249b532f-26ad-45de-8d90-46d4eb233bfc,Student,2026-08-08,0.15
51a9c439-aa18-43e8-a59b-8720784e94f8,Professional,2026-06-10,0.6
cd5fb247-d486-497a-b905-ca8efb225296,Student,2025-08-28,0.15
aee188eb-3089-4015-bd1f-284613b598d3,Student,2026-07-29,0.15
969dee9d-ef35-47e6-92de-f2028fc0ce27,Enterprise,2026-04-13,0.85
b912df4e-4790-411d-aa0d-351111e7e43f,Professional,2026-05-19,0.6
17130110-6860-4da1-a681-920361162e03,Professional,2025-10-20,0.6
2e9ce13f-0deb-4f07-a181-b925b7c90bdd,Student,2026-03-05,0.15
dfc8e707-4606-4e57-b8d8-d7f0ddf0895d,Professional,2026-02-16,0.6
eeb234c8-bdf7-4d68-82c4-c9ba98bdb301,Professional,2026-06-22,0.6
630221f3-52e4-417d-9862-06c87f2733f2,Student,2025-10-19,0.15
d838fd0e-a830-46ac-92d9-094858d110ea,Professional,2025-10-22,0.6
90055787-2697-4ff8-9f9c-1bd57cad5036,Student,2025-11-16,0.15
4bab8b1b-8d58-4791-9524-4d89cb9c0b31,Student,2025-12-01,0.15
743534ac-a903-475c-888d-8222753a57e4,Student,2026-03-14,0.15
f4de0b95-567c-4e0d-b8fa-91090f28247e,Professional,2025-11-03,0.6
39594a71-a372-4582-8bda-1e6c90fc9d02,Professional,2025-10-19,0.6
bcb71534-5073-41d0-ad5f-e8605c5415fa,Professional,2026-05-06,0.6
4f159ca0-5ac6-41a4-8dcc-e4adbd202cc3,Enterprise,2026-06-17,0.85
87f633f7-b438-4e97-a240-0845f04c1ace,Professional,2025-12-18,0.6
346713ae-3c64-4acc-bb97-654b1fe13495,Student,2026-03-30,0.15
e0a761e9-1bb9-4edf-a522-98bf99231b03,Student,2025-12-24,0.15
f6a6ff1d-0d78-4eda-92bf-cb7999b399b3,Student,2026-02-05,0.15
977e4c2b-49bf-437b-8abf-416b7040b863,Professional,2026-06-13,0.6
c9f791a5-7435-4251-a0e7-d922fd720efb,Student,2026-08-08,0.15
12135db7-6adc-4cd1-b067-b7aa31b36bd6,Professional,2026-06-25,0.6
8cc57dd0-91e5-43d0-bbc3-c594470626fc,Professional,2026-07-14,0.6
82113930-cab6-40cf-894a-b2080489bb28,Professional,2025-11-07,0.6
46337191-6d78-41e8-8af4-8a9a8c1c07ba,Professional,2026-01-08,0.6
bebcecbc-1b0f-4050-a33a-6307a1340501,Student,2026-05-15,0.15
e7462b91-c75f-455b-84da-fac4cb33d417,Professional,2025-11-23,0.6
b2218753-1d9a-4df6-be6a-7c80d5e84b81,Student,2025-10-24,0.15
ac662d6d-70c1-45a7-9f12-5e9b89f8c5c9,Student,2025-09-29,0.15
17c96ab7-0d67-4c72-bcb1-ce08292008ab,Professional,2025-10-26,0.6
4973e23c-c6a0-4fbd-86e0-d5079ed75665,Student,2026-06-06,0.15
614f8e76-5da5-4f59-9b68-f043cd504df1,Professional,2025-12-04,0.6
9176ef54-244b-4ffd-9c51-9f469a6d08b6,Professional,2026-06-05,0.6
d01ffa11-0d99-462e-b43c-05a4f82c544f,Professional,2026-02-08,0.6
d2062226-9c0d-492a-bfb1-a0464c2f1822,Enterprise,2026-05-28,0.85
a434f4f2-52db-4779-9055-4027df5e1b32,Professional,2026-06-27,0.6
b72abf18-b308-4fdf-83da-f47b52ede7a2,Enterprise,2026-07-30,0.85
79188d5d-9bf4-4731-a45a-f15fbb5891ed,Student,2025-12-02,0.15
a7e4db89-086b-4fca-9cec-3a813eda5293,Professional,2025-11-16,0.6
a33b704a-d845-4a93-a344-8ad4c0705ba3,Professional,2025-12-18,0.6
721063fa-b2b7-4790-a922-f27eb095800c,Student,2025-09-24,0.15
c8abfcca-67d0-478e-9590-918c0dcd6842,Professional,2026-04-10,0.6
3e863dec-fd22-45bf-8a49-b55811e8331e,Student,2025-10-01,0.15
f6b1e3e7-d5f6-4c73-aa68-553b956030d9,Enterprise,2026-01-22,0.85
05ba16ce-822e-4621-9bb4-fb8038da0039,Professional,2026-01-14,0.6
4c4f5a3a-481e-4ff4-a7bc-41e17baeb1b2,Professional,2026-05-14,0.6
5f0504d7-1814-47f7-a3cf-efe6f2d2722b,Student,2026-03-19,0.15
e8b6293c-ae2f-402b-b3a2-73ff010e8631,Student,2026-05-09,0.15
36e4290c-6f03-4847-9d13-6b041509e3ce,Student,2026-05-19,0.15
ac6d261c-eec2-4f70-a602-60dc05b32a8d,Professional,2026-03-07,0.6
faae3c50-1986-4877-8d08-c4a856121171,Student,2026-02-23,0.15
5ceae49a-5f50-4a69-8474-394bd17b6752,Professional,2026-07-17,0.6
ace63452-e769-417e-879c-86d13076c8ce,Student,2026-08-21,0.15
3f7c64b4-8469-46aa-b343-1b130b41a7f0,Professional,2026-01-27,0.6
3535a661-4f52-4e5f-8245-289828fcec3b,Professional,2026-05-09,0.6
d63f70e3-cd40-4cba-9532-53015e9137bb,Student,2025-10-18,0.15
3fc9c9e5-f3aa-4acf-846b-7b9ca94f3069,Professional,2026-07-22,0.6
4dd0e894-cefc-46f2-a373-3470c5193572,Student,2025-12-21,0.15
f623dc94-53eb-47f4-8f87-0c9b473796cb,Student,2025-11-24,0.15
686c99a4-5dc9-455b-81bb-343f675423d6,Enterprise,2026-01-10,0.85
b1b643f3-e8ed-4f48-bcf7-c406a6b2333c,Student,2025-10-27,0.15
eb6b2559-89b4-44ef-94a1-2152c4e33ce1,Student,2025-10-11,0.15
3412804c-9039-4df4-8228-10bc6a46a7b2,Professional,2026-02-21,0.6
f1afee6e-e134-48ff-989f-d14452438ab5,Professional,2026-01-01,0.6
3d4f243f-d9b1-4da9-b156-efd2760da7a9,Enterprise,2025-12-02,0.85
0ebbd152-831e-4e01-9d9b-e49f4365bd46,Student,2025-08-31,0.15
3dac4d6c-2f5f-4574-afcd-8f6112a12a43,Professional,2026-06-21,0.6
dd938746-8602-41af-a4aa-11de0ee72fbd,Student,2026-08-22,0.15
03af34f1-8930-4271-abb8-14648aa70619,Professional,2026-03-20,0.6
7f677801-31a1-4a3c-9ad1-099841fd6b9a,Professional,2026-04-01,0.6
becfafda-0f6f-4dee-a8ae-bec80dd6c9ee,Student,2026-03-25,0.15
a6944efc-1fba-4fc2-834a-3c56f3f60210,Student,2026-06-13,0.15
72eb505c-d60d-4b4e-9a3f-e2cdbc7adaf8,Student,2025-09-15,0.15
3c5ecdcc-dd6c-4ea2-bd50-b05c65b3c576,Student,2026-02-19,0.15
b2e69f16-b86a-485a-821e-a2f46387969d,Enterprise,2026-06-25,0.85
772699bf-0136-45ec-96bd-930c82f9e440,Student,2026-02-08,0.15
359ac2b2-d616-4303-b20d-56f5cac474e0,Enterprise,2025-10-10,0.85
89adc8b3-c0a3-4b91-b80c-e0d0c38dfed1,Enterprise,2026-08-14,0.85
edcf89a1-bab9-4de4-9216-7a2e38c74680,Enterprise,2026-01-11,0.85
d664f014-90b7-4c5d-bc73-d49eac0e7aa7,Student,2026-07-04,0.15
89d9b133-d29e-4403-b439-18967b272148,Student,2026-06-14,0.15
8e6290d9-63df-43e3-a3d7-31216fc8ebf7,Enterprise,2026-06-23,0.85
d21a8697-c9ea-4da9-94c7-9059660e5a6a,Student,2025-12-25,0.15
30670c2c-3c85-4d07-a08d-16ea5fe7b8c2,Professional,2025-09-29,0.6
64c1efeb-15c8-42d7-9e48-a0b39be46233,Student,2025-10-16,0.15
02f23f74-fc98-4983-a507-e62389af9378,Student,2025-12-27,0.15
22ecd0af-dae0-4e06-b65f-f532dba4e129,Enterprise,2025-12-06,0.85
3894601d-f61e-4903-8bc9-c94380de302a,Professional,2026-07-02,0.6
a5dd53d0-6449-456e-8e69-58e9f02f772d,Enterprise,2026-03-01,0.85
56b500cc-0497-45ee-92d0-b3f66d3b6efb,Professional,2026-08-05,0.6
a3ac03ed-524e-4b31-9d2e-c3cbef195a42,Enterprise,2026-06-25,0.85
c8c754ea-1fbb-490e-b56e-0190e3d0063a,Student,2026-02-28,0.15
4ddcf6ca-5e28-43e2-8ca4-9971b06df2e3,Professional,2026-04-02,0.6
24f54aa3-6952-4c6e-9743-eafce57b7299,Student,2026-03-18,0.15
ec32947e-586c-4ccb-9d6c-966a527218db,Professional,2025-11-29,0.6
9296086c-4b16-4728-81c6-8ed399fe4ed0,Student,2026-05-28,0.15
c5419553-4f17-487c-9109-f489af7a8d78,Professional,2025-09-02,0.6
66a87d51-fba1-4781-8894-6b521f4498fa,Student,2026-05-12,0.15
a29baaf8-fed6-49af-aa08-73cc91ccc9d0,Student,2026-04-24,0.15
6d05be0e-6aeb-490a-9093-f0ae5c59d1f0,Student,2026-04-10,0.15
d138d28f-aded-4502-8318-cdd8ce2b8647,Student,2026-01-11,0.15
cc288d6b-6274-4ac4-b4fa-a7cc2d291627,Professional,2026-08-16,0.6
56818727-4949-443b-b9f7-2348475aea64,Student,2026-07-31,0.15
56d725e0-1f29-4ea5-a737-425163bd3f1d,Professional,2026-01-11,0.6
2810dc86-5247-4cda-a215-679aa94deb1c,Professional,2026-07-18,0.6
ef7c15ec-17b9-43c0-87bc-ef48bbbe2a95,Student,2026-03-02,0.15
f96f66b2-18d0-491f-bf18-c7ffcfc80025,Professional,2026-07-19,0.6
24c62ef0-1f4d-4e88-a9d0-31ad84da335e,Student,2025-11-14,0.15
91ea9749-4c6f-4e0e-a79f-3ee37201fb29,Student,2026-06-05,0.15
9a05c59e-5407-472d-bbef-e488f09e1fab,Student,2025-10-28,0.15
43c662bb-e874-44bc-ab97-6d6225e105e5,Professional,2025-09-10,0.6
7e9a89ee-02bf-4228-ae73-a9e8e5d2fd11,Enterprise,2025-10-06,0.85
882040e9-6ead-462a-99c6-4186c386cf2d,Student,2025-09-05,0.15
71497e5f-a276-4236-a8fa-4a874a172485,Professional,2025-12-31,0.6
f323b7f6-0717-4373-8a35-2bfb6242fca7,Professional,2026-01-21,0.6
137acaca-8a78-4dc3-a205-7a95e2c2930f,Professional,2026-03-10,0.6
a70b29f2-8e32-4a37-81ca-962f776fda40,Student,2026-06-27,0.15
de4cfe1d-7d62-4437-bb4a-967a1f7d9822,Professional,2026-03-09,0.6
c20fbb46-cf0f-42e0-9350-e43fa7f63186,Student,2026-07-11,0.15
1febd758-2211-4c55-8fd7-e6c701cb0f4c,Professional,2026-03-08,0.6
c9f7b344-a58f-4071-bcfd-dfea9485b322,Student,2026-03-23,0.15
3e4f03ad-0d12-487b-8889-d15ee8c3c43f,Professional,2026-08-18,0.6
107b05e8-6f09-4d60-8811-b32e60993ddd,Professional,2026-07-11,0.6
f7568b17-c64d-4413-beaf-916f65cbd4a8,Professional,2026-07-25,0.6
99cc6f34-09d5-44b1-b5c7-c3bb926e1ce4,Professional,2026-03-18,0.6
4f1804a2-0130-418a-bcb9-ae0f7e2883a4,Student,2026-03-20,0.15
d78690c9-9971-4670-b761-0e2bdd291957,Enterprise,2026-06-04,0.85
40b1fc7f-417b-4810-903c-22aea67f8893,Professional,2026-01-31,0.6
604fa3ed-0fa2-4a8e-a434-2a85a75b3ded,Professional,2026-08-13,0.6
9aad2a79-0ca8-4f35-b273-4439f893abd8,Student,2026-01-13,0.15
801f0f1f-224c-4c72-8e5c-dccbfd6657f5,Student,2026-03-23,0.15
a4bcd0ea-680e-48a2-b8c1-4ae8a93217ee,Enterprise,2026-08-08,0.85
cf7386c6-b024-43cf-a3ca-00056d995c44,Student,2025-09-05,0.15
89686d79-46ae-4ab5-881c-4e2502ef1035,Professional,2025-09-15,0.6
ae302119-be1b-4ea9-86a7-7b3eb5713bc9,Professional,2025-10-03,0.6
4acc738b-af28-4727-9f1c-410d72cf9187,Student,2026-06-12,0.15
cd8c8b6d-c57d-44b3-8e83-8cfb539a26d6,Professional,2025-10-10,0.6
f9c4909b-c89f-4971-b666-d8d25adc740e,Student,2025-09-24,0.15
9ed57589-625c-48de-9161-68390b3ca73e,Enterprise,2025-11-20,0.85
3cd429e6-dcf9-46ba-a0bc-cad7445408a9,Enterprise,2025-09-07,0.85
14094acf-3af2-4322-9d13-e1db3ba2e0dc,Professional,2025-10-05,0.6
bcd9edc9-b34b-412d-9052-77b55fe9afdc,Student,2026-08-08,0.15
93465e6c-17da-4242-80f5-66a48bc4bfe2,Professional,2026-02-13,0.6
b84a402a-4717-4edc-bd20-06631e18b13b,Student,2026-04-27,0.15
8c5cb4e3-c64b-450e-9877-7452c5ef9549,Student,2025-10-23,0.15
c546b21a-68a7-4674-9903-1c0b986acb61,Enterprise,2026-03-03,0.85
12364866-00d2-4a46-9fb6-cfac0367060d,Enterprise,2026-03-14,0.85
7ec33486-7f31-40b0-9681-08a25d628b80,Professional,2026-08-18,0.6
9a99414a-05c8-4f1b-bacc-70439021e27a,Student,2026-07-23,0.15
25ece14f-7149-4ef1-8133-cd2c90737e73,Student,2026-06-07,0.15
4c820b87-8700-40bf-beeb-80b616aa446f,Professional,2026-06-28,0.6
9f81cae9-a60c-4b39-9173-b0f606c24c2f,Student,2026-01-11,0.15
6c6a3c97-e7a2-4056-9f13-aa40500bb1c0,Enterprise,2026-05-18,0.85
09068830-5ea0-4631-9ac6-186c09d4493e,Professional,2026-07-17,0.6
5e2f781c-fc07-4d87-9201-5f9da1c1bdb9,Professional,2025-11-13,0.6
27d0ba24-c5c0-424c-8168-3c8da95dc624,Professional,2025-11-10,0.6
1c9c285a-44bf-4a97-a48e-68f491bb9149,Student,2026-06-02,0.15
74313c52-8595-4768-93a6-7ddf9e1bccea,Professional,2026-07-29,0.6
a59a7575-9f63-42fe-9215-4b728724f301,Professional,2026-01-01,0.6
c6ec2ad3-773e-4000-85d9-985d2141e36c,Student,2026-08-04,0.15
9e6ca190-fab3-4eee-b21f-ba3834cb166f,Enterprise,2025-09-02,0.85
22fe67c9-d75a-497b-9d58-de679876e300,Professional,2025-12-06,0.6
2204fb5e-3660-4067-a927-500cd0214240,Professional,2025-12-11,0.6
bf145b0c-a6fa-4632-81e5-64ab5e6054e7,Student,2026-08-10,0.15
e3e57835-2ad6-4812-bd9c-f61cba227713,Professional,2026-03-15,0.6
d47152cd-51f1-4132-9e14-ecbd0734b255,Student,2025-11-17,0.15
11460cb4-fb04-4cc7-99b8-a9a2a26a821e,Professional,2025-11-24,0.6
754c6195-d1d8-44a4-9a0f-1ee57b8a14b0,Professional,2026-01-29,0.6
ac3c40f1-a0a3-4c24-8b4d-68a514ec7c20,Professional,2026-06-26,0.6
433137da-c4ed-443a-a06a-18bd771795e0,Student,2026-04-02,0.15
4161ad31-c683-40da-8aeb-fa593904d8f7,Student,2026-08-17,0.15
13aa269c-3ecb-4d7b-acaf-00984a023e67,Professional,2026-03-04,0.6
0e3aa5d4-ac58-49a0-8325-09242904749a,Professional,2026-02-07,0.6
44c70f7b-597e-43a8-9011-bee8d5e8f86d,Professional,2026-02-25,0.6
1755dbfd-75d7-4906-9565-769127c1add2,Enterprise,2026-07-10,0.85
ff2aa2a7-9b35-46e2-8f06-28bd72f82766,Professional,2026-01-15,0.6
41017375-69ea-4469-abd4-3209a6bb9b63,Student,2025-11-25,0.15
ed8e80f5-6bcb-4054-b8ef-b082a423aa29,Professional,2025-09-19,0.6
261a25c2-cf86-41ec-9775-895dca4ad4b5,Professional,2026-03-12,0.6
4d836d41-dcd3-4974-b137-4c12da829c48,Student,2025-10-10,0.15
dd44c50c-8813-4295-841d-17bc9c4c740e,Professional,2026-04-30,0.6
7d5ea988-6e75-40c9-9d9c-2ff4e1cbe157,Professional,2026-06-14,0.6
909feaaa-adf8-4cf7-9b10-d99136ce93d4,Student,2026-02-01,0.15
56df6f57-f5a9-4b2c-b06d-faa76f3dc893,Student,2025-11-21,0.15
a37b8926-f929-4801-b717-335aceb924b0,Student,2025-10-09,0.15
d0ca160a-dcf9-4b36-88e4-5bbe95e20c57,Student,2026-05-22,0.15
3d0f23d3-cc0b-4952-9bbc-2a3958a6a669,Professional,2026-08-14,0.6
11a941c6-62a5-40a4-9f19-1757f2a782ec,Professional,2025-11-09,0.6
048d52cf-b358-4d20-a7db-2bc1ba8e4fc0,Enterprise,2025-12-01,0.85
21403675-277b-4fc4-9d61-41663641d8c2,Professional,2026-05-29,0.6
306ce83e-8109-4f57-b6de-035dffb1f149,Student,2026-06-10,0.15
34dbc34c-73ac-4f7f-9065-d18e8db8f89c,Enterprise,2026-03-18,0.85
9e42cecc-b313-457c-aa86-ad13fff0866c,Student,2025-10-19,0.15
1873dc3b-5dc5-4c75-9b13-19c8d03958ec,Professional,2026-03-30,0.6
89810b07-9721-4ffa-aace-fb37c87ea4de,Student,2025-12-26,0.15
da613141-49d5-4610-a1e4-9d26e69bfc3f,Student,2026-08-23,0.15
e2a06b5f-e3be-4f10-a0e5-73ce763bb8ae,Professional,2026-01-04,0.6
5c71d1bc-e0f0-4857-8b59-4f89ab1b6258,Student,2026-06-09,0.15
43c99ba0-cf92-498d-b547-b2d9d10f58ac,Student,2026-05-14,0.15
809e950e-f2a6-42c1-9480-86ba610d5e8e,Student,2025-08-31,0.15
6853f0fe-5cfc-4b43-9641-7a95ffd2a93a,Student,2026-04-25,0.15
33958c27-25c4-4237-9f04-c0339fefff9a,Professional,2026-05-11,0.6
0c379e68-8f3c-449f-acab-678bbf977e2d,Student,2025-10-24,0.15
8a8d1ab0-9e50-4936-afd9-7461cd281c54,Enterprise,2025-10-12,0.85
f182e0be-972e-461b-ba63-6c6d19487358,Professional,2026-08-16,0.6
0c73b3c1-3628-4f1a-9d3c-8b840ec5fbb2,Enterprise,2025-08-31,0.85
288fba5e-2bce-4e27-b00b-1217ecb1d35c,Professional,2026-07-15,0.6
b87598a3-76ec-42ea-8b2e-efeb57cd762c,Professional,2025-12-04,0.6
3ca3ac7a-6455-445f-a39d-f49b3fe1e223,Enterprise,2025-09-11,0.85
f6f51087-8798-439f-b90f-d010463dcf0b,Professional,2025-10-11,0.6
c69f7f3e-761f-4fdc-8a7e-e0e0d69c8607,Professional,2026-08-18,0.6
e9ca150d-aa0b-49e1-bd25-0bd0826d4af4,Professional,2026-01-29,0.6
c1e7652d-b2e5-4f5b-bc19-b7d3609e7c44,Professional,2025-10-15,0.6
670020c2-5658-4f37-acfb-d7aed399c431,Professional,2026-08-22,0.6
5b5866f7-e6b6-4de0-b4f7-95db7ddcc09d,Student,2026-02-18,0.15
1d9061b1-4fa0-433d-adae-805fbfec7065,Professional,2026-08-13,0.6
3532d4ce-a9b0-4a47-9614-e8d5eff7eca4,Student,2026-07-31,0.15
dd1cf03d-8732-4189-9853-1fb2406a0510,Professional,2026-04-25,0.6
2d338d23-9cf8-4758-bb35-af1cd6fa1322,Student,2025-12-30,0.15
12b53651-0852-47b6-8499-06da67bab814,Student,2026-01-16,0.15
ecaa9317-3c13-40b6-95f1-5784ddffe88c,Professional,2026-02-23,0.6
ed79c449-60c2-4130-be13-ee0558bf68c2,Student,2025-10-29,0.15
8a978a8a-99c2-49fe-b8fc-7793360f4ee2,Professional,2026-01-26,0.6
bcde7a3c-027d-4040-8c08-2e8ac18191b6,Student,2025-09-07,0.15
33947051-d69a-4f8b-8662-398a34cebb3f,Professional,2026-06-27,0.6
cc888ea9-31b1-46d8-9b7a-d7aac7eb2b5a,Professional,2026-02-04,0.6
7663bee5-2471-4fb3-accf-be32350869e2,Professional,2026-05-24,0.6
dba88b8d-59af-46a6-9293-d9f2dc112e17,Professional,2026-01-30,0.6
44d57dce-33d8-488e-98e2-08c555254910,Student,2025-09-27,0.15
51657b88-f22e-4a0e-9d27-aa444efe3f44,Student,2026-01-24,0.15
da1310d5-5afb-4ac4-96c0-125ba19dac5d,Professional,2026-08-01,0.6
759393bd-cb64-4616-915f-08b98bc06dd0,Professional,2026-08-21,0.6
e59fee7f-870a-45ba-885e-5cf1017eb76f,Professional,2026-08-05,0.6
3b8f1d66-6ce8-4543-a2e4-8355ac745552,Professional,2026-07-06,0.6
55f86bd8-eb51-4063-be36-4bd61134feae,Professional,2026-05-21,0.6
c485f6cc-9b21-45ba-849b-f21cb4fd2323,Professional,2025-12-18,0.6
e4ec62e7-8e8a-4a14-b09f-d058d4563217,Professional,2026-01-09,0.6
b14d8e0b-b4d7-4e0e-adbf-dc292529b85d,Professional,2025-12-06,0.6
c2c77d92-c124-4d0a-8e3c-072130b59621,Professional,2025-12-25,0.6
98cfc21a-1f33-415b-aef2-24067b6df9e6,Professional,2025-12-22,0.6
e1ef6a1a-2526-453d-9636-5fd8f04d9618,Student,2026-04-16,0.15
a3696f7b-f067-4daf-b540-32a6f120f674,Professional,2026-07-16,0.6
ed1919ed-e2af-498d-a9aa-265c95ca6096,Professional,2026-01-12,0.6
b377d8d1-6d5f-468d-a42e-41acca0f4e71,Student,2026-08-17,0.15
1cdb534e-5fb2-472c-9efb-04e0123587c3,Professional,2026-05-30,0.6
53c1dd26-47e5-465c-94aa-8d56ca2706a0,Professional,2026-08-11,0.6
04d7c613-bb3b-42b0-8b7e-0bff44d49024,Enterprise,2025-11-05,0.85
d63eac97-cf2b-4d20-98b2-09de5e104a25,Professional,2026-07-15,0.6
2ae58f59-71cd-40c1-865a-2f21c69720b0,Student,2025-10-13,0.15
cc11c319-261e-451f-857f-58f23c755bb9,Professional,2026-08-11,0.6
00faf258-e48c-481d-81b6-e7fd81245e31,Professional,2026-06-02,0.6
6ba2428b-99e2-460f-a56c-772703144102,Professional,2025-10-03,0.6
154a7469-0182-4a8f-98ae-6461d15e024b,Professional,2025-09-14,0.6
167f6922-9782-479c-bff6-5350b244cd9d,Enterprise,2026-06-20,0.85
53d2a9ed-ea93-42fd-9b3f-48902ef4a007,Professional,2025-12-07,0.6
c52a7263-3c27-4b29-970d-46c8ddf40c40,Student,2026-03-14,0.15
ddaeebfe-44ac-4668-a87c-f1da63258308,Enterprise,2025-10-26,0.85
e3068934-8339-4417-b1e2-6cdd88f5cb2f,Student,2026-08-15,0.15
eb65d049-e8e5-4d79-a2c2-2e8e1e38b7e6,Student,2025-11-28,0.15
7a3a67d6-444e-451d-bc81-8890966ecbe3,Student,2026-05-24,0.15
589e4718-ba4d-458d-92d9-cb56de7bbd86,Student,2025-09-09,0.15
ba3b17e0-c014-434b-a3aa-e8cc11fc1d42,Student,2026-04-14,0.15
f05afc3d-3c0c-48f1-91b4-22c09300f561,Student,2026-03-07,0.15
87f4fdbf-adea-4a2e-a440-0117a4b495f2,Enterprise,2025-10-16,0.85
98dde84a-9e7e-42da-ba1d-a3d85b44264a,Student,2025-11-14,0.15
63a357a5-e104-45de-aa1c-0096da640b62,Student,2026-03-03,0.15
cec16b60-81b9-40d2-ba11-b5416fc788f2,Professional,2026-03-13,0.6
15c79272-011c-4bd4-afd7-e60157cf79ce,Professional,2026-04-27,0.6
200a663f-bc63-4a2e-84c8-20e8cccb2691,Professional,2026-03-22,0.6
cb42572e-3f45-4525-b1d5-fb33ab444168,Professional,2026-05-09,0.6
df387286-5070-4f44-8e26-23af82ca3ef8,Professional,2025-09-25,0.6
c3d30741-f4a4-49ff-bc25-97a7af171c23,Student,2025-11-05,0.15
659e27cf-613d-4000-94a8-0039fdfa9200,Enterprise,2025-11-13,0.85
397f3af4-6107-462f-b40f-4ec5902119fe,Professional,2026-07-21,0.6
f1fd3c4e-9673-484a-a7e0-1dade851ef05,Professional,2025-12-23,0.6
8de73aa1-5256-4766-9f1e-a077c6a59de8,Student,2026-03-17,0.15
00643f35-0c42-4a5b-8501-582d5b0a4ca8,Professional,2026-01-31,0.6
83944ff7-83c0-4e31-bb9d-58b9a76f15d4,Professional,2025-11-22,0.6
c83b13e6-e643-41f8-b299-e904ec3e6bd6,Enterprise,2026-01-21,0.85
0788c9e2-fc09-44ff-ae10-5ae35c3e84c7,Professional,2026-04-21,0.6
944f3519-d815-4959-9465-f0210d2c339a,Enterprise,2025-10-23,0.85
4fe5de7f-c12d-47f4-96e0-e8d89121bb88,Enterprise,2026-07-17,0.85
dda16412-a24c-4a5a-b0fb-6c68dabee970,Professional,2026-02-28,0.6
1ab02351-3a7a-4116-a053-a031edfd0966,Student,2025-11-04,0.15
d7b7781b-7155-480b-910a-495315e2095f,Student,2026-04-21,0.15
0691e967-d2fb-41cd-869c-80d800ca3a95,Student,2025-09-23,0.15
2fb72dc9-a4a1-441a-9be8-151e0c1cfc05,Enterprise,2026-08-17,0.85
9e80baae-5e9f-4001-9ea4-a3c6ed021a8b,Enterprise,2026-04-18,0.85
1be7fb1f-f8a2-4028-852d-a67923cdb074,Professional,2026-03-21,0.6
7a74def0-200b-48e0-8499-db434d7359a9,Professional,2026-08-20,0.6
692a16a5-8d80-4402-8f89-950a0a9ea673,Enterprise,2026-03-03,0.85
465c1201-e96d-4775-b1f9-267ae0405d89,Professional,2025-10-18,0.6
f53f3d92-3ebb-40c0-be2e-77b7c4eadbd9,Enterprise,2026-05-03,0.85
fed98de6-ab05-4c93-943c-56d4c7fdc109,Student,2026-07-30,0.15
92fd4b21-bc15-4d98-b2f0-dec12b8ee050,Professional,2026-01-05,0.6
90042e9b-4233-4136-88aa-58701b6b794c,Professional,2025-10-01,0.6
b65aece5-0a6c-4ba5-b053-79238352a88c,Professional,2025-11-09,0.6
78332bee-85a8-4034-800c-8dd0cb54008d,Professional,2025-11-11,0.6
1245511a-5352-4327-b3d2-474342fa1d8f,Professional,2026-07-03,0.6
d4855584-f639-4f27-826e-0d087dc3b80f,Professional,2025-08-29,0.6
df0b5a62-4bdd-4ae1-95e3-ff0530d93862,Student,2026-01-17,0.15
42d2f044-93ea-41b4-8093-86268827ee40,Student,2026-02-14,0.15
217a1a1a-8f44-48ff-8f3d-f3d4b477ce68,Student,2026-06-13,0.15
9b7ca567-42c2-4115-9cbe-885234cd39f8,Professional,2026-05-28,0.6
5da4627b-bfc4-4dce-b1ec-7e7c57697384,Professional,2026-06-13,0.6
2650aff5-5fbd-41d4-abe0-dc2dc892954f,Student,2026-03-19,0.15
60998121-1934-4748-833b-1c5b20c57059,Professional,2025-10-05,0.6
3a5ba109-44fa-40f3-8d62-876cafb55ccc,Professional,2026-05-15,0.6
dca1cdfb-d45a-484e-8991-526763eb88d6,Student,2026-05-15,0.15
d5db3faa-3214-4b2b-9f06-e91511f7a63c,Professional,2026-06-04,0.6
5560be76-6172-4c3b-bdae-9426eab3c195,Professional,2025-11-19,0.6
4a09eb04-af35-48fd-aa15-5385a7c8d9f5,Professional,2025-09-28,0.6
69ec2051-9da7-4744-84e4-e13b856ac818,Student,2025-10-19,0.15
6877e70d-2bd0-40d7-bea7-1fa494347276,Professional,2026-01-24,0.6
d24d3612-cbc4-4bdc-96b8-facf781f8907,Student,2026-06-10,0.15
92670cca-a798-4013-9648-5c4a7c759c5a,Professional,2026-04-04,0.6
8a384e2f-8084-4c7e-9732-0a9caee99c58,Professional,2025-10-13,0.6
e57a867a-07d5-4cd5-9233-f94f3e7f34e2,Professional,2025-10-24,0.6
44524a70-e4c7-48b8-b502-915c90439fee,Professional,2025-11-07,0.6
8d2ecbfd-9f18-401d-b241-3d89614764f6,Student,2025-12-01,0.15
576bd10a-aa89-4d04-b631-3b13968af0d7,Professional,2026-05-07,0.6
2fbad4e9-1bc2-4038-8070-2d3d52ba4d6c,Professional,2025-12-03,0.6
cda6606f-fbbf-436d-9b40-c44fb692cb62,Student,2025-11-16,0.15
7790213d-b811-4db7-8fc5-d24fb65e810f,Enterprise,2026-04-30,0.85
cd957e15-6ffa-43bc-8791-ebb85d49a1be,Professional,2026-03-25,0.6
c4a37cb1-abf2-406e-9c73-9fc5ca9f17c0,Student,2025-10-25,0.15
afbfb9fc-5393-4bc4-ad3c-bb3e6e8a7f1c,Professional,2025-10-29,0.6
d6fed7ed-fa36-4a85-a13f-e8572ffb0769,Professional,2026-07-13,0.6
8765270e-00e3-450a-9a77-9328b26f125c,Professional,2025-10-03,0.6
1c81d157-6e2d-4d96-a76b-bb0a903a0451,Professional,2025-08-26,0.6
d8a6496f-56be-4301-b6a7-82f3df4906e0,Enterprise,2026-08-04,0.85
bdad2e42-d9a2-4474-b714-87480b0848e6,Student,2025-09-23,0.15
11c7468c-6654-430b-85c9-28d287b4a0bf,Professional,2026-04-23,0.6
280bca21-2f98-48c5-afde-7979977f5350,Enterprise,2025-11-06,0.85
b86029ac-cb1c-46bf-b4c5-5ee37a1fdd6a,Enterprise,2025-11-27,0.85
54d819e7-9920-4260-8337-0682c680a8ac,Student,2026-04-06,0.15
fb3a3e5c-3b0e-42df-be40-1c349007c170,Student,2025-11-08,0.15
f2dbac61-e223-4ab1-991e-bfd671b71c3f,Student,2026-07-04,0.15
f8a4f4da-5908-45cc-be99-022bb99217be,Professional,2026-03-21,0.6
728bf8ed-4afd-4038-8bd7-dfc4a7c34022,Professional,2025-11-07,0.6
b24aa972-3290-4d83-8cbc-87b03378db2d,Professional,2026-05-11,0.6
5dca9668-e174-47bb-9134-c0aab87c872b,Professional,2026-04-01,0.6
5b53287d-a3fb-4590-aaf3-d1c52c1078f5,Student,2026-06-09,0.15
402e742a-6461-436c-8ced-03ae15f5e2a1,Professional,2025-09-14,0.6
9b352337-9ad4-4d4b-b180-c8221560f639,Professional,2025-12-05,0.6
09a5c6e6-286d-4b33-a17d-1c6133aa6afa,Professional,2026-06-12,0.6
5e611166-db39-4483-a961-24722b22f6b0,Professional,2026-03-19,0.6
3c0fcded-9081-4967-be80-bc3142c965a6,Professional,2025-10-17,0.6
a801bf84-67e7-4afc-8908-dd8572bd0d34,Professional,2025-10-31,0.6
24a05464-9e2c-43f9-8f46-670839a9870b,Enterprise,2026-06-02,0.85
45d72ac4-da54-4c80-b876-0159efe8f6ed,Professional,2025-12-05,0.6
07d3a5ac-38d0-4825-af99-58c3058680d1,Professional,2026-03-06,0.6
978bc566-0922-4019-be4b-9eadb30d645b,Student,2025-08-28,0.15
e576efa9-e7cb-4fbf-bd04-b4a7384248bf,Student,2026-04-06,0.15
01e9048d-6382-473c-95b7-d2b885dce3a1,Professional,2026-04-29,0.6
51d89d98-1a2c-4a70-a283-6d4b3b05b009,Professional,2026-01-17,0.6
694da354-38a9-4ecd-8cf6-e4ff343e408e,Student,2026-08-16,0.15
2dad7473-7fdb-48dd-9bc9-bb1bb6070be9,Professional,2026-04-26,0.6
ed60b120-6bcf-4b3d-889a-2bd441c7ec8b,Professional,2026-06-14,0.6
192267b7-cf2e-4a82-a953-8279d63ccad3,Professional,2026-07-07,0.6
51afd454-7d38-4229-ae9f-91c986e36c2f,Student,2025-11-05,0.15
2556bdc6-efbd-4f8a-8898-a199fc5fe267,Student,2026-03-26,0.15
c986d9c9-3ce0-45e0-9a3e-585a93b11847,Professional,2026-06-26,0.6
30a2673c-9ffd-4495-9cb7-c5693402cebe,Professional,2025-09-14,0.6
b2b9c595-40ac-4a7b-8d2d-2d7b987fdcc8,Student,2026-03-14,0.15
81e06849-c462-4e72-a2f3-e73dca284db0,Student,2025-12-26,0.15
40d8a97a-8d07-497d-a99f-97aace5f87fb,Student,2026-07-07,0.15
522bd2de-da4b-4b2a-81f4-016d3728feac,Professional,2026-01-11,0.6
b0fa39ff-195d-43fc-874b-3d8650ee6a18,Professional,2026-03-29,0.6
5de2bda9-a44e-4ff6-85aa-2ac8d74a69e0,Student,2025-11-05,0.15
440a66d2-903a-4bce-8a9b-7d908191f7c7,Professional,2026-03-18,0.6
22b44d50-c04a-4bc5-a968-2e6e927d52cc,Professional,2026-06-08,0.6
78ec4896-271e-4dc6-83e2-92f70bba86b3,Professional,2025-12-14,0.6
01d32e99-07b2-48d7-a141-30ecf6b62901,Student,2025-10-09,0.15
1ad39b44-08c7-446e-b307-9df212d73aa4,Student,2026-06-01,0.15
742eb5a5-68b9-4cd7-99da-b2015bb2c771,Professional,2026-07-14,0.6
04d28a94-ff03-4745-848e-317ebec7d147,Professional,2026-03-11,0.6
5869cc33-59e0-4862-a9a8-900969dde782,Professional,2025-11-18,0.6
caa45a55-e24d-4545-ba9b-5c73703b02f8,Student,2026-08-06,0.15
55b6fad8-09a4-4998-a50f-49be18ad0bba,Professional,2026-05-15,0.6
b416c545-df11-4970-b68d-176fb78d56f1,Professional,2026-03-11,0.6
1f6b01c6-d57f-4a1b-a248-590fd75d1586,Professional,2026-07-20,0.6
e03a58f7-4e4c-43c3-9715-f91f33f11fdb,Student,2025-09-06,0.15
82ff14f1-7b79-454b-8fd6-ac10c211a285,Professional,2026-06-13,0.6
65e6e696-acb1-4c94-b6e5-eb640c169388,Student,2026-06-16,0.15
88a4e152-ea5a-4850-945b-5d9898b8d7d2,Student,2026-02-10,0.15
72eb8c08-17ad-48dd-8cb3-32dcf98ef909,Professional,2025-10-13,0.6
3c606508-c164-447b-9548-4eec206eefa7,Student,2026-08-20,0.15
6326a885-3490-4cd3-9fa4-a0fde9d0b4f5,Student,2026-03-18,0.15
4bf44223-3cca-4c18-800e-3f243a758957,Professional,2026-01-07,0.6
15cbe2a7-fd22-4e05-8d45-ddc74dc65e76,Professional,2026-06-19,0.6
3c3a5daa-63df-4407-860d-bc00875802fd,Professional,2026-06-28,0.6
afbf949c-fe9a-419d-869b-f4ad173e6459,Student,2025-10-03,0.15
4b80e8d5-6601-4dc2-a5e6-b2a07bc19330,Student,2026-03-06,0.15
059e3475-6dd6-4d09-ac3f-1e099217aa08,Professional,2026-01-28,0.6
fb30252f-0941-4c45-810f-490640da7a39,Enterprise,2025-11-12,0.85
ea49f1c0-e2a0-43ee-abfc-4330c9380aed,Student,2026-03-28,0.15
65d3c4b8-e3df-4df5-9a75-6ec12613ef22,Professional,2026-07-20,0.6
d2447e67-1ae0-4305-9786-45390e9788c0,Enterprise,2025-11-11,0.85
59afb46c-5fb2-47d2-99e9-0a97227e84f9,Professional,2025-10-18,0.6
bb71f145-7ef9-47db-a873-0892913d789a,Professional,2026-03-20,0.6
e81a956e-2b1a-45c1-b0b0-f48201698a56,Professional,2026-08-13,0.6
d07de66e-a883-4e17-8b28-df3ae6457154,Student,2026-04-11,0.15
f10e6227-9375-469d-9bc7-f22c118e223f,Professional,2026-04-03,0.6
0a7f670a-1128-424e-9960-cfd60442bb3d,Student,2025-11-19,0.15
e03f1502-288e-4e7c-93ec-026b26edf5a7,Student,2026-05-13,0.15
f22c74e2-591f-4a6b-89a1-c6e91a0b4a9b,Student,2025-08-30,0.15
0338770e-b6b7-4b06-90a6-28777f3fbe16,Professional,2025-10-08,0.6
dd467f4c-534a-4ef0-a4fc-dddf5c39ff75,Professional,2026-03-29,0.6
98e35b19-df22-4204-80c2-fe5a86c8c4d9,Student,2026-01-06,0.15
d37ffd07-19a9-4836-abb4-50bf383be362,Professional,2025-11-26,0.6
11b83923-4ddc-4bbd-8b8f-2bacb758bd87,Professional,2026-01-11,0.6
f6f38f7a-e098-44b3-9c39-20af34de5570,Student,2025-11-06,0.15
9c7f07b9-b02f-46e3-84fd-e5926babc6d3,Student,2026-05-03,0.15
b419372e-a5c5-4019-b908-7492f48d5608,Student,2025-08-29,0.15
e60ccebd-d1f3-4729-8f76-8d84c9b17592,Student,2025-12-19,0.15
44202a3a-fb77-4d5f-b7dd-df76f74bff04,Professional,2025-09-28,0.6
44daffb3-e6c7-4bd1-8368-fe9ea78f9afd,Professional,2026-02-16,0.6
feb83230-7f6c-4b21-a472-2919aa51fadb,Professional,2026-02-10,0.6
11b54011-65ac-4e2d-a100-99843e2650ad,Professional,2025-12-06,0.6
ad9f1130-be57-41a5-a879-615a446ddd61,Enterprise,2026-04-04,0.85
5d0f5ba9-2f86-4635-a626-ee82ba9ef021,Enterprise,2026-05-16,0.85
29505295-b554-4c8a-a2d8-b077c4ee1285,Student,2026-08-13,0.15
bd5b201b-2707-44fd-bfc9-318d045bfd6c,Enterprise,2026-07-14,0.85
230b69d8-0830-4956-9416-6acfdee4b622,Professional,2025-11-07,0.6
47285982-5668-4d59-8791-3ffdb9cc8664,Professional,2026-03-20,0.6
976f812c-a53c-4b6d-9669-7fb9cf23923e,Professional,2026-06-19,0.6
5439a0dc-d025-4680-bb12-06237ac5d6b5,Professional,2026-08-11,0.6
a3936117-efa7-4f84-a9f5-f98d16c7ae01,Student,2026-03-15,0.15
e7a09ad1-207b-4b32-99b0-287df839f0aa,Student,2026-04-17,0.15
6a1a2c10-a723-4bfa-9d6f-7ed14f069ab7,Student,2026-01-31,0.15
0d1ce137-b0bf-4127-817b-af15acf6ebcf,Enterprise,2025-12-12,0.85
09a8d074-ddd6-4a93-a1b8-bcc3b5bda694,Enterprise,2025-11-17,0.85
43787889-6216-489e-8301-74250f60b377,Professional,2025-11-09,0.6
8282a00a-d4c8-43b5-a441-1df08e931ff0,Enterprise,2025-11-28,0.85
7ac59a3c-2416-45d5-8f27-643633c400cf,Student,2025-09-23,0.15
188e2f6d-9ff8-4cc5-9e55-9be80accbbe8,Professional,2026-07-31,0.6
23e31f47-8a0f-4d2e-bc1e-d0dbefca4a50,Professional,2026-07-31,0.6
a4b2e47f-5525-486e-a073-ec343fea478f,Student,2026-03-05,0.15
8be46404-6a19-4212-a922-bb5851f944e4,Professional,2025-11-10,0.6
215203a0-27a8-4397-809d-8d00b0980e9e,Student,2026-05-25,0.15
dcef98f0-461e-46d0-9514-1c3c391da039,Student,2025-09-25,0.15
dd188bdb-21b7-4440-a25c-b460a2cceafc,Professional,2025-10-13,0.6
dcb41535-9fb6-4e43-a87f-a494710b92f0,Professional,2026-03-18,0.6
a16ff9ca-b676-4dc9-af9e-bc1c08903d3a,Student,2025-12-14,0.15
8b374278-b17c-4aec-a2d9-255516081e57,Professional,2026-03-27,0.6
8fe3e7e8-72c5-4577-9dda-188321d59ca7,Student,2026-08-20,0.15
c804aad9-a2f5-42e6-a09c-072a00db3ec7,Professional,2025-12-02,0.6
8f40a768-a0d8-4f64-b281-7255d07a191e,Student,2025-12-01,0.15
5761d307-c4c6-40a6-8c18-909296d1559c,Professional,2026-06-30,0.6
4217510d-4880-4d7c-ad38-2299e7dd7649,Student,2026-06-03,0.15
6997a4f6-df86-4f37-9c7d-8fc9c0b693ee,Student,2026-03-29,0.15
979f64f7-5fd9-4a2f-b22c-edb739dba9eb,Student,2026-02-16,0.15
5043b316-a47e-44a0-b44e-60f277ae17ff,Student,2025-12-05,0.15
2390203f-ac9b-4856-84ec-3c800fc82910,Professional,2025-12-16,0.6
75096e38-730d-4ee8-871a-743317f3297d,Professional,2025-12-08,0.6
d8a14b24-1091-4458-b6fe-adc8548e2594,Enterprise,2025-11-25,0.85
0eab814a-49f1-4992-8e00-fe1713d07d5c,Student,2025-10-21,0.15
28cef5e2-0f14-40fe-ae4b-e4a3adfa7ddf,Student,2026-04-23,0.15
0ce2725a-37a2-46a0-a7a8-27ed0c62de4c,Professional,2026-02-28,0.6
1e181b5d-4784-4afe-8993-4932f413f8c2,Student,2026-05-01,0.15
7c69e4ad-c845-46c6-a9c8-82942bd5bd0a,Professional,2025-12-12,0.6
d431ddc7-458f-4035-9b9c-2db0301f7366,Student,2026-08-18,0.15
62ff46e5-7c2e-4484-afe4-833cbf8e7145,Professional,2026-08-11,0.6
64085eaf-89be-451d-9dd0-7adf5acdbfaf,Student,2026-05-31,0.15
e076400e-bbe8-4f3e-9414-da1b9fbbec33,Enterprise,2026-02-23,0.85
5dd0a928-7864-4499-9302-a2a17a14e4ff,Professional,2026-01-18,0.6
995ac8e9-3aea-4956-ae4f-23f2ba36814b,Professional,2026-01-07,0.6
cbd32701-de9c-4fba-b45e-a94f9cb07762,Student,2026-04-09,0.15
1377b8e9-34b3-40ed-a8aa-42fa03e34399,Professional,2026-06-21,0.6
ee462396-b0e0-4972-9430-92088942feaf,Student,2025-12-26,0.15
e3c6f4be-be1f-418b-ba93-9580eadcf812,Professional,2026-02-25,0.6
399672e0-0a2b-45ff-8e46-05195af86eb1,Professional,2026-03-05,0.6
a3fa5548-4da1-407e-ac2e-5fc011b3eb8c,Student,2026-02-18,0.15
7d24ef61-85f5-4ddf-b3fc-cb79e7e4a711,Professional,2025-10-21,0.6
b6b6d950-d91b-4411-ad51-06bfe00f019c,Student,2026-04-30,0.15
1b77cb39-28e9-4d69-8113-538832c7c1ec,Professional,2026-02-10,0.6
c2c8d5d4-52d4-4527-bcc5-92d2a0a05d9f,Professional,2026-05-05,0.6
55f3b9af-342f-40ae-abbd-f430e416ca6e,Professional,2026-01-05,0.6
55f859c1-fbad-4229-8911-0df922da7d8f,Professional,2026-01-16,0.6
40d45e66-4ed6-49ed-81a7-ac06b0b1e891,Student,2026-07-14,0.15
4a2177b4-4fac-4535-8339-90c19f0d3a4c,Professional,2026-05-04,0.6
0313a409-3a4e-4cef-9d8c-8b5b15826cd6,Enterprise,2026-08-08,0.85
0ddd4a46-7a16-486b-98c9-742aa4df65b8,Professional,2026-04-18,0.6
802af580-1c09-4cfe-90ab-04ca966be601,Professional,2026-07-08,0.6
e828dc86-3ac1-4e96-8194-0862d6dedb36,Student,2026-08-15,0.15
9479a1db-62e0-4950-91b7-399d17540fd9,Enterprise,2026-01-05,0.85
c9a95eff-293a-4202-bedf-350445a2bfbc,Professional,2026-02-03,0.6
1161ddd4-419d-4bab-b3b0-156915ded77c,Professional,2025-12-04,0.6
ce31fb46-5aed-420f-92ec-e3ee020448d1,Professional,2026-02-06,0.6
b8cf84c0-394a-4955-89c2-525ca76c11e4,Student,2025-09-16,0.15
2d1c750d-d340-4d4b-8cb0-717aeccafd35,Professional,2026-06-17,0.6
4cbe14f7-f8d8-4de0-b556-eeb58e0b4f20,Professional,2026-05-30,0.6
b4cb3e73-6e50-49c0-8fbb-c5a7a839e39d,Professional,2025-09-26,0.6
99c68514-4f1b-404d-843d-d9834e1edd4e,Student,2026-05-30,0.15
3d791ba6-8bec-4f7c-a417-8ad9b84dee44,Professional,2026-05-08,0.6
a9f63953-f90d-494b-af6e-35e0d5b2fbfb,Professional,2026-03-26,0.6
23fc5c6c-9478-4c81-b0aa-32e650cfda13,Student,2026-03-30,0.15
597b61ed-a648-4652-9ce6-2bc05253526a,Professional,2025-10-15,0.6
770d8049-2a7a-4a90-9df7-0a212487e1a1,Professional,2026-01-09,0.6
59eed2ab-6e17-45c5-a2c0-33ccdccdca14,Student,2026-01-26,0.15
b9d663d2-486a-46e7-aa3d-517f990db92c,Professional,2026-07-28,0.6
ed60fb03-9941-402f-a105-7d77cfae12b1,Student,2025-12-07,0.15
c1e9c47c-1702-4d8f-98f5-475392da3952,Professional,2025-09-07,0.6
26ccf175-083c-4e09-b20c-4f63d5df1f5b,Student,2026-04-09,0.15
ea5dcb18-a2e1-4616-ac23-a5930f497273,Student,2026-01-17,0.15
013aba21-cfaf-41cb-921c-05f15b1f7b06,Professional,2026-04-11,0.6
a3cbde14-f85b-4ec4-8f1b-0fb87f931f1b,Professional,2025-09-30,0.6
54f01b3b-90a8-469b-9c76-d134030be619,Student,2026-07-07,0.15
693bd792-358f-4208-a551-7575e28c6265,Student,2025-10-05,0.15
ae5a046e-468e-4432-a43a-d313a8c4c237,Professional,2026-03-09,0.6
0f037ecb-6de1-4f85-b560-92f0ab3f3606,Enterprise,2026-04-28,0.85
03cdba55-422d-4597-8295-fdfb4a44aebd,Student,2025-12-02,0.15
b26e23aa-59bc-4c36-979c-54d38d87820f,Professional,2026-04-07,0.6
63f39bec-2d92-46dd-90cd-acbab402c6b4,Professional,2025-12-10,0.6
4daa1c04-4748-48d1-af3f-f64785f1b352,Professional,2026-02-25,0.6
a5e37338-2a32-4ef4-92c5-31c6737a7de9,Enterprise,2025-11-10,0.85
65090c91-e6d7-4436-bbba-6e812866bd42,Professional,2026-01-11,0.6
cc21b8aa-dfeb-48f7-ba8d-0c2fa60b66d5,Student,2025-11-27,0.15
e26f7e05-0182-4b81-b52b-a63fad1b5ab6,Student,2026-02-23,0.15
96ba5e3c-b3d2-4110-990f-0677a7327220,Student,2025-10-14,0.15
ffcc3f31-0012-41c1-b714-cf34f0276531,Professional,2026-05-03,0.6
3ae563e7-e5ab-4e80-b36a-867fc8869e3f,Enterprise,2026-01-24,0.85
bfbf9afb-3ffd-40c3-a16e-2d0287dc6881,Professional,2026-03-04,0.6
d5af5fe7-6f19-4f91-96ef-9e5894d11b1f,Student,2026-04-25,0.15
8fe7b1b2-442b-4c40-ac64-7d8558622f33,Professional,2026-04-28,0.6
caf4961f-5ff2-4c88-b153-f3669103ff1c,Professional,2025-11-30,0.6
a55852a8-ab4a-42ef-a0f4-3cef8de10e8f,Enterprise,2026-08-07,0.85
d61bd796-9c8a-499a-a33d-1473db75c396,Professional,2026-03-29,0.6
c2cfd52b-b230-4039-af29-1c2f02fe7023,Enterprise,2025-10-27,0.85
f6f14453-5eb4-43a5-93be-fc4bce86b212,Professional,2026-04-12,0.6
096963a4-a90e-4fff-8e4d-cdbbc254bcab,Student,2026-01-13,0.15
308a68c9-df24-4c8b-9fe8-545a2acf510d,Student,2026-05-31,0.15
88e06bc9-76b5-48ba-add4-846636493aff,Professional,2025-09-14,0.6
f34c6249-ea4c-4a25-8697-e64e60f32b86,Enterprise,2025-11-13,0.85
8523fb92-8364-4185-b801-6fd88116b859,Professional,2025-12-10,0.6
10a763b5-8eb2-42d6-820b-227af54c7d3e,Student,2025-11-15,0.15
1a951845-0d14-46a3-8933-75912e53108f,Enterprise,2026-05-29,0.85
df448d61-aff0-4d9e-b585-b66417698316,Student,2025-11-20,0.15
40c06084-9b4c-468e-84ef-1df5f4de67e7,Professional,2026-02-17,0.6
f599f762-c41c-41dd-8314-88359a36e51a,Professional,2026-08-22,0.6
07d44683-a91f-46d3-88b9-b0371d83a062,Student,2026-08-06,0.15
92c6a562-1d1e-4777-bd6a-49dbdf9f993b,Student,2026-07-26,0.15
950ca65c-b8bb-40eb-b273-d167c34a1fa5,Professional,2025-11-17,0.6
2804f73b-f727-4db2-ad81-932602834ec4,Professional,2026-05-06,0.6
13cb1d71-5cbd-48cd-a4c6-3e3819b8eb80,Student,2026-02-20,0.15
1e6bc72e-9448-4851-8d4f-60e03c3fad3a,Student,2026-04-18,0.15
edba0c0d-2eae-4ba1-8b11-fd0713bae5ca,Professional,2026-08-22,0.6
20e6650e-8ceb-440c-8752-0397a9a37d7f,Enterprise,2026-05-13,0.85
5852a55b-9a2e-4024-a0aa-7fd7c9c9c969,Student,2025-10-09,0.15
5cef9672-cb5f-44f1-b305-3a1282f905f3,Professional,2026-08-15,0.6
ea988633-9946-44dc-9ead-e0e3cb4948f7,Professional,2025-10-27,0.6
73ca8c29-5c38-42c6-835a-3cabe6c73fee,Professional,2026-06-20,0.6
a41b0633-df15-4850-a84a-23cfd10638e5,Student,2026-08-12,0.15
619cb5ab-6a4e-4325-8113-131907f22eb0,Professional,2026-05-31,0.6
ea1e4347-f98c-4f23-bb7b-ed4322137d9a,Professional,2025-10-15,0.6
ec7bcbc1-4270-4131-a68b-5f558edf7901,Student,2026-01-28,0.15
cf233063-2f4e-47e1-ae24-8eea0b2828c5,Student,2026-04-26,0.15
9914ce0c-414b-4826-b7c3-9bef6f1f3e5d,Enterprise,2026-08-05,0.85
06348d4c-4436-4832-9278-1e66619120f3,Student,2025-12-25,0.15
30cf28b8-7199-4c82-aeb5-2a42cc1512f2,Professional,2026-06-16,0.6
5ac5c8e6-91b9-43e0-adc3-dd85fca5d3a2,Professional,2026-05-16,0.6
e2a30962-8d26-4a37-9321-673ca86b1d4b,Student,2026-05-06,0.15
b65bf771-e3ff-4aea-88e5-ba919a8046de,Professional,2026-08-05,0.6
b0d7fe75-2558-4877-9095-83200c6144a3,Professional,2026-01-10,0.6
1e37842e-6b01-4636-99e8-414e5cb6b29c,Student,2026-01-07,0.15
8ef4d016-4888-47ff-801c-4fdae7536a1e,Professional,2025-08-31,0.6
b4979531-ba33-4d5f-9235-f287c99883a9,Student,2026-07-18,0.15
553fd7d2-cedd-4f3f-8af5-33287a68f2c9,Student,2026-02-18,0.15
bcedc9b5-947b-46e6-83af-002faa239765,Professional,2026-08-05,0.6
bdb0376d-14f9-4e2c-9ba0-821194036b9e,Professional,2026-06-15,0.6
d2941ecc-d943-4080-813e-67a6c1e2d090,Professional,2026-08-11,0.6
62a28b84-7f1e-4072-8756-af84055e1292,Professional,2026-01-08,0.6
25e39867-e41b-4def-a712-853632eb3fca,Professional,2026-07-01,0.6
8aabc4ff-0f13-431d-bc6a-bce5f7ac2442,Professional,2025-12-14,0.6
d6de8323-f3e3-4a6e-907c-f78fcc25b89c,Professional,2026-03-20,0.6
b4b89d7c-c45a-4b43-bec5-e279da17082e,Professional,2026-03-19,0.6
4b1f5557-50fc-4a5f-828e-bb523125dfac,Student,2025-10-24,0.15
07f5ec55-dcd3-46c8-b713-ed590d1c26fa,Professional,2026-01-26,0.6
a1ddd5d4-f1a8-4354-9c86-97606f5f1a9f,Student,2026-05-08,0.15
d37620af-32a3-43e7-9a73-0254f00cadbe,Professional,2025-10-15,0.6
aa80f791-7184-4cd0-920c-586fa8699095,Professional,2025-09-03,0.6
98e80192-0fac-481b-86be-bdd1289b76ed,Professional,2026-03-05,0.6
3e71b2e0-4d9c-47f1-a1f0-81cafd6fdc96,Student,2026-02-23,0.15
100c0a87-18b0-404f-84a7-cd2aa80de137,Professional,2026-04-01,0.6
5be0ad0a-9874-4752-be94-2581e3e9017a,Student,2026-05-04,0.15
d4abcea4-c9ae-4968-a5bc-441236d763fb,Professional,2025-12-17,0.6
7230d202-2021-4fb2-b4fc-a4f370a5d22a,Professional,2025-10-16,0.6
48d095b8-dc67-4041-9403-45da42f721c9,Enterprise,2025-10-28,0.85
0c07cbb8-c53d-4114-a2d2-0e024fb0b334,Student,2026-02-08,0.15
370757c8-dae8-437b-8581-180dd9853f4b,Professional,2025-12-28,0.6
a6d5b466-aef6-4e76-84a8-6b685ea46cd5,Student,2026-02-08,0.15
22d54e8b-6291-4260-af25-48c233d01b8f,Enterprise,2026-04-23,0.85
f3b7b817-3ed9-4765-b7ab-cd386c0fbf32,Student,2026-04-10,0.15
bee8e331-7f2e-4a30-864c-b41e3b52216a,Enterprise,2025-10-04,0.85
267476d5-b4d9-4ad8-bf92-08deb1709e33,Student,2026-06-25,0.15
6d131f73-ce60-464a-8d01-4efc912bfe1d,Enterprise,2025-12-09,0.85
7ee4b26d-3fab-4dfd-836f-ba580a58402b,Student,2026-05-04,0.15
85077e6e-010e-495c-a146-8dd6f0771f4b,Professional,2026-04-29,0.6
cadc5f50-d2cf-4ba5-84c5-34415dca2605,Student,2025-09-22,0.15
c6dbd3c9-4e7c-42f8-a870-6718df71d82e,Enterprise,2026-07-05,0.85
d5854c4b-72db-4f49-93a4-aaaf9a26a7a4,Enterprise,2026-07-21,0.85
93408b35-7194-46db-8247-b3e42fd90ff1,Professional,2026-06-17,0.6
96328fa3-afce-4e90-b17c-17ba44761f87,Professional,2026-07-07,0.6
c7f3af37-ca62-4530-9837-c1e87d5f355e,Professional,2026-02-14,0.6
e14d286b-888b-4fe6-8b93-eb7f07d1e107,Professional,2026-06-16,0.6
e463d7da-de68-4cb1-bb7a-7eafb7d7ca37,Professional,2026-04-21,0.6
016710a1-aa1b-4709-b80c-8e4b690f8fe6,Professional,2026-04-18,0.6
9a764ea4-b24d-4ec6-977a-89df4e9dfd99,Professional,2026-05-17,0.6
21c4eccd-cc75-4df5-9740-5a7032c521a7,Professional,2026-02-24,0.6
f1d89b26-311f-40ef-b9db-ecfe6f38901d,Student,2025-08-26,0.15
7f03d0d3-8134-42de-ac72-5c26bfb316f0,Student,2026-07-25,0.15
34cff875-516e-4553-bd37-427a6c7ceeb1,Enterprise,2026-07-20,0.85
bf9363fd-c276-4b8e-8a9e-18d3549b30e8,Student,2025-08-26,0.15
e1826f4e-a07a-4809-9238-f032287fb23a,Student,2025-09-17,0.15
a5e19848-07f3-4cfd-94c9-1dd37442467b,Student,2026-03-15,0.15
a9b037e1-7e4c-4813-a232-93a26e5ff610,Student,2025-11-28,0.15
d25c75a4-1e9d-4a27-89bc-6f106c4568cc,Student,2025-09-23,0.15
350dbeca-192b-43b5-825d-83f67e62ae97,Student,2026-05-11,0.15
1a51b7dd-c5f4-4127-be37-af80607f85fe,Professional,2026-06-16,0.6
e7f015d9-a1d5-422d-8547-f786f73e64b3,Student,2025-10-28,0.15
0e8f71a3-9acb-4ca6-a292-40dc46880c1c,Professional,2026-05-10,0.6
08bceffe-f7bd-44f7-8a6f-924c52dc4935,Student,2025-12-18,0.15
75110b4e-176b-4e9d-87d8-8a85270ccf45,Professional,2026-08-04,0.6
3797fac7-28df-4e04-bf51-7c2f17cc472b,Professional,2026-08-18,0.6
0f9f5b58-9fb2-400a-a29d-689a2cd74d6b,Student,2026-03-18,0.15
a3868cd3-a084-4542-a324-5fddab701ef7,Professional,2026-03-30,0.6
ace80dac-b670-4f24-b44d-4ddde6aa1d92,Student,2026-02-07,0.15
117099b4-a3ca-4450-93cf-58c58f234a11,Student,2026-03-24,0.15
36d065f3-4e02-498a-ae96-6b8d3dea2506,Professional,2026-04-05,0.6
d7be2606-c40c-4578-a599-7ae2cc8d571c,Professional,2025-10-15,0.6
1944e52a-8acd-404b-887a-810459ea6990,Enterprise,2026-06-17,0.85
2eb6dbb1-cf1f-4cd1-b07c-0f47073aba49,Professional,2026-01-19,0.6
78b27acd-dbf1-4578-ab20-bec863f60d47,Student,2025-10-24,0.15
10405c10-4623-46fb-8c47-b7ec9b98c24d,Professional,2025-09-14,0.6
d508a030-4d76-4d59-8169-b8396b59dd72,Enterprise,2026-03-17,0.85
3e9ab2bf-e53c-4f8f-81a9-6ffb87da03d2,Student,2026-02-10,0.15
e040cc35-8764-43e9-abe0-a2f886678630,Professional,2025-10-02,0.6
880733ce-fd57-44f4-adf5-f138e1e7fd82,Professional,2025-11-09,0.6
bfbf3564-5c83-429f-ac5d-43d06e8dc2fc,Professional,2026-06-25,0.6
bff4c9bb-7dda-46a3-8a0e-786cf8102d3f,Student,2026-07-28,0.15
0de88e80-a033-440a-aab4-20e51a5511c4,Professional,2026-03-09,0.6
72a4f6e0-bd42-467a-b90e-45b81cc5e4b9,Professional,2026-03-01,0.6
0a2a9a09-59fa-43da-b356-3784fb54833e,Professional,2026-02-08,0.6
bef082b1-4f7d-4c2b-bc1c-f6adc822b528,Professional,2025-09-29,0.6
f1741b75-62c9-452b-a8a9-1f7c8660ba7e,Student,2026-08-23,0.15
8cb577ff-0681-475f-9e07-39e459c5988f,Professional,2026-06-29,0.6
89b0dbbf-6876-4a56-a2f9-d9266a6d8499,Professional,2026-05-19,0.6
ef6d3a2c-20ff-4e52-b1c5-ed802597de0d,Professional,2026-04-22,0.6
1cf81abd-9ac3-4622-86a4-786fbb25d1ea,Professional,2026-06-10,0.6
ab558528-6f3d-4e4b-bb1f-da252d692cdf,Student,2025-11-04,0.15
33f05dcb-8f23-4726-b379-770490bd2ba8,Professional,2026-04-09,0.6
ec10ade2-194c-4409-b918-423a771e47d6,Enterprise,2025-12-25,0.85
7dbe75d6-71e5-4353-a71f-d2956d2b0ca3,Professional,2026-07-24,0.6
2bdded9f-2016-410e-91b0-f1f5d9f303c9,Student,2026-08-05,0.15
f9faa1b5-f4ff-48d3-aa00-d4a9b39751b1,Professional,2026-06-18,0.6
f4fbd00e-e7e1-4a5b-84d2-240ddbc457e3,Professional,2026-01-23,0.6
08525d9a-b006-4939-b20e-97be9329f41a,Student,2026-01-05,0.15
0ecb5895-fcf3-45dc-bd03-50d0da7b9803,Professional,2026-01-23,0.6
227e383d-ff41-42cd-a609-ae0facf12a0d,Student,2025-11-28,0.15
4bfee772-8e5f-4555-b8a4-9fda5602b000,Student,2026-03-10,0.15
7df1ca20-2c71-40eb-a178-cfffd8d45e1e,Enterprise,2026-07-30,0.85
03d7808c-066e-4b14-817b-290a70b7b8e3,Professional,2026-06-20,0.6
b57e8a4d-6781-4076-a365-d750197b3148,Student,2025-12-14,0.15
80961227-3655-4a4f-ad38-7a5d20620e61,Student,2026-07-12,0.15
476b2274-4d1d-4aa7-b688-39c0b4aaf52e,Professional,2026-01-10,0.6
8d270d88-4cec-4dc8-bfeb-d4cb53205d88,Student,2025-11-19,0.15
e0e5c887-7d21-484f-96a2-a1bc48efed99,Professional,2026-02-28,0.6
e88a07c5-8aa0-4a69-88cd-1a265df5443e,Student,2026-02-09,0.15
4264d7a0-8ebb-4f70-947f-99005228eaa1,Enterprise,2025-11-30,0.85
3ed83a2e-0938-476b-9713-9f5943e980b1,Professional,2025-11-01,0.6
d73f0d93-1d87-4e7a-9d55-f1181c492116,Professional,2026-06-01,0.6
5103d8ad-ddfb-4474-af3a-1db9bb7cb560,Student,2026-07-09,0.15
ffc15fb9-137c-4466-b8c7-9c908416725b,Student,2025-12-30,0.15
34297be3-6de2-4bb3-b631-252f91310720,Professional,2026-07-14,0.6
6ec15a5e-534d-453c-9a8c-b938290522b9,Professional,2025-11-30,0.6
54a108f0-7e00-4e70-b398-0dce8fd0be1a,Student,2025-09-23,0.15
1140041e-1e0a-4ccf-8a88-5d8c9baee8ea,Professional,2025-12-09,0.6
9deb6a93-d18d-4522-bdb2-0bcb171f78a2,Professional,2025-08-27,0.6
1a4fcd02-d459-408f-baa3-17f7239d2536,Enterprise,2026-01-17,0.85
6b8587ff-fe1d-4201-b0db-dc86231dd0aa,Student,2026-08-17,0.15
14d7550e-ae5b-49b9-acdd-fcbd57d8ba1a,Professional,2026-03-02,0.6
a601b206-9686-42bb-9b42-a067fa9904c1,Student,2025-12-08,0.15
c2e2e95d-5f87-4ca8-8815-3049fbcdb076,Professional,2025-12-22,0.6
56daf692-1c8a-444a-9f1e-61261d0be838,Professional,2026-04-10,0.6
301dccf0-201a-44b3-8160-442cc22f9b0a,Professional,2025-10-27,0.6
702b7600-0b95-4dab-975e-36b58c0316d9,Student,2026-04-18,0.15
3fa25c25-e1cd-46dc-a1ee-93a401a4eef5,Professional,2026-08-04,0.6
3235e16c-88de-4c91-b56b-a23dfcc34c68,Professional,2026-03-16,0.6
2346090d-a5cc-4396-95c8-fb57800b1909,Student,2026-05-15,0.15
98230e16-a0ae-4ff7-9e6a-32ed6b79adf6,Enterprise,2026-06-27,0.85
314198a5-4a57-44d7-8709-8679f68d7aa2,Student,2025-11-15,0.15
e972bb66-52fb-424e-874e-086f15352e02,Professional,2026-04-16,0.6
374975db-8bb4-4cb7-a3c4-7b9eef4479a3,Professional,2025-11-17,0.6
e2c5c3a1-d8c1-4945-a421-70593651122b,Professional,2026-03-24,0.6
fed86817-f90a-4087-a956-005bdc5eed03,Student,2026-04-14,0.15
6ad4727d-7c96-400d-83ce-f1f2f9f5977a,Enterprise,2025-12-03,0.85
4f8848d8-7614-4140-a1ea-8ad425c28838,Professional,2026-04-13,0.6
17980ab5-c276-4d6f-b6c2-9a568066fc50,Professional,2025-08-26,0.6
d69c64b8-84cc-4da9-a297-06371dd03814,Professional,2026-01-24,0.6
29907f73-e1f2-4478-9b17-b08b49901a4e,Student,2026-04-16,0.15
02fb2561-1a67-4ac2-942d-77d9c09b864b,Professional,2025-11-12,0.6
3c452e38-fce3-48a0-bcc1-a0aa9e3517c7,Student,2025-11-21,0.15
f2c027d4-a71d-4128-a549-f350370cb724,Student,2026-01-19,0.15
63ff0b19-d14f-4e4b-bb61-cc3029abb59d,Student,2026-03-15,0.15
aec1a7cc-90a9-4cc1-aa5c-4cbab8571df1,Student,2026-07-15,0.15
b73ad63c-b36f-4233-9371-85454ce41faa,Professional,2025-09-21,0.6
7d69366b-ac62-481f-837b-e7b54f1b2e02,Professional,2025-11-19,0.6
fcf31549-f772-4eec-8a70-595e44d89278,Professional,2026-03-28,0.6
9833d4bb-4e91-43de-9ee5-271e144f72f6,Professional,2026-05-09,0.6
c418353d-4ffe-48f1-9828-784fdb69a5aa,Professional,2025-11-27,0.6
66982f66-6630-4f2d-ad88-51c8c88c48e7,Student,2025-11-09,0.15
8e0a2d10-5c75-41ae-896e-653f50226c25,Student,2025-11-26,0.15
3ec9e68c-c9a4-4ad4-917d-b9b0ffc1f07b,Student,2025-12-20,0.15
292f72ac-0086-49df-973d-e8e8596a2803,Student,2026-02-05,0.15
76b6bbee-8dc5-4193-bf71-396cda21e1aa,Professional,2026-08-24,0.6
83ddd820-e128-4966-86fd-81eba7824060,Professional,2025-09-16,0.6
9b9d45fc-751d-446d-89f5-f245aff9b94a,Student,2026-06-19,0.15
1eb3739a-d3ee-4361-ac0a-cb123d0f890e,Professional,2025-10-26,0.6
e73c51dc-3f08-4980-af37-cefe876883a4,Student,2026-02-15,0.15
2a1a78e0-01ee-4276-9935-34330130748c,Student,2025-10-16,0.15
26bf55fb-668d-4d79-8af7-722feb360b72,Student,2025-10-27,0.15
c6af53fc-af47-4895-9f5b-9189253b6c33,Professional,2026-07-17,0.6
dad17188-5e8f-4af3-b9df-d62da048f74a,Professional,2025-12-16,0.6
f5523a80-faec-4b2d-849a-321fe88b2507,Professional,2026-01-27,0.6
ba0b446f-3f73-4170-a651-8d60c4e9e106,Professional,2026-04-13,0.6
494d5a51-ddf1-4c5e-915c-63f0baf65744,Professional,2026-05-26,0.6
d05a021b-8e5c-4d92-8237-be37e0003f4c,Student,2026-07-10,0.15
1e1c471d-cf92-4064-bbb0-197c2f553791,Professional,2026-05-17,0.6
4fe9c54f-bf41-4108-9775-f548c09a6d1d,Student,2026-02-16,0.15
4cb5d9b9-668c-40e9-a72f-80cd3219bc2d,Student,2026-07-26,0.15
3c3fd13a-63a0-4ad7-b388-de5c5b372201,Professional,2026-06-02,0.6
e7429fd6-4940-4685-8470-01ed2026700c,Student,2025-09-15,0.15
c58eab96-1617-405e-86cb-85222e49919c,Student,2026-05-15,0.15
146afb69-c085-4dc4-bf9d-0df1892055b4,Student,2026-06-03,0.15
17a9d92a-5f7c-4337-82c1-200b50df5424,Enterprise,2025-11-23,0.85
a78411be-c40a-4ad5-99d3-6081059c4617,Professional,2026-03-05,0.6
7767cb1a-30a3-4e5e-9aa7-011aa4078497,Enterprise,2026-06-23,0.85
f696e581-2e75-40f7-a8f1-310060844ae3,Professional,2026-04-23,0.6
16fa8936-3fa0-4413-8985-85dce1435437,Professional,2025-11-23,0.6
8b4b5a8e-9093-41c3-b397-9111c30df001,Professional,2026-04-27,0.6
da1ce483-f5f7-4d11-ab14-18ac2610b179,Professional,2025-10-12,0.6
bf7e6dc7-ecf3-4d8c-bf9a-30f8fd7ae88d,Student,2025-11-12,0.15
40a73761-4b83-42c6-b6a0-e8c68ec948de,Student,2026-03-17,0.15
df34499f-27f4-4ffb-9934-92c6a342aff5,Professional,2026-05-28,0.6
6f66d88c-a7f8-4e43-87fa-9d5529ef6b87,Professional,2025-10-20,0.6
415f90cd-4b64-4ebe-86eb-dec3ee0184c9,Student,2025-09-25,0.15
ec3ef209-c7a5-44fb-b3a8-6850ff32ecc1,Professional,2026-02-10,0.6
92493473-0768-43fe-abfa-362198b315d4,Student,2025-12-04,0.15
9c02d64c-950f-401e-956c-9fc7e8b61eee,Professional,2026-04-22,0.6
ac4c08b0-14d6-4549-bed3-9f0ffd60c31a,Professional,2026-04-27,0.6
1a54a1b8-b55c-4617-a499-fd4a63951164,Student,2026-02-23,0.15
4670da1c-9838-4f7a-9ff9-cf6d4242cc7e,Professional,2026-06-24,0.6
4e4d51f3-8d30-4344-8b9a-91db4aa85282,Professional,2026-03-20,0.6
f561a247-3e05-493f-ad7a-67fe97e98006,Professional,2025-12-01,0.6
28528ad9-40d1-42f7-b2bc-48c9e3c93f88,Enterprise,2026-07-06,0.85
1ae06000-a86b-4cb1-9ecd-36915d7de6af,Professional,2026-03-29,0.6
06e0935e-e0a6-42e8-83db-3e715535159e,Student,2025-11-22,0.15
579d52d9-ea68-4660-bc72-619e3ac49739,Student,2026-03-06,0.15
50dcc75d-0d4b-4335-9c0a-d3b326652ab1,Student,2026-02-05,0.15
17c69ccb-2dd6-46fb-8daf-799500cf95c7,Enterprise,2025-10-05,0.85
ad8bede0-abca-4a7e-abc3-6c5e0f362700,Professional,2026-01-21,0.6
096e7fef-75e1-4c6c-aa7f-830fd2003d43,Enterprise,2026-08-17,0.85
97d75b28-13de-403d-88da-82ce3a73c099,Professional,2025-09-27,0.6
02acfbff-4e88-48dd-aea2-e69ade72a673,Enterprise,2026-03-04,0.85
ea09ce93-c6a7-4f11-b15d-eabe43600ca7,Professional,2025-08-29,0.6
0d2eb327-4b99-4f08-ba06-37fb4a05c2df,Student,2025-10-21,0.15
db8e0f8e-d5f6-48f9-bd52-a2a166d5a6f1,Professional,2026-01-05,0.6
613f47bb-2d96-4351-8a5b-1e790f609006,Enterprise,2026-07-18,0.85
4fe608e8-77ef-4dee-b0bc-e8fedb5bd2ce,Professional,2026-03-21,0.6
f4259bea-ac0a-4e69-89e2-64798a9c214f,Professional,2025-10-18,0.6
dad51587-b120-49eb-b57d-1151b2a28646,Professional,2026-07-28,0.6
afe9af04-b5eb-4c7e-812b-eb873b56a110,Student,2026-06-10,0.15
47ea48e4-49d2-4f38-aa62-097d22c064a0,Professional,2025-09-17,0.6
889c8135-9f81-4bc3-91ea-336b895dc984,Student,2026-03-16,0.15
dc2e0577-c8d6-4aed-aae9-80b6fc0fb8fe,Professional,2025-08-29,0.6
43f0d9e7-dc77-4940-9a46-a1e24b353d0e,Professional,2026-05-30,0.6
7a4b1b7a-46d1-4244-9834-6dcbd926b062,Professional,2026-01-23,0.6
333e4721-381d-4ce9-9f18-cbac58a507fb,Student,2026-06-25,0.15
630b142a-da6b-4c69-b154-090c8d07800e,Professional,2026-01-19,0.6
98bf25fe-ea47-494b-ab49-4a5b69e4be84,Enterprise,2025-08-28,0.85
a2999eb3-d5b6-411f-b034-1124c67fc491,Enterprise,2026-05-24,0.85
85183215-eef0-4d46-a2a0-12f331f5f440,Professional,2025-09-04,0.6
7e5e9bac-c802-4465-a6cf-4f6cb0757981,Student,2025-11-07,0.15
cd64f463-3b77-4b07-beb5-44a1a8d51ddc,Professional,2025-09-19,0.6
7b47551f-5e06-4be6-affb-fe059869033d,Student,2026-04-06,0.15
5bbf5606-d75b-44e4-ab4b-d77a1913e5e3,Professional,2026-07-07,0.6
d4e7a857-2625-4309-ad6b-3d35f1a85cc7,Student,2026-02-16,0.15
cf857d50-5b86-4404-998b-d52eecfd548f,Professional,2025-09-06,0.6
035289a5-2c7e-406d-b3dd-031a6c3a7f85,Student,2025-09-18,0.15
873542d9-541b-4cd8-a0a9-74aba25fd820,Professional,2026-02-14,0.6
df4cb797-ecdf-40ee-a0a6-eefaccee979a,Professional,2025-08-27,0.6
d2255fed-e106-451e-b564-59653c58be6d,Student,2026-01-04,0.15
860ba10f-756a-4e35-845b-f7f2a7b9b700,Student,2026-07-19,0.15
d7f37b31-ae3a-4f4d-90c7-2202639b6deb,Student,2026-08-08,0.15
b4aa7e7f-d74e-4ff6-915d-033d096c9c81,Student,2025-10-22,0.15
21f298b8-f64d-45f0-9863-8da962473e87,Professional,2026-02-23,0.6
8d359dca-db26-4874-b787-569308c2240f,Professional,2026-02-14,0.6
cef7bc92-7b2d-4e33-a604-cda235d11282,Professional,2026-03-31,0.6
407bd84d-228a-4fd2-99b2-ba07e79cc98b,Professional,2026-04-20,0.6
0e4cd75d-57d5-4428-9e67-f1fa4169a1a2,Student,2026-08-24,0.15
39e703f0-7798-4ad6-8a10-9847fc12c184,Student,2026-08-06,0.15
ae9ee08e-812a-445a-8973-4f555a92801d,Professional,2026-05-08,0.6
be35d542-f67d-4c38-a1d5-596ad86759ee,Professional,2025-12-28,0.6
e4882029-7fae-4741-a9cf-e7eca5aa8545,Student,2026-05-27,0.15
c7c9f4b6-3b39-414d-b320-076418800d1b,Enterprise,2025-12-18,0.85
3b1946b9-a778-4a81-ae37-066fd220d9b0,Professional,2026-03-25,0.6
798d077f-0f09-4619-9d88-de06ef215454,Professional,2025-09-16,0.6
9ef299c9-2a02-4c09-a248-2c4884937bc7,Professional,2026-01-22,0.6
e3939b27-f367-4700-85e3-b9eb0497c825,Student,2025-09-19,0.15
da8387d4-216f-4fad-b633-d7adf86a2e55,Professional,2025-10-05,0.6
80fe2f50-50a5-4571-bc2d-18736faff3e8,Student,2026-04-20,0.15
22325d02-9bcc-40e7-a58b-d8af5965fd82,Professional,2026-03-31,0.6
04617b40-515a-4e03-ab9a-540339499a57,Professional,2026-06-02,0.6
f8ba3f50-921d-4799-882f-10f10ce52988,Enterprise,2025-09-27,0.85
22553c5e-f757-4297-9735-f5ebf873b554,Student,2026-04-04,0.15
1b8254a7-36c6-4ee6-a0dd-68b64752950d,Professional,2025-12-10,0.6
ae23ca5f-f6dc-4f49-a6ed-80f63058e3b9,Professional,2026-05-12,0.6
2b0f6205-52d7-4092-97b4-ebc3e991cf75,Professional,2025-10-22,0.6
8fd2df64-e605-4cd3-b85b-e4330bacdb73,Professional,2025-12-02,0.6
f9a25e92-d09e-4b18-883d-198bfb902f56,Professional,2026-07-05,0.6
bb5c6609-c58d-4a9e-b087-a3a6e8035167,Enterprise,2026-07-17,0.85
8c0f53b9-292a-402b-addc-cdf4c430bafe,Professional,2026-06-02,0.6
3efa1ecd-14a3-47e5-af6c-5fe162c6d69d,Professional,2026-04-30,0.6
f778b2cb-5395-4aeb-8cf0-4b07dcc6f59c,Enterprise,2026-03-12,0.85
7b8960b6-87e3-4f6c-9201-5d3e56b176cf,Professional,2025-09-09,0.6
fe4ac35d-cc36-436a-bffa-c2627da8f79f,Student,2026-06-05,0.15
07779bd1-bf8f-4881-9777-1a107440b12b,Professional,2025-11-30,0.6
865ce297-b9c6-4390-acb8-9cf41e961d97,Student,2025-10-08,0.15
3f81c4b9-29b4-405e-bfbd-98424b5fc680,Student,2025-09-02,0.15
b52413a7-3a2d-4e4d-8e65-727cfc1ebea5,Student,2026-07-07,0.15
0d35e596-e0d1-42b6-9762-4ddb4e7f6405,Student,2025-11-19,0.15
c0c76434-c846-4d35-8b4e-5fb24999d4a1,Professional,2025-11-04,0.6
7b10e62d-186f-4fd9-8d84-6f4a9ace764e,Professional,2026-05-10,0.6
76608d28-0310-4742-813d-e9b0116fc6a6,Professional,2026-05-18,0.6
e21f3e1c-57d8-4108-bbe8-7a14db7990d8,Student,2026-06-13,0.15
d7372595-d1f5-40c1-9f02-74083406127b,Student,2026-04-25,0.15
b8f277af-ea63-4509-b070-4711d6e34b10,Professional,2025-08-26,0.6
3ca9992c-8a17-44e1-859c-1948b1555ed3,Professional,2026-02-11,0.6
bf565df3-a3d5-4612-8c98-305d2e5e7390,Professional,2025-09-24,0.6
e1925dc1-8195-43cb-86f0-bb756dd16bb2,Professional,2026-08-02,0.6
ab84579e-c83e-4f5f-a377-4f731b6789be,Student,2026-07-08,0.15
71678057-7452-4a13-8f64-cb69374eff3d,Student,2025-10-16,0.15
c3d020ec-693c-4c61-9e72-426822f40afa,Student,2026-03-11,0.15
d39b95ae-21d1-457f-bf8e-3db3094e0f04,Professional,2026-03-22,0.6
5089049b-a0a4-4c58-99d5-eb698eff80ca,Professional,2026-02-10,0.6
65e0b64c-07ef-4c28-a8f8-2128f9e6a84c,Student,2025-10-08,0.15
745b640d-b3fe-445b-a641-62871c07ed8d,Student,2026-03-30,0.15
3da35905-d620-4570-8be8-068c64131859,Student,2026-02-04,0.15
b79ef25d-2595-4eaf-b94e-9d1345399355,Professional,2026-04-21,0.6
1e5e0e65-d662-4efa-a693-5815ac933113,Professional,2025-11-04,0.6
655110db-cef1-42d1-933b-627eeaf08f9f,Professional,2026-03-02,0.6
4bb9afe5-b6f8-4707-a540-98c7dce0c6f9,Student,2026-02-02,0.15
20bb75ac-3a6b-45a2-8828-14d2cb38f3a3,Professional,2026-07-25,0.6
5a87bafe-f381-4cec-871c-2f25782e9526,Professional,2025-10-04,0.6
24d20cb8-a9a3-4878-b265-bde308923221,Student,2025-09-15,0.15
d7564e4a-e96c-46cb-bea3-714b27c21198,Professional,2026-06-11,0.6
8c239cad-59a2-4f6c-819d-dff74ca388a4,Student,2026-03-24,0.15
2c195811-3222-411a-acd6-fe02b3677fa7,Student,2025-08-27,0.15
d305b3fd-0b52-4b58-95cf-c4c2ac88ca0f,Student,2026-01-03,0.15
7475c7ea-66fc-43dd-bb88-b970ecaccb8f,Student,2025-12-06,0.15
5623fdf3-7b28-41b0-ba9e-393b6557f885,Professional,2025-12-23,0.6
70fd0fc2-ba13-43ee-b275-4fc127464fa6,Student,2026-04-25,0.15
02064ca8-01fc-4070-98e7-fe9b0283dd8b,Student,2026-03-08,0.15
ce1f8780-36e7-4ef3-8f98-76fd53c4a548,Student,2026-07-21,0.15
5cf77451-31ee-4e98-8142-b6cbab352987,Professional,2026-02-10,0.6
e1a7719c-9706-41b3-b4e6-d54c9824eaf1,Enterprise,2026-02-05,0.85
127f9039-464e-4b58-b735-8289643ec624,Enterprise,2026-06-09,0.85
fd72e4e8-60d2-4348-a751-1cf2c84edb26,Professional,2026-04-21,0.6
8da546ec-a2bc-4a07-92a8-f1b3347b83fa,Student,2026-05-08,0.15
aa5c40dd-ac59-4abf-9d03-fa98229a2e5c,Enterprise,2025-11-20,0.85
ed26efdf-663c-4cbe-b394-5026096f3826,Professional,2026-03-13,0.6
fa1d90e4-7412-4778-9bf1-dcc792500707,Professional,2026-03-16,0.6
b4d813f6-a9e6-4393-843a-592de7eb0453,Student,2025-10-20,0.15
2c486178-c41a-492e-bef4-25f35ed9983f,Professional,2026-07-14,0.6
ec70c0f2-02d8-49bc-b35d-d9cd40f33a89,Professional,2026-05-08,0.6
56a29da3-adc8-4a48-9196-ed6741463f17,Student,2025-09-18,0.15
6131b0cc-9485-4082-b184-1ea8c3c9dc69,Student,2026-08-04,0.15
017daee8-a3b3-462b-8087-c59ce98751d0,Enterprise,2025-08-31,0.85
adccb980-7b92-4fa4-bccf-5f40b1c3814f,Professional,2026-05-25,0.6
0689f741-bfec-4722-b8ff-b074839ac164,Professional,2026-04-22,0.6
8beb5bc5-0a70-46c3-b197-c2b762ee5c29,Professional,2026-05-06,0.6
9e88f990-71ab-486c-a09d-037be8d19ffa,Professional,2025-11-25,0.6
176703ac-c549-4bb4-9d35-be18bf2cdae2,Professional,2025-09-21,0.6
6bd700f6-ee96-4fe5-b5cf-0d4593a02445,Professional,2025-12-19,0.6
a6667675-f92b-4ee5-8ef3-cbb6f1ef77a3,Professional,2025-11-23,0.6
f1558362-81fa-45f6-b4f4-a4010e3457e9,Student,2025-09-18,0.15
6af4d7dd-12be-4952-ae4e-8e8059134627,Student,2026-08-20,0.15
cc8b46e8-a4d2-439c-9107-c5580003a498,Professional,2026-03-14,0.6
e64605a4-c8fa-405c-bf17-81e6513090d1,Enterprise,2026-06-22,0.85
463ac727-e726-4441-aff6-a4ff9c503b80,Professional,2025-09-05,0.6
a43155e1-4a93-425d-b063-0ca181c06394,Professional,2026-03-05,0.6
e90d6631-ca21-4cb2-910b-06036dc7d597,Professional,2025-12-22,0.6
1fa7c4db-6cab-4225-8920-1987864aa75a,Student,2026-08-20,0.15
dec596e0-08dd-4b79-9942-f500e43290ee,Professional,2026-08-05,0.6
203ef1a7-000c-462c-82c9-a5694d74c286,Professional,2026-08-13,0.6
a8ba6eac-31a6-4b81-a6a5-e576d89e3f67,Enterprise,2026-03-31,0.85
3bded926-9bde-43d6-986b-89c7c26b01d1,Professional,2026-05-09,0.6
efbd2c24-e3a9-472b-a89d-1333bd7a2b15,Professional,2025-09-07,0.6
5369d619-a184-4d61-9ee2-1445e8d89e9f,Professional,2026-02-23,0.6
aee77e77-9321-4fae-8745-d55496b0f091,Student,2026-05-15,0.15
4c56ded0-fcc5-424e-a5e8-7f96eef68b61,Professional,2026-01-21,0.6
7b28be30-4d02-46db-876a-6e07297137d7,Professional,2026-02-03,0.6
0510ee32-04cd-45a4-8063-ef82f141782b,Enterprise,2025-12-26,0.85
9546a77f-543c-4105-b9b4-9253a8beef6e,Professional,2026-01-18,0.6
be218ece-3d3c-4572-a4e9-c93c4e438536,Professional,2026-03-03,0.6
a7181fe3-8017-42eb-95c3-b82a45a2e9c1,Professional,2025-12-08,0.6
34eac2bd-e734-40e1-bde2-0a5261bcb0f0,Professional,2026-03-15,0.6
0d6b0e4f-ae6f-4dd7-8e37-d685ac943436,Student,2025-09-30,0.15
d9eff327-8129-424e-8c34-da9c034cc31c,Student,2025-09-22,0.15
13275e15-b20d-4d53-bc78-b4502aa220d1,Professional,2026-01-12,0.6
561f1c2f-740a-4f5d-b819-2429f473f06b,Professional,2026-03-31,0.6
df409b13-1589-4ee5-96e5-6440675acfd8,Student,2025-10-06,0.15
af75c77b-60b7-4fc5-9f39-920b78465967,Professional,2026-08-12,0.6
1f990b39-e080-40f5-82f1-488e5a256ad7,Enterprise,2026-02-17,0.85
c5d25e11-a156-41be-8ecf-b54b044fff08,Enterprise,2026-01-29,0.85
ac76bc60-f620-49fc-b9be-152dcc482e55,Professional,2026-08-03,0.6
e04c2f6b-b20c-4de7-99e7-081714579219,Professional,2026-03-07,0.6
33557c56-c34f-4916-948b-cb4357c0d2e1,Professional,2025-10-31,0.6
09c0ca91-3a75-43bf-8ce9-fe20a77a8106,Professional,2025-11-21,0.6
75637743-7345-4ba0-b631-b10cf3a57bda,Student,2026-02-12,0.15
ffed8672-85fd-4350-856a-9b22950660cc,Student,2026-07-21,0.15
ac4a8cd3-6062-4dc5-a894-b9f354883eb2,Student,2026-06-29,0.15
c45cd348-8cce-4b24-8018-1a2b369f3d41,Professional,2026-03-15,0.6
e96a8741-48cd-4a6a-8caa-f3495c646e82,Enterprise,2025-12-04,0.85
83a92692-0ddf-44d4-961d-b813ee80d81a,Enterprise,2025-10-02,0.85
c69b7950-1fc5-48e3-9ed7-7287ed35bb17,Student,2026-06-19,0.15
526ba58c-1beb-43a7-8d3c-160b72272a0e,Professional,2026-07-31,0.6
deab7fb1-7266-4571-877e-40482408e92f,Professional,2026-07-19,0.6
c49fecf0-eccf-42f0-9a72-0d8546f95637,Student,2026-04-11,0.15
24bd6f48-5f8a-4d13-86de-37b94937d9bc,Professional,2026-04-19,0.6
f7e22bd5-b53c-4ffb-8eab-7d4010d4ad2f,Professional,2025-12-11,0.6
5ae9d007-1d61-48c5-a806-d5d18bb939bf,Professional,2026-02-12,0.6
1f6b8085-a75b-4ff6-a915-e8a94a7c58d5,Student,2026-08-02,0.15
33fd3dff-694c-4561-820e-5a220393eff8,Professional,2025-12-08,0.6
515ab519-d0a5-4227-8d7d-8e4d85aee0e0,Professional,2025-09-01,0.6
e458b23c-714a-4843-9065-4171cb96b400,Student,2026-06-14,0.15
81ac7af4-c099-4b03-8c56-07931285def9,Student,2026-02-18,0.15
0560a214-6a67-434a-8f8c-64a7b93f75bd,Professional,2025-11-08,0.6
1f3d314e-1909-46a9-9ac0-87a827978935,Student,2026-06-03,0.15
0fb406a2-8f22-4e38-8d45-41412ba64e08,Professional,2026-08-09,0.6
ab3b3e80-cae4-499d-bed4-d8e4c85fa393,Professional,2026-04-02,0.6
29e4ea21-2721-457d-963a-b098045d0924,Professional,2026-01-03,0.6
16caa49f-1a27-4357-83fb-248bb26ccaa0,Student,2025-09-01,0.15
908ecc23-3fd8-445d-b143-f30f4d8708b4,Student,2026-08-12,0.15
d29243f6-da60-41d0-9db6-30a20f68f70b,Professional,2025-11-08,0.6
e1b09c77-b06d-498b-820c-764fcaf4db71,Student,2026-01-22,0.15
eeacb628-e2de-4496-a537-7b0c4458e349,Enterprise,2026-07-01,0.85
21ec5505-61e6-4e01-9dbd-5a267d4f7b9d,Enterprise,2026-01-16,0.85
ba9a7fe3-c843-41a1-85e5-746ae152a59d,Professional,2025-11-03,0.6
bd5e2d45-d604-422e-aaf6-eab0f9ef46bb,Student,2026-01-04,0.15
64855b8a-7346-46d5-b7ef-ac7b28b9a872,Student,2025-11-29,0.15
c970da5e-ee41-4887-9093-7b915f68a3ff,Professional,2026-07-03,0.6
9ad3231c-61e3-4682-a58b-56cb04af1ed1,Professional,2025-11-17,0.6
3a32fa0f-7fd8-439a-b1a5-f2842037f0d9,Student,2025-09-22,0.15
b9996948-75b0-4b2e-b4c2-8dbfb5617588,Professional,2026-07-24,0.6
40e610ee-e75c-4ff6-b1ae-0d712490491f,Professional,2026-08-15,0.6
8d568fa8-3be5-4706-9051-2d49c82f4946,Professional,2026-07-02,0.6
527bfa51-067e-4b42-ac56-2fe7c80afa36,Student,2026-03-18,0.15
ce5505f7-a7d5-48c2-8b99-8f5e0a688601,Professional,2026-02-28,0.6
5b1e7b92-e502-49b3-bdce-4ce705b25596,Professional,2026-07-03,0.6
84e840f5-0e7e-447e-ac0b-033d5edfde11,Professional,2026-08-03,0.6
2f792013-f313-4b9a-a7c7-f5ab0108299b,Professional,2025-12-08,0.6
504a2afd-e2fe-4218-b5bc-36469a50af3d,Student,2025-12-04,0.15
e98c88b8-7730-41b8-af6b-1e5044b263dc,Student,2026-04-28,0.15
b7baf6cf-1f49-4f88-8f01-8d72c8b22fbe,Student,2025-11-08,0.15
047ae133-0abb-4a6e-89ab-6bd86b2cfe72,Student,2025-09-05,0.15
0f3f4d92-425d-4a26-8d37-91b8023ef023,Professional,2025-08-29,0.6
b082b45d-c04d-4a58-86ef-4d6129a90023,Professional,2026-06-07,0.6
91ae921b-c3f4-450a-b1e7-8230b605f344,Student,2025-12-27,0.15
5db78036-7098-4d39-a289-6110de18080f,Professional,2026-03-24,0.6
366f998a-6276-4129-9cd0-64763417b5e6,Professional,2026-01-23,0.6
ff3340a6-77ba-412d-9527-56c120f41372,Professional,2025-09-16,0.6
d86426f9-4fd9-4fd2-9ada-6c5516d54319,Professional,2025-12-04,0.6
5f494183-e919-462c-86a4-ebbdb96fe2e8,Student,2025-10-04,0.15
b67fcf94-b979-4f45-87fe-e78051087c41,Enterprise,2025-10-09,0.85
4cb8305c-0b34-402e-934e-63e8c68366f2,Student,2026-04-08,0.15
01863122-066d-40ed-86a7-48768fe80227,Professional,2026-05-10,0.6
ea8859fb-d69e-48c6-9739-919c1243757b,Student,2026-03-16,0.15
d608a25e-eebd-4e59-95c2-de0a56dc4ab0,Student,2026-05-17,0.15
78637725-0c9b-4d91-a1a3-3fb121e69c89,Enterprise,2025-10-22,0.85
936064b0-fef6-420a-b3ac-a6420893b31f,Professional,2026-03-01,0.6
5c1981fa-e17e-4a6a-9698-772d12a65e0a,Student,2026-06-30,0.15
d1b367e0-e3ce-4766-a378-1381077a35a5,Enterprise,2026-02-20,0.85
26141a2e-0adc-40e4-a549-81a5c37f72df,Student,2025-10-13,0.15
72153926-345a-4a73-a711-5471842b0308,Professional,2026-04-27,0.6
3d2daf72-eab3-4346-9e98-c7cab999c448,Professional,2026-03-03,0.6
62425f27-ae07-42d4-9803-70df39c75346,Student,2026-01-02,0.15
1ac3f4d1-3cfb-4dd9-89c6-78108d48b896,Professional,2026-08-01,0.6
32c6d6a7-6fb9-478b-8ca3-d8501423fd0c,Professional,2025-11-25,0.6
96b7da93-d9e5-44f7-a397-4cb6a45a08b6,Professional,2025-11-17,0.6
0772140c-f52a-4e2d-8e9c-17fcea0f45bd,Student,2026-08-04,0.15
c427ef48-d001-44eb-80e0-4cb6fd7de740,Professional,2026-01-26,0.6
11b4d2c6-2f2c-478c-a905-aef4c0483d03,Professional,2025-10-31,0.6
cdb2d8da-e969-44c4-bddd-7c189462dc53,Student,2025-10-25,0.15
ded219bc-31c6-45ac-a651-aca6abec5924,Student,2026-07-15,0.15
4a56f245-aa7e-45f2-a2a8-63c27c131c11,Professional,2026-04-01,0.6
2b1f0e53-dc49-4725-afa1-c9a14fbc2fd7,Professional,2026-01-10,0.6
165f981c-c7c5-4520-b44f-29f8a65038d2,Student,2026-08-12,0.15
79158a68-8e84-442d-91aa-4bfe4db4faac,Professional,2026-05-17,0.6
2f29e2d2-bc51-4312-b2ce-912665c2f18a,Professional,2026-08-09,0.6
57df2a8f-d485-4b7d-a277-e30a920822c4,Student,2026-03-12,0.15
672e33b6-3a3b-498b-9f9e-c7f256705f7a,Professional,2026-05-17,0.6
195d95e1-9fd1-44c3-be1b-c5938f636456,Professional,2026-03-05,0.6
8e3ec5d6-6a1a-4ce9-a55f-aa47bb6f86ab,Student,2026-01-21,0.15
5135334e-c0bb-46d7-ab6b-0af56ec141a5,Enterprise,2025-11-06,0.85
d5b14c53-9dff-44bb-9f4b-980271c5205c,Professional,2026-07-28,0.6
9bbeb1dd-bf8c-457d-890b-7eff10c433da,Enterprise,2026-03-29,0.85
a7a56cb1-0b83-48b5-9452-88cc4b0668e2,Professional,2025-10-19,0.6
e049e35e-1601-48e1-979b-99ca53ed1f7b,Student,2025-09-03,0.15
6a6b6c64-081a-460f-9747-6c2ccea48f52,Student,2026-01-02,0.15
c210af54-cc10-41e8-871a-3c9bcd200dda,Student,2025-10-16,0.15
dbbec0ad-9e69-45ed-8d36-253fd4469f5c,Professional,2026-07-02,0.6
7db07bf2-f5a8-4c72-b914-084ac3786fc6,Professional,2026-07-12,0.6
35ba3803-4f5f-417b-8640-6c8766eaedb2,Student,2026-06-12,0.15
5303d797-51ad-4483-b6d0-63f8aa1f7cfa,Student,2026-03-13,0.15
a9e2329d-b01d-4e58-8a27-552fc5f03986,Enterprise,2025-12-10,0.85
8feda432-20c4-47eb-927b-7ca16986804c,Student,2025-09-03,0.15
e7b250bb-7d3f-400d-85c2-6eeccae7d40d,Enterprise,2026-03-15,0.85
dce87da0-0e86-4134-9d4c-d6389559d0da,Professional,2026-05-06,0.6
7a9b8cc1-ca44-4893-9c31-67e2dc4d6df8,Student,2025-11-30,0.15
92d54678-92d3-463a-b14a-e4ac1b7a8229,Professional,2026-08-01,0.6
5344182f-b315-42c8-8a65-7d5b8e4a6f16,Professional,2026-01-09,0.6
9c88b79c-bf2e-430b-bd11-94f73a7ab634,Student,2025-09-13,0.15
1f912434-bb7f-471c-a1d4-24d8fc18b4fc,Professional,2025-09-19,0.6
6bf1eb84-46f5-463f-b9a2-7a31f275d7cc,Professional,2025-11-26,0.6
7a4a288b-3aa5-489c-9912-262dfe4dd628,Professional,2026-05-13,0.6
c4c5b3a0-c5c8-45b4-9931-a5bb9628c02e,Student,2025-11-15,0.15
223fd121-78a5-446b-a788-14a294525303,Professional,2026-03-08,0.6
e7d37846-12eb-4a6b-bf31-2cfcad2178db,Professional,2026-01-15,0.6
b13e7939-6167-4fa6-b632-4e3331133f8e,Student,2026-04-13,0.15
a8c43c66-9c07-4055-a16e-7d9d1477fa80,Professional,2026-01-13,0.6
105b3dda-54a0-4941-adad-822eddb6a2ad,Student,2026-07-23,0.15
fdf0ddc3-adac-438e-9fc0-2b0d85b1ff6a,Professional,2026-08-18,0.6
d3982d0d-d435-4233-aa76-a8eafc58db19,Student,2026-04-21,0.15
67d33557-e7c1-4e5b-9549-05c1ab0c8554,Professional,2026-01-29,0.6
4cc90645-ae7a-417c-a652-1199771eeb40,Student,2026-04-12,0.15
a77c07eb-7e1f-4750-b28c-e52acce446f1,Professional,2025-10-22,0.6
15d0ebff-314f-4e07-8155-037ba1fa599b,Student,2025-09-28,0.15
7359922d-8f26-4b5b-a3de-6c22fa9cadf6,Professional,2026-01-20,0.6
ec2e595a-6c39-458b-b1a9-b52327a71c3c,Student,2026-07-11,0.15
3f6b4f39-18ca-4506-9044-36ea2ff3b015,Student,2026-04-15,0.15
c7c8c066-04ba-4150-81de-016ce372b0de,Professional,2026-03-21,0.6
11baef2c-2023-4aeb-84d3-7a37e464a091,Student,2026-02-01,0.15
5866ef35-f99c-4df5-aa65-2c67d5db44eb,Professional,2026-01-19,0.6
80abfb73-e4d8-44d0-a883-e4fffac30398,Professional,2026-05-13,0.6
d8032596-0ef9-4689-ad90-d48e6788e4f8,Enterprise,2026-04-14,0.85
54997766-3962-4ab6-881f-808904657b8a,Professional,2025-09-28,0.6
8206b4a4-65fe-4afb-b632-83e514e50d59,Enterprise,2026-07-28,0.85
c0ea3492-e343-4da8-95ee-d8c7435e7f58,Professional,2026-08-08,0.6
943df895-d81f-456d-b97b-139173f81385,Student,2026-02-07,0.15
f2445ae6-f420-4fd9-94e6-b3ceed54c406,Student,2026-07-30,0.15
9e36c4d1-0134-4b38-b859-1125035a1ea1,Professional,2025-10-28,0.6
c6c665d4-acd2-4053-8c22-170fdc490b4c,Student,2026-02-25,0.15
bf4078c7-534d-4efb-9d49-bd334000b847,Professional,2026-06-18,0.6
0cb45a38-d6cb-4794-9250-4c903266fa9f,Student,2025-10-08,0.15
be608b74-6224-48ae-a0e3-d31cbc2c5cc9,Student,2026-07-04,0.15
2f6235d5-b047-4881-84c9-5ae54fa457be,Student,2026-02-18,0.15
065d1661-e38f-4414-a9c9-347f27c36444,Professional,2026-03-19,0.6
4edbdae0-6345-4ea5-8029-e01e844e45a9,Professional,2025-12-26,0.6
54da6ea2-cd79-4cef-8b1d-a96cf90defb6,Professional,2026-08-20,0.6
155c2e67-b744-4aa1-8800-9f4706659ec9,Professional,2025-08-29,0.6
82ab1602-d2fc-466d-8dbb-3376c33950da,Professional,2026-07-02,0.6
0c6345b6-21b9-4f0f-8978-8d5880a7adf0,Professional,2026-01-11,0.6
f3e961c4-a45f-4093-a1e6-ec24266f0173,Student,2026-06-25,0.15
872bc91e-6ea2-4024-8d38-d487ba1b1470,Enterprise,2026-07-10,0.85
3af097f0-d3d8-43af-bed7-441346c7cb99,Student,2025-11-04,0.15
efd1b7c7-e737-4221-848d-b26d44313740,Enterprise,2026-01-27,0.85
777029bf-3635-4237-b028-00f26f5265d5,Professional,2025-10-27,0.6
35a41285-fc7c-47f4-bb34-27e30834854b,Professional,2026-01-15,0.6
d8a2f440-2205-48bf-93ad-bb0ebc8bbb1c,Professional,2026-08-19,0.6
f40523d0-f890-4961-911d-034b6653e280,Professional,2026-01-02,0.6
6b4b766b-f72f-4fda-a8f3-f3f76b5571b3,Professional,2026-01-28,0.6
c9edd74e-1e85-452d-a590-52cf51bd8639,Enterprise,2025-09-26,0.85
25c8a1ee-7ef6-4f1f-8fe3-26129136d1db,Professional,2025-09-08,0.6
9721abd1-82b8-43b2-abb9-927f2e433db8,Student,2026-06-16,0.15
02fd4d0d-5e97-45e5-afc8-b8bcd5df1093,Student,2026-06-18,0.15
91f7d1a8-276f-4fa8-9136-beaca4ff1939,Enterprise,2026-07-08,0.85
fc7b39e7-ce9d-4717-a57a-6f8221bb52a0,Professional,2026-02-19,0.6
001ba55c-0f64-4afc-9b9a-beffc864dcf9,Enterprise,2025-09-27,0.85
6988d8eb-5b8b-4c16-bdfc-54c81ab588d2,Student,2026-05-28,0.15
1ed9c36b-2612-474a-9478-8a558bb7fd51,Enterprise,2025-10-18,0.85
5b0a9032-0b0e-4430-83ad-f14103465b1c,Student,2026-03-24,0.15
fcd16e37-9457-4929-bceb-2f12d61741f8,Student,2026-05-09,0.15
382b1243-160b-4d72-a43c-6fea5b768358,Professional,2026-06-27,0.6
eb24f483-873c-4a40-9d72-109bff2d9ad0,Student,2025-11-25,0.15
20666d20-b2e1-4557-8934-cd84a3ad11b7,Enterprise,2025-12-23,0.85
318a8ad7-bf8e-4d31-afad-fe1a75cdbe76,Enterprise,2025-12-21,0.85
a82e16c7-591c-4c7f-a1e1-8769c23517d3,Student,2025-08-28,0.15
595b41bd-a7f5-43f0-aec7-2419c0905c85,Professional,2025-09-07,0.6
b71f55ca-d322-4ae0-a0f5-6ebffb7496fb,Student,2026-05-23,0.15
b3b7a1fb-c872-41e8-bcf2-0efd9fef4a2c,Professional,2026-07-17,0.6
57794bde-2c52-4a9d-9cb9-1a2a4cfaece3,Professional,2026-06-02,0.6
0f5d9a04-6c04-4886-a717-199076676327,Professional,2025-09-17,0.6
e8d1bd29-09d0-41ed-a7d0-745abc2bd0df,Professional,2026-07-12,0.6
53094e55-48ce-4ad9-80a4-2c7b8d4fe055,Student,2026-06-12,0.15
ffb0e864-1fe6-4603-b6ed-24464db94698,Professional,2026-03-22,0.6
b1560810-f300-4f43-b358-d407fb04dfd2,Student,2026-03-07,0.15
243accf8-c0fd-4104-b84f-eac8ed2acbca,Student,2026-03-08,0.15
4105cf1c-f447-4eb8-b366-2bad4e37c3c3,Student,2025-10-07,0.15
ab4a15c0-c7cb-42b8-a1ec-f9fc72feab41,Professional,2026-05-26,0.6
1a7d7d2b-e16b-478c-9bf6-a144b6739beb,Student,2026-03-23,0.15
dfb82505-2866-41ff-9e2d-536d9ab409f0,Student,2025-08-26,0.15
b453861e-201e-476a-bdb8-2608cacf7df3,Professional,2026-08-15,0.6
7805c955-04ed-47d7-a5bf-94f4ad3e10f2,Enterprise,2025-12-20,0.85
3dbae402-3691-4d40-8536-1df56bc067b5,Enterprise,2026-07-22,0.85
a9b72086-4510-44bc-9897-a3288553edc8,Enterprise,2026-03-18,0.85
9af94249-c157-4b1e-8151-8cc2af234cb6,Professional,2025-10-02,0.6
716b2506-930f-4003-b6a6-1188448d4164,Student,2026-04-30,0.15
91f6cd9d-33b0-450e-8e82-4ad5a75643a4,Student,2026-05-18,0.15
037f4dc6-0dc1-410f-b11e-d136959804b0,Enterprise,2026-05-26,0.85
b416b5a5-b533-4e55-9780-0919d36a2edb,Student,2026-08-08,0.15
9a27c561-308a-4faf-93a5-a299e7597129,Professional,2026-05-01,0.6
ab16d598-ad82-4f4d-a545-dbc90d4ec98b,Student,2026-02-25,0.15
b135deaf-7ddc-46e6-af33-92ef5f98de31,Student,2025-10-05,0.15
00df2f9f-0df5-4dc1-9a6e-9a455ed21011,Professional,2025-12-11,0.6
e52263b6-619d-46c2-affb-6e487e0cad9d,Student,2026-05-01,0.15
01dfa2a2-68be-49d3-b9dd-142c9e0c7e82,Student,2025-10-14,0.15
ebc1d7e8-8ee2-4370-8976-cd38c7717c84,Student,2026-05-12,0.15
84dbab5e-1ca4-4eb3-9dcc-4a257d464968,Student,2026-02-13,0.15
c7b4076e-980a-4088-bc0a-3ede1d2a5b74,Student,2025-09-05,0.15
1bae7728-aee0-4141-a63b-10874b793e91,Professional,2026-01-16,0.6
eec964e9-2548-4b50-85f5-e5664e51dba4,Professional,2025-12-12,0.6
381024d3-9aae-4f42-b5a9-d1779a298785,Professional,2026-03-29,0.6
d6149f84-5025-4f32-aa95-42ac44a85932,Professional,2025-11-16,0.6
7dd48890-a1a5-4bf5-b128-df1fde5dd9d5,Professional,2026-05-08,0.6
aed48faa-c680-421d-ae5f-db090a6eabeb,Student,2025-10-26,0.15
01329913-efd4-4b7d-a4b7-481f60b19028,Enterprise,2026-03-24,0.85
ed23c80b-a863-483d-a569-223a4f86b8ee,Professional,2026-04-15,0.6
29d52efa-23ef-40fa-9010-6774d5e65dc1,Professional,2026-06-02,0.6
e19ff938-d88e-4d2b-9853-9845843e2859,Professional,2026-05-01,0.6
17eba764-a3cd-485d-b087-89f8e8048de5,Student,2026-07-15,0.15
80e97491-0069-44ac-b9d5-bbee19d7f34b,Student,2026-05-05,0.15
16f3f23c-eb5c-4c84-8c41-89f3498d9a79,Professional,2025-10-05,0.6
84b61567-8b24-45ff-8353-5b7944007751,Student,2026-02-11,0.15
0e3ff14d-b61b-4b2e-85fe-dcca8de261df,Student,2025-11-15,0.15
38672f20-9d1e-4d6d-aaba-18633607e6c9,Professional,2026-02-17,0.6
82c34327-b530-43f1-87de-edb3a804a335,Professional,2026-08-01,0.6
25a31ca5-688a-4ff5-b1f5-5ff7c5c959d7,Student,2026-08-21,0.15
b2129dc2-547a-4234-9619-c3f76bd02f35,Student,2026-02-25,0.15
cc1b8d59-1db3-4e30-9cef-69a0845b269a,Student,2025-11-19,0.15
828f0336-510a-4251-a22e-563ed8b20dfa,Enterprise,2025-09-08,0.85
46f1b154-c497-41f3-84a2-00f95a5f4062,Student,2025-10-11,0.15
f2169c4f-dc7c-4a19-b542-b0e9d2ba6191,Professional,2025-12-19,0.6
3cbd431b-966b-4c57-a653-2f4c5609fd1c,Student,2025-10-03,0.15
9d746776-df79-4adc-acd3-bd843a535dca,Student,2026-04-09,0.15
21de3ff3-1088-4db9-868e-ce3c572b84e3,Student,2026-05-14,0.15
24053648-25c8-4b0d-af48-f1b18a240ad1,Student,2025-10-12,0.15
8c15873d-c486-4c83-98ae-53e3db52e6b0,Professional,2026-02-27,0.6
23c570ab-7462-4ba6-9d41-3924b2643632,Student,2025-09-27,0.15
8c5170a3-b553-45b7-beb0-0f74ac7a635e,Student,2025-12-29,0.15
b814d5f0-0210-4031-9965-2b42dfa31f7a,Professional,2025-09-16,0.6
95bbcc02-1c8c-4a49-9aaa-309167d3a24b,Professional,2026-07-26,0.6
080de2a2-528b-4013-ade0-2a8bb5639a3d,Student,2026-07-31,0.15
07d18c6a-49d0-4d2f-ad76-35c242954386,Student,2026-01-31,0.15
48d21b61-1a9a-41ee-bbbd-d9567c3f0123,Student,2026-07-09,0.15
d1e9e8da-4cf8-4584-a20b-b16c316a7914,Professional,2026-07-17,0.6
c5dedcbf-463d-41cd-b5b6-89670d5b703c,Student,2026-08-03,0.15
164c6996-429b-41e5-b722-dbec238a546c,Student,2026-03-29,0.15
11f7ce34-06cd-4b89-a296-fd57bcf26c7f,Student,2025-11-26,0.15
01235af0-3acf-421d-91ed-e09f69bbfe2d,Student,2025-11-11,0.15
4a01f462-1903-478c-913b-ce7ae0c554f1,Professional,2026-07-24,0.6
7db8681a-5b99-4722-bab8-8965a7db1833,Student,2025-12-13,0.15
6a3721ae-f7fa-40a9-8463-0b3e90dc0921,Professional,2026-04-08,0.6
5a4a3503-8849-49bf-9004-d8208d6150ad,Professional,2026-01-23,0.6
57b5f86b-a2af-41ae-9f5f-edba22e78c7b,Student,2025-10-05,0.15
aaedce20-c41a-4438-8836-e7953a5e9f86,Enterprise,2026-05-06,0.85
5829b17d-8899-4459-a2fb-4ae67478b67c,Professional,2025-09-02,0.6
5dd7d0dc-e7f1-4ced-8f04-24b34c0bc1ba,Student,2025-10-08,0.15
627203f1-fd96-4a9b-9b9a-8c825ffc28bf,Professional,2026-07-05,0.6
6ccc2608-2fe0-4fcd-9594-e5edc285ab95,Student,2026-05-29,0.15
31ded352-9e0f-4e34-83ee-7860572420be,Student,2025-11-27,0.15
e3baeb11-3946-4542-97f3-2915ae9f5f3f,Professional,2026-02-08,0.6
d93f0d67-7700-4ac6-92c8-6f6b0b128535,Enterprise,2026-03-11,0.85
19063e72-51cb-4574-ae7d-0aa1ab09c87b,Professional,2025-10-16,0.6
e811c778-8609-40f5-afbe-612b44a5d357,Student,2025-12-17,0.15
f8f0ef68-9df8-4501-bcf3-680ae2b0e0ef,Student,2026-06-13,0.15
366f1f34-dffe-4036-818e-a7a6a835a14d,Student,2025-12-06,0.15
147dfc4a-d472-4601-9a90-a46037b827b7,Professional,2025-12-23,0.6
74115c7a-59e3-41b8-9251-5ca15adc8e18,Professional,2026-06-23,0.6
7d5b448e-9ea2-436a-b661-9b9374f084a3,Professional,2026-03-03,0.6
7812b7d5-3063-4e96-9832-9394fc374752,Professional,2026-02-14,0.6
77387e34-d367-4577-85f9-0c3a90b503fe,Professional,2025-11-27,0.6
5e753acc-8234-4d48-b90a-c47db4222d25,Professional,2025-09-07,0.6
e393b267-25b2-4673-892c-eec1ca09180f,Professional,2025-09-20,0.6
affacde6-e815-4a32-a8c4-d71b7341e2b2,Professional,2026-06-08,0.6
47ede24a-4056-4f97-b0f4-d75604b0914d,Professional,2025-11-28,0.6
d76cc3ba-e4f1-47af-b5c9-1f6619d53f1f,Professional,2025-12-21,0.6
f618bb95-1463-4ee8-92bf-27e980920eb9,Student,2025-10-14,0.15
ba8d9b66-ac23-4959-b334-6df9f0b4e43e,Professional,2026-03-10,0.6
30555cfe-fbd1-46e9-8181-64032254ead3,Student,2026-02-13,0.15
bf122232-14bd-4a8d-8ba5-92d81f73863c,Student,2025-09-23,0.15
1117817f-f20f-4f4d-a20d-b808490761de,Professional,2026-08-12,0.6
f1dcf649-2939-4a13-9118-713fab979318,Enterprise,2026-03-31,0.85
6c0abab9-9a24-4985-8c1c-d0bba96fc32f,Student,2026-07-13,0.15
1a5c0399-63a3-4f83-a180-d5f5d3e59b4d,Professional,2026-03-30,0.6
d8e7937c-f85b-47bc-92e4-905e67d861ed,Professional,2026-03-27,0.6
d8a75048-1a03-4d13-ae64-8125ec1ca4df,Student,2026-08-03,0.15
164d0033-b597-4502-8e24-620698f4ac09,Professional,2025-10-01,0.6
93ccd0ab-bc33-4001-a941-83e650859c10,Student,2026-05-03,0.15
e5a2fca7-1a07-4722-ad2f-36f64c38e053,Professional,2026-06-03,0.6
63c1ea2d-e531-405c-9d99-1dfc918029e0,Professional,2025-10-01,0.6
21139dbf-da94-44f8-b255-825c87f629bf,Student,2026-05-04,0.15
6e7de795-d329-4458-9bcc-f91d650ebf2b,Student,2026-07-03,0.15
bf0186e2-39c6-44c9-9a72-572501890b49,Student,2025-11-15,0.15
37b42a75-555e-43de-83fb-5c6b69564470,Professional,2026-05-20,0.6
c603fcc0-0309-4800-acbb-927cc7e59d72,Professional,2025-09-25,0.6
a8be694e-db59-41fc-9504-1d07d98869e6,Professional,2026-06-27,0.6
5bf72d16-135b-4b28-970c-f9134d7125c1,Student,2026-07-06,0.15
39e093eb-bc3f-434a-a240-3e0a37aeda11,Professional,2026-08-06,0.6
24677226-f76e-40ed-bdad-a073bbd452f5,Professional,2026-07-09,0.6
4096ee7c-c2ed-46ad-9653-0f964e75592d,Student,2025-11-09,0.15
dc5ab1d3-e008-4bb2-a729-407aa10cc989,Professional,2026-02-24,0.6
30876fed-dbe9-4f78-b934-f363d7f621e6,Professional,2026-01-22,0.6
53dc98fa-5d95-439d-8119-95965644f57f,Student,2026-04-19,0.15
8db66d9e-4b6c-4af3-b252-211543cb8b50,Professional,2025-12-20,0.6
df50b2bb-251a-49fc-a066-0d615f95f217,Enterprise,2025-11-18,0.85
3da47207-bce7-4d88-941a-05f7a967c898,Student,2026-02-04,0.15
cdee1aee-c74b-454e-a801-2d47a568fa2e,Enterprise,2026-01-19,0.85
4dbbf406-fb93-4d0a-a119-9c8e7ddcc101,Professional,2026-02-04,0.6
3937d04a-cde1-4539-a48f-7afa458f26eb,Student,2026-08-19,0.15
848f0d30-c754-434c-a81e-752f1f125bcf,Professional,2025-10-11,0.6
875f398e-8abb-439f-bc29-280b4ec54a64,Professional,2026-06-04,0.6
c9b4f6d2-10cf-4542-878b-bb4ee3be7b8e,Professional,2026-01-18,0.6
f021d400-0a8f-4d47-a83e-6274f5f86c05,Professional,2026-06-15,0.6
7f8cef2b-5b59-4407-8f56-66c93a6d4da0,Student,2025-12-02,0.15
866b0bb6-e9a1-4d05-81fa-01c24b81e759,Professional,2025-11-07,0.6
e2f3a98f-a1a8-4d76-8fe4-a89643c1128c,Student,2026-04-23,0.15
2abe6ccf-9f39-45b0-b65c-956b1a50d0dd,Professional,2026-03-12,0.6
4d16dba8-0a5c-431c-b92a-3bf8a0733558,Enterprise,2025-11-03,0.85
cb2dc3b6-0f1e-45ca-b24e-ba6d12477810,Student,2026-01-07,0.15
53625d3f-6aa8-43d1-bfa9-bf8a2c8b09fe,Student,2026-07-15,0.15
0427fd28-e5a7-4f91-8d5e-89a99d55668a,Student,2026-05-09,0.15
c88166f2-d780-45ff-a5ad-63c456fa93ba,Professional,2025-10-07,0.6
06ce543a-94ba-4412-9878-f1c3be995774,Student,2025-11-08,0.15
9a7254de-fbc6-49cb-9df6-bc09219eab6e,Professional,2026-04-13,0.6
71171a33-a973-4617-9294-1f4d6962e544,Student,2025-12-02,0.15
410f62e2-f739-4d9a-953a-38152d2f43cc,Professional,2025-09-07,0.6
52f6cffb-9258-4ae6-bf24-9fd782838b24,Professional,2026-01-04,0.6
6b179d93-c1c5-493d-abe3-832c8d36f8e4,Professional,2026-06-27,0.6
44524403-00a6-47b7-a0ef-843b6d7bda3f,Professional,2026-06-21,0.6
8b743de4-9401-4a43-b417-08615265d1c1,Student,2025-12-02,0.15
933c2b88-b884-4522-905e-6b175de50c3c,Professional,2025-10-14,0.6
94d3bd28-c423-4ca6-a505-5ac836f0356a,Professional,2026-07-08,0.6
b39bb923-4bc8-4a66-b911-faa62f45d461,Student,2025-12-20,0.15
5816a07b-aae9-4183-81d1-a744e899ce2b,Professional,2026-05-19,0.6
7bb4e798-05be-4c4e-ae85-0b8afa64ce82,Student,2025-11-14,0.15
6661a696-787c-4c1f-bb04-de42d88f934a,Professional,2025-10-28,0.6
720d172e-6eb3-4645-8ee3-5d1d91625ac3,Professional,2025-10-24,0.6
eb8203cc-9ef0-4e4e-9d53-f5163526c014,Professional,2026-06-03,0.6
75060626-637f-4bc5-8569-62b951d6f0d2,Enterprise,2026-06-13,0.85
a279e93d-1845-470e-b5b0-7b7ce299d0ef,Professional,2026-05-11,0.6
a301afb2-5036-4b62-abef-460cd0e76b5d,Professional,2025-12-06,0.6
585cd596-ba14-4317-b92e-a221f78ab537,Enterprise,2026-04-02,0.85
20c84f9a-db5e-479f-a301-a1cd1f91f661,Professional,2025-11-15,0.6
d5d6bcdb-2ae5-42f8-86eb-437a4b14e25a,Professional,2025-12-24,0.6
ad52080f-ecf1-40c8-aa53-902dac3b7443,Professional,2026-04-20,0.6
f032d403-0406-4797-8277-b3c84b2b96e7,Professional,2025-11-27,0.6
4420ee00-d1c1-4196-8cb5-9d743eb0deed,Professional,2026-06-13,0.6
2bb9b509-3705-4a6b-a39e-792a37940552,Professional,2025-12-20,0.6
80a97137-c14a-4cf8-8523-290426dca1da,Student,2026-07-13,0.15
b34880ca-3212-497d-b7e0-d50d58ae4528,Professional,2026-03-08,0.6
dca85b6a-13bf-429c-88de-9d5c75ddd4ba,Professional,2026-03-10,0.6
ff37d60c-5fb2-4084-ae19-0a4fad654fbd,Professional,2025-12-23,0.6
8dc7ba73-66ae-487c-9aa7-0d5e23e2a72b,Professional,2026-07-09,0.6
acec7122-90cb-485f-bc96-5d6998c742d0,Student,2026-01-12,0.15
0acf72ce-77fa-4250-a352-fc9cc5a943e3,Student,2026-06-17,0.15
927b5bf7-2572-4334-8ff5-0c2d6d75b490,Student,2025-11-08,0.15
a9e80181-f977-43aa-812e-fec66af1a911,Student,2026-06-25,0.15
512680d7-71d6-4e2b-a0d1-8339d2dbc0c5,Professional,2025-10-11,0.6
b738fffb-96ba-4ed2-9f2f-cb7da2887872,Professional,2025-09-28,0.6
62ab65d1-4eb4-490e-8236-2ec05f69b08d,Professional,2026-05-23,0.6
a7c11176-5402-457e-8a38-aa39ed54995d,Enterprise,2026-04-09,0.85
74bc2d39-c438-434e-bc89-76dec4617229,Professional,2026-04-20,0.6
036bd4b0-3a41-4521-93ae-675583ee3afd,Professional,2025-10-10,0.6
d45c9aba-4015-4c50-bb9a-bd9e136c4e73,Professional,2026-03-04,0.6
bae241d8-9068-42db-bff6-9b9b1560fb5c,Student,2025-09-01,0.15
56db918e-9d47-4101-bf4e-5fc1fa2a9858,Professional,2026-05-26,0.6
c466bbe7-0af2-4519-ab3d-23f44a597802,Professional,2026-02-27,0.6
03ecf9ea-5b02-45c8-b9ac-637b2732dd14,Professional,2026-01-28,0.6
97105213-838c-41a8-b7c9-ed55bac8f9f9,Enterprise,2026-05-10,0.85
83203988-65e2-4b34-919d-12b9f3630c70,Professional,2025-11-14,0.6
c4519c31-3ff4-4ccd-8b16-ea9e672ee004,Enterprise,2026-07-19,0.85
2108cef4-378f-43f0-baef-f5775b7925fc,Professional,2026-06-30,0.6
04e4bce1-089c-4634-864e-a693e9d33236,Professional,2025-12-10,0.6
1d41e2b8-6d79-4cf8-bd43-8ec24380ed3d,Professional,2025-08-27,0.6
db070698-7a39-41dd-8902-c408ebcc777a,Professional,2026-01-07,0.6
1f0da888-5398-4b27-806f-1ed571d32476,Professional,2026-05-03,0.6
63014089-f747-4ec5-ae45-607aaca57387,Professional,2026-07-19,0.6
15342f60-b91b-4f4b-a3a7-414ec6fcff21,Professional,2026-08-07,0.6
744f0333-2c6f-457a-919d-bebb54e82d6a,Professional,2026-03-28,0.6
601a8bb1-4813-4590-8e5a-6873074bfa97,Professional,2026-02-20,0.6
3b1eeefe-2d7f-45fe-8d7b-783f4b9a3253,Student,2025-12-08,0.15
780b36f8-88d6-4cb4-bd25-3bd751639917,Professional,2026-04-12,0.6
ac8d22d1-2679-484e-a4e2-3fd933feba9f,Student,2025-10-19,0.15
25cd7c6e-6f4a-450b-bf49-0b60f585c6da,Student,2026-01-30,0.15
ad865f0f-7e8c-4480-893e-accbb5fc0158,Student,2026-08-22,0.15
e905cdc1-3be3-43a1-a59d-1cb1f57ef3a1,Professional,2025-12-26,0.6
17efcd0e-0cd0-4880-8995-cf8d81d66613,Professional,2026-05-15,0.6
d0fe952d-a63c-4e5b-9511-df107411aed0,Student,2026-04-14,0.15
5986e962-ddb5-4786-a7f2-bee87cfa5e17,Professional,2025-09-11,0.6
3d9343a3-288c-464a-8ed0-134095292fd5,Professional,2026-05-08,0.6
9c6e47e0-5896-425a-89be-874885d89fa2,Professional,2026-06-03,0.6
8baf6aa8-7718-4a06-89a1-e70b63ac23f4,Student,2026-06-17,0.15
49269a3a-7068-4c33-8f0a-2dfbeccc4e44,Student,2026-04-07,0.15
e683b26e-cadc-41f5-928f-677fd922112a,Student,2025-10-17,0.15
dd353130-88c5-4700-8158-ff180e9475b8,Professional,2026-03-25,0.6
c1c7a6c2-f462-47fe-8c8c-30fd75e97d46,Student,2025-10-10,0.15
fcafad47-54b1-4162-bbd8-8565155d9a4b,Student,2025-09-15,0.15
43aa9957-f817-46b0-a365-c901730661a6,Professional,2025-10-18,0.6
e55c1ca8-d2cc-4565-8f2d-9d9c0528bc29,Student,2026-07-01,0.15
766cbe47-8915-4a7e-998f-1614125abc92,Enterprise,2026-07-20,0.85
f7c8255b-884d-4e7b-8574-74c07db5f39c,Professional,2026-03-01,0.6
8c0efd16-96a0-4569-9054-e44da03c8eed,Professional,2025-11-03,0.6
69ffc04e-e1be-4dd7-92ce-8d54478f5691,Student,2026-01-24,0.15
7b428739-4f27-4371-8af7-982e8903953d,Enterprise,2026-08-19,0.85
ee16d482-5138-4751-a42f-24535bd343a4,Professional,2026-07-21,0.6
00bf3e3a-8a7f-4f0c-91d2-aa89ad7a8d8a,Student,2026-04-29,0.15
b062d639-8953-4c18-86d4-55682c01b683,Professional,2026-05-30,0.6
634fe707-71fb-4b1a-89fb-e29c7878047c,Professional,2025-10-16,0.6
55638d5e-7743-478c-a48e-eb4d03abac75,Student,2025-11-13,0.15
1d1a42fd-d0b9-4a58-949e-0c34f601ce44,Professional,2026-05-30,0.6
e78337c5-6791-4c0b-a512-a0ce6f36bd83,Student,2026-07-10,0.15
cbf6810b-0dce-4d8f-8f1a-5d317bd2361b,Student,2026-05-05,0.15
5f703081-08d8-4efa-b25a-6f5f0d2edb01,Student,2025-12-21,0.15
1ec16f78-333b-4e10-bba3-f92447d2ab48,Student,2026-04-13,0.15
f4809c4c-0f89-4a69-9d93-d3faf5c6e187,Professional,2026-05-23,0.6
2d3a72af-7500-4424-9ad9-33de7da96ac5,Student,2025-11-09,0.15
1908e80d-29dc-40eb-9935-3d0d1f6058f1,Student,2026-04-21,0.15
10727956-1dd1-42d7-9b37-7c5841fdf5b7,Student,2026-04-25,0.15
f691bfbe-622a-48d8-9e62-ab77dd4aa688,Student,2026-05-02,0.15
330f7b21-f3ea-40ca-ac68-cbf9b22c0472,Student,2026-02-05,0.15
c2c27421-168f-4040-9232-1ab4d4a4e9c3,Student,2026-08-14,0.15
d4a83d34-e4ae-4571-861c-ba25aa56139b,Student,2025-12-21,0.15
e470743b-76bb-47e9-a718-016e8760afc5,Student,2026-04-20,0.15
13349362-9099-4c11-a926-4ef2d55658d6,Student,2026-03-26,0.15
817ba9e1-71d0-4a30-8c3c-ecf1c58eb778,Professional,2026-04-10,0.6
6827f718-da6e-43ac-b20a-099251b8bd9b,Professional,2026-08-06,0.6
58e43c96-f33d-439f-b08e-41e5942d6f8f,Professional,2026-03-03,0.6
c2de614f-212e-4140-bc17-85093e26b7c8,Professional,2025-09-05,0.6
b4abe679-67e0-475e-85f9-11c2f36eeb58,Professional,2025-12-22,0.6
3b499384-ff9a-4953-8fb8-f7f91799e1d7,Professional,2026-05-24,0.6
862138e2-9778-4246-acdf-4d5ad7663a3d,Professional,2026-02-01,0.6
bd371a0d-ad24-49a9-83e3-883d5468b9b2,Professional,2025-12-23,0.6
58741ac5-da7d-4b3c-8cbb-02ef54db6fcf,Student,2025-11-03,0.15
4335b030-34c8-4a29-9e7c-f2c711ae4ff8,Student,2025-11-16,0.15
29d8f45e-fdd9-40af-b18e-3dbcd6e70fb6,Professional,2025-11-29,0.6
f9f236ed-399a-4194-bea0-8ce885735ca0,Student,2025-10-24,0.15
32d11c9b-5caf-45dd-acac-21968b6e93bc,Professional,2025-10-15,0.6
f3ea805e-e5f8-4974-a7b7-dbceccbe02da,Professional,2025-10-20,0.6
3857fd28-6fd3-4829-9f5d-7f61927498d3,Professional,2026-06-24,0.6
11792b0c-3fa1-4028-be4e-06f8c2183110,Professional,2026-07-31,0.6
5a9a69a3-4dcc-4c06-824b-d52182ffabe1,Professional,2026-01-30,0.6
3ff2475f-2346-451d-9ecc-56ae106088f8,Professional,2025-11-16,0.6
0d298e18-a9da-4d18-94f8-9519b9d68847,Student,2026-07-31,0.15
eb8b6bf9-3924-4e1b-8790-9d04ecf1411f,Professional,2026-06-13,0.6
b69535d3-9f00-4ed6-8c98-bda0330cbb65,Professional,2025-10-08,0.6
51645f41-603b-4e80-ba52-1b3f60ab3588,Professional,2026-05-31,0.6
e0904e89-7ed6-4442-a6fd-fb16793b502c,Professional,2025-08-26,0.6
7ed687f6-6467-4fa4-bdcd-8e6674aae464,Student,2026-01-04,0.15
598c6a28-7169-4e24-9b44-5ac51a73e792,Professional,2025-09-20,0.6
435a49d1-7d53-4b12-922b-324afddaad6d,Professional,2025-11-27,0.6
cfdee84a-c065-4516-9310-779b06f416e8,Professional,2026-02-25,0.6
35c8a55a-1882-452c-91d3-a49d47ccc8bc,Professional,2026-06-29,0.6
ac8cdf83-1a81-481c-b38e-d6a55c136d42,Professional,2026-07-08,0.6
bf8610fc-ff96-47c2-8da4-d414684ae66e,Student,2026-04-11,0.15
29e046db-53ae-49db-957f-4f521f17d1dd,Professional,2026-02-02,0.6
90198495-533e-4454-a4ba-dae5662a0ce0,Student,2025-08-30,0.15
0fe19eb9-028b-479b-b1f1-6a30ef99a3b8,Enterprise,2026-01-17,0.85
b0eae1d4-7ba4-4d41-a6db-f4ae80d854d3,Professional,2026-07-07,0.6
0a468c40-40fa-4384-b55d-441d449ef61f,Student,2025-10-07,0.15
972cd377-06cb-43fc-ab65-95f2342eebf6,Professional,2025-09-24,0.6
527c5a66-683e-4ad2-8fdf-d5e7f7aac239,Student,2026-01-16,0.15
d6b6d81a-23c0-4486-8f9d-e6764226936e,Professional,2026-01-16,0.6
2939a7c5-aca7-4603-9cfd-900b805105a2,Professional,2026-08-22,0.6
8bb93ff4-26b2-438f-a95d-dab74b691f9f,Student,2025-10-09,0.15
c3d62220-2492-4755-b84c-e0a9aac10308,Professional,2026-06-24,0.6
1d620584-0bbc-4012-80b7-e8de488c427e,Student,2026-06-26,0.15
c36d6602-f42b-4898-ba90-42a593329f75,Professional,2026-04-25,0.6
3a70cf06-64fc-4dfd-a732-de7ef9565f8b,Student,2026-05-21,0.15
89a71103-ff43-4d66-9a13-305c46e78c05,Student,2026-01-02,0.15
45ca7519-c2b4-4636-ad98-b3b637104b72,Professional,2025-12-12,0.6
e5e27589-be03-44ad-9c98-dbdef5ab0827,Professional,2025-09-11,0.6
aae9f3c9-d274-4624-82d6-a70932a923f5,Professional,2025-10-12,0.6
de94335c-7512-4e34-9953-c4514fa8f6a8,Student,2026-07-08,0.15
1fbc00ed-5840-407d-8fe5-38e5d83dda6d,Student,2026-04-11,0.15
d2ccf314-e96e-4909-b587-6b15252bf7a3,Professional,2025-10-15,0.6
e9f1c262-381b-47d6-bb86-38ac452385a8,Professional,2025-10-11,0.6
bed96bfc-737d-47c8-9fc3-1e7e3f2e7c52,Professional,2025-10-15,0.6
5b4e7d3f-ef5e-4889-b019-e5e4c40bdb09,Professional,2025-09-04,0.6
80090c84-835c-45e0-a987-608c495ccd96,Professional,2026-02-14,0.6
2c97e219-7a2e-406c-a087-2003713bc4dd,Professional,2026-06-27,0.6
42c30b54-87e9-46cf-91d0-3f4bafa73109,Student,2025-12-03,0.15
9fc40b80-601f-4aaa-ae3c-46898ef1e41b,Student,2026-01-22,0.15
92f7e13f-3759-4aba-90ff-2e7df16c835d,Professional,2025-11-21,0.6
b6adb54c-eeb8-4ae0-8b7b-b5d7d89a2499,Professional,2025-11-06,0.6
e3ad33e3-c0dd-42ea-8b88-0421990aa67b,Professional,2025-12-23,0.6
e9c1cf34-aee2-4349-9ffe-d618b525a55f,Professional,2025-09-27,0.6
b69e4e92-e6f4-473c-8502-a0a2b4db9308,Professional,2025-11-29,0.6
cf46d1fb-c0ad-48ef-b54f-d3bd6b8084c0,Professional,2026-08-09,0.6
3749d299-8993-4047-bfed-1593bfee8b32,Student,2026-06-27,0.15
c8fe9a62-f5c7-458b-a560-7518da399844,Student,2025-12-31,0.15
0c1f3cbc-06f1-4b42-a21c-fd7b94fb9e7a,Student,2026-05-23,0.15
d0b2c8dd-a551-42d0-acfa-f39c4594d1f5,Professional,2026-04-09,0.6
97b71c07-8a4b-484f-87c1-52ab36554a04,Professional,2026-01-30,0.6
9ec97efe-d068-467e-b04f-37ecb1ef31b8,Professional,2026-01-19,0.6
b6034f53-927f-4dfe-8772-1bcc304fc8bc,Professional,2025-09-13,0.6
67ab01cb-5aa1-41b8-baf5-ce860c5925f5,Professional,2025-10-11,0.6
5a3ee725-c9cf-4f01-9686-9aab5b51399b,Professional,2026-06-24,0.6
d564b691-a88f-499b-86ca-03915885d45a,Professional,2025-12-29,0.6
c0e028fa-450b-4365-a6ee-0247fafda184,Professional,2026-01-15,0.6
5c21f380-46fc-48d9-93fc-ca98e1d297a1,Student,2026-03-05,0.15
c25d7766-bd93-4c31-9c38-6e81c436505a,Professional,2026-05-07,0.6
12212a17-f3f3-46f2-8155-c8986b2ff8f5,Student,2025-09-03,0.15
d212f878-754f-47f9-ba2b-050c1d55c6cf,Professional,2026-06-12,0.6
967ce9d1-828e-4f71-b191-83d8b3c91abc,Professional,2026-01-30,0.6
c7c20010-bd12-489a-9651-88c665461d0b,Professional,2025-11-19,0.6
16780c6d-d80d-4c8b-999e-ce8606c4ea21,Enterprise,2025-09-19,0.85
f41089a7-1a63-4ce8-b6e5-1cda96188410,Professional,2025-09-19,0.6
0522754a-3fb2-485f-b937-bf01de18de25,Student,2026-07-28,0.15
5f342a40-4687-4729-bcf0-3cf83bebb030,Student,2026-03-13,0.15
63a9d04f-42c1-4664-8127-f19a44176646,Student,2026-06-16,0.15
a1e13202-db0a-46a5-8cfb-e9c9fa2b80fe,Professional,2026-05-21,0.6
be616055-34e3-4e8b-baa1-dafce9a04a56,Student,2026-08-20,0.15
c2fd54c9-19d2-47c9-a416-403c383fadbc,Professional,2025-10-27,0.6
b9829fef-a484-4a3a-a438-4d189048fd4f,Professional,2026-01-20,0.6
276907b2-a9e2-4eae-865e-9e0a0cbee394,Professional,2026-02-19,0.6
358030aa-4725-45bc-b321-144c6f120822,Professional,2025-12-13,0.6
6661e48d-d773-4b7b-8299-3a0e83875bc1,Enterprise,2026-05-13,0.85
74c66e3b-0b57-4d8f-b127-a99355f3e4c2,Professional,2025-12-10,0.6
50f126da-28c5-4096-a164-4f7d9c75e559,Professional,2026-02-24,0.6
50347d27-f7a9-4197-aae2-cdbd4c896c62,Professional,2026-07-18,0.6
ef70dda3-ae27-4ec0-989a-ebc429f6b967,Student,2025-11-22,0.15
c6cc4b71-bd7a-4f8b-90cb-b7b857cbf71d,Enterprise,2025-11-11,0.85
708390fe-af2a-40f8-a455-8df58580019a,Professional,2026-06-25,0.6
7ef10b89-d0f9-4075-a642-9dd2f8f7e5bd,Professional,2025-09-12,0.6
7b38e770-d54d-4775-b4bd-73b6e082a1e4,Student,2026-04-04,0.15
c94e58cd-88c7-4342-9843-7c128a8f3b56,Student,2025-11-29,0.15
bb051dc3-f388-4556-b766-5c736b6938af,Student,2026-02-19,0.15
6f038f9c-c06f-4ac4-bf5c-1e4a52128cf3,Professional,2025-10-25,0.6
9baaab77-2c68-4aae-9e42-e0abbeb740da,Student,2026-05-31,0.15
c6c796b4-a8b7-4de0-9c64-5a9e9350efda,Student,2026-05-03,0.15
7b2e40cb-5d77-4851-a40f-b740f2d130c6,Professional,2025-09-03,0.6
879be379-2b10-4046-a766-bc1c12e39d45,Student,2026-01-30,0.15
d2948563-2814-40d7-8f66-8ae1737fe5de,Professional,2025-09-04,0.6
314a4a29-cdb0-46d1-b09b-52cb510fe0d1,Enterprise,2026-02-09,0.85
3c9846a7-e241-4723-a7a7-2278f4b0d98e,Professional,2026-04-09,0.6
b9299f0d-b6ce-4cc8-a183-cf6c16f73afd,Student,2026-06-18,0.15
977d0037-1742-4cf4-a65e-504bba0a4e5e,Enterprise,2026-08-06,0.85
f9daaf87-eaa1-4da7-a4d9-0a6efb17590a,Professional,2026-06-12,0.6
d99af5c4-22bd-43e3-a3e5-9b9ef9f9de30,Student,2026-03-25,0.15
e0b8ef4b-53ab-4840-990a-bfaf5196a81f,Student,2026-01-26,0.15
96448286-35d9-4a5c-bd6a-290090cd76f4,Professional,2026-04-08,0.6
6df1759f-5afa-4beb-be22-7e35c4b5b0ba,Enterprise,2026-02-23,0.85
ad991f44-9f47-473d-875f-43f99369ccec,Professional,2026-02-15,0.6
40ccb351-a2ce-4d29-bb1e-e602e557ccdf,Student,2026-07-05,0.15
d10457ab-48d3-430e-a909-9bdd44a7bd71,Professional,2026-07-06,0.6
7ad893a0-a33a-4d38-81cb-89896678a7f2,Professional,2026-05-04,0.6
afad9955-a569-4a52-a5d0-bb77929be3f4,Professional,2026-03-12,0.6
2092561e-8f86-4fe3-8986-47c959ba34de,Professional,2026-02-03,0.6
ca3f21f6-1220-4968-8e68-b634fdc58384,Enterprise,2026-02-17,0.85
4493a1e7-c1ec-4349-8b1c-7a37218df6c3,Professional,2026-07-01,0.6
53a68e1e-1e81-43f0-a355-719da41d5b25,Professional,2026-06-11,0.6
8f6f3727-3ae8-4205-80ea-cfe3b1f75a42,Student,2026-04-14,0.15
235348c2-0a01-40a8-ae38-5b53e525c738,Student,2026-06-27,0.15
66be8416-6dc4-4e56-aebb-1c7cf7039095,Professional,2026-02-24,0.6
5d5f047b-77a8-48bb-a1e2-6ea2ca633d53,Student,2025-09-20,0.15
5ad99b19-c25d-40d6-b56d-c5383c4c69e4,Professional,2025-10-02,0.6
86561b09-277f-427b-bdf8-9bd88a3f58b2,Professional,2026-04-04,0.6
ff53a567-a56d-4859-a903-2c39a94d06f9,Student,2026-01-23,0.15
df96ce8e-06db-422e-b2ed-8f15bd731679,Professional,2026-01-28,0.6
563f436c-4b18-4988-9b23-e3df30fcc4e5,Professional,2026-04-05,0.6
4e44088d-9a74-4f5c-8d5f-ae6345d4979d,Student,2026-05-05,0.15
ea2fbd0d-49d4-4693-b16e-44dec8f17e8c,Student,2026-06-27,0.15
bd210503-3276-4933-b9e9-426b793714c3,Professional,2025-11-30,0.6
440cee3a-13ef-48e2-a1d7-e355e49ffdf6,Professional,2026-08-05,0.6
74fa0bac-1ca2-42f5-aec4-eb802f1b9bc8,Enterprise,2026-04-16,0.85
22bcd517-0f01-4824-b6a1-6e4ea4df73ac,Professional,2026-05-27,0.6
7abb063c-5421-4bc3-a3d4-ae58bfe49770,Professional,2025-10-07,0.6
e6d45183-fca9-408b-8aaa-3e9cb568b728,Professional,2026-01-07,0.6
a58c0cf1-78eb-4383-ad29-2a7ff3614bea,Professional,2026-07-30,0.6
f465e421-5af9-45c1-a71b-32c741c9ae81,Professional,2025-08-26,0.6
0ca05ed8-fd77-47b2-89d9-05567bf8accc,Student,2026-03-28,0.15
a929f4b2-0834-4bb7-87a8-9c3734ea9657,Professional,2026-07-27,0.6
aa332d6a-1931-4c1f-9b97-54c31797027f,Professional,2026-01-28,0.6
1ab48d35-ee9c-4cf1-9313-64c019aded50,Professional,2026-05-01,0.6
faec6e06-40e7-4726-9798-873248d28191,Student,2025-10-11,0.15
37b31506-c4f4-4fe0-b76a-bbe7923524e6,Professional,2026-07-11,0.6
ced98c50-8ed3-4b17-b71e-0dc2016ef37d,Enterprise,2026-03-23,0.85
df556ccb-82c3-4c69-9412-e1fc7fc64de1,Professional,2026-05-29,0.6
2ef1493e-5f77-4104-845e-5635d6915c26,Professional,2026-06-13,0.6
cc8c1eeb-90f8-4444-adf1-eb861b7e2844,Enterprise,2026-01-25,0.85
6c718663-9470-478b-94db-76f6b53f875f,Student,2025-12-29,0.15
6b1cc2b4-17d1-4bf7-ae18-fc2eb52c30eb,Professional,2025-10-16,0.6
737547fc-cd89-45b8-a172-017ae2eecf29,Professional,2026-05-22,0.6
daa9c9fe-67f3-4267-a7bf-438c1fce03f7,Professional,2025-11-22,0.6
6c0659cc-1e5f-41c6-b05a-0dc365e97912,Student,2025-10-20,0.15
d451cb82-8bdf-4058-a255-1c06b9ce86b1,Enterprise,2025-11-25,0.85
7c5b5102-f3ef-4a06-9468-d9bc34e3741a,Professional,2025-09-09,0.6
35be455e-056f-4f6d-a966-d14235b48259,Student,2026-08-14,0.15
505f7431-6bfd-4f16-85cb-797428338140,Professional,2026-06-15,0.6
56c4711e-36d8-48ac-96e9-95f7628f7f87,Student,2025-11-08,0.15
592b0c1f-495e-4dfe-9427-7874d346040a,Professional,2026-07-06,0.6
90184769-4c0c-4020-a97e-04d8ced78d09,Student,2026-07-04,0.15
185182ec-eac4-465a-9668-e2adc521ea81,Professional,2026-06-02,0.6
0bff0160-6b0f-4967-a6da-b2f9d862f929,Enterprise,2026-04-21,0.85
135f50df-3dda-498a-8911-6a8b570d63c3,Student,2026-06-14,0.15
ce0fc661-ddb9-4d27-94bd-3ad66766df72,Professional,2026-06-30,0.6
efb550ea-8b27-4271-af1e-ff2f373fa112,Student,2026-05-07,0.15
98521994-7ed2-455e-9c2b-067424991c65,Professional,2026-05-24,0.6
d4a52931-212b-4b3d-bb62-c9217cc7cbbe,Student,2026-06-26,0.15
04502280-17d2-4d78-97e8-df94b568fbbd,Professional,2026-07-28,0.6
57369b92-1854-4f17-9ac1-54763775e0e3,Student,2026-04-22,0.15
1f3274df-6a52-4271-a9e6-ae6bcc446f92,Student,2026-07-20,0.15
efd32ef0-92f3-40b5-8997-fdf4c7c81e91,Student,2026-05-31,0.15
6e05c32d-0805-46e2-b7c7-9609b3837b50,Professional,2025-09-21,0.6
2c731c03-5a50-495c-b9d9-c4a10c5a9383,Student,2025-09-15,0.15
941d6227-9069-4f41-a775-9abb1a55f63e,Student,2025-11-20,0.15
1b807425-875f-414d-be08-42b59508c795,Professional,2026-08-14,0.6
9342918f-aa4e-4316-953b-4f9366108d6d,Professional,2026-05-21,0.6
5a7f0afd-9f48-498c-9818-636396a8d102,Student,2026-02-14,0.15
3cbeaa4e-a438-468f-ac59-776ec426cb7d,Professional,2026-04-19,0.6
ca393450-1099-466c-8e1f-d268dccd0665,Student,2025-09-04,0.15
45b39fff-6610-4a32-99cc-a549d9a4f505,Student,2025-10-13,0.15
dab89f85-94ef-4bdd-8759-7d8a9f8de3d2,Professional,2026-04-02,0.6
ed8946ec-6a32-4480-8ce0-d50deb872e9f,Professional,2026-01-14,0.6
d5a135e6-e997-4bbc-8fa1-1a6c4ce227b1,Student,2025-10-16,0.15
1a4edc6c-baf1-439b-aea0-258e1185d89b,Professional,2026-02-25,0.6
89d3a485-d268-4d6f-8171-d78e242abf65,Professional,2025-12-03,0.6
5e62a058-2873-460a-9d9d-82a6cea1fb21,Student,2026-05-28,0.15
c4e3a782-5690-4987-8a50-54b7d943e7ab,Professional,2026-05-11,0.6
e1d7cc9e-e10a-42b0-b6f1-6b3f8c988d5a,Student,2025-10-10,0.15
cfd0e983-b165-4d4b-96d3-43dd994e74d3,Student,2026-08-12,0.15
89498de4-4800-4c3b-84ca-afb9fa0fb2ea,Enterprise,2026-07-16,0.85
f6612c85-0c9a-4b78-8ce2-2d42aebd3b19,Student,2026-01-18,0.15
c9ee9251-b49c-46a1-9ab6-e67cd53bbfde,Professional,2025-09-26,0.6
e2c009cf-449a-4d52-89f3-4f50b01318ac,Professional,2025-09-27,0.6
15f0658d-c4cf-4b51-8055-5e2ddd7bf72d,Professional,2026-01-26,0.6
65baaad5-63b6-485b-b488-8ef220c6d20a,Professional,2025-12-19,0.6
982d3c3d-dc4f-4615-b771-3147019a08aa,Professional,2026-08-07,0.6
56d21b5b-b145-4587-bc27-529a48c317ef,Student,2025-11-03,0.15
c9645b2a-e510-4066-991a-5144804ea65f,Professional,2025-09-14,0.6
3d290580-da31-4ad5-9cfb-1c5a0e5b3e37,Professional,2025-09-22,0.6
aac3931c-0952-4e0d-b084-cda1d7ca5423,Professional,2026-06-09,0.6
4c6589ec-32a6-422c-b33f-42d3cc188cc9,Professional,2025-09-13,0.6
7f3cd866-f54f-400b-8090-e8d5630d4e29,Professional,2025-10-19,0.6
e99919ac-03e5-4c97-882f-204c8bfa6d05,Student,2026-07-17,0.15
23cf3d09-b300-4e00-bc31-0f75b1d7258d,Enterprise,2025-09-26,0.85
03bd2535-4a9c-42d1-ae34-c08de5f3e058,Professional,2026-02-15,0.6
5f2f5613-9b73-4cdc-aae6-17d064e64ec3,Professional,2026-01-17,0.6
329f274d-6cb4-45be-8f10-b2255d15f8e0,Student,2026-04-16,0.15
420a2ddb-eef4-42dc-994c-a1d0fda16d2f,Student,2026-01-11,0.15
c89d945c-d471-4d75-a2b7-495ce2961c7d,Enterprise,2026-05-21,0.85
da0b4725-9df0-4a41-9e20-9c635fb11dcd,Enterprise,2026-02-06,0.85
d7fda103-310d-42ea-9d52-f7e9f22ebef6,Professional,2025-10-11,0.6
beca2440-bd69-46cd-8302-b0ef7d018a3a,Student,2026-01-31,0.15
4144960c-5b09-4bb3-9f01-23ea5f8033af,Student,2025-12-12,0.15
d58e5602-b737-4fde-b0f7-84a997ab70bc,Student,2026-03-01,0.15
a3c8929f-dbe7-49d1-bab3-f6623daf7fb3,Professional,2025-09-10,0.6
1da17a25-d23c-483b-9594-4fa8ca9d6799,Professional,2026-02-16,0.6
64d4ef83-5efb-4cd1-9b96-aa38900b9ccf,Enterprise,2026-04-20,0.85
efa3c44c-ba80-46d8-bf6b-7b90982e1555,Student,2025-12-14,0.15
0c62e35e-989d-45f3-9734-7a72d5ff7a41,Professional,2026-06-02,0.6
c56ab6bf-677a-47ea-b1ca-5c4ff58211dd,Student,2026-08-12,0.15
0402dff2-d42a-484a-8136-6d1f22195a9e,Professional,2026-05-03,0.6
40f6eca1-29d0-4f89-86a9-e3a90124f6ac,Student,2026-02-01,0.15
ea47b8d7-5dbc-4a3b-aa91-377d2f34177c,Student,2025-11-25,0.15
d497f676-513a-407e-8e98-94f0dfd0c134,Student,2025-10-01,0.15
407f98bf-4408-4e12-ab25-908eca28aa0b,Enterprise,2026-05-08,0.85
4087dfa4-bddf-4b4c-a5c8-15b291188d65,Enterprise,2025-10-01,0.85
bead086d-4bf5-4997-9d59-80b08c331cc9,Student,2026-05-06,0.15
d3d15489-74a4-4874-8c4e-a8217f033e16,Enterprise,2026-01-08,0.85
23598431-10e5-45ec-a94e-001616468ebe,Professional,2026-02-17,0.6
b357c70c-c0f8-48d9-b253-fc90f2d4e153,Student,2026-08-23,0.15
49ed4b24-1206-418d-aa4f-3ed73c12dadf,Professional,2025-11-12,0.6
23f2de11-8a9c-423b-8222-dcd9d7929d88,Enterprise,2026-05-21,0.85
4f9d5b8f-a610-475b-9740-f9f8f520f9f9,Student,2025-12-30,0.15
3b7cacb1-3a5b-4ffb-84c6-d2738d446db4,Professional,2025-11-29,0.6
523e56b8-707d-49a1-a15b-94cfb58be275,Professional,2026-05-23,0.6
2db2761f-7ec8-4ef1-a206-42c8b7372921,Student,2026-07-01,0.15
7f3c3fa7-4efb-453f-9476-f59551fb9067,Professional,2026-05-01,0.6
db1326c0-ef8f-443a-ac33-13ef1a0dfe81,Professional,2026-02-26,0.6
5d87ad4e-3732-40f9-a30a-282397ed9119,Professional,2026-07-03,0.6
e63f7c08-7f4a-4f28-8f30-03083893d12a,Student,2026-02-26,0.15
0e9fdc82-006d-43be-b1e3-7ea9963e988f,Student,2025-10-16,0.15
b37e946c-716f-45f4-876f-9ff3cab08495,Professional,2026-02-24,0.6
37b0848e-5f21-47ef-8391-9e26b64d4d27,Enterprise,2026-07-12,0.85
27ccbfc3-29f3-4eaf-aae2-b73808b518a9,Student,2026-05-19,0.15
fc4275ff-00d4-4148-8683-33f07aa560f0,Student,2025-11-10,0.15
c615626c-d064-4b4d-a9dd-525a6fe9b90f,Student,2025-12-31,0.15
be613c32-84c8-4c27-8abc-8cecd6026362,Student,2026-06-14,0.15
535f7ad8-5731-4147-96fe-9dc619463f2a,Enterprise,2025-11-30,0.85
ecf9cd14-ca90-430d-94eb-449f745b58e0,Student,2026-01-05,0.15
b63d295d-3853-4438-aa63-19e8386bbbcc,Student,2026-04-08,0.15
fc5362d9-6091-4383-9617-a276438363bd,Professional,2025-09-08,0.6
db26b735-586a-40aa-ba26-70a253341e2c,Professional,2026-01-16,0.6
97a00129-5795-4084-aaa6-cea7626db9b1,Professional,2026-06-30,0.6
03499ebe-10b1-4551-83e7-04743d39e194,Student,2026-05-15,0.15
df8b0596-e52c-4543-a8c2-1d4ef477295b,Student,2026-02-14,0.15
d335029b-19bc-4f43-a6b0-186ba0222b1a,Professional,2026-02-06,0.6
71604c49-50e6-49a1-87ac-f0fa8a57dfdc,Professional,2026-01-10,0.6
3573b9be-1ecf-4bba-82e2-71d6741c35d5,Professional,2025-09-15,0.6
c0393a8d-4e20-4c84-9f0b-e6dc1077aba0,Student,2026-05-02,0.15
9d1f8d3b-4228-46c3-8c2a-743cc8955a90,Student,2026-05-13,0.15
0d0bb2ef-8b3f-4f0b-8237-076e1e9bcc96,Enterprise,2026-03-22,0.85
db1dd7da-46a8-4ca1-8f9d-7ec033241558,Professional,2026-08-19,0.6
f267030f-d841-4386-8131-3b44e3c16401,Professional,2026-07-28,0.6
e9f6d909-4cd7-4517-80cb-536c0a9c5acc,Professional,2026-04-28,0.6
abcf7df2-d919-45cc-aea4-dc28e8d7fbca,Professional,2025-12-24,0.6
6eb4bd7d-9861-4f7d-b39d-fdc2562c7805,Professional,2026-01-19,0.6
3af9747f-0faf-4128-86a7-7bbdd3988b8d,Enterprise,2026-03-14,0.85
63fc4b28-c1fa-495c-8474-12330470644c,Enterprise,2025-10-21,0.85
71c81a9c-21a7-43d8-9a6f-00f768529cde,Professional,2026-05-12,0.6
8a4d1b90-892d-42a1-ad19-6fa0bbef43f4,Student,2026-02-18,0.15
97b872f7-d408-4516-9d93-346057c5ed0f,Enterprise,2026-02-20,0.85
c93712a9-5f76-47cc-8492-f5170ba72837,Student,2025-12-30,0.15
8def3bc0-f682-4077-88b6-ae5d672d14d2,Student,2025-11-14,0.15
99eba620-02b3-42aa-b30b-5b70672aa58c,Student,2026-01-27,0.15
162db07a-09e2-4d54-ba2a-383db99af864,Enterprise,2026-05-20,0.85
a7900c4a-b151-42fa-93be-9e6f35af6277,Enterprise,2026-01-29,0.85
d05ffe14-1ea2-4848-992d-e8cf3eede1b0,Professional,2026-04-10,0.6
c27c6010-5775-4e33-bd23-bd3eba2c8d44,Student,2026-02-22,0.15
064f7aa5-46d9-478b-87e7-0a11ca4a56a2,Professional,2026-04-05,0.6
90936433-363e-4615-919d-a72e87658100,Professional,2025-11-08,0.6
cb585a0c-5bd8-4957-bd3c-ac059d55b09b,Student,2026-04-29,0.15
edc352b4-bd08-4a19-abf4-7fa96cd88bf9,Professional,2025-11-16,0.6
5d7417ec-b3f4-4a24-9f27-e383595a4f32,Professional,2025-08-30,0.6
a1e24399-ab2d-49ea-b1a4-5d932efbc0b7,Professional,2025-10-06,0.6
1693359f-1662-407a-b2f6-c76e58c6f96d,Student,2026-02-11,0.15
1c7e25fe-233f-4d70-abb2-422213ff5273,Professional,2026-05-04,0.6
b4b47b10-5958-4c10-8d22-fb5b89c08e3a,Student,2026-05-12,0.15
7650e2df-4153-465d-8941-868bbdbe77b4,Professional,2025-11-16,0.6
26a544b3-2825-4753-8714-927f2f1dddac,Professional,2025-09-08,0.6
591848c0-b61f-4b1d-8416-cb74e54cbc78,Student,2026-04-07,0.15
cd687336-a063-458b-9577-0dafde34310e,Enterprise,2026-05-30,0.85
bf4b5841-004d-47be-b8c9-ee6aee5dd831,Student,2026-04-18,0.15
c1df692c-91fb-42f8-951b-e5070241314a,Professional,2026-06-20,0.6
812e8e52-7544-48e4-a22a-e8119b0e1c0c,Student,2026-03-29,0.15
b9d75e6a-6204-4499-be2e-b4fcfa56b057,Professional,2026-05-01,0.6
2fd41a54-2f95-42d2-8c90-3c7be4bfcf6c,Student,2025-11-04,0.15
e7e2c78d-8d37-4f57-96a7-f24ba2b0ad09,Professional,2025-12-18,0.6
f0936560-7563-481b-976c-7ca795ac7ff8,Student,2025-10-27,0.15
824f0749-2dd9-4c29-928b-a99cfda8e972,Professional,2026-06-16,0.6
da0c1c6b-7711-4b90-aa82-f79a8e565e12,Enterprise,2026-05-05,0.85
ae7f2de9-9748-4c3f-b498-1ecd65c6b61f,Student,2026-05-26,0.15
fd26947e-45b4-4d1d-9e5e-0797faf7623f,Enterprise,2026-01-10,0.85
7ee28eaf-3f77-40cc-9ea0-9f880dc9f73b,Professional,2026-03-27,0.6
2e6844bd-4ef5-44bf-b045-796fc674b182,Professional,2026-07-16,0.6
ab60e893-e1ac-4fcb-953c-dc39125d4ee5,Student,2025-09-14,0.15
050b67e3-ef47-4d68-853d-e7b53c3d2cac,Enterprise,2026-02-06,0.85
c6d69b00-db7e-44f5-8637-5fa6f380146a,Professional,2026-06-25,0.6
d88af552-c58a-4a18-a609-3404b864f3b5,Professional,2025-12-31,0.6
0a677e0c-34f7-4e76-a4c7-54aca8050674,Student,2026-07-19,0.15
aa8d1247-8360-4ded-bdad-645c40c652b9,Student,2025-12-31,0.15
518b7a21-7e51-4fdd-ada3-96d98eeadfe6,Professional,2026-02-09,0.6
d9f105f6-0fe0-4ce3-8950-db0de26ac49a,Student,2025-12-28,0.15
2849766e-8872-467d-913b-2a099b3b2575,Professional,2025-08-30,0.6
39ea71a5-dab4-46e4-a761-44b4130eca63,Student,2026-07-26,0.15
5437ec6b-d76b-49e5-a704-df1d0bdb04cc,Professional,2026-05-09,0.6
fbbd6352-7e77-4e9d-9fcf-b21238e6f36f,Student,2026-05-27,0.15
b28e76d4-af3d-47fd-a5b7-920f1a664682,Professional,2026-01-17,0.6
87e5bb45-2055-4625-9ca6-faaf5c586e95,Enterprise,2026-05-14,0.85
5a49ed6d-0657-403c-94e7-bd124a72ca74,Enterprise,2026-02-22,0.85
c1b8bb45-b80a-491f-8f24-fe3c8a6eecef,Student,2025-12-21,0.15
6530bed2-386c-41af-b454-81852dd91b67,Student,2025-09-14,0.15
8724be2e-c2aa-4768-afed-2fcfb6df70b6,Professional,2025-11-20,0.6
ac7929aa-26f2-4cf5-a80b-effeef30de88,Student,2026-05-06,0.15
6df322d1-13f3-435a-97ec-b1b89c348784,Professional,2025-12-19,0.6
cb36f980-82cd-4fe7-bd8b-bf842c50b976,Professional,2026-02-24,0.6
ffdd4fcc-4eed-4810-ab54-70b5eae62788,Professional,2025-09-24,0.6
74b9511a-84be-452e-a417-71cf970cf453,Professional,2026-03-12,0.6
b62e7ef0-cac5-4f96-8ef9-9b636e411f3d,Professional,2026-01-29,0.6
cc29e1ab-a6d8-4246-95d3-399ccf2bd8dd,Student,2026-03-03,0.15
2448751a-2f7f-4d3e-bb6a-a100c7dbe365,Student,2026-05-27,0.15
da748990-1ab7-44c5-b577-78757309120b,Student,2026-03-12,0.15
84312b49-0c59-42cf-9d61-961e5c48e5f0,Professional,2026-06-08,0.6
0d921383-1447-4921-9d16-bb0793662e1f,Enterprise,2026-03-15,0.85
1d1f409e-4b4b-4da3-aa3f-d5e232756cfc,Student,2025-12-29,0.15
d674812c-2221-4d8a-b730-77f74a021f18,Student,2026-04-04,0.15
4d8bd83c-b0db-4ed0-9004-c7c0cdaea0b4,Professional,2025-11-15,0.6
16f408e3-763c-4728-b9d4-b1cc2f069da2,Professional,2025-12-23,0.6
2e8bd782-c879-4fb0-9b10-c30fe2887ef4,Student,2026-06-26,0.15
407a0a0f-5d00-49e3-8aee-f2f4717f0e34,Student,2026-06-28,0.15
e386d995-8060-4704-8f44-855e9043dabd,Professional,2026-01-20,0.6
772cf571-1526-4623-ac2c-ccb0783ae2b1,Professional,2025-10-26,0.6
722ca68a-3533-42ca-bbfa-e6d59bc2e53a,Professional,2026-08-05,0.6
d52c6fa8-55b8-43d1-ad56-9a2e8a7ec40c,Student,2026-06-27,0.15
d30ce02e-fe14-4551-987b-4173f600de76,Professional,2026-04-01,0.6
052caa8c-579f-4ba9-8e17-f1c28bd2e382,Student,2025-12-19,0.15
2f818102-5681-40c3-9efd-3c1d96def685,Professional,2026-08-12,0.6
703994c1-93e6-474c-9754-3ddd9738517e,Student,2026-07-12,0.15
59da0b05-09cd-436c-9558-46fd08918bc4,Student,2026-08-06,0.15
0df9de91-928a-4647-bbe8-fbf9038a84b5,Professional,2025-12-29,0.6
766f5c58-bc33-4da9-b4df-41a8a0f1b8dd,Professional,2025-09-22,0.6
3ab81348-a4b1-4d87-a81a-e2a9c60dd0c3,Professional,2026-05-17,0.6
63fb4ac6-24af-49bb-9498-3f987b38f2b1,Professional,2026-04-25,0.6
10c0e081-5f51-44db-9349-9e09cc571765,Professional,2025-08-30,0.6
8df057ca-2e22-4e1b-947a-1209c268635b,Student,2026-04-02,0.15
c0147522-63f7-45d8-b042-1c546924d199,Professional,2026-07-06,0.6
f60d2d82-8cfa-4c79-a0c8-4b1aacd235eb,Student,2025-11-10,0.15
f152a355-4aa5-44d7-bee5-242be109338e,Professional,2025-10-15,0.6
b84d668c-1492-4d9c-ba9c-f06ab275366b,Professional,2025-12-29,0.6
e73e7757-35a3-4b9c-9ee2-7abee7089ae4,Student,2025-11-02,0.15
65cb5a78-2125-4581-b7c2-315f1a125c63,Student,2026-01-17,0.15
14c9fb87-20c0-476a-87de-7d34931f4818,Enterprise,2025-09-13,0.85
a4aa55fe-c1bc-4717-8708-45184f8bbb32,Student,2025-12-31,0.15
88721112-ff54-4120-9ef7-a4868164e62d,Professional,2025-12-09,0.6
69f909cd-e802-4d52-bfbc-0a97ee25a5ce,Student,2025-11-18,0.15
79f69b5a-3556-4c67-a052-8a8ed75a84f8,Enterprise,2026-03-19,0.85
912a4e9f-a773-4215-90eb-1814670d1186,Enterprise,2026-07-11,0.85
866fcf29-c82b-4687-a096-150ebeb6561d,Professional,2026-06-15,0.6
a86ad858-7c46-4283-b23f-e4baba7ee44a,Enterprise,2026-05-14,0.85
461cd7ae-f4e1-4874-8139-f2770d5adafb,Professional,2025-10-16,0.6
7ca3127a-5dd6-4aa0-a32b-80b92fbc0d79,Student,2025-11-12,0.15
e5c62c58-28e7-49a0-a25a-146da57045db,Professional,2026-04-01,0.6
1fe80c51-cafc-4ae1-b7d3-301751c438cb,Student,2026-01-16,0.15
d9e6d275-258f-4921-a215-2f65831956c8,Student,2026-05-19,0.15
8e2b01fe-dfeb-40d8-af0f-a5d13c93c304,Professional,2026-03-05,0.6
8bbf4b12-98e0-48a1-a425-1664cd5d4a82,Professional,2025-09-09,0.6
263f45fd-ec97-429e-a57c-27b8254dc360,Professional,2026-04-25,0.6
e0959a69-fa84-4ed6-a85a-02f95d57a1d2,Student,2026-05-09,0.15
1ef50b36-8f20-4047-9625-191917043d31,Student,2026-08-19,0.15
4ed8ac5c-1530-4f66-b3ab-fa12970491ce,Student,2026-04-01,0.15
d5248945-6241-487d-ada1-4402a033e343,Student,2026-05-21,0.15
9bc4c1fd-46e8-4110-a79f-d9a575da6537,Student,2026-02-04,0.15
675f43a5-c4ed-4202-be00-18bdd422bd41,Professional,2026-05-05,0.6
d635bda3-1f19-4bd9-9097-31920be46133,Professional,2025-10-06,0.6
26aeae5f-2259-4f44-8579-5bc0db2d47b2,Professional,2025-10-30,0.6
341de75e-cabb-429c-8f5a-b49f6b953c00,Enterprise,2025-09-22,0.85
330511d8-15d6-4d45-a30f-c67b4273480a,Professional,2026-01-23,0.6
cb360224-e42d-4fff-bab5-b97a3fa291e7,Professional,2025-11-07,0.6
661302c0-a12d-436a-8f18-c699d5289241,Enterprise,2026-03-28,0.85
d86f0b34-8ce0-48ea-9936-0342bea6a79a,Professional,2025-12-01,0.6
bc3bdbb6-5339-490d-8ea6-198681c2188c,Professional,2026-08-22,0.6
0ce662be-94ab-4387-926c-2b0204e55b94,Enterprise,2026-06-10,0.85
e36210e6-dd6d-41fa-8586-50d311da1c35,Professional,2026-01-12,0.6
508d8f29-8092-4ae7-a4d0-2dfc5fcdda21,Professional,2025-12-17,0.6
869aaaec-0ed1-4091-acad-84df35d9f3ca,Enterprise,2025-11-19,0.85
81e3db26-b4cc-4b5e-b31b-232e83b18f6e,Student,2026-04-22,0.15
2123c1d6-a1aa-4ab2-9016-ff3c4552efc2,Student,2026-07-09,0.15
2d567cdc-db2d-45b9-883c-88798b0ff863,Professional,2026-01-22,0.6
e83dc6c9-c75f-4126-baab-08a93ed36614,Professional,2025-12-31,0.6
b81c2613-1f79-46fa-89ed-c94014f86690,Professional,2026-07-31,0.6
7f6a3ccf-2687-4ab2-b995-e579550512d1,Professional,2025-10-15,0.6
1b1feff9-d6b7-42e6-a2b5-d9ade9849db3,Student,2026-04-20,0.15
b947cd4e-4781-429d-a36d-393fbdae029f,Student,2025-09-25,0.15
56c878be-9dc5-4c84-871b-c4af2c4db806,Student,2026-07-08,0.15
7e03d516-2435-4e73-8f11-842bd0303eb2,Student,2026-05-18,0.15
49cd5ebd-9d59-4860-9098-e4e10ae9d3bf,Student,2026-06-01,0.15
382d73b9-1ea6-423e-a1d3-8faad18c67cc,Professional,2026-03-05,0.6
1aad8cd7-7240-42dd-a591-20285308dbe7,Student,2026-01-28,0.15
f73501f2-953f-48d3-9927-371cc9f55785,Student,2026-06-22,0.15
c4ff3096-5c2c-47b2-a440-c2b9b639f46c,Student,2026-04-26,0.15
e85fa156-5e11-4104-b7d4-deb26a9ca1ad,Professional,2026-07-02,0.6
ae358df4-9e1e-4243-af87-d498cfa0b80b,Student,2025-11-26,0.15
585dbc13-4eee-43bf-ac85-4867250bb08a,Professional,2026-08-07,0.6
9a406209-c179-4928-bfed-198849c3bccd,Professional,2026-02-19,0.6
59660533-fd5a-41f0-ac2f-2e3abd0f2560,Professional,2025-12-06,0.6
3887feff-84f0-4eb8-8e19-bc39b1b84431,Professional,2025-12-29,0.6
2cc1dace-e63a-4f93-9ff6-71194fa1f290,Student,2026-06-10,0.15
9f09035c-4531-456a-9331-c04632299b04,Student,2025-12-22,0.15
e8e51e7a-fe15-4c54-99dc-f9864cbf3807,Professional,2025-10-14,0.6
a980c43c-250c-4038-8656-aaa27b34b99e,Professional,2026-06-07,0.6
c3f26314-69ab-49af-b2d1-0b7563823b94,Student,2025-12-05,0.15
3c9b0204-af40-46c5-94b0-38f34d3e471a,Student,2026-06-23,0.15
559a1e81-e082-422f-a645-2f948a05175c,Student,2026-08-13,0.15
b696c855-ca82-4dc6-b522-6e283a7c237b,Professional,2026-07-13,0.6
a0ce499e-3598-4be3-a746-07fd9c80ec9a,Professional,2025-12-15,0.6
bfe622ec-7af5-4925-ade9-161f224149d5,Student,2025-11-06,0.15
9c93113c-498a-4d3d-990b-594dfac093eb,Professional,2025-10-04,0.6
06ff5394-3ba6-4cb0-8b3f-9016b98b26af,Student,2025-11-06,0.15
1483e343-df09-4cb6-a75c-abf2814fbf9b,Professional,2025-09-10,0.6
9d5c4bf3-659e-4a8b-83b1-6c6f7e1bf3a3,Professional,2026-05-16,0.6
4c1fd3a5-9b6c-4b3a-a914-eb170204a1a4,Student,2025-11-28,0.15
496cfce9-454d-4dde-9374-1d31540c5b98,Professional,2026-02-26,0.6
7f2849f0-8cf0-4c6d-9c72-f2806ce8a91c,Professional,2025-11-05,0.6
cdfdfb9c-4f02-43e4-bc60-0d0f62ad0a6a,Professional,2026-01-09,0.6
7b79297e-3c2e-45b6-a77f-844b7f994f5b,Professional,2025-11-23,0.6
e045b764-6550-459b-87b2-4029d4149bd6,Student,2026-08-04,0.15
b27f7821-36e9-4a6a-a4aa-6ee29d2d55b9,Professional,2026-07-29,0.6
517ea991-cb14-4c16-bf03-56849f59d7bf,Enterprise,2025-11-13,0.85
9b184aeb-072b-4355-a2af-cda79eed3062,Student,2025-10-03,0.15
7d4eeba6-bca5-4998-87fb-fe085ac74d4e,Student,2026-01-13,0.15
759d7133-22c9-48a3-8b17-af5f4dc5623f,Professional,2025-09-03,0.6
8a3320a8-de57-40a8-8280-a2eb3d84d751,Professional,2025-11-23,0.6
bec5da93-8278-44ff-b19c-894709c40986,Professional,2026-04-06,0.6
0e449602-b5e9-422a-aace-b27f0bc7878b,Student,2026-01-16,0.15
3d891c2f-f355-43eb-ba11-5c0d31e80e39,Student,2026-02-26,0.15
296496fc-d8b0-4256-ae90-76bd767b7bc1,Professional,2025-09-30,0.6
ea0e4ac7-b340-415f-98f0-428d10d30dc8,Student,2026-07-18,0.15
af00d085-02ae-44fc-8bdc-d452efdefd14,Student,2025-12-29,0.15
f7fb93b6-bd69-4712-8dbc-3b544a48b482,Professional,2026-03-30,0.6
24c596ed-a03a-4d4c-a423-7f5472c9a9fd,Professional,2026-07-06,0.6
dd656e4f-86f9-491b-9955-2e0c16498649,Student,2025-09-16,0.15
bccee1ed-4e3c-46b1-8ae0-8aa71e05dd30,Professional,2026-03-13,0.6
afccf710-b4f4-4cdc-8c5d-454d889aee6e,Student,2025-10-05,0.15
bd515fd1-9f26-402c-9556-37598251fea6,Student,2025-11-08,0.15
c451bfa9-466e-4585-be14-ab36caf8a3e1,Student,2026-04-10,0.15
06f93e0c-ce42-4ad7-b5fa-71225385c594,Student,2026-04-12,0.15
31e60e1c-5c42-4733-9151-d6e8f8b0fc58,Student,2026-03-19,0.15
9803cfcc-a5c7-4942-a50b-ce03d844a68d,Professional,2025-09-18,0.6
372bc8c0-6bda-4c80-8dd0-af00cac61092,Professional,2025-09-20,0.6
3e9b72b5-d556-4b16-b9fb-ccdbad613426,Enterprise,2025-11-10,0.85
67fc37b1-12b9-47da-a166-68e4f3882aa9,Professional,2026-04-09,0.6
fc1ccbfd-32be-4f8f-9947-1e02bc7e3f22,Professional,2025-10-13,0.6
47775d45-2a1e-4080-96f7-367600911c13,Professional,2025-09-07,0.6
6ef5c165-4c07-4b0e-9bfc-9d841ff01ff0,Professional,2025-10-27,0.6
fc5f2b61-92eb-4fba-b433-d01875c20226,Student,2026-05-10,0.15
7f9733e5-053a-4934-b30d-5395c1fc1d17,Student,2025-09-18,0.15
c1793c35-0b46-4d1b-9dcb-86bbbb0cdc0f,Professional,2025-10-23,0.6
1378cafa-9469-4a90-a490-55d14d6b3f74,Student,2026-01-28,0.15
9a0efa3f-4d61-49b1-a517-1e754c8602a3,Professional,2025-09-11,0.6
787d77d2-90eb-4365-af26-a1650d86c37d,Student,2026-07-09,0.15
e70c5f30-a9b3-4e44-8e91-15c0ae043a11,Student,2026-05-11,0.15
fcd0cf94-d8cd-4ad0-98a0-a4f817fc7975,Professional,2026-05-11,0.6
88f44cf7-eaa3-447a-a28d-4e76b00e6e1b,Professional,2026-05-09,0.6
dcb37304-eaf1-4d6e-9431-bb3401349f0e,Student,2025-11-02,0.15
35edd405-193b-44ee-93bb-3ff0ec1068bf,Student,2025-09-28,0.15
d119a7e6-9e9e-4fbe-b75d-33f4fc231927,Professional,2026-08-13,0.6
f116f103-ede3-4b1e-8504-e671ea953d3f,Student,2025-11-15,0.15
a98a6647-7be2-4382-bd65-d10399fb24f1,Professional,2025-10-24,0.6
a03a6f89-e777-4fa1-a188-ef7295a53af4,Professional,2025-10-13,0.6
7ed74fec-2ef5-4bc8-aabe-71422b4e6865,Student,2026-06-02,0.15
7beeab48-2c0a-44b7-9b26-588bcae874a0,Student,2025-11-17,0.15
124a96e3-82f4-474a-87fd-382409d7e85c,Student,2025-12-02,0.15
967421c9-ca33-4f56-a446-55b6cdf8bf59,Professional,2025-11-02,0.6
1f59cb79-df46-4dc7-b4f5-3035454efcad,Student,2025-08-29,0.15
e040677b-e20e-495b-898c-049b110714ab,Professional,2025-10-26,0.6
a0678883-3159-471b-a7da-1397eb05b8ee,Student,2026-01-29,0.15
6d7b163c-9a0c-4762-925b-aa634cdd0e5f,Student,2026-02-21,0.15
e0894681-7c6d-4974-8957-4f11749d7885,Professional,2025-08-27,0.6
234d651a-7015-44c9-9b26-fd0b1906257e,Student,2025-09-23,0.15
1be0ea13-d216-4228-b02b-962258567d72,Student,2026-05-28,0.15
3cac1766-ebe7-4af0-8cb3-5b9ee242fc3e,Enterprise,2026-06-13,0.85
4596899c-81ee-40ec-bb50-c3712575678e,Professional,2026-02-05,0.6
60399d2d-54d8-4f3b-b69c-f45807abce66,Professional,2026-01-11,0.6
d812516f-85f9-451a-b66a-6772284982ad,Professional,2026-07-17,0.6
4faa1002-3688-4086-83d5-3888275429a3,Professional,2025-10-08,0.6
5f8d9e5b-f2ad-48bb-ace6-7d4eef4110f2,Professional,2026-03-14,0.6
5daab8b6-097c-4195-a364-f7e1e3fb3ed2,Student,2026-03-19,0.15
ae6ee4bb-776b-46a4-b844-ded76a59219d,Professional,2026-02-12,0.6
a753edb1-de95-4d9c-9be5-3da5198ef22e,Student,2026-08-13,0.15
f907742d-fa8d-4025-9977-c6c8c35d1390,Professional,2025-09-19,0.6
93d3b976-d960-4f22-b937-d3636d24315a,Professional,2025-11-18,0.6
5270e5fd-c952-4a64-a08e-db62c5f596a9,Student,2026-05-07,0.15
d87ceb8e-967a-418c-88ac-45552a8a7618,Student,2026-04-01,0.15
2192e105-b631-4901-8bd5-05a7057fba2c,Student,2026-03-16,0.15
ce20682b-79a7-48af-9490-a3dae3f02859,Enterprise,2025-09-27,0.85
6cc4a3df-50a3-4cd3-a6ac-aef6765fdd6f,Student,2026-07-20,0.15
c3840f1e-08aa-4fef-87b4-c27150786cb2,Enterprise,2026-08-03,0.85
11cf16a3-d0f7-43a2-b5f0-59ec1f1b723f,Professional,2025-09-23,0.6
86877295-2b4b-4719-8229-ea892409dacd,Enterprise,2026-01-20,0.85
53eb422d-c6a4-49cd-879e-bfd1f1fed77b,Student,2026-03-14,0.15
e5a052f9-cea4-4cc8-a2ec-2bb1b5e67551,Professional,2025-11-04,0.6
a2b4568a-b099-44fa-9707-34b7930474ef,Student,2026-04-24,0.15
59bf3f0b-06a5-47a0-a7a3-4d9fd642ba1f,Student,2026-03-29,0.15
b57c863c-f927-4a74-96c4-e64c20c183cd,Professional,2026-01-06,0.6
519dea1b-5b6c-4922-902a-fc11012fda83,Student,2026-02-08,0.15
591aa6eb-53b1-4558-816b-03c9c3c0293f,Professional,2025-09-22,0.6
961f3384-c32f-4096-8c26-adb072f3ecd3,Professional,2026-04-05,0.6
21abef40-bd45-45d6-97fe-bdb927a63e3d,Student,2026-07-10,0.15
19d9ff02-c777-45dc-98c8-5d8bb7c3ad15,Student,2026-07-12,0.15
23400097-a146-4072-9191-921682157105,Enterprise,2025-10-19,0.85
5cafa0d7-fb17-40c1-96f8-53c24787c96a,Enterprise,2026-05-19,0.85
1c5b6422-4a31-46cf-bb4b-b10bef454c56,Student,2025-11-15,0.15
6daf9f9f-645b-4d7e-ac1a-d9888b12e476,Professional,2026-05-13,0.6
7e3109c4-d4fe-466a-b938-3b0bb985650c,Student,2026-01-31,0.15
f68dc7e9-c6fc-4174-b895-34d25972d309,Student,2025-09-06,0.15
5997b4ef-efbd-4b62-bfef-293321ac108f,Student,2025-09-04,0.15
99754802-b622-427d-8bda-ebdf3c70d04c,Student,2026-06-03,0.15
a1db08ca-c053-4ed7-8ffe-bcba67378cec,Student,2026-02-16,0.15
5fbece4c-0a70-4d94-b127-bd134973d58d,Professional,2025-12-17,0.6
a10e0d94-80b3-451c-bfb5-430220a7ddfd,Professional,2026-04-14,0.6
e5183452-7f58-4388-b91e-889ef9a220f5,Professional,2025-10-03,0.6
9e3463f9-79bd-4e4c-a27f-54aa2a43a749,Professional,2026-05-22,0.6
dab04b08-ae6c-4ee6-90d5-1beb89934f66,Student,2025-10-04,0.15
18230a57-a6cf-4609-9a3d-2b56115d70bd,Student,2026-05-28,0.15
9ef27780-08c7-4ea9-955a-5afe87b7a0b9,Student,2026-04-18,0.15
b1cc3f88-1fad-4baf-b35e-aa9cf15bd384,Student,2025-09-16,0.15
6e085f38-45a0-4907-9ad6-15a455cbb2cb,Student,2026-07-02,0.15
d41cbd0d-a10f-4a58-84b6-b18e60f47dd2,Professional,2026-07-02,0.6
78b0acd8-cd90-4d8e-b022-20c543a89809,Professional,2026-05-18,0.6
a0d6058f-6d95-4ab5-8e0a-cad9cea5e8a4,Professional,2026-02-13,0.6
d055197c-2e4a-410e-8a47-82c210d955a8,Student,2026-05-06,0.15
1205e72a-c8d0-4c60-8361-6701a1924f0a,Student,2026-02-12,0.15
aaf533e5-9f31-49cb-b2f2-97112869bb69,Professional,2025-10-03,0.6
e78d7363-836b-4f41-84b5-d494afe47e31,Professional,2026-05-05,0.6
9848ddfe-c0e7-4a11-b988-9a53ca050615,Student,2026-04-16,0.15
9cfd0f04-86d1-47a0-98f1-3d79be0ee6df,Professional,2026-02-09,0.6
d0368f80-46fe-4399-986c-e9f3c4e1b681,Professional,2026-02-02,0.6
c8e44691-b9b3-47aa-b3a0-53d3d50cb693,Professional,2025-11-22,0.6
7246123c-6bca-44cd-b20d-a41176035336,Professional,2025-12-08,0.6
ffaaa831-b60b-4998-bb84-966d81a8019f,Professional,2025-11-23,0.6
091babfc-512b-4707-b238-7b1a9b9dd33f,Professional,2026-03-05,0.6
0eefd445-ba92-4f41-af2f-236b019e17cf,Professional,2026-02-18,0.6
2a61d0dc-3691-48b6-a1f1-abccb63b7b1d,Professional,2026-07-04,0.6
422468be-760b-47e4-9d8c-496acbd8a93f,Professional,2025-09-17,0.6
ca7d83df-a26d-4a77-831c-082bcde9f0f9,Student,2026-02-06,0.15
5f4b7675-009d-4412-b873-799fe04cd464,Enterprise,2025-12-28,0.85
fa1ef030-8450-4b4d-b0d5-d32d83939281,Student,2025-10-30,0.15
0f222e7b-2bed-4a05-8a29-8f1fa3e5f4dd,Student,2026-04-10,0.15
68f457fa-7280-4917-bc40-c89272b35827,Student,2026-01-26,0.15
64b92072-92e5-43f9-b7a8-57bd0da72e0c,Professional,2025-11-30,0.6
e9a685af-dfb7-4784-a649-ec1b9c26547c,Professional,2025-12-01,0.6
e9fb3470-81da-466d-bcda-c794fb97e338,Professional,2026-08-14,0.6
3e4f016a-65de-4a75-819c-e53d504697ab,Student,2025-11-23,0.15
93a29e65-ad86-46d7-bf7c-1aa626168ad4,Professional,2026-01-07,0.6
fb00aaf2-5b26-4a07-a478-79895aed1e77,Professional,2026-01-17,0.6
f025b9db-0d3a-4942-8dcc-cda2de63fdf7,Professional,2026-01-05,0.6
c6b0ca4a-3bec-40c9-ba41-b55fe7f079e7,Professional,2026-07-04,0.6
98c19b38-b143-44d9-bb69-fd83f09196cb,Professional,2025-12-05,0.6
fe176d94-873f-4b1e-9b94-aa0e170edd62,Professional,2025-10-12,0.6
2fc99dcf-b43c-4726-bc7c-54de12d9b283,Enterprise,2026-03-24,0.85
5d94790e-4bc2-40da-966d-28b63f14add0,Professional,2026-04-07,0.6
6495f185-ee27-46f0-8427-9e046f5fec07,Student,2026-04-30,0.15
f8c405df-f3b3-40ad-a93b-65d6f48ea607,Professional,2025-10-20,0.6
666f3405-bd95-4c1b-80ac-fa8cb1276181,Student,2025-11-29,0.15
fbe209bb-522a-4463-8955-5c13421d19e6,Professional,2026-04-29,0.6
2fcf40f4-5710-4744-aa3b-4b140bc853da,Student,2026-05-01,0.15
679a700a-e505-47b3-b6b4-70c1976ccdb0,Professional,2026-06-11,0.6
7d888c44-332d-417c-b88b-2bb7ba8fd2f7,Enterprise,2026-08-18,0.85
8e113ada-0cf9-4baf-b205-74ada37499a5,Professional,2026-08-14,0.6
8b44c7c4-f704-4f04-85bc-f05279a91bcc,Student,2026-01-22,0.15
a932011c-fe5f-4384-927d-af1d93c847b8,Professional,2026-07-28,0.6
1eb3f608-f2c6-400a-bb88-c3bc7d6d3552,Professional,2025-10-16,0.6
d92200dc-a28b-470a-aee3-72170a0ac702,Student,2026-07-02,0.15
b58e9153-6649-4fe7-810f-4dd9e110657e,Professional,2025-09-06,0.6
29ef4477-0021-4dfb-b6f7-a87230c5e4ef,Professional,2025-09-25,0.6
8db6637a-e664-4574-ac43-0174d85a24af,Student,2025-09-11,0.15
d160a240-6781-4814-a87a-bc555c1d6a63,Enterprise,2026-01-29,0.85
fb2bbf21-c048-4aeb-96df-72e8b9fa6861,Student,2026-05-24,0.15
2c39b61e-2fba-40f6-8304-f6efc709e68b,Professional,2026-05-07,0.6
392539c8-35e8-4f7d-b17f-66d7fb10f12d,Professional,2025-09-01,0.6
6f10d889-962a-45da-9d2c-aff3c04a593b,Student,2026-07-09,0.15
70479e3d-c193-4127-a8f5-41dfd92a3599,Professional,2025-12-22,0.6
c8c3164a-b713-41da-bc6d-035bf588544e,Professional,2025-10-09,0.6
e7d976c3-acff-49b3-9e77-8a49d4a3be10,Professional,2026-08-18,0.6
283b3294-e363-4201-98f3-cc437de2c849,Professional,2026-01-27,0.6
92999d93-d2cb-4838-9f0c-3acd57d500b2,Student,2025-09-29,0.15
76dcb25a-84a9-4f77-997e-4c9ae8e4486b,Professional,2025-10-23,0.6
0b98eb7e-665a-4055-9ed6-4ebf107c0927,Professional,2025-10-21,0.6
5ee750e8-5714-46b1-85a8-bedf11025b16,Student,2026-01-01,0.15
71620fec-de86-4548-bf52-a499313ee728,Student,2026-08-21,0.15
49033d4d-dc3b-4b85-b9b0-ee87cd6bff26,Professional,2026-01-19,0.6
3c09e687-058e-4318-8981-7c2cd68fb48c,Student,2026-06-15,0.15
0bc89232-c76f-4540-a4d5-dd0a067a9293,Professional,2026-02-17,0.6
6cac0df9-a55a-4b36-956a-5af7965d3560,Professional,2025-12-15,0.6
398a3d9d-57e3-4e87-9255-cc3227c9bb7f,Student,2025-11-06,0.15
05d9250c-4be7-42cc-8091-2da7e57c0f9b,Professional,2026-04-24,0.6
24b76f98-4f72-47a3-8131-70d4b1945d3f,Professional,2026-07-24,0.6
5d7eb52f-7c37-4b0e-8f77-966fbb27f872,Enterprise,2026-04-01,0.85
16b3c396-6890-4a43-8999-073a8900d334,Student,2026-08-09,0.15
45d40294-bd45-4f11-9c2f-35d32b613060,Professional,2025-12-17,0.6
534f6de2-389d-46cc-bd3b-32853f42eecc,Professional,2025-12-08,0.6
215eb427-8897-4a80-b40b-8cf0f3b55121,Professional,2026-07-17,0.6
b029535b-7cd5-40b9-9f34-c5c0db22b453,Enterprise,2026-07-17,0.85
1599c4cb-499f-4ea1-89c8-0472e4acd1d4,Professional,2026-07-26,0.6
78d3cbc3-dfd5-4b0b-b854-926e3a32f157,Student,2026-02-03,0.15
a1f6e58d-869c-4369-ac91-2c8c403d41ed,Professional,2025-11-30,0.6
c76e072f-3e51-4717-90e2-8b8b8b48c936,Professional,2026-08-07,0.6
c05e126c-b395-4593-bbb8-3dd77f37d1c2,Student,2025-12-13,0.15
9564cbb9-8095-4855-900a-1dfad519eea7,Enterprise,2025-12-11,0.85
04d98020-3075-452c-bfef-6bae9544c0b5,Student,2025-09-13,0.15
1aa11324-f0a0-426c-846d-5ab517f897fe,Enterprise,2025-12-31,0.85
46e4daa1-8d20-4c4a-bc2e-639895b642bd,Student,2026-07-12,0.15
a44cfc34-5340-4797-9ca3-f48ce1d5861c,Student,2026-05-31,0.15
c15b8f6b-4ea3-49cf-abdf-4dbedc2100ea,Professional,2026-05-22,0.6
0d077cb5-e091-4ebe-bdc5-cd56f67df713,Enterprise,2026-07-26,0.85
fa1af577-e28a-4e51-865b-cc3e6110a302,Professional,2026-07-23,0.6
1e1f519d-97ee-433d-965c-bc25b4541e61,Student,2026-08-13,0.15
b09d2393-9783-4346-a11b-e271ff9fbbab,Enterprise,2026-03-23,0.85
330951f5-afb2-4ea9-aef3-72f1a23675d2,Student,2025-12-22,0.15
8015afcc-26c3-46da-a5fe-8ab35821f39f,Student,2025-12-21,0.15
9072a691-b50a-425d-81b5-81d0a0b3ef46,Student,2026-01-02,0.15
28e7cb0c-36f5-4627-9a3d-c7e7d3227713,Student,2025-11-27,0.15
a508c88c-78c2-40ae-be16-668e362ebfb5,Professional,2026-03-06,0.6
cf333f56-8f01-47be-8876-24a3e2f464fe,Student,2025-12-09,0.15
b6070190-512b-45fe-9799-118d877e4f12,Student,2026-01-27,0.15
5bce1c64-1fc1-42ad-bab8-22458e0be8ea,Student,2026-02-20,0.15
8683d105-dc35-466a-972f-d31c3df135cb,Professional,2026-05-22,0.6
ccd49420-af24-4024-8c51-2d4d222abb03,Professional,2026-06-18,0.6
6c677c88-d3ec-42e1-9bd1-be4ca4529bb3,Student,2026-02-10,0.15
51b64a8d-026d-4715-b778-d6a412995af1,Student,2026-05-24,0.15
cb8cfa8f-f8a7-4560-9ad4-9bf5aeb218dc,Student,2026-03-06,0.15
48c946c7-bb98-4595-99c8-e229c51412f6,Enterprise,2026-07-31,0.85
10029260-0b77-40fe-9fe3-7e861282e350,Professional,2026-06-01,0.6
ef7a6889-3415-476e-999e-c68c4f9fcf00,Professional,2026-04-03,0.6
43de8a64-03b5-41ad-96a3-d3f3f598cb8e,Professional,2026-03-11,0.6
65b9c385-4633-4148-a4fc-efc508a96f4d,Professional,2026-01-17,0.6
e319c9ee-859d-4f7c-8daa-839986aadda8,Student,2025-12-03,0.15
9a856aee-de1c-4b6f-a43d-7473972c5dd9,Student,2026-03-28,0.15
569aa38e-b4b1-477c-9ea9-6299f3d09b6b,Student,2026-01-22,0.15
de46b597-5958-4a45-9baf-8a6715fac234,Professional,2026-07-03,0.6
9a1122fa-7164-4268-bef5-956b3db24f94,Professional,2025-09-29,0.6
8064086a-4b21-4682-a5cb-247854c46419,Professional,2025-11-27,0.6
3bcbe43f-445c-4236-babb-1c42e410ca19,Professional,2026-04-24,0.6
eab89a7a-5744-4db6-b06a-3db36cc107c5,Student,2025-09-20,0.15
2c7fbdf7-6533-4d81-9358-6aeb6d3ea89a,Professional,2026-07-27,0.6
df764a23-b5d8-4f1d-91cf-8d0c5081fc14,Student,2026-08-19,0.15
4d3f9fdf-f767-489d-bbc6-44d0e657b20d,Student,2025-11-04,0.15
76e6a6ec-1277-4581-9b34-72246e42913a,Professional,2026-03-31,0.6
017ad906-3656-45da-817c-47c4530f6e8c,Professional,2026-08-17,0.6
dcbe946b-89d2-4cb4-8965-19cdf2bde1e4,Professional,2025-09-19,0.6
6a005a83-a441-4129-8c44-b7cc5883ff81,Professional,2026-02-27,0.6
231141f8-822a-4524-ac12-d4f72d3007f2,Student,2026-07-11,0.15
a5b27a6d-c560-47c6-b651-85ee3de38a66,Professional,2026-08-09,0.6
2cb48905-8a2f-4945-83a5-c6570356df0b,Professional,2026-08-16,0.6
ae657a45-a327-48c5-bdfc-99b1e81eb45b,Professional,2025-09-26,0.6
531c54d9-4b5f-4180-bca0-35c4c2ebacef,Student,2025-10-02,0.15
2b279e06-676f-4961-8138-c21bb85fe64d,Student,2026-05-15,0.15
18df3594-cdb7-4956-a746-228937fd2f2d,Professional,2025-11-20,0.6
2b21b665-e03b-43c4-a553-5e09700fd84a,Professional,2026-08-24,0.6
dc921d4a-5c81-43a7-bb85-3abff9368f4e,Student,2026-01-29,0.15
a95a5c47-28bf-43e5-9d7f-9d71a12cfc69,Professional,2025-10-23,0.6
093c94ea-73ff-4ec0-8050-3a087f2aa94a,Student,2026-02-18,0.15
6a5c7a48-a0af-4121-a788-816a13d39e65,Student,2025-09-25,0.15
8579587a-ba83-4c23-b2d6-f92dd302f9cb,Student,2025-11-19,0.15
532bbcb4-5653-4b47-b653-3ad8a8b471ce,Enterprise,2026-07-31,0.85
4da4b61a-a311-434c-8caa-de91380de1b7,Student,2026-04-06,0.15
11a7d003-42e3-4384-861c-5b8b913ea4d1,Student,2025-11-14,0.15
7f13ba51-7461-4326-9be2-f613806ae7dd,Student,2025-10-10,0.15
282a83a4-4921-4333-8967-eafdfac4583f,Professional,2026-02-27,0.6
f04c89e1-9842-4904-8766-dd334ffc9512,Student,2026-03-18,0.15
6d9427c7-a3bd-45fb-9c03-666e265a0d31,Professional,2026-01-05,0.6
7ee0f640-daa1-450b-bbe9-9587b9c8f6cc,Professional,2026-01-17,0.6
28f1da74-e237-4690-9ec6-2b36d3ccf59b,Student,2025-10-27,0.15
aed175b8-5bb3-4fae-879c-efba2b74591b,Enterprise,2025-10-06,0.85
f69f1487-82fa-4db1-b447-f65993062d2c,Enterprise,2026-08-19,0.85
76c748c6-b7bc-414b-b719-b898d876817a,Professional,2026-05-23,0.6
96d6e35a-261d-4de7-9619-4b063fbc9646,Professional,2026-02-09,0.6
13c1f37a-041d-4284-8b6a-d2f0dcb8ed1f,Student,2026-04-29,0.15
60bf1e05-d0ab-45f1-b4ab-46a7f3a536fd,Professional,2025-09-21,0.6
edfe094b-5c60-43f0-9f19-617171aae153,Professional,2025-10-28,0.6
065f3640-8d9e-419c-be18-9513fb0a562e,Professional,2025-10-10,0.6
f438828f-464b-42ad-a02c-d6a57a538720,Professional,2026-05-03,0.6
124a4576-3f53-4341-ad4a-7ae8ef2aaf82,Professional,2026-02-03,0.6
70c791aa-f3c4-42ee-ad86-6a559927c387,Professional,2025-10-20,0.6
04970fc0-181a-48c2-a73e-7afabfc6437a,Professional,2026-08-11,0.6
822ef588-f529-4080-906a-1c5d495dc164,Professional,2026-01-21,0.6
344e3866-630e-486f-8998-c67b93e759ee,Student,2026-07-05,0.15
91e1dbab-df7f-44ec-bd28-36124804817f,Professional,2026-01-23,0.6
3f6e9414-c8f0-4931-8431-173eea87b4b0,Student,2025-11-23,0.15
9e1506af-9a6d-4573-b66c-26a436d6860a,Student,2026-01-17,0.15
55ac82da-80e0-441d-b3d1-e48e591c215e,Professional,2026-02-19,0.6
8dc8330e-dabf-4453-83b3-c006902aa382,Student,2026-07-28,0.15
95b825c1-bc8b-4ef5-8a46-9d683cc7ebd6,Professional,2025-12-15,0.6
66b71293-0ad7-4d88-8951-01a7e6657045,Student,2026-07-19,0.15
ca394310-eb5c-4ec5-b80e-a5103a1fc2ef,Professional,2026-05-19,0.6
fd972cf4-ce59-48fc-9fde-a14e3d55b826,Professional,2026-03-10,0.6
9bb32132-1e6a-46c1-8484-8dd7a3e55be8,Professional,2025-09-26,0.6
c60d251c-48c7-441a-be92-9c59218e76e6,Professional,2025-10-19,0.6
93e15909-e456-421f-aa40-9f4243a60eda,Student,2026-07-28,0.15
c6bea3fa-aa30-494c-9f1c-14d5ba40d31a,Professional,2026-03-05,0.6
fba7e9cc-65f0-4b85-a782-8dcfe8b7d91e,Student,2026-01-01,0.15
27025a17-4975-4e46-b04b-14812857b60c,Professional,2026-01-23,0.6
d4421cb3-d721-4235-a4fd-1f14c63b7501,Professional,2026-01-05,0.6
953f60f4-6bf0-4985-9d16-52469893e604,Student,2026-06-21,0.15
5b9757e8-fb40-4e4f-abe8-16152afdb8df,Student,2026-05-02,0.15
78ef3f99-af95-4472-9732-c9d89508fc28,Professional,2025-08-27,0.6
c57ad86b-0b85-478a-8c88-a546cdb43e4f,Professional,2026-03-20,0.6
c9a84db9-f01e-4aef-a180-f099b3f81283,Enterprise,2026-04-01,0.85
444645a3-3f6d-4b67-a7ba-8f18e48b6c85,Professional,2026-01-12,0.6
e4c72d03-8cb5-4c6c-826a-39f278f96055,Professional,2026-05-14,0.6
b2842459-5553-4b6b-a113-4f426fc6d048,Professional,2025-10-28,0.6
34c765c6-12a7-4642-8daf-11b9a9fed143,Student,2026-05-29,0.15
aa590c6f-e1ab-45bb-b2e8-29917ac2c1d5,Professional,2026-03-10,0.6
6e3f31b3-c33d-4da4-ba84-1031c91b11af,Student,2026-04-12,0.15
6e9c9774-b873-4f13-881b-ee77a188032f,Professional,2025-09-19,0.6
abaec0d6-c630-4682-852c-e002baefb0ce,Professional,2025-09-12,0.6
4559a082-2ec4-4d36-9325-78d7ca54220f,Professional,2026-05-08,0.6
a640997f-330a-4a3f-afdc-9cb9d9fac6f5,Professional,2026-08-04,0.6
cd5c4b97-115f-4126-8b5e-27321e890e57,Professional,2026-05-05,0.6
11a493a6-3aa4-4fe9-968c-501dfb4231ec,Student,2026-03-01,0.15
65a95515-a8ff-4623-bbfe-8a549f5fcc37,Student,2026-05-16,0.15
76e3f7e3-f057-40d5-9ade-36ef6a0a66e2,Enterprise,2026-05-25,0.85
1448e036-3043-4d96-94d4-05a4a10e0156,Professional,2026-07-31,0.6
de93e6d7-4122-445b-832a-034ee9a2627a,Student,2025-11-01,0.15
c59cd4f0-2d33-46ea-901d-d1e10bf7995f,Professional,2025-12-19,0.6
eed68670-885f-4c81-870e-1987f3914101,Student,2026-06-11,0.15
b874d2f7-ccbf-4d96-aa90-6f64ffc58559,Professional,2026-03-10,0.6
7ae770d3-5065-4867-a14a-1430dbc07bd5,Student,2025-09-04,0.15
9557f764-cddd-450e-887f-d35b0d0b4983,Student,2026-08-06,0.15
76d793b8-c316-4a20-ab6b-931dd314fe54,Professional,2025-12-27,0.6
041a7366-3a24-41c5-a9a6-c713ae3b91c1,Student,2025-09-15,0.15
b092afb1-79e3-495a-a9e6-94e95f3e6597,Professional,2026-02-16,0.6
84051be1-1288-4b6b-9e63-11a5e292ef32,Professional,2026-03-25,0.6
db5ebb46-d5f9-4803-aa99-28ba80856b93,Student,2026-04-21,0.15
a5d89777-f610-47d0-bded-dfbe5d42621a,Professional,2025-09-14,0.6
d37b8617-91a8-4030-ab9d-bd2f8ace66dd,Student,2026-01-16,0.15
a273b8c6-ff4f-477d-9bc4-284e2585e0a8,Professional,2026-01-26,0.6
95bb3a5f-1761-470b-bbed-cca8aeaf4472,Professional,2026-02-24,0.6
eed79c9b-9031-43e3-b3fd-1ceaffa113a8,Enterprise,2026-04-18,0.85
16b7b039-09c0-49aa-8b1e-02cb826e007f,Student,2025-09-23,0.15
6b9a6d82-ac7d-4364-bc35-ef5a90b2a873,Student,2026-07-22,0.15
25317ed6-7702-4f99-93b5-6a056c31e201,Professional,2026-07-11,0.6
23baf190-4fde-44b3-996b-b6e8a1d8c7e3,Professional,2026-04-25,0.6
174e3655-ce20-44d7-b0e9-1c515f44c452,Student,2025-08-29,0.15
3b473886-c849-4bf1-9d70-14a106d0e55a,Student,2026-07-17,0.15
d5febc28-95bf-437e-9b39-ad4fdbaa716e,Professional,2026-08-15,0.6
4fc39e38-edbf-4f25-929f-c796d05be3b9,Professional,2025-12-24,0.6
0ca0cec0-1e5d-4bc4-8211-b9f3a0683707,Professional,2026-05-29,0.6
f2cbb5ee-8a83-4af8-b6c8-f103813fd0f8,Professional,2025-09-30,0.6
05e08b41-18af-43a9-8b4d-91b1fed1e88b,Professional,2026-08-21,0.6
c74268b2-a629-46f3-9cb6-c2aeee4d35c3,Professional,2026-08-16,0.6
302b5ee8-336c-4bd7-a854-29ca14875250,Student,2026-03-24,0.15
a3ad7d10-ebba-4640-8c4c-fdc3383acb47,Enterprise,2025-11-26,0.85
69875b91-bab8-4163-bdc2-34dbd308e123,Student,2025-10-21,0.15
66c9f0ef-346c-48d2-aeb0-603fd0e69b50,Professional,2025-12-07,0.6
56c33d4b-c4f8-4ea1-8b43-5c7c1d494c6b,Professional,2026-04-01,0.6
c498921c-8a64-4048-b4fb-cbd1fe153823,Professional,2026-05-24,0.6
c160235e-56bf-4e71-81f1-9e6036e8526e,Enterprise,2026-05-08,0.85
aba18005-c916-42f0-a0af-b8b2ba24cde2,Professional,2026-05-22,0.6
902c0894-01bb-4034-9d75-65ebad4f038d,Student,2026-06-19,0.15
98956cbf-7436-4711-b9c5-6ddaa5184a71,Student,2025-12-12,0.15
3dea1ba0-94fc-4c86-a2b2-e20dc42fc334,Professional,2026-04-30,0.6
1470b94e-4814-4a3b-b732-6d980715f27e,Student,2025-10-31,0.15
df5e24d5-e35e-4459-9247-9b6aaf12da14,Professional,2026-04-06,0.6
5eccd1b8-2a28-4db1-97ee-7782bb7db363,Professional,2026-06-12,0.6
b7d16e31-45ab-4a02-9f2c-af64cfdc807c,Enterprise,2026-06-13,0.85
3b8c1b58-2004-4d4f-ac88-cb7fda47afc3,Professional,2026-04-17,0.6
76ce8168-54c2-4193-9fde-f4d6771c7f20,Professional,2026-06-26,0.6
126f7d54-ef25-4d14-8f0c-ba16710e56ce,Student,2025-11-02,0.15
60692df1-7c1e-4587-bd1a-0bc094721583,Professional,2025-09-18,0.6
0b27b129-8f2d-45e9-b296-db3333fed47c,Enterprise,2026-01-31,0.85
f728edab-bea4-43f6-9a8c-837f18721130,Student,2026-02-09,0.15
7b6ef7af-d563-4b8e-ace6-2da2fd2965fa,Professional,2026-05-28,0.6
6a4ce04e-6785-4851-a307-36318a0f71a0,Student,2025-11-22,0.15
cb3089fc-47c9-48d1-ad72-770e6117f899,Student,2026-01-28,0.15
a6d2fdf4-e65f-4c5a-ab2d-646e732cd8ad,Student,2026-03-25,0.15
faaf068e-375a-4168-9a7b-9d2c4fd4f86c,Professional,2025-08-31,0.6
42913afa-d693-4b57-af11-24ef17f047f6,Professional,2026-06-16,0.6
4a5d331d-18b9-4f9b-bd56-f718e557c5ab,Student,2026-05-18,0.15
c972985b-f11a-4dea-ad0e-c29ae935f15a,Professional,2025-09-19,0.6
02056c03-9b7b-4f61-ab4b-35ccfe658ff2,Professional,2026-01-23,0.6
5ddf263f-0a7a-437c-aebf-f05b6e95dcab,Professional,2025-10-11,0.6
ab46c0c4-2548-4ff6-a3de-1b400ee50267,Professional,2026-01-21,0.6
b48593b9-90f2-4604-b7c5-5436ae894c4a,Professional,2026-08-10,0.6
92350a39-5fdb-4684-85aa-603f1bed5baf,Professional,2026-07-21,0.6
b592a354-c52c-4db6-b228-9609e16bccfc,Professional,2025-09-01,0.6
6101b23d-6635-4098-a87d-a1e1e8279df2,Professional,2026-07-26,0.6
30df3077-badc-48af-a09e-3f93e690071a,Student,2026-04-03,0.15
6669ba29-c9dc-4f99-8d9c-4e644fde3f12,Professional,2026-01-05,0.6
3f706115-d350-4982-8458-2a8d19d18127,Professional,2026-01-27,0.6
8135fb17-5ce0-4d52-9dc6-8ba07dd8de27,Student,2026-06-03,0.15
7ac08171-42d6-423c-85cf-0a82d6a8ea77,Professional,2026-02-15,0.6
e00cd5d9-533f-4de3-b77b-bed52f11bf15,Enterprise,2026-08-18,0.85
a905b22f-c1ed-4a46-9faf-72f5645af9fe,Professional,2026-07-22,0.6
c21e1b7a-360d-426d-af55-0444dff33eea,Student,2026-08-19,0.15
fbddf9b3-fd96-471a-8f8e-a7c464453b75,Professional,2026-01-22,0.6
4a3ad352-4b70-4e28-8937-c7f8d8181ac2,Professional,2026-04-21,0.6
28317a3f-3961-41f1-bf48-4b05d54ee70e,Student,2025-09-22,0.15
43346c9d-7a35-455d-b637-04b2dab71832,Professional,2025-09-28,0.6
94abe9b3-c124-4102-a460-f6931aef5581,Professional,2026-05-02,0.6
3f3a1df8-0ba2-4ea3-b7fd-718739065642,Student,2025-11-14,0.15
319d6807-15ea-44da-bfca-07887c779efb,Professional,2026-03-12,0.6
f0cc51d3-65c8-4773-a0fa-688f0cd2e94a,Student,2026-05-27,0.15
a3e898c6-15c1-4f43-9f9f-b1da1e1ffede,Student,2026-07-02,0.15
d1f677e1-ea34-44db-81ff-0bfad9d2fb62,Professional,2026-01-15,0.6
8b456fe5-0d05-4903-be17-c927b22113f7,Enterprise,2026-02-27,0.85
c08998f6-1ea3-46f5-8956-521af74f6143,Enterprise,2026-01-13,0.85
17162e20-94b3-4843-b87e-4d1cd52fb43a,Professional,2025-10-02,0.6
f9ad8b42-b6fc-4561-9138-3c3ff955b8b2,Student,2026-03-21,0.15
94f85e91-b9f4-446f-9c16-d72ed4eeef0e,Professional,2025-10-17,0.6
597ce682-38ee-4622-8819-ea343d0870d9,Professional,2026-07-21,0.6
8fb1f304-10ed-4243-8c5b-5f8a7bea8b46,Professional,2025-12-22,0.6
f15a7dfd-4bf8-4399-8c98-04608a2cdd79,Student,2026-08-18,0.15
488dce0b-e71c-4bba-85c3-94337ba728b5,Professional,2026-01-18,0.6
76ab7b00-96ff-4979-a328-324868385e61,Student,2026-03-06,0.15
accb442e-d214-4198-adb2-f2080727bfcc,Student,2026-04-24,0.15
b3b30269-73e8-45fc-959d-9884ba0a7e5f,Professional,2026-02-28,0.6
99569ee2-03d5-4b9a-978a-e447adedf7f5,Professional,2026-03-13,0.6
c3efddd8-cf67-4fe0-9b59-b510aff78f3d,Professional,2026-01-28,0.6
339797f5-a378-4146-9615-7badaa532601,Professional,2026-07-08,0.6
8ef4dd7d-9222-4661-9e8c-f66ecdab3e08,Professional,2026-03-03,0.6
29c07918-5b9b-4ce2-9afb-3a9802a09893,Student,2026-05-01,0.15
b05566cb-4308-4f1e-80e5-e51728b82224,Professional,2025-12-15,0.6
5caad407-ac98-4ec0-927a-1ff28e34a915,Enterprise,2026-05-22,0.85
90754de2-8837-4a99-b16e-52100fc5fb02,Professional,2026-08-01,0.6
e55856ea-b219-4b2b-bbd7-a44d82ddb0b2,Student,2025-09-21,0.15
212edd92-4604-4ea0-bb0f-fc646ecf462d,Professional,2026-01-31,0.6
4bc2ec4e-2198-4821-8175-f4f4a66fe699,Student,2026-06-07,0.15
3895cd49-bd00-4e48-8966-f228bb1f65fb,Enterprise,2025-11-27,0.85
477d0650-802b-477c-b99a-4727da2ced97,Professional,2025-12-21,0.6
ad703943-1bd2-4c93-857c-bcdbc23eaacb,Student,2026-02-16,0.15
c11fb290-ec50-41fe-ad3e-c28d72195a86,Enterprise,2025-08-29,0.85
d7363b03-346b-41b4-8419-6a56dfcb645d,Student,2025-09-07,0.15
9fb9bf57-6417-4990-9713-b09d3fe9666a,Professional,2025-12-12,0.6
656c7763-4314-445e-bb21-6341a3802511,Student,2025-12-27,0.15
9cb7149f-3264-48b3-baf4-cb0d320db515,Student,2026-07-22,0.15
7bdbcb0f-c9a4-4608-8a71-38f7fda2c926,Student,2026-01-01,0.15
6b70dadd-e512-4af1-ba32-73e1282e083a,Professional,2025-09-10,0.6
cca94fee-2017-4f1f-9f33-86ee8b8b4d9e,Professional,2026-02-14,0.6
e8a6fc31-55fc-4858-8b31-5f5082c796ad,Professional,2026-07-18,0.6
eba8d114-1ff7-4f84-8902-bc7d9c72fd52,Student,2025-09-12,0.15
76ceb4a0-5b83-493b-8616-6f02c695886b,Student,2026-01-28,0.15
0c1921ec-e515-447c-9d49-62fb9b87cbda,Professional,2026-05-28,0.6
fd8e94cb-91df-4ca3-a4e2-613f50dc84cf,Professional,2026-05-24,0.6
b901277f-6782-4ba9-94e6-1ea3b8376ea9,Professional,2025-12-23,0.6
ae112ae7-1b54-48dd-bc7f-b189955bd2d6,Professional,2025-11-26,0.6
3678138f-0a62-4b4f-8c52-986987b214d8,Professional,2026-04-19,0.6
b017e7ca-f3fb-46cc-a4e2-df9594352210,Professional,2025-11-25,0.6
15de21a0-7adc-4682-acdd-2551cca3ef24,Student,2026-04-17,0.15
d0f35aee-0eba-4fca-8bf2-e3410f3e209f,Enterprise,2025-09-09,0.85
0fe4a7b1-f6db-4c94-afe7-fcac5e0eaee3,Professional,2025-10-04,0.6
1762bf24-f4eb-4f7a-866a-c23c3c52f186,Student,2026-08-09,0.15
1e780cf6-5348-4834-9a14-5fea24c18dea,Student,2026-03-13,0.15
30859400-52ed-43f4-a9bf-8985b5089154,Student,2026-02-09,0.15
f0cbdc8a-7271-4668-b350-a645d98c0466,Professional,2025-10-07,0.6
e881b5e1-77ab-4786-9768-9b3e7197855f,Student,2026-05-17,0.15
e3849472-a6be-44c0-8d40-359f43949b69,Professional,2026-01-23,0.6
b9ecc215-397f-4824-8c1a-1be9893bbdbd,Professional,2026-03-21,0.6
081fdb06-150b-4ab5-bf33-e0aad679837b,Student,2026-05-20,0.15
cffea1c1-59ea-43ce-bdac-b7c6074c0065,Professional,2026-05-20,0.6
1a402965-5cba-46d5-bf14-98a80ed9182b,Professional,2026-04-15,0.6
d24cbe71-e22e-4985-b409-79fb91caea98,Professional,2026-06-04,0.6
441fb516-220a-47cb-8755-8e857d50a10a,Student,2026-06-27,0.15
f1dcf1bd-c433-4bf0-9a9f-841e685f5786,Professional,2025-11-14,0.6
ce58ce9e-c66d-4761-b067-da32899a67f9,Student,2026-01-09,0.15
5b0a40b9-47f2-418b-9bff-d81108c04ddc,Enterprise,2025-10-11,0.85
20fdb24e-1563-47f2-b6f5-bc0401dd0b51,Student,2026-05-30,0.15
8f31106f-f6f2-4221-81b8-d1fe7893850a,Professional,2026-06-30,0.6
60bfc959-63e7-41f9-b046-582d806cb466,Professional,2026-08-07,0.6
2e5b2b20-83d3-472c-83a1-82a8c88e8625,Professional,2026-05-04,0.6
531691cb-9294-4fbd-9659-7af49650ef2b,Professional,2025-11-03,0.6
f875c687-26dd-47e2-8195-98cec4733e7d,Professional,2026-06-07,0.6
79a3e2e0-6133-4b39-83ed-3eba419a01d1,Professional,2026-02-24,0.6
ebe1d502-a37a-4002-b575-5cbb030bf8b8,Student,2025-12-18,0.15
882a1f3a-9645-4f61-a59a-73511d16bb2e,Professional,2026-02-10,0.6
77d88dc4-a2a9-4738-9d8d-19d909db23f0,Enterprise,2025-12-20,0.85
b855942d-697a-4363-9a94-ed700a062901,Student,2025-12-05,0.15
1b03bd4c-5d00-4448-8605-58d957e2dca5,Professional,2026-02-13,0.6
74c16afa-8ebc-4708-af42-272a5f20a2af,Professional,2025-10-24,0.6
2068f2a6-fcbf-4e4f-be20-661adfeaf19e,Professional,2025-08-27,0.6
de210590-e238-4b65-88ca-fa401e7cb258,Student,2025-09-25,0.15
717d6078-190d-452a-838c-52e0adef909f,Professional,2025-09-27,0.6
adff4ae8-3a62-495a-aae9-bd7c509ab710,Enterprise,2026-02-22,0.85
3b8ff6ca-def2-425e-825e-e4fe1453b704,Professional,2026-04-19,0.6
b758c7ea-c75a-4b56-bbb1-7253589434c3,Enterprise,2025-10-01,0.85
70a977c3-3ea5-4cf7-976c-e706cba65dae,Student,2025-12-27,0.15
51f8efe5-b098-4d21-b257-5332659ba29d,Student,2026-06-03,0.15
01151c5b-e85b-4d13-bfb2-596c3f4aca88,Professional,2026-02-21,0.6
b3b95cb8-c90d-4668-9638-3b84cc9045ba,Student,2026-05-18,0.15
44868b20-678d-4016-a4eb-a770149e5487,Student,2026-08-03,0.15
fafed688-0971-4e17-9986-31909e22239b,Enterprise,2026-04-21,0.85
fdcc9879-8094-4162-a3af-85b9590e5f46,Professional,2026-07-14,0.6
1c04a9fd-272b-4a59-90c0-5c01e4be0ad3,Student,2026-07-25,0.15
e917373d-40bb-4629-b935-fd7f956aa7d4,Student,2025-12-21,0.15
8aff26f8-a548-476b-acad-b951f58786b6,Enterprise,2025-11-04,0.85
d2dfc6f7-4f67-4d3d-a46c-eb34ef9d2882,Student,2026-01-30,0.15
2d3cb908-0b3c-4981-a828-2963e0004a45,Professional,2025-11-20,0.6
9754c45e-3be5-4908-bc41-dbdaf13957de,Professional,2026-06-29,0.6
0a49f3d0-3d5d-46de-9e49-157ba09154b3,Student,2025-11-07,0.15
6bfb2ef2-e28f-4cf0-8e56-314b78729bca,Professional,2025-10-21,0.6
2873d653-951f-45df-8585-2ed6f705f061,Professional,2026-02-08,0.6
b6fc505c-f8df-4820-9afa-a61315e91687,Student,2026-02-27,0.15
bae88632-893f-4256-90a1-6c288c9b4cdf,Professional,2025-11-21,0.6
365fd244-b35a-42ae-b1d1-074749ee6223,Professional,2026-06-25,0.6
55fa8a72-75d4-495f-991f-1143fc296bcc,Professional,2026-07-30,0.6
87b80262-8e35-4a29-80b1-57744df778cd,Professional,2026-06-21,0.6
316efe10-ed87-49e6-b17d-1539a4e18695,Professional,2026-02-14,0.6
e8a4dbee-88c7-4c04-9ab8-22cac0c6e79e,Enterprise,2026-02-19,0.85
9e2b57fa-d0e9-48e7-9e95-c0849db5e11e,Professional,2026-02-25,0.6
287769b1-5d60-4397-bdfe-db151316d49c,Student,2025-09-24,0.15
72831e2f-5d99-41b4-b4e1-9c6146d729e8,Professional,2026-01-31,0.6
e9ec5b3a-2df7-441e-986f-4f8d22e3c3ee,Professional,2025-10-02,0.6
b5a1293d-5595-4b98-bb23-82e12800cf58,Professional,2026-08-23,0.6
4dbb8c18-97ca-48ce-9cf2-9f7100da9590,Student,2026-04-22,0.15
f7fd9b7b-74bd-4075-a98b-3286e8a1def9,Professional,2026-04-07,0.6
9b222f0e-5a5d-4e62-b228-02972cf0e98f,Professional,2025-11-10,0.6
8daf55fd-4432-484c-913f-6197087f51e1,Professional,2026-04-18,0.6
da839fce-a5b8-4f3d-b8d2-e5e710290f59,Student,2026-06-28,0.15
0fa09ee2-eb49-473a-b612-12d9879ea492,Student,2026-07-11,0.15
5f6fb93e-58ac-44bb-aaf6-caa705d7a235,Student,2026-08-02,0.15
7ec908ea-fcf4-45d6-9988-54eb5ad8833d,Student,2025-09-24,0.15
3a315360-f4a6-4cb9-87e5-a3041d620ede,Enterprise,2025-11-16,0.85
2ec24eb1-ad0d-43d6-b493-f55a3a067702,Professional,2026-07-20,0.6
0a59e70e-5223-41d5-86b9-c6f3d9399972,Student,2026-02-14,0.15
5322908a-795d-4831-857d-5c2f2ec56bc3,Student,2026-06-17,0.15
3dc5848a-f824-4583-926a-5366239bad6e,Student,2026-07-01,0.15
0814215c-88be-4c8c-ac0a-6f3e96651207,Professional,2025-09-23,0.6
4d07b692-4704-404a-a91c-8e9cda54f16f,Enterprise,2026-04-28,0.85
92fc074a-4d8a-4fb4-aa75-fda0e929a5a3,Professional,2026-03-24,0.6
a1a985d7-a1fd-4474-a66f-a3eb56fad50c,Professional,2026-06-19,0.6
e7b080fe-0bc1-4fb9-b881-345bf682b7fd,Student,2026-07-22,0.15
234b6dd3-6771-4815-bbde-bf95823bc8c2,Professional,2026-03-09,0.6
ee3e570e-a5ec-4fa0-88cb-411673206846,Enterprise,2026-08-22,0.85
aae0cb1e-647d-4a0c-a38b-43cc70dd07ad,Professional,2025-11-11,0.6
0dfbdb28-8905-42d3-999a-9e4b017cb816,Professional,2026-05-12,0.6
bd599206-0344-49c3-8b92-e1f23ec97136,Student,2025-11-28,0.15
1d10e7d3-008f-49bf-b129-68a52483a89c,Professional,2026-08-19,0.6
a0fa8e11-03f1-425a-b262-1789a253446f,Student,2026-06-15,0.15
8eaa1fec-4cba-467b-90a5-97627341754a,Professional,2026-03-20,0.6
5cc80daf-641b-44d6-b638-964eed76bc60,Professional,2026-04-21,0.6
4173a027-3c79-43de-9f4c-6219fe31e421,Student,2026-05-20,0.15
4ae4408a-75d9-41ea-99e5-2e17226ce79f,Student,2026-02-15,0.15
f2437a09-7e43-4af0-a674-77f66864dde0,Professional,2025-10-22,0.6
206263f1-ab8c-4a49-be5e-20b8d0e6e261,Professional,2026-06-30,0.6
e3817af3-0ae4-4866-ba21-352b16e71fce,Professional,2026-07-24,0.6
64753319-f889-4ed2-beb3-1b796bd1643f,Student,2026-03-23,0.15
ae9a630d-909b-48b1-83c2-72263797278d,Professional,2025-10-09,0.6
4150ebee-48b8-46d4-90e9-96c8ca036af5,Professional,2026-04-17,0.6
5dc1a34b-25c2-436b-9d7a-1e4ed0fcf864,Student,2026-05-03,0.15
9a90c565-4161-4e18-8d03-8e62b6d4d0cd,Professional,2025-11-27,0.6
2b09ec4f-5275-4da7-8666-e202d71990ba,Student,2025-11-20,0.15
32be6017-464a-4d5c-8c92-fa358037dda6,Student,2026-02-03,0.15
e6412389-5ef8-4897-a856-5ccb9cbdd369,Student,2026-05-16,0.15
3ede4717-55e7-4062-adf7-0ac3748415ee,Student,2026-04-30,0.15
f64f6d94-9da1-4020-bc80-cdd8eefa5aa4,Student,2025-09-15,0.15
a5b0567b-cade-4d2e-86c6-431b9c5bb972,Student,2026-04-27,0.15
06233e0b-fd39-46f3-a885-54088aa107fc,Professional,2026-01-21,0.6
1c991816-940e-4d72-a0e4-0e683b10cbc9,Enterprise,2026-04-17,0.85
d1ec003f-bd18-42d2-924d-621faa831077,Student,2025-10-11,0.15
d94e0904-c50f-4616-8ecb-bbd847fd9aab,Professional,2025-10-05,0.6
6e601ddd-d67f-43a7-9ce9-28dfbc90dd19,Enterprise,2026-04-30,0.85
1cda1158-e1b6-4a64-a549-f541d945bcc7,Professional,2026-05-23,0.6
990ac07d-2a21-4c15-b2c6-e1b0db34c713,Student,2026-02-03,0.15
51792020-c20f-4e1b-89a5-1cdf17722dc9,Student,2026-02-23,0.15
f17e2cd6-f9ec-4211-b06e-c6d5f5ddad7b,Student,2026-06-12,0.15
f4dc7e39-1b9b-413a-9480-ec795b0eefd9,Professional,2025-11-24,0.6
f02ad1f9-314d-4051-91e2-cbc05c7e3a27,Professional,2026-01-25,0.6
ba309be4-05e2-4d1f-8c7a-2259c7c959f1,Enterprise,2026-06-04,0.85
0da61c1a-0dc5-4862-bd58-3e2aadb1b0ba,Student,2026-08-11,0.15
ea8b6c28-2733-46fd-aa7d-e0d4cdedf0ff,Professional,2026-01-14,0.6
a493a550-60f6-4cbf-b19e-b7e84ca4434b,Student,2026-07-09,0.15
0e9389c8-516d-4a65-97d1-d503aeb2a36b,Professional,2025-12-03,0.6
a5e6aea5-86fd-40e9-8723-4a1c24585708,Student,2026-03-23,0.15
1e27dae6-491b-4dc4-9ad6-5f6a628f2879,Professional,2025-12-21,0.6
25dd32b9-f2a5-4b8b-82fa-a0d57b644c9c,Professional,2026-07-30,0.6
560bdbe2-59aa-48c5-a5aa-b8890bd35f5a,Professional,2026-03-24,0.6
9542c79c-1202-488b-b6c6-7f981c979754,Student,2025-09-21,0.15
7ed07895-c55e-4a47-a942-53b3169de805,Professional,2026-04-16,0.6
538def41-6fb9-43a9-a00f-68eb9a1d767a,Student,2025-10-31,0.15
d31d9dc7-dd31-453a-9685-e77cf143fcb5,Professional,2026-06-10,0.6
e0a62902-a0df-4c41-9b0b-0668ac0c6df7,Professional,2025-10-10,0.6
5ff664c5-1a95-4f38-aab2-c69022282a88,Professional,2026-07-07,0.6
5c618b07-98fa-4fad-9256-404bb2564b59,Professional,2025-09-04,0.6
5d4a2b2a-6aad-4ab7-b6e5-30d580f6cf5e,Enterprise,2025-09-03,0.85
c5174143-a4ed-4646-960a-fdde3374a339,Enterprise,2025-12-05,0.85
2552bf9c-d984-4dfd-acc4-408f423d368c,Student,2025-09-03,0.15
c4b858e7-8cce-4819-ae65-30b55361ec93,Professional,2026-02-17,0.6
b10de235-b87d-415e-8101-4568f2d978c6,Professional,2026-04-18,0.6
e92a0be9-eadb-4bda-bcd4-07157c83342d,Student,2025-12-02,0.15
710aa181-4a10-4d12-b619-152d47f088ba,Student,2026-04-03,0.15
e7cc6beb-52a9-45e6-bd36-ee52df5eea8c,Professional,2026-03-21,0.6
4d5a6037-a8d3-4fee-abf4-50c920f64dce,Professional,2026-04-13,0.6
dfe664be-a605-40f3-9de6-d4a96d788a20,Professional,2025-09-23,0.6
00efaed3-26be-4709-a0b1-d41c010f26ed,Professional,2025-09-25,0.6
a7c88b47-1490-45d6-8a19-0b3452a1563b,Professional,2026-05-27,0.6
002c98a5-7678-4ec5-a9c7-b5beb4413539,Professional,2026-03-17,0.6
f2b4f3ba-f28f-41a4-aea5-257e102bfcfc,Professional,2025-10-28,0.6
1e148d8e-7ab9-417e-9ef0-5edbfa5d2f3a,Student,2026-06-18,0.15
6629e05c-57e9-4f88-b56a-e91b9972afa4,Professional,2026-08-23,0.6
1d04d706-5ae8-400a-b556-4e8a7079af37,Professional,2025-11-12,0.6
ea4d1a76-2cf8-4b10-9b49-3fdd757ed64d,Student,2026-01-19,0.15
d05694d0-caf6-4eee-a747-6032f861d378,Professional,2025-11-29,0.6
923dd653-4171-4ba5-8de4-c641a95cf263,Professional,2026-05-19,0.6
41566f6c-9f8f-4ca9-8fd5-5223cdcfa4cf,Professional,2026-03-29,0.6
f7c053bb-2096-47f1-b4bf-11cf775b2d1f,Student,2026-06-20,0.15
2e197f35-fdaf-45fe-b92d-e467e9e4f838,Student,2026-05-30,0.15
5060beb1-cf91-4595-b9a5-c39fcf0e618a,Student,2025-11-19,0.15
30c04da3-d979-4d91-8d1e-1c1dff1dd304,Student,2025-10-25,0.15
1268ad52-a3d7-46d4-ae6f-a52f18473121,Professional,2026-06-02,0.6
d0c350c5-968a-4fd0-9205-b68476ff7881,Professional,2026-07-10,0.6
c14c71e7-3f70-4003-acd1-74813ce61bd7,Professional,2025-11-30,0.6
e832b36b-4e63-487a-b08a-0526aaea82a3,Professional,2026-05-17,0.6
a99850cf-26cb-4cc5-bd75-c942d95374d0,Professional,2025-09-20,0.6
862b863d-c331-45ff-8f1d-b24cf16fceb5,Student,2025-12-30,0.15
05876bcf-505a-4397-8718-c894fde7eb6d,Student,2026-02-14,0.15
1c551abb-14ef-457b-b5cf-b0c4c9504826,Student,2026-08-07,0.15
741574d4-31a5-4ed0-a8df-c57656295639,Student,2026-04-24,0.15
ec64bcf2-d1fb-4a65-968c-c063096eadb6,Professional,2026-07-05,0.6
1922ff68-e862-485d-be1d-0e3715be5f07,Student,2026-07-08,0.15
8c47a87e-85f8-4336-adc8-98545afdfef9,Professional,2026-06-02,0.6
aff224bb-6957-4143-b72a-e7bba916a33c,Professional,2026-05-10,0.6
1953bc50-e7c4-435b-9c28-04a18fc21d1f,Student,2026-04-12,0.15
e118168e-ce77-411e-aba8-09576ba58f37,Professional,2026-08-14,0.6
4e83e827-9d9e-40b1-a2f1-d74cbd50c031,Student,2026-06-17,0.15
fa615af9-45d0-458d-9066-2980cace647c,Professional,2025-11-05,0.6
e87e18c3-78d4-484d-923f-d2c8c46a10d6,Student,2026-05-24,0.15
f81dadec-ae9c-4cc4-882d-7d0ed84550c8,Student,2026-03-24,0.15
a4791e65-1798-4f05-820f-f4f90db5c8ed,Student,2026-03-29,0.15
6cdfe6ca-e356-45df-af43-05ac7878333c,Professional,2025-10-01,0.6
9ac98b76-674c-46e2-9bc4-c5cf8324cf62,Enterprise,2026-07-21,0.85
0667340e-a473-49cb-ac32-6bde674d83db,Student,2026-08-11,0.15
1340021b-543b-4bce-b71a-a9f3aab71f05,Professional,2025-11-04,0.6
2e9ab543-ea69-4799-8968-1651e2cfde73,Professional,2025-12-30,0.6
0c40639c-49b2-494b-b206-144e046d6da8,Professional,2026-08-15,0.6
3ef11a07-62b0-4d36-87f9-c298a23fae95,Professional,2026-04-02,0.6
38041e88-a802-40fa-93a3-681c22af7822,Professional,2026-01-14,0.6
af1c43d4-1f85-430e-b997-5f52ca0a3754,Professional,2025-11-30,0.6
bd63387f-63b6-440c-b63e-a4fec7b54bfe,Student,2025-09-05,0.15
a1fe939f-003d-454e-b85b-4dd86f5a13e6,Student,2026-01-23,0.15
30c69cf0-dcc6-4b7a-b73e-931046f7188b,Professional,2025-09-21,0.6
4a4597a6-9bd5-4e12-b167-98770c4b6eaf,Professional,2026-04-17,0.6
8ec80653-a480-4563-9704-f4533bbe7dc3,Student,2025-09-29,0.15
ae6539a9-76d9-4e13-9093-c2fc95a3f5df,Professional,2026-04-22,0.6
0365164e-10b9-43ce-9733-0dfb04c707ea,Professional,2026-04-07,0.6
40ad71e7-3681-4696-92de-b4b5fa89f6ec,Professional,2026-08-17,0.6
a4d5e813-27e6-4be5-a0dc-b963ea3ed247,Student,2026-04-23,0.15
4ef11315-6b35-4cc6-9a4e-becbb3ff2b9e,Professional,2026-08-15,0.6
3e7f1559-d9f9-4644-a016-870e27e6902a,Professional,2026-05-05,0.6
8b5ee7d9-d33d-49e6-96e8-e79c44050068,Student,2025-08-28,0.15
90ff4bdf-538d-4f3a-a236-d754d172e07c,Professional,2026-08-11,0.6
ba3a87f7-ad8d-414a-a173-971af1118c7a,Professional,2025-12-26,0.6
55e03156-1bf8-4234-a0e0-c8092805b031,Student,2026-03-29,0.15
c978759f-3707-4968-aecb-9f7205ce6df5,Student,2026-03-11,0.15
e16cb8e8-477f-43eb-a14c-4142b13a8fda,Professional,2025-09-16,0.6
ca8960f5-1434-4733-abea-adf6bf3a4045,Professional,2026-04-18,0.6
23fbde0f-9134-427d-9020-d36736e78d2f,Professional,2025-11-04,0.6
bcbd8d47-ece0-4a89-89cf-4e0810259639,Student,2026-07-12,0.15
6038e574-f320-40ea-a0bb-c61f5e927bc4,Student,2025-09-29,0.15
10b435aa-5cac-4e6d-abac-d6ff45d7b629,Enterprise,2026-04-02,0.85
cd13a43a-0317-4dc8-8c16-2f20cec485e0,Professional,2025-11-04,0.6
b1f2b416-0a15-4754-8806-dd4a70c121c2,Professional,2025-12-02,0.6
991eeb84-a8a5-44d5-a41d-2e0ba72b78e8,Professional,2025-12-20,0.6
b59cbe89-3644-465c-a05c-59e1f13e3059,Student,2026-06-29,0.15
a04b6459-8282-491b-acaf-9f6fe00283b4,Student,2025-11-09,0.15
70c89ebb-448c-4672-b8ee-f5ab9c766871,Professional,2026-01-17,0.6
e75dadfc-59b9-4fd6-a4a3-e96979d2aecc,Student,2025-09-07,0.15
b648f4aa-b300-4418-83b7-833ac09356a6,Professional,2025-10-31,0.6
fbd0521c-51ad-48cb-a62c-3cdee74532c4,Student,2026-05-07,0.15
541a7b3f-eaa1-4d12-885b-fa00f2325909,Professional,2026-07-24,0.6
1a917f55-a7a6-4bae-8154-964a4dd4ee1f,Enterprise,2026-07-31,0.85
025352b6-c751-443b-a7c4-4284d3ceff08,Student,2026-01-11,0.15
43b10581-441b-42ae-9235-8dbee74b54bc,Professional,2026-01-05,0.6
007c1488-250a-4e14-87ea-443cf8ffea28,Professional,2025-11-11,0.6
935aa34a-066f-43ce-9314-7675dc529aaa,Student,2026-01-05,0.15
87f26d80-21ea-4d8e-a3fe-b9908aafe209,Enterprise,2025-12-10,0.85
fe570367-06d9-4737-82e2-57ea51e08d40,Student,2026-01-08,0.15
6633dff8-eff0-439a-bde1-f3c6663edefa,Student,2025-11-07,0.15
6fdebb38-597d-4356-aa7c-e31959f0e05b,Professional,2025-12-22,0.6
df80ecf2-449d-4e8b-a7b9-16f7c40c9e02,Professional,2025-12-14,0.6
0d3bbe25-fed5-4d2a-97b1-4e2a88277fb4,Student,2026-07-26,0.15
794cedf4-4d73-4900-a600-94e99f5fddcb,Student,2025-09-16,0.15
78b25160-1773-48ec-9f21-cc6414a0dacf,Professional,2026-04-08,0.6
fbc96173-3a49-4c4c-a273-cb4b972cdd38,Professional,2026-01-19,0.6
e258af36-f95e-4737-b914-6c7b5171617f,Professional,2026-08-12,0.6
c45edb7d-e407-4126-93cb-38f7ed46622a,Professional,2025-10-05,0.6
80c152b9-d3bd-4e17-ba83-a5eb5ba6641a,Professional,2026-01-27,0.6
35958bec-0ead-4208-a3da-4d16747115a3,Professional,2025-11-23,0.6
3c06ec22-20fe-4935-9deb-5c0c48865de2,Student,2025-12-17,0.15
a20c895b-1765-46cc-8772-2f7bae5677e3,Student,2025-10-08,0.15
91c18535-d241-4b37-8662-ee0532ae7457,Student,2026-07-22,0.15
55dd3432-eae5-4f43-af61-bf7790f765d1,Student,2026-08-07,0.15
a27e0493-2e19-4b2c-9890-d81e5715f580,Enterprise,2026-08-20,0.85
c0c60021-3838-458b-932c-a44dec00e670,Student,2026-02-24,0.15
1caf3344-f3a2-4dd5-a9ce-0f06d6ead36f,Student,2025-11-13,0.15
2f425098-d9a6-4157-ae1c-6f90f19284f3,Student,2026-05-13,0.15
e891a573-7a61-45e6-89e8-513a046b3d57,Professional,2025-12-18,0.6
3c289e88-e159-4482-b8d3-f8634c71833a,Professional,2026-05-09,0.6
3ef57eed-4d8b-4562-84c8-fdd4b24d56db,Enterprise,2026-06-09,0.85
fb3a67d8-900e-4856-8667-18b15512d4b2,Professional,2025-12-10,0.6
6d95d082-0742-4ec2-9272-e4ae11ab0168,Student,2025-11-16,0.15
38b4f4aa-e26b-4288-bde7-54885563efb9,Professional,2026-02-02,0.6
5c4449ec-8cdd-4cc6-8bb2-85e54a91218c,Student,2025-12-14,0.15
8b383db5-105d-4b6d-8c90-fefd9bc6e213,Professional,2026-07-24,0.6
7043cdbf-8b6d-44a3-9574-3c904766e77a,Student,2026-08-20,0.15
b0b50e0a-e506-4801-b998-199d308dffbf,Student,2025-10-21,0.15
305cb97c-76ae-48ff-ab2f-0c193e9c8ed4,Professional,2026-02-25,0.6
aa518812-b566-48f0-8799-715cb470a568,Student,2026-04-04,0.15
d09a2356-1e1d-4200-b584-a7e637e34714,Student,2026-04-20,0.15
ce03b67f-d246-4594-a09c-6fcfdb91ea34,Professional,2025-09-04,0.6
2ddfaa3d-bff6-42bb-b5c9-423c9f97be5b,Student,2025-12-28,0.15
f4448d30-37a4-4cdd-97b9-f69fd8c2bb2b,Student,2026-02-08,0.15
177ef7a8-3b9d-4625-8b9c-7f51f340c6a4,Professional,2026-08-14,0.6
e3f236af-00f2-42b7-8532-4646e18418b9,Professional,2026-03-27,0.6
96910ec0-ff15-45b3-ba03-28a7a697d829,Student,2025-12-31,0.15
3d182a84-96d4-44ee-a3e0-d2bbf79128df,Student,2026-01-18,0.15
d8f2a65b-c02e-4896-b847-5427ff5bf7ac,Professional,2026-03-27,0.6
e51ef521-2b34-499e-840f-39931dfa33fb,Enterprise,2026-02-17,0.85
96ba49b4-b291-48d1-9b2e-cc5ef3a77328,Enterprise,2026-05-13,0.85
0a5d257a-1d23-414e-bae3-3b603af45640,Professional,2025-10-20,0.6
01f71f56-e69d-41d8-a23f-638b5749e3ae,Student,2025-10-29,0.15
df55e0bd-450c-4ac5-a1b0-09cb9e99c85d,Professional,2025-09-02,0.6
ad7880cf-bc96-476a-a843-ac57f640755d,Student,2025-09-06,0.15
b4873e57-368e-48b8-85e9-dab842a196e7,Student,2026-08-13,0.15
59b86de5-005c-48ac-826f-aec7355d520f,Professional,2025-12-24,0.6
bfbf5d99-6c97-41c2-84e3-e6e4430dd874,Student,2025-10-17,0.15
fb9f2639-c4ac-44e4-80bc-c19fbe64d28c,Student,2026-01-11,0.15
ca166af5-6453-46d0-8f4e-4965d643bef0,Professional,2026-05-11,0.6
021f7d9b-eeb6-4c17-8c35-0f2173b1db9a,Professional,2026-06-28,0.6
3b97f98f-21d0-426d-841e-9730dc1475ae,Student,2026-07-14,0.15
9acce5f6-8710-4b89-af26-22b96b9bfe58,Professional,2026-02-25,0.6
f557402b-5b47-46d1-b49b-c0db0fdb1d18,Student,2026-06-30,0.15
ee59f9c8-74d1-4699-a8f9-a21c2d5d1d48,Professional,2026-05-16,0.6
285906c7-3b58-4dcc-ba87-6c1e7285c60a,Enterprise,2026-06-12,0.85
2f36bb65-89c2-4077-9682-9a807d43d59d,Student,2026-04-04,0.15
4a37c74d-2bdd-4b32-9c0b-8b3433601ffd,Professional,2025-12-07,0.6
d97e395d-ea52-45e1-83c9-e6a95016f85b,Student,2026-02-24,0.15
20e23611-04a5-4bfd-94ec-ad95030e5562,Student,2026-08-21,0.15
d9ec3c98-8efe-4b7c-9bd9-cdcb2ffe84ed,Enterprise,2025-09-23,0.85
31838ad0-717a-4674-98b7-d669ba8b4252,Professional,2025-11-17,0.6
c0abac18-1708-4650-9cf7-992a55a477b9,Professional,2026-05-19,0.6
db462935-a12e-414e-821d-33dfa7d9df03,Professional,2026-08-16,0.6
cc041bf1-2036-4b66-97ce-b9eaa1d9d788,Professional,2026-04-01,0.6
bcf8081c-39f1-45af-80d2-4598b057e5e3,Professional,2026-06-23,0.6
a97710db-02c7-4d39-8539-ee47c8abe49b,Professional,2026-01-11,0.6
52e27f97-a8a9-4f4b-adbc-729b235b2bd0,Professional,2025-12-08,0.6
b693664e-cbd7-4aad-be74-05945ea8f64f,Professional,2025-12-13,0.6
5ef75813-ec39-45a4-981d-501f899a29f0,Professional,2026-01-30,0.6
5a501725-81b2-4a4a-b0ac-4d01f29c3f16,Student,2025-09-23,0.15
dd2f7620-cdca-40e0-b1ae-9cf64d1983d5,Student,2026-06-17,0.15
656c9582-c047-4893-8e89-012821ba3e59,Student,2026-08-24,0.15
13efe52f-36f0-457e-a0b9-ab27ddda58bb,Student,2026-01-19,0.15
ec3022f3-e70b-44a1-9106-80cc15473bfb,Student,2025-12-17,0.15
e49da098-ec80-43cf-b58e-61bf335703fb,Student,2026-03-04,0.15
e0d7e13a-8e24-4678-8952-4db1a7fbb216,Professional,2026-05-27,0.6
9b4c3127-d653-4744-8833-d9bf60c4c2ea,Professional,2025-11-04,0.6
03e88a31-3ae1-4277-9d72-06acca012356,Professional,2026-04-15,0.6
553c6942-02b3-42a8-85e4-6eb53fb790c2,Professional,2025-10-05,0.6
47543fd5-5954-405f-aa59-315df8d0a0b2,Professional,2026-07-07,0.6
d2a925b9-8fd9-4a62-9476-35c9be6263a1,Professional,2025-12-21,0.6
9cfc723d-962e-46bb-b733-9f6f3eb6dd4a,Professional,2025-12-29,0.6
714f039e-7bbb-4a7e-b12f-ebc07fb4e18e,Student,2026-03-10,0.15
681453d4-153a-453a-8f22-55f65d585d47,Student,2025-10-30,0.15
ae849eab-ec7f-4d6a-8a4a-143b9fdf2ec3,Professional,2026-01-21,0.6
8e3410bb-0c28-4d64-8b43-93a770dab28d,Professional,2026-06-06,0.6
96d71278-704a-4b5b-8de7-0a46ef40af39,Professional,2026-07-29,0.6
3d6b1373-3c24-4a7d-8fd0-1cf2ebe4c3b4,Professional,2026-02-11,0.6
ad746b3c-d83f-434f-9215-63f20318b86f,Professional,2025-09-17,0.6
8555018b-bf75-43f4-9e7f-ac88aa676cc4,Professional,2025-12-26,0.6
fbf36608-d3b1-467f-9a13-d96c27f52bc0,Professional,2025-10-24,0.6
603f8e26-4904-41a1-9691-b0882c3f5616,Student,2025-10-17,0.15
672337cd-5b6c-4a9b-9443-57c6eab6ade9,Professional,2026-07-12,0.6
30e73201-4706-4a1f-8e3a-16137494410e,Student,2025-09-16,0.15
35d9d41b-f685-438e-89d9-9550a4ffc752,Student,2026-06-02,0.15
83427099-b77f-443d-860e-b917b2ae12eb,Student,2026-03-22,0.15
4276dd99-16e9-43ec-9aa2-c73433ef9102,Student,2026-04-02,0.15
7db04333-d418-45cf-8d4f-835807e04520,Professional,2025-09-26,0.6
0caa406a-b83d-4791-8e74-bf0a41ae589c,Professional,2026-07-11,0.6
cc6724b4-179a-4ef9-99cc-7cf9b0ecdb5b,Student,2026-06-24,0.15
b956460a-a65e-4d87-861d-6d17639c56ce,Professional,2025-10-21,0.6
ecf1383d-6856-4527-9cb8-2ee734785580,Enterprise,2025-10-29,0.85
05d55066-b59e-4690-870c-2cdd92024eab,Student,2026-04-30,0.15
53cec629-5d3a-4bf8-b2da-7f51f1f90e75,Student,2026-07-22,0.15
b1660885-e953-4c66-b2a9-a47b87f0be40,Professional,2026-07-01,0.6
a6494848-8626-4339-94cb-76be696e37f1,Enterprise,2026-07-14,0.85
30ad87a5-ad61-4e75-ad54-c6e97a4349ff,Student,2026-01-06,0.15
041ac973-6131-422d-9023-8e7f8f315de9,Professional,2026-08-15,0.6
d80f73c6-a498-4b27-b2bc-0e414cf4b501,Professional,2026-04-19,0.6
4a16ddbb-1c0d-4774-a590-e52d7f25ae7e,Student,2026-02-13,0.15
442cc871-a8e9-48a0-8075-703bb21ae84d,Professional,2026-01-06,0.6
75af87d4-380b-4f8a-b08c-a64b9e6a11f5,Professional,2026-07-26,0.6
6c696309-2726-4261-a092-1ca438b43ef5,Student,2025-12-03,0.15
4772226e-0cfe-438a-96c9-454b953e959b,Student,2026-06-28,0.15
82fae765-dd15-4592-8d30-2da8c7b6e787,Student,2025-10-21,0.15
ffce5635-1ee1-4e76-95f9-0e8aec121650,Professional,2026-03-12,0.6
f2de1145-5bcc-4925-8b3f-f1a92f7f4852,Professional,2026-03-31,0.6
1ec2823f-a912-41d3-90c0-e72f2dab2d28,Professional,2026-03-17,0.6
3f25fe86-814e-4189-b30c-d00078254adc,Student,2026-05-20,0.15
5a320c4a-4a7e-44a3-a883-77803eff7f19,Professional,2026-07-13,0.6
64412e6c-4823-4bf1-9cc6-0e37473699fe,Professional,2026-05-09,0.6
303035b2-0130-433e-aefc-0951a66d2d88,Student,2025-12-06,0.15
eea858fe-0cae-4869-8467-bdb06ce4e9ef,Enterprise,2026-06-15,0.85
1550b2b2-33a3-43b5-b798-41f82f4d63d4,Student,2026-08-04,0.15
8280608c-9394-4d79-ab9f-a0ab0e4a259a,Enterprise,2026-06-06,0.85
8c715079-b85e-4858-a845-be912ef12ba6,Enterprise,2026-02-24,0.85
a26c6db6-b638-4c3a-ba0e-1df96bcf1224,Professional,2026-08-20,0.6
01eabfcb-687b-43f4-affc-155b68b9ccdc,Student,2026-08-07,0.15
e9d5cd4d-8287-4ea7-9e1a-896ed8794334,Student,2026-06-29,0.15
c7e91193-e802-47fc-98b1-fa2df850bb38,Student,2025-09-06,0.15
21a6da69-3265-4728-b027-2bbb7df07c0b,Enterprise,2025-11-21,0.85
bd04503d-febe-4e88-ac59-4ab8d162fa71,Student,2026-07-16,0.15
b9d41e1b-01eb-4d99-9fb5-4a6c2bbbbebe,Student,2026-04-20,0.15
249bd74d-0696-492d-8f23-057c9da5cd1c,Student,2026-07-01,0.15
ec6859f1-e53a-48df-a410-b71584f0576d,Student,2026-03-06,0.15
84e5e1a5-0101-4882-8c06-738136177c7a,Student,2026-02-22,0.15
9c311f87-ea29-4d74-9a2c-3ac35148e9a0,Enterprise,2026-02-08,0.85
3049b786-8d72-46e0-a5ea-ae7d368bd88b,Student,2026-05-30,0.15
6fe593ba-44be-438c-9ec4-8947b378794d,Professional,2025-10-07,0.6
5343d413-04a4-4756-bff8-c2b340a9868c,Enterprise,2026-04-29,0.85
7c4e935e-6cf8-4f9a-a0dd-d09ea1b397c1,Student,2026-07-14,0.15
9786673a-91cc-49e7-8355-425dc04de16e,Enterprise,2025-09-30,0.85
1fe7cd6e-c8ef-448b-b958-b4bf1b3b382b,Student,2025-12-10,0.15
1cf59d09-4c74-4406-848e-4b83c5c5e159,Professional,2026-05-17,0.6
1f08eebd-c8d3-452a-8382-3306d58bb6c1,Professional,2025-10-04,0.6
90565f65-721f-4e68-a6b9-f193313ec758,Enterprise,2025-12-22,0.85
603cbb43-c455-445c-aa04-fb08d8010183,Professional,2026-06-05,0.6
4f48f943-bc16-45c4-b95b-7e7545a3513f,Professional,2026-02-09,0.6
435bfc53-2fc0-4068-aac9-0b098f7a4af8,Student,2026-02-10,0.15
c8569802-322f-481d-ab33-f91f0a2f9a0d,Professional,2026-02-10,0.6
5f5d2108-9987-4757-9b49-5154ae43f16f,Professional,2026-08-11,0.6
2517c6f2-1baf-49d9-bcc4-c366ef2f0d76,Student,2026-06-29,0.15
c91106ec-84fa-4813-bfed-ccaae8dd472d,Professional,2026-01-27,0.6
f03713ac-6c35-4259-9938-730388e8a77a,Student,2025-09-15,0.15
ec03cb42-184b-4600-9cee-0d25f384f1e8,Professional,2025-11-19,0.6
6c712ccd-74c0-4b1f-ae83-b17436251a92,Student,2025-09-24,0.15
08d632ed-8640-4b5b-b832-1d67440aac9e,Student,2025-12-03,0.15
812b9a05-f074-45a5-88d4-1bda31ad0fb5,Professional,2026-02-18,0.6
91e784ff-5950-4882-916a-afb8ba071245,Professional,2026-01-23,0.6
b636fa26-fa98-40da-bc93-562a4c333815,Professional,2026-06-10,0.6
8036599f-52fe-4ded-b506-3d5b63f369ed,Professional,2026-01-24,0.6
cbfa5a4b-9467-4358-98f0-ec8c4bb6fef9,Student,2026-04-18,0.15
f7ab58da-8f2a-45db-a1ed-345f4d3b652a,Student,2025-10-14,0.15
f598fec8-8c47-41f5-810e-3b8a4501090c,Student,2026-05-14,0.15
b860a131-345a-45ea-9d97-20655462de86,Professional,2026-04-01,0.6
50f2f954-28db-49a8-9781-e5367d49fd76,Professional,2026-07-29,0.6
5049d8af-df77-49c2-8ffb-f95cd3306fd8,Professional,2026-03-11,0.6
f2b5f41b-9483-47d8-8a38-7b729d11ca79,Professional,2026-06-04,0.6
77eb3d21-a330-47a8-82b6-b3e041eefac5,Professional,2025-10-19,0.6
79908f82-083e-4fc4-95e3-43cdae2a61b9,Enterprise,2026-03-16,0.85
35071e1a-9453-4461-b451-ce0621e9bb33,Student,2026-07-18,0.15
a4b5dd73-ed21-43f4-8612-367418d47a22,Student,2026-02-05,0.15
1ba3f11e-2321-4216-b3af-e8be14624b2a,Student,2025-12-13,0.15
82c638c1-93ed-4d22-a635-a24077da0d33,Professional,2026-06-04,0.6
fe16a153-1c57-4602-b9a1-8f94e30b52a6,Student,2026-01-17,0.15
8d9fccf8-6653-4bff-bbaf-4e19515e68a9,Professional,2026-03-11,0.6
5f987c63-fdea-4bcc-9ebc-da95e43af5f1,Enterprise,2026-02-02,0.85
f6e0b308-9e3a-4e28-a25c-578b0d595a6c,Student,2026-01-31,0.15
16a70d80-21ad-4080-88c7-755b7cbf933e,Professional,2025-11-19,0.6
c5fd1168-c025-4aa8-9b7a-863f427a300c,Student,2026-03-12,0.15
678889ff-7f6a-437c-8634-c4ad5e7b3545,Student,2026-05-29,0.15
c59b7b8d-691f-444e-9315-c0b90f7c6147,Student,2026-04-12,0.15
dfb8896a-bbf5-453a-8d84-a7786338e467,Student,2026-04-07,0.15
f7cafb0d-bb39-41d7-a09b-4c0662b47364,Enterprise,2026-05-09,0.85
58f53e7d-54af-4f41-8478-e6d6ee68a147,Student,2025-09-01,0.15
82c74d09-7fb0-41ce-9d63-713989c93ee1,Professional,2025-08-31,0.6
5e409d00-c2f4-4ac3-b7c7-2bf78245f8cf,Professional,2026-06-12,0.6
6f0c899c-1e2c-449d-9a73-2beb6bee76dd,Professional,2026-05-09,0.6
dba35166-3928-4765-baa6-d0d082232a42,Enterprise,2026-02-10,0.85
d4a267c6-fb04-4dab-9691-f6f574d0a3f2,Professional,2025-11-01,0.6
df235554-c504-4eeb-8e92-721d99810cbd,Professional,2025-12-16,0.6
6afb4c80-f2f8-4cf0-864a-5ee94ccfe5ed,Student,2026-04-28,0.15
f545c7e9-a24d-41de-be3c-ba368736f439,Student,2026-07-11,0.15
4b234273-1f17-4240-94f3-dd7773d19f01,Professional,2026-07-12,0.6
7130e65e-6ca2-43e6-a335-3114e9f42e6f,Professional,2025-10-03,0.6
04edeb3e-2c14-405e-8b3c-e799b05fb88a,Professional,2026-08-22,0.6
8f76d221-f9bf-4a03-8aae-2fc4cfb18bc7,Student,2026-06-12,0.15
88565ed0-902f-40f1-ba8a-1b49d2bf5f01,Student,2025-09-27,0.15
f858bd1f-479d-44c0-a04d-1a2e5b693be4,Professional,2026-04-02,0.6
d84f4c78-0d08-4c3b-85f9-349e60841fbc,Professional,2025-10-07,0.6
f1a174ab-ea02-42ed-80b4-9dddf6bbfdea,Student,2026-01-06,0.15
526c3de4-2b86-4f1c-a865-73b9b118883a,Professional,2026-07-04,0.6
fb88300b-6e93-4300-b4e5-c5311745163e,Student,2025-10-04,0.15
f6d921ec-65c0-4246-9459-76e388c67269,Professional,2026-01-18,0.6
31656d46-12bb-4b3d-89ce-8fa551fe4f72,Professional,2025-11-21,0.6
d5e2152c-2f59-459e-9d74-1b6d614c381c,Student,2026-08-21,0.15
02271759-d7cb-4333-97d7-7d111a0a2483,Professional,2025-12-09,0.6
495ed789-d2ec-4297-a63c-44f9c0393f97,Professional,2025-09-02,0.6
7e7317ea-b3ba-4228-b5f2-f04e6e4ebc7c,Student,2025-10-19,0.15
c5ce0155-44ac-4650-907b-6d2333473db5,Student,2026-06-30,0.15
9a65c0ef-7822-4750-b336-7a8c24b4ffe8,Professional,2025-11-02,0.6
4453e478-44e0-4c67-ac51-477c5b9f0ae8,Student,2025-10-27,0.15
021ab8a2-9140-48c2-8321-49595e150e0e,Professional,2026-03-23,0.6
dce91668-9547-4614-83c9-5725c0724232,Professional,2026-01-05,0.6
677f5e8d-1601-4f6e-8db3-9a978297c9cd,Student,2025-09-22,0.15
21dc8752-aec2-49c2-9dfa-f0fbf3bd93ba,Professional,2025-12-19,0.6
75186085-1ca8-4afb-9ccf-62114dba3723,Professional,2026-06-20,0.6
e2cda859-70cc-448e-b5a3-f953111da1ed,Student,2026-03-07,0.15
ddc11447-5ad0-440d-9701-844797476b01,Professional,2026-08-03,0.6
4a8d6076-5aae-4c42-9d1f-f58632d2e8e8,Student,2025-10-06,0.15
e07a427e-2dc0-45d4-8dd5-bef30ddaa36a,Student,2026-01-21,0.15
868cc87e-c573-4e16-91dd-eccc81052b3e,Enterprise,2026-05-14,0.85
0d765e5b-e721-4da0-9bfc-2bb742d213a6,Enterprise,2025-11-01,0.85
52b60c16-efd0-41e9-9910-c53143eded48,Student,2025-11-30,0.15
e04021e5-4fa7-4dc3-bfcf-1e25e9317e31,Professional,2025-09-06,0.6
83c19696-d9bd-4e4d-9727-f5beede60baa,Student,2025-09-23,0.15
9768bd5f-522e-4530-a46a-42ed0bf5b3d0,Professional,2026-07-21,0.6
179d5fba-5b9a-4024-a0a1-cc515c2aae80,Professional,2026-08-20,0.6
e4fb1d06-f22b-4eb0-8c57-44248eddc538,Professional,2025-10-02,0.6
0069e594-189d-41f6-88bf-83c587a36680,Student,2025-08-28,0.15
d843af41-886a-4a5d-91de-9bbef3b44b3f,Professional,2026-06-19,0.6
7491459b-e56b-40c1-80f0-bd4950a3cdcf,Student,2026-06-11,0.15
5907baa4-143d-4040-b24b-8281b733a908,Professional,2026-06-20,0.6
265e85ee-ac9b-4613-a768-332c08817990,Enterprise,2026-08-05,0.85
2e3d9d80-fb64-438a-a541-a2466e5eee65,Student,2026-02-07,0.15
1dfa788b-1c0e-4dca-b018-e77717b5263c,Student,2026-07-11,0.15
6afe45a8-ec4b-4c6d-a912-faf028202b06,Professional,2026-05-26,0.6
145ee2d9-69b5-4612-a9d6-56862d129fc5,Professional,2026-03-12,0.6
5b03dec8-8768-4ffe-aa26-b40b2e75400b,Professional,2026-01-23,0.6
ed788319-9135-4423-9231-9c044fb79d3a,Professional,2025-09-24,0.6
66a4e511-b067-4e0b-bdcf-a119b075c61b,Professional,2025-09-10,0.6
cd26d2d1-8c36-4e19-9f34-174065ff9929,Professional,2026-07-07,0.6
c7b235eb-5303-4f90-b1bd-d72c2fe25478,Professional,2025-11-20,0.6
db307ccf-216f-493b-bf41-7c9bbc1d39dc,Professional,2026-04-14,0.6
3d9b44cc-c8cc-46b4-8340-7461682bc607,Student,2026-03-12,0.15
485cef7f-43e6-41e1-8e03-197a661306fa,Student,2025-11-05,0.15
1fafbd03-313f-4093-866a-1c4d5d8ed08c,Professional,2025-10-09,0.6
ece13e05-983e-4ad9-a1e2-ec18c4583f60,Professional,2026-03-08,0.6
7ae1d48e-d178-4255-adb0-8feddf3c61e5,Professional,2025-10-29,0.6
2afe40e1-a350-4917-87a8-85a0f480d86c,Professional,2026-01-12,0.6
e5033ceb-5f2f-4dfa-a711-a34ccd3ffd91,Student,2025-09-01,0.15
783384d0-cac4-45fb-882e-a4e12d4a7120,Student,2026-03-22,0.15
9ce67f80-f42c-4c33-988a-9bfa9db14529,Professional,2026-03-09,0.6
65134042-c4c8-4970-978a-d935306e5f8b,Student,2025-10-04,0.15
d7e6abe2-9b8f-4493-a9b0-981481f00357,Professional,2026-02-25,0.6
a9bb2e22-e933-452a-985c-64cec0892dd5,Student,2026-03-30,0.15
7102074a-6c7c-41ae-9351-252096fc5086,Professional,2025-09-12,0.6
2fbc14b7-c43f-4c20-a435-ca717b53f531,Student,2026-04-19,0.15
5a0e1d58-b53b-42a1-9ba5-b5b1fada930d,Professional,2026-07-09,0.6
c8ed01d3-7463-4985-8580-8b2015d8838e,Student,2026-07-18,0.15
b1c129b9-7374-45b2-9540-db81340cb883,Student,2026-01-11,0.15
f93ca07a-d374-4df4-93a9-c9bae9900d73,Enterprise,2026-01-13,0.85
6706919a-1864-4480-8f28-8a6b1a627bbb,Professional,2025-09-08,0.6
400b1afc-1e6e-4f89-b1f0-64bdbfa73fc2,Professional,2026-06-22,0.6
2ea22290-0f1c-4abd-a475-a07fd3760937,Student,2026-04-22,0.15
cdeba5b1-19a2-470b-b267-9cf12388776a,Student,2026-07-17,0.15
fd436f52-06f7-4c47-9d1c-ba2983f86689,Enterprise,2026-08-22,0.85
ab65d016-54d7-4c02-a0c6-3e7c99c83e3f,Professional,2026-07-27,0.6
5ea3e0fe-3c40-4bf7-8e23-ace91da39c49,Enterprise,2026-05-20,0.85
8e8ae3e7-6b4e-4812-8b93-13b8d7c6e26b,Enterprise,2026-02-03,0.85
eae79f59-f9ba-46bb-8e4d-b38ca41f5864,Professional,2026-08-04,0.6
8470dbf5-6cef-4828-8edf-537e50e57359,Professional,2026-05-15,0.6
fa9b97a2-b5a0-4590-96c9-9b2ef3873819,Enterprise,2026-05-26,0.85
50df167d-ae46-40b4-8877-6942196ace2c,Student,2026-05-06,0.15
d6dc4e57-9089-4869-bc73-4d636a79c0c9,Professional,2026-02-13,0.6
037d593d-592e-49ed-9b35-84f7f1214bfb,Professional,2025-11-07,0.6
ea985cc0-ae68-462d-b40a-53a0a723ed66,Professional,2026-05-14,0.6
8f3e1ab7-599a-4632-95e0-7d330ce6fc6d,Professional,2026-07-13,0.6
6c5c7caa-7691-41a1-adf3-e1e7f71f8d80,Professional,2026-02-15,0.6
2d6bed82-1e38-4242-ab55-ae439e672dcb,Student,2026-01-27,0.15
2548de61-eb5b-4d97-86c0-020281f9c243,Student,2026-06-17,0.15
e84e0048-374f-4a27-af9a-067faf2bbcbd,Professional,2026-02-18,0.6
a8ad3ae4-6f73-45ab-b468-aeb54bb3b055,Professional,2026-08-15,0.6
04b48cb4-8325-4acf-9501-76a9e6178761,Student,2026-03-14,0.15
07f8ff37-a15e-4ab7-99ff-39dac1f34985,Professional,2026-07-07,0.6
9eefe598-8ae4-41d0-9a2c-eeae977aa712,Student,2026-03-01,0.15
cce9ec91-6d74-4e37-821f-9552e7f080fe,Enterprise,2026-01-19,0.85
50406935-85e3-4845-b0b0-7e1e51f7a65b,Professional,2025-09-13,0.6
6a46ac40-45e8-4861-a417-fe4f4b516e51,Professional,2026-01-01,0.6
4ec3892a-3e34-4fd6-95ea-197b4039ed49,Student,2025-12-07,0.15
93055291-846f-4db3-9556-8f6fb4d554c2,Student,2026-04-24,0.15
4185a48b-26d4-43cb-a3ab-6d53cbbf2a26,Student,2026-04-03,0.15
847d2d23-8143-4a48-ad14-46f06862bb51,Professional,2026-07-09,0.6
494f491e-0208-450f-93c9-ad2a7255acfc,Professional,2026-01-29,0.6
5aeae41e-c6f2-4c80-9383-8d538dc41faa,Professional,2026-03-29,0.6
3af35a00-c038-4ec5-a7b7-a5a9cba9b46f,Professional,2026-03-23,0.6
9f011ab7-2a15-4a38-ba98-8f402ed5e4b4,Professional,2026-02-20,0.6
7236289f-ccb6-4068-aeb5-6a1b361229f5,Professional,2025-09-01,0.6
09338c1b-1b36-4a98-a411-71e17420b872,Professional,2025-12-04,0.6
51dbdb94-bc6b-47bf-8d6e-fafef0656447,Professional,2026-02-07,0.6
7b1e9eed-8db4-499c-a6a7-57faa2b963b9,Student,2026-08-04,0.15
a0cc0dc3-3bc8-49fe-a5e6-cf8c8eb60571,Student,2025-09-18,0.15
2435d2ac-565e-4448-b205-9641236c6e7e,Professional,2025-11-22,0.6
f35e399e-8e14-46a1-8cb6-71bf07d99cf6,Professional,2025-10-27,0.6
1a9914f9-7e7d-4081-9cf7-e558911191c2,Professional,2025-12-19,0.6
3f4cba28-b3bc-4f85-9e50-bd2d7c906de9,Professional,2025-12-03,0.6
4809ff09-a2af-414f-af24-b9cb42b0c9c4,Student,2026-03-24,0.15
10ae93ee-34b4-4e13-a513-07438795180b,Professional,2026-06-06,0.6
36078cd1-d353-45f6-901a-782cfc91cc20,Professional,2026-07-19,0.6
96a053a3-51ac-4c2f-9367-b22d74698846,Student,2026-01-05,0.15
931b37f4-6a94-4abb-9b93-818e0c720252,Student,2026-05-15,0.15
922a8101-b2e6-406d-8c30-b7f3a1691b83,Student,2026-03-12,0.15
5d97ae93-4cfe-4253-aca7-bf7255407925,Student,2026-01-12,0.15
c7daa213-4e07-4402-b3e1-14e5b5ba7813,Professional,2025-12-19,0.6
7d6b4972-48f5-4fe8-92b0-9dcb1736f8a8,Professional,2026-01-21,0.6
825d58a4-ab34-486e-aa40-2e6b254554a7,Enterprise,2026-07-27,0.85
71743c88-ca0f-4ee6-ad4e-f5f62f0992bd,Professional,2026-01-17,0.6
358bc3f1-60af-4989-b855-0ee2880cec4a,Professional,2026-01-16,0.6
43d3b65d-cd32-42da-bb75-3ad5d0ef7027,Professional,2026-04-12,0.6
51179d86-1648-4a97-ac42-5eff4c152156,Professional,2025-08-29,0.6
bbb0e130-767f-484f-a182-1ce74deed3b9,Student,2025-10-27,0.15
35ada901-a5b4-4ae0-b6ef-a0d174a1c4ff,Student,2026-06-13,0.15
cc11b9b6-970d-469f-bfb3-0bd67a60003d,Professional,2026-04-18,0.6
b55984e0-5818-43ed-b769-f2804a22e386,Student,2026-03-25,0.15
55b7a742-bd05-407a-a81c-eb4cfa16095f,Student,2026-06-19,0.15
fb5b1a1f-f714-46f3-94a5-037555880690,Professional,2025-10-15,0.6
5af64a33-998d-414e-a074-d55fda6c7ed3,Professional,2026-06-20,0.6
bdce4707-787f-4520-a370-3321626100f1,Student,2026-06-04,0.15
b534ad44-a8f5-4051-8d5f-8f2da53939f6,Professional,2026-02-02,0.6
06e949b6-161a-4ba9-b7a4-d7bae275b8f1,Professional,2026-05-14,0.6
a69e4c03-ffae-4bc1-8672-515bf481b87b,Enterprise,2026-01-25,0.85
20a875ca-4f17-44c7-a362-5537d1a3cd51,Professional,2026-01-28,0.6
67d652d1-7e67-436e-8e47-a8fb9f5905d3,Professional,2026-04-30,0.6
47514742-7fb9-4318-834c-d823ac5e7a1a,Student,2026-05-12,0.15
3d581296-1681-426c-97dd-6c1703229127,Student,2026-07-10,0.15
c67fa9bd-5ad9-4600-94b3-e73cb903e28d,Professional,2026-01-21,0.6
192db060-9b1a-4c6f-b69b-2221fd1174ae,Student,2025-10-28,0.15
2f328479-faed-4cea-b29f-b397fecd846e,Enterprise,2026-08-01,0.85
14fce3fd-2318-442d-8c42-b55e86ac8638,Student,2026-07-21,0.15
5df72c30-794a-46d6-a72a-328d0d645d24,Enterprise,2026-08-09,0.85
a05373e6-864b-495e-a305-ab7a0a838a64,Professional,2025-12-25,0.6
279b5957-5d0a-4dbf-98df-d7867d89371b,Student,2025-11-27,0.15
7c9eaa2b-97e0-4a76-9681-b788a2f10e1f,Professional,2025-12-01,0.6
e73039de-26b2-42fe-bfe5-8d5e838efb69,Professional,2026-01-19,0.6
1bb5d830-3721-4cb9-a460-6e77c569942e,Student,2025-10-30,0.15
2aba9e48-a7e1-40b7-804f-34a025ca38ab,Enterprise,2026-06-11,0.85
a4cbb68b-e74a-42bf-affc-d77f05280f69,Student,2026-05-14,0.15
5ee2ba82-2db7-4021-a314-594a33f73e39,Enterprise,2026-02-28,0.85
8b643cd3-0c6b-485e-8b02-09b5acd04a41,Professional,2025-10-14,0.6
8c1e72d3-3ddf-490e-b005-d79e420b64e7,Professional,2026-02-02,0.6
f100658f-218c-417d-bb02-e0b82632ba53,Student,2026-07-30,0.15
3ed51568-9e61-436b-9a00-7883167ab235,Student,2026-03-02,0.15
c1f176ba-ef0d-49ca-80a6-3cbfae8de484,Professional,2026-04-15,0.6
dcb528f2-dc93-4adf-b7c0-3d687dbff180,Professional,2026-04-30,0.6
ee6ef022-a205-42b3-9048-06a8e334a9a3,Enterprise,2026-07-28,0.85
c2d64b13-8b70-4459-9013-6dc7f4bda407,Professional,2026-02-18,0.6
14bf1903-fa3a-4f2b-8842-a26883252974,Student,2026-05-05,0.15
9dfea4ef-b36d-4c1d-b543-758628acc8e8,Professional,2026-07-20,0.6
55b22f97-abfd-4509-9450-eada3f86ff9d,Student,2026-01-20,0.15
2239ccc2-a1f5-4bdc-860d-3a5165692fc1,Professional,2026-06-03,0.6
6e525841-dab5-4bd8-a967-1228daccdba3,Professional,2026-04-19,0.6
61816e78-9be5-401e-9823-a09f9cb0b83e,Professional,2026-01-21,0.6
655d1d38-6016-4fdf-b2a0-6e0ba0797af8,Professional,2025-09-02,0.6
79954c3d-9265-417b-8f9c-ec96883fb352,Student,2026-03-14,0.15
9761dcfe-4013-49f0-8e9d-446d225119ad,Student,2026-02-26,0.15
25dd5a21-61f3-497e-b633-1e31dffc6f81,Professional,2026-03-09,0.6
7c766bd5-163c-4c44-afce-7441a44e987c,Student,2026-06-20,0.15
905bb62c-2dd4-41a1-9640-d5e9553d8412,Professional,2025-10-29,0.6
83ad0a8b-37a4-4e8e-95b5-e6a4de7aec20,Professional,2026-07-17,0.6
5f1b7c48-0c5d-4f05-b973-9e8854a79a6d,Student,2026-05-27,0.15
bf91373b-0dbf-4812-a69a-003f4a3fb7fe,Professional,2025-09-23,0.6
e7b34137-1039-4c41-ad9c-f3cf6225787c,Professional,2025-12-25,0.6
9c1b65ee-cf99-4c9d-b12d-bd25fcffa554,Professional,2026-07-07,0.6
f4ce1518-9a58-4420-b883-8381cf5cf8ca,Student,2025-12-24,0.15
f75ef567-1e07-4793-8851-1c68c7f60a73,Student,2026-06-27,0.15
016b50bf-f0fc-4504-9b1e-b1ee91bd5153,Professional,2025-08-31,0.6
fd8feda8-4fd7-413e-98fb-527ccbbc3da0,Student,2026-08-23,0.15
70e36592-f4f5-4d9f-90ba-6c5691242da1,Student,2026-01-26,0.15
5422fee0-4f8a-4918-8f2c-7843a1df4e09,Professional,2026-06-04,0.6
b557384f-65c8-4f81-b933-fdd8741c1462,Student,2026-04-07,0.15
4d62b1e5-c686-42e5-84c8-d6c9d2a1363e,Professional,2025-11-28,0.6
a54dd87f-46b2-4fc1-b6c5-eb7379aa3b81,Professional,2025-09-04,0.6
061f1636-68b3-4a19-993b-fbc2cfe8e6ff,Professional,2026-05-11,0.6
48705a6d-3f26-44a0-b605-6cf29781af4e,Professional,2026-03-07,0.6
11a0feed-79fa-4528-94b5-07eeba85e964,Student,2025-10-28,0.15
033dff0a-9aa9-466c-a01a-4863a7e3f7cd,Student,2026-05-17,0.15
e1985234-d2a5-417c-b01c-ab72a1344706,Professional,2026-06-24,0.6
c554ec59-b7f3-4bc6-b32c-1554925162c0,Enterprise,2026-05-03,0.85
91ec9649-f811-4f60-816b-eeb5a1e0fc21,Professional,2026-04-04,0.6
2ce0addd-b347-4cf9-9c08-28795acaa87c,Student,2026-03-08,0.15
8f0eb3f9-3e79-49f5-8f96-d1ee4660406f,Student,2025-09-10,0.15
02806ef8-dc8f-421c-a214-b4d8a013a4ce,Student,2025-12-26,0.15
fb28a31b-213d-4b1a-bd33-734c54469abe,Student,2026-03-06,0.15
128fd4e6-30a1-4659-9d6c-48a72e2fc523,Professional,2026-06-11,0.6
0764e9cf-2bd1-424a-b3bd-503dfa0d1063,Professional,2026-05-03,0.6
bd126c06-b045-4c17-b416-cabb8a32ee17,Professional,2025-10-09,0.6
b00728c4-4722-460c-8919-369a86cf28e1,Student,2025-08-28,0.15
5009ec54-ec57-42ff-8ede-e15dd8425afd,Enterprise,2025-12-13,0.85
be910ab4-944f-45de-8e69-d4286a1d65b8,Student,2026-05-05,0.15
194931e2-3c21-4d30-b9e6-5b75eecf5908,Enterprise,2026-02-10,0.85
ab5d7fca-0d08-438b-9d2c-a2d9de04163f,Professional,2025-09-06,0.6
c1689485-f4f5-4470-b63a-ba64105a3d8e,Enterprise,2025-11-05,0.85
09b6d0e9-d846-4c6a-854d-3de77257b62e,Student,2026-05-19,0.15
c8a9c117-8ee6-4e19-920a-2b9feb722fec,Professional,2026-06-17,0.6
53d51562-208d-4d58-9123-180fd06b77c6,Enterprise,2026-04-10,0.85
6cbe5cc9-cbf9-4d0f-becd-529ae7befc6f,Student,2025-11-09,0.15
a5972746-f581-4e13-ad92-6e55a010b968,Student,2026-07-26,0.15
f9a12489-d59f-4f43-9891-eaa35618b462,Student,2026-07-27,0.15
8e3811d9-5f88-48ff-8550-8a32cb3625bf,Professional,2026-02-21,0.6
0a547ce9-1e34-4bb5-ae73-b9bc53f95fba,Student,2026-06-24,0.15
258cf9c1-eea5-42a8-8976-260917c1861d,Professional,2026-06-18,0.6
fa0369b0-4fe3-4874-973f-96a1385e4e04,Professional,2026-04-06,0.6
fbef2b61-2213-4973-949e-211b59f1b421,Enterprise,2026-03-15,0.85
8287940e-ea83-4094-9f55-77b2344a3b4c,Professional,2026-04-17,0.6
c7911436-437d-4f7c-b0f8-42628ae567a6,Student,2025-11-01,0.15
29bb7677-3bbd-4d7d-844e-407f5b63c369,Professional,2026-07-25,0.6
8b04e3cf-37b0-4cbb-b20d-5a21ada2f74b,Professional,2026-04-17,0.6
cdbb95e5-b41d-4757-a168-ffa923308a16,Student,2025-09-26,0.15
f7a713c0-a863-4c9a-a8d3-702396c5c22a,Professional,2026-06-28,0.6
1f32ef3f-35bc-464a-8463-45dd6ff384ba,Student,2025-09-29,0.15
2e0811e1-0fd6-42e5-b4f0-263a9b51354a,Professional,2026-03-07,0.6
aafa6f83-47f4-4af8-9433-c2b96a1f4c9a,Student,2026-03-16,0.15
ccca18ea-b9f6-461c-a209-1beeefb42713,Professional,2026-06-15,0.6
d1fd2a5e-8964-4be5-b62b-0ed2146dcce5,Student,2026-07-01,0.15
a0e92a84-823a-4366-acd8-3c66a877abb1,Student,2026-08-22,0.15
8a704d97-0ad9-4f91-b06d-174c72716c1c,Professional,2026-04-21,0.6
d3b4f74b-7074-4869-98bf-521f17126723,Professional,2026-02-08,0.6
c250bb3b-adbc-455f-a09d-68087604f962,Professional,2026-02-20,0.6
9c50d5d7-d7ac-4a7d-b9e0-159ea25953c5,Professional,2026-02-02,0.6
b386313f-62ac-4b78-990e-aa1d8d65ca82,Professional,2026-08-14,0.6
ce24b3ad-68fd-4096-afc0-96f4a13fcd09,Professional,2026-04-01,0.6
f13291e6-1937-4ecb-8b05-857458a5b30e,Student,2026-05-13,0.15
f19ece17-8285-46c6-b821-a30f308d0d14,Student,2026-07-12,0.15
e3c82346-0b2f-46d2-a839-06b9edfd26c6,Professional,2026-02-19,0.6
954a312b-2f73-4bcd-9964-3381d3080ace,Professional,2025-12-13,0.6
58987800-1ff4-4daf-9be5-53b73b122108,Student,2026-07-26,0.15
a21c9096-1a5b-41a0-aac5-df75d99079c1,Professional,2025-10-16,0.6
789dc6be-d34d-4385-a2be-46a2ee115d6b,Enterprise,2026-05-02,0.85
7f50f2b9-532e-4c78-aa6e-b8bb8bd2e7f5,Professional,2025-11-17,0.6
74db2684-a017-40c1-8a26-34dd0d6a8e8a,Professional,2025-09-28,0.6
40c788cb-dec7-4bf4-84f1-6492f4e007b4,Professional,2025-10-01,0.6
f57a30a3-f5e3-4474-a2fd-24c640cc54db,Professional,2026-07-16,0.6
c8510e97-d813-418c-a4c4-fb6f9ee6628d,Professional,2026-07-29,0.6
da9d3170-f9b6-48bb-a87d-07548612ef30,Professional,2026-03-08,0.6
ec295feb-3a13-4058-a978-ecd094539e47,Professional,2026-02-18,0.6
098c99b9-8a97-4ac7-9da2-f67261b97413,Professional,2026-01-08,0.6
9ed2014c-2b52-42a0-b9d5-aa9ed570e79b,Professional,2026-08-09,0.6
a2faf64f-70c0-4f41-bc5b-59422ea1dd55,Professional,2026-07-30,0.6
25bfbaa6-101d-4d40-8573-c956a9adcc32,Student,2026-06-14,0.15
0074cbc3-3afc-4c38-ae10-a8623f6fa7f0,Student,2026-01-17,0.15
c798fcfc-afca-4245-8f82-9c1770e18f9d,Student,2026-03-01,0.15
494b72b7-70da-4843-965a-db90f3b67c76,Professional,2026-08-03,0.6
7a49e009-d576-4ea1-9a87-1585b364b18d,Professional,2026-03-17,0.6
5ee90221-c7c2-47dc-805e-b2a0c5ba72f0,Professional,2025-09-06,0.6
f92a8ed1-8bf9-40ec-bfd2-8771c4281551,Professional,2025-12-26,0.6
ca36a28f-043c-41da-bea5-a02a32ffb5ce,Student,2025-11-16,0.15
6ccd5e13-102f-4471-b98e-169aedc1e7bc,Student,2026-07-17,0.15
85e69df8-5725-4b46-8ffd-a004c7f0ea7a,Professional,2026-03-02,0.6
2e492bca-2ec8-4663-8fd9-7dca7a2a6750,Professional,2026-04-13,0.6
f6fbb5e6-53e7-49b2-ab63-fcd90970f443,Professional,2026-03-12,0.6
92fe8b8f-a198-47f8-b789-ba0bc649c7ad,Student,2026-04-01,0.15
546b0fbb-45de-479e-8528-4dd8af765deb,Professional,2026-06-14,0.6
d91b00f5-fd7d-4130-9a1c-8fcb0c477437,Professional,2025-11-25,0.6
c293006b-39f9-4011-803b-247038b88e7b,Professional,2026-02-20,0.6
7c5fa7d1-d21b-4d4b-818e-ccea23bce689,Enterprise,2026-03-28,0.85
cf1b02f7-adc5-4a6a-9ab7-f6a00dc3020d,Professional,2026-07-30,0.6
d2c7293a-9644-429a-88e1-309b7c10ec10,Professional,2026-05-18,0.6
55a219a0-dee4-46fa-bacb-eee7ad134645,Professional,2026-07-05,0.6
0bf12902-5f39-4c74-970c-8a2681c02b53,Student,2026-05-13,0.15
5c1adea7-b967-4722-9d65-c80bd683604f,Student,2026-04-06,0.15
8ce4ee60-d9db-428c-948b-41a1c51b8219,Professional,2026-02-23,0.6
e35c943e-ef51-4eb0-89a1-ba4b882890ab,Student,2026-06-07,0.15
f766fa81-4d9e-4563-89e1-7922ae33f614,Professional,2025-11-29,0.6
ef883a73-de49-437d-829b-6409d3b3f3cf,Enterprise,2026-02-20,0.85
da639f1e-de27-4ecc-8dda-0a465fa45246,Professional,2026-01-07,0.6
89636add-de22-42c6-8fb6-8c218901b501,Student,2026-04-27,0.15
3e97085d-92b2-4ece-90c2-7f6f11c2254c,Professional,2025-12-21,0.6
3d47eb7d-da62-43ee-b7fb-c4fe91028304,Student,2025-10-06,0.15
fd7f4efc-a88f-41fa-aca2-62d54bc28f53,Professional,2025-09-30,0.6
47b222c9-d131-4355-88b9-ea0f69199807,Student,2026-04-14,0.15
158574c8-0d68-44ee-97bb-a57682e08d43,Enterprise,2026-04-26,0.85
60c2cb62-7665-4ef9-86ea-c676e1270200,Professional,2026-04-18,0.6
075e223d-db2d-44bb-86fe-d5329e805f53,Professional,2026-06-23,0.6
5da9fbb4-0564-43b7-b04f-6dd3a348caf8,Professional,2026-08-13,0.6
567cfbb1-3228-4004-8d07-0b699b1bfe3d,Student,2026-04-17,0.15
8975e378-771e-49cf-b38a-5fc0a43ebf90,Student,2026-01-29,0.15
5e7a09f2-0b3a-4e72-be8d-1e63ed4a83b8,Enterprise,2026-05-18,0.85
71938c87-ff92-43ae-ba7e-0be08bbd6faa,Professional,2026-04-08,0.6
dc8f3fdd-83aa-4dd0-bab5-96f0e4cc4c1b,Professional,2026-03-04,0.6
3eaeb3bd-3045-4465-bf25-32af98654af4,Professional,2026-04-04,0.6
5fbc6fc1-9abf-4afb-b1d4-2a4c7d8b9796,Professional,2026-07-14,0.6
3715d896-1883-454a-add4-a23b53dfd38b,Enterprise,2026-01-29,0.85
745fedcc-ff39-44e9-bbd7-2d84638e1a31,Professional,2026-02-14,0.6
bb99285f-ab3c-45d9-9f8d-ec5574a4ef10,Professional,2025-12-25,0.6
058ce8e0-636a-436d-888d-fde9f13568e5,Student,2026-01-22,0.15
d569cc1a-763b-431b-8064-930778bc055d,Enterprise,2026-07-25,0.85
67cea837-75ac-4ce6-ae41-0c300c293a6c,Professional,2025-11-16,0.6
118b3a6a-7069-4b68-959d-aaf1510cebb6,Enterprise,2025-09-25,0.85
30143355-c58a-45ac-8863-2fe413d73945,Professional,2025-10-25,0.6
bcaf3552-0e5d-4360-82ae-67f70ededfbd,Student,2025-10-06,0.15
50ebd156-a6d4-4330-b375-5ae2e90741b3,Professional,2025-11-04,0.6
ee1731e3-dc96-435a-ab9f-dbb0c38b9dbd,Professional,2025-12-19,0.6
067b905f-11be-4da5-93ed-323a61c42a8a,Student,2025-11-15,0.15
49b4259a-fd92-4a88-88fe-b629b257abc4,Enterprise,2026-02-08,0.85
fab56ea9-1c53-4571-9518-c84e3e520c5c,Professional,2026-07-12,0.6
227ff855-3f0f-490d-9dd6-9729e4e85feb,Professional,2026-08-08,0.6
dc33cfd8-ee8b-417d-97ef-48fe84edc9fe,Enterprise,2026-03-10,0.85
2e81a5b2-3617-43a1-88ac-7535832d9002,Student,2026-06-10,0.15
914a8122-c08e-4ea4-86dd-f6df75ad6abf,Professional,2025-12-20,0.6
5f1b80c0-1236-47b7-b7fe-7f44d7980e8e,Professional,2026-01-22,0.6
69c50e0a-f54a-4162-beb9-f29d80f82c87,Professional,2026-06-01,0.6
a2ecb291-8f3b-4f90-971c-becdb6b8a3cf,Enterprise,2026-05-18,0.85
16b7bfee-11a4-40c0-82de-5b69ccd47e3f,Professional,2026-01-21,0.6
8854cb09-81da-4f5f-bde7-101dc506f791,Enterprise,2026-05-23,0.85
b10d2314-4842-468e-aa3e-697473ae1745,Student,2026-05-02,0.15
10fc3b11-1367-4cdc-a2b5-4d0cd42295c8,Enterprise,2026-07-25,0.85
e2ad7275-936a-4404-bb4b-891071a7b6a5,Professional,2026-04-17,0.6
e4973d73-4eb6-480e-89a2-57c6b68fe033,Professional,2026-07-29,0.6
08eefa4e-beb8-49f5-bc48-596cc83baaae,Enterprise,2025-08-31,0.85
cf715fb9-5477-4db7-ab9f-2ab03b04d854,Professional,2026-06-28,0.6
624636c9-f749-4346-b5b0-a48ac3e135e7,Student,2025-09-18,0.15
0e8fc4c7-d1bf-4a3b-a51b-2226eef7b111,Professional,2025-12-13,0.6
54e46b2b-6328-4f0f-9dab-a0dc7220b45b,Professional,2026-03-30,0.6
b6db9a99-07f1-4875-8544-f43e7f93bbf5,Professional,2026-04-26,0.6
1bb1b8ff-02b3-4614-a2a4-e8168896d251,Professional,2026-03-09,0.6
ebd326f9-ae11-4bb0-b3b8-607e79426612,Student,2026-01-12,0.15
ba5d3233-ebf3-4ff9-8063-683b85479f3f,Professional,2025-12-07,0.6
4c46a70d-c1bf-413f-a16d-7750139e2e9d,Professional,2026-07-08,0.6
02fefb6f-7cdb-4bf8-90af-a9a49617f3e4,Student,2025-11-07,0.15
bcfc4310-98c8-46fb-852e-30750e89b4e8,Professional,2025-12-07,0.6
98114313-fa8c-4858-ae7c-3e25f6d39ceb,Professional,2025-08-31,0.6
08e88fae-36ce-4682-b730-f811e6b6e6bd,Student,2026-03-03,0.15
894825e2-7631-4957-9573-88a4df56e187,Student,2025-10-20,0.15
ee4c7c98-523a-474a-aa54-07d9af0b3c7c,Enterprise,2026-06-17,0.85
d6d38911-0205-4381-9931-2c8073242443,Professional,2025-12-22,0.6
624f3a02-3a36-418f-b0b4-41d7435e5457,Professional,2026-01-21,0.6
aa33dfed-e552-456a-ae52-cab749baabda,Professional,2026-08-09,0.6
798c41c6-b113-45c0-bc51-1c90d7b77b4d,Student,2025-09-27,0.15
8b3df5df-0992-4e05-83e5-d52672d1659d,Student,2026-07-17,0.15
f7fdce1e-05b6-4ab2-879d-b7dbe810290b,Enterprise,2025-12-12,0.85
f84d3c33-1ffe-4e11-9afc-13242d1ac777,Student,2026-01-21,0.15
78d54259-2fe3-46cb-a184-c8f20018d03c,Student,2026-03-06,0.15
083773a0-af71-42df-a95e-2f2eeed8a856,Student,2026-02-28,0.15
f11f7465-e4f4-4a1c-88d8-dcadd9021ab9,Professional,2026-08-10,0.6
91cd160b-968b-4cf3-ae4a-1e80f7ab4f32,Student,2025-10-10,0.15
ca199643-4f66-4852-bc19-8fff1d6c2aa7,Student,2026-01-29,0.15
971896e0-4c6b-4f45-80ef-4b661cd41ed8,Professional,2025-11-18,0.6
1b3956c5-31d1-4432-83b3-7b836974adfe,Professional,2026-04-01,0.6
7cca949b-ce27-4b51-920f-00b7968e98f7,Professional,2026-05-27,0.6
26557d42-f75d-493f-bcf8-4a09fdbc61c0,Student,2025-10-18,0.15
82cf9248-9d82-40f9-89db-bda732717235,Professional,2026-07-27,0.6
652f2d56-b9ba-4b12-a90f-5c150464c496,Professional,2025-11-28,0.6
bb40d6b3-f6de-4af8-a3be-45edfafd2fc8,Professional,2025-11-09,0.6
47433508-acf6-45f8-b427-1dc382551e6d,Professional,2025-11-19,0.6
7fe0400a-c8a5-49ec-8953-2499795b450e,Professional,2026-02-20,0.6
e7eb46d5-cfb9-437c-92c6-642e34485c7b,Professional,2025-11-22,0.6
41cd229a-9cfe-42f5-8563-b383d73c03af,Professional,2026-02-25,0.6
3044a685-32fe-4bd6-be02-ce62c534a1d0,Professional,2026-06-09,0.6
52c239d1-1f26-44d2-9121-e66070490301,Professional,2025-12-30,0.6
d538f948-c21f-41f1-a075-adea246f09c5,Student,2026-08-07,0.15
71bb1aaa-fb42-4f77-88e5-0f0112bbbc66,Professional,2026-02-17,0.6
6272008b-1851-4d23-b132-9c7ec4788d84,Professional,2026-08-06,0.6
9bf7522b-2a9e-45d2-95e4-b6506ee8fd34,Student,2026-04-27,0.15
bc7fc0e1-abb5-4546-8f15-874ffc2570cd,Professional,2026-06-02,0.6
0b37ef33-541c-472d-a44a-8be39dd2251e,Professional,2025-09-29,0.6
83bb0448-db20-4acc-b3cc-d5d3ae641937,Student,2025-09-18,0.15
ca142630-91a3-44bb-9998-5a9ae4320b90,Student,2026-01-19,0.15
28482514-1828-4f6a-85eb-5f367031b937,Student,2026-01-15,0.15
80e18c45-ecde-4668-9610-c12751d6f9e8,Student,2026-06-06,0.15
a5defebc-e4e1-4879-874e-9456cd241496,Professional,2026-01-10,0.6
3370656f-ace8-43cb-8d74-ceb5e6d56891,Professional,2026-08-13,0.6
fd193ea4-fe08-47a3-927c-48acda767515,Student,2026-08-04,0.15
2ce87973-3de3-4172-abdc-f9c77b48af68,Enterprise,2026-01-09,0.85
efe65818-6a6e-4c8c-9ce3-6bf88afbe593,Student,2025-11-10,0.15
ec2fa455-1c0b-47d5-8095-7f4ecf3ae180,Student,2025-11-15,0.15
0646eb06-d48e-4406-9bab-69babd0f21cc,Professional,2026-06-20,0.6
57aee488-fb04-4fe5-88ff-9ad3245a9cc1,Student,2025-10-12,0.15
bdb75044-2b8f-48eb-82d2-4a12d8eb3ee1,Student,2026-05-14,0.15
bec3dc41-0b78-4957-b16d-b96d105a67da,Student,2025-12-11,0.15
37df2c07-f9ab-4530-89d1-55d07095331a,Enterprise,2025-10-28,0.85
2f8674aa-1344-4a71-8ed7-427638b2dcb1,Professional,2025-12-31,0.6
ede669b8-bf73-4ad7-9b85-fb9afff35688,Professional,2026-02-24,0.6
018bcbee-822c-4a15-a825-5b6682365d02,Student,2025-12-13,0.15
42dfa29d-7cd7-49d4-b3da-af81b66bec7d,Professional,2025-10-14,0.6
d72a392b-212a-4cdc-b025-10dfe86746f4,Enterprise,2026-05-11,0.85
a05716c6-a83b-4da0-a95d-0adfc6490984,Student,2026-01-05,0.15
82617260-2e63-4326-8656-155404e6d51b,Student,2026-08-01,0.15
a79d2944-0d01-4966-95e4-5a94dbac554c,Enterprise,2025-09-12,0.85
2d51f00e-7b58-45ed-9551-c843107acd9b,Student,2025-11-10,0.15
0439141f-0265-4574-affd-998ed2bce17f,Student,2026-07-19,0.15
24db686f-66f6-4737-99e6-c913c2c9719b,Professional,2026-01-10,0.6
b9092d94-031c-46e5-9699-4b0014f8f603,Enterprise,2026-02-24,0.85
d586738e-263a-4d07-8976-15e473a4eab4,Professional,2026-07-03,0.6
aad9cce4-8b24-4ee0-8388-f712aeccd713,Student,2026-01-02,0.15
a1e679bb-be31-4f11-a412-dab813aba8d0,Enterprise,2025-11-11,0.85
96c41284-0996-4957-b6bb-9a04add1d541,Professional,2026-05-17,0.6
b750a932-774e-4606-a625-122da947353f,Professional,2026-08-10,0.6
21a86892-67bf-423d-a9a4-a4933a9598be,Student,2026-05-16,0.15
4c268758-972e-4a9c-bd21-94de6eb6d3e2,Student,2026-07-27,0.15
89ef7b5b-1cac-4c67-87f7-329f64b70225,Professional,2025-08-26,0.6
89b891e6-66aa-4418-a4ad-55ff71f8e97d,Student,2025-11-27,0.15
4135eb19-4069-4248-9b43-eb2c87233f9b,Professional,2026-01-23,0.6
5305aa7d-3e2f-4b34-b29e-22d36584b3b6,Enterprise,2025-11-19,0.85
d54bc2c2-354b-41c8-a90c-992f659e7e2f,Professional,2025-09-28,0.6
d6a05ad5-cc89-40c6-aeeb-77eb50e4a10b,Professional,2026-02-12,0.6
a37b17ef-ca73-47bb-9d3d-a9154cf9f701,Student,2026-04-08,0.15
7afe9f74-9f17-405c-84eb-d161267a0d9a,Professional,2026-07-06,0.6
7188a3aa-c3bc-464b-a956-9cc481d59444,Student,2026-02-04,0.15
e799c52a-4aec-473a-909b-c09d768d2304,Professional,2026-02-15,0.6
51a43b27-3622-4cce-9134-ae2a62d7e5a6,Professional,2025-10-06,0.6
5865d87a-bb3b-4253-9b8f-75ee0a8e1c4d,Student,2026-06-08,0.15
ebc8a589-f699-4610-ae56-d72d486d22d1,Professional,2026-06-11,0.6
8d710b8f-db72-4beb-bf05-470a2990974c,Student,2026-08-04,0.15
f6aaa8b8-4768-47c0-b58e-6e32e7f3e98b,Professional,2026-08-10,0.6
073e5d46-f152-454e-88d9-f0531e523bca,Student,2026-05-31,0.15
17a8d3ef-9a14-4c1f-98e8-46e1dbcaffd5,Professional,2025-10-23,0.6
ff836115-765d-49ab-a16a-179ed6003fd1,Professional,2026-06-17,0.6
16653490-64da-4e20-aa79-afb1413e4629,Student,2025-09-25,0.15
f5013b7b-1905-4af2-897d-1d783fd17e58,Professional,2026-04-26,0.6
d9e03b0d-dc5d-4d6b-b969-38cf2a2bd1cc,Enterprise,2026-05-16,0.85
b9d7c974-08e1-42d2-8d0f-807eafe0efc9,Professional,2026-04-01,0.6
624bd233-e7c0-43b5-b765-96ab21419df4,Student,2025-12-25,0.15
972b5e09-70e1-4e3a-a14f-444ef69b9777,Student,2025-09-22,0.15
31478ea2-8521-476b-8cef-819b17374699,Professional,2026-01-11,0.6
afa68507-c0bf-4d9e-9f53-c3bd331a8316,Professional,2026-01-31,0.6
7074a1f0-e9f2-4be2-a7c5-9f532ec5ecd7,Professional,2026-05-17,0.6
41a1d2e8-493f-4621-b421-b44fe6bed125,Professional,2025-10-07,0.6
d41677b6-3efa-423b-93b8-5754b0f3bfb4,Student,2025-09-22,0.15
eb1480b9-6ae3-4b18-a735-18e8db6862ce,Professional,2026-01-15,0.6
23cefff4-58c2-4864-9ff0-4cf8c06d6f12,Enterprise,2026-03-20,0.85
c88b72fe-d0fc-4ab7-a1b1-b33c1a8f94cc,Professional,2025-10-03,0.6
04505400-72b7-4b25-8ae0-5b2a27b8c9c0,Student,2025-12-06,0.15
6d4853a6-51e2-4a3c-a7ef-d2962a97c082,Student,2025-09-15,0.15
bc8394a5-f178-44f2-be98-a5da8b955ab6,Professional,2025-11-18,0.6
756e76cc-c078-46d2-92c5-52fb3496e39f,Student,2026-03-10,0.15
25a9a1e4-274b-40b3-8b75-0282813f8441,Enterprise,2026-02-03,0.85
08c2e935-e70b-4da8-9be2-829b72a57556,Professional,2026-08-01,0.6
39b0b354-02f5-470c-96bb-09ce7a0fd34f,Student,2026-07-12,0.15
be14c8f0-3ae7-4efd-82b4-823c267beced,Student,2025-08-27,0.15
71a8e6fe-f362-416c-8bd5-3c499a4dcff5,Student,2026-02-07,0.15
db301216-32ff-4caa-b506-f6fd6d4bb7f2,Professional,2026-03-16,0.6
2b17d9ae-5598-4e27-85c8-040a4f4db38d,Professional,2026-01-03,0.6
d74bf035-9b6f-4565-b963-fc26e52ec059,Student,2026-05-24,0.15
269491c0-4e4b-4e50-8ee0-41a4605f4901,Enterprise,2026-01-27,0.85
92060fbe-8f9b-49c1-abe5-48dbbc1d2fd3,Student,2026-01-17,0.15
bf39a705-bfe7-4fc0-994a-9082f467f065,Student,2026-05-11,0.15
e9359fef-d4a6-402f-9310-881fefc3d215,Professional,2025-10-20,0.6
610f3722-851e-491f-bc9e-bc49d699ff0e,Professional,2026-05-17,0.6
42319875-ab8b-4f55-a9b9-04ef1022da0c,Professional,2025-10-24,0.6
6963d026-a3db-4c32-aa07-05ec0c921aa9,Student,2025-10-01,0.15
6d403953-a3c6-4ff1-a954-71debc0272e9,Student,2026-03-03,0.15
5d806285-e55a-46b2-b4eb-87deec26a3cc,Student,2025-11-05,0.15
c776218e-3f17-4a3e-b044-d334cd5375fc,Professional,2026-04-20,0.6
c0938c6e-1d31-476a-ae2b-44b8253cd264,Professional,2026-02-16,0.6
8d0514d8-11e8-460f-8537-52b19abb7cd7,Student,2026-07-03,0.15
f3e3b555-1b61-49ea-8d9b-bf24b006d251,Student,2026-04-15,0.15
ee63faeb-90e4-4b05-a5d4-dffdd507f5f7,Student,2025-08-26,0.15
db30111a-d072-4646-b17f-8f33a3ed2334,Student,2026-08-18,0.15
6ea4c8aa-2fe0-454a-991d-42bb21f6e9f0,Professional,2026-02-09,0.6
198c6f5d-c42c-4e00-b9bd-42a66fbd91b0,Professional,2026-01-14,0.6
c1cf2e32-b9eb-4d5f-96ba-aa8d8f46f159,Student,2025-12-18,0.15
dec623e8-8c8d-400e-b200-8177c7a60dfa,Professional,2025-12-28,0.6
fa8cddc9-ae65-41a0-96d6-94083999b393,Student,2025-08-30,0.15
f6ca2d38-d1ad-4d0e-97e7-b17ad342196f,Professional,2025-12-05,0.6
f2685823-9dd3-44ab-bfef-1549e94f54f0,Professional,2025-11-08,0.6
3c75a1fc-45f6-48e2-9d6b-0a3218379360,Professional,2026-06-28,0.6
60325e7d-e65a-4c27-b76d-5755564f01a5,Professional,2026-05-02,0.6
b0c125e1-6d46-495f-9b66-e50df615a4a9,Professional,2025-10-25,0.6
9c22097e-39c0-414a-8ab1-6a126f2974be,Student,2025-11-17,0.15
25b9f949-84ef-467d-9d85-3217e004bd50,Professional,2026-05-09,0.6
066cf77f-f5bc-4db4-89c5-5aee3a20b689,Professional,2026-07-17,0.6
9f782138-7aba-412e-8b40-41530cd7d41c,Student,2025-09-23,0.15
b502c065-7e61-48c5-9254-21f2c800f768,Student,2026-06-12,0.15
cad9130e-0a26-4566-9354-c8566c801321,Professional,2026-03-31,0.6
77b07888-46c3-44bb-a59e-88e4816e97ac,Professional,2026-01-24,0.6
e2a74975-2238-4745-8032-961a30b78c7e,Professional,2026-01-31,0.6
6024ef77-bd58-4f93-afeb-efce89a6fc61,Student,2025-09-20,0.15
406d3f8a-bb27-42de-bd88-80109ac7d7e8,Professional,2025-12-09,0.6
8089071f-bae1-4b4a-bc82-2406c352863a,Student,2025-12-10,0.15
aca38c0e-65cd-4864-ba8b-0059614a5e6a,Student,2025-12-06,0.15
fa3fdc8d-5964-45af-9304-3322c62c47b6,Student,2026-01-16,0.15
397f2ead-2f4f-4b37-ac95-b77dc0af6f4d,Enterprise,2025-12-10,0.85
6d7d9c42-4f9b-4b8c-952d-0fa8cc5dfaed,Enterprise,2025-12-10,0.85
bacab2c9-c292-49b5-841d-0621989abe75,Professional,2026-02-04,0.6
3cad8b47-75cd-4597-aa0a-3c73c95fc84f,Professional,2026-02-23,0.6
6748fc91-1ef5-4a2a-83a2-810484afadf5,Professional,2025-12-22,0.6
b484fa7b-d6d8-4a38-88cf-38ea06c33441,Student,2026-05-06,0.15
43a0b099-4d4b-4f93-a56c-da781868c8b0,Professional,2026-04-20,0.6
826423a6-b910-403f-a3ed-133e06c9785e,Professional,2026-03-23,0.6
9967e6d5-4599-409a-b512-2fdac1754e26,Student,2025-11-09,0.15
2a5f87c8-42a7-420e-8bd6-002581e6aa26,Professional,2025-11-10,0.6
4578ef10-9a13-4dd3-a4fa-d45ffea30533,Professional,2025-12-04,0.6
dc68d418-1127-4cd4-b43b-2359a61b4dc3,Enterprise,2026-05-19,0.85
8879ea5c-318b-403d-9e8b-9079a7b13f6c,Student,2026-05-30,0.15
35a2cb71-1114-4f55-a7fb-18d8667ee2a4,Student,2026-02-07,0.15
9e2a26d0-9902-4c93-bbbf-05efe5b42ad2,Professional,2025-10-19,0.6
8199134d-e91b-47ec-9e95-a24c10296df6,Professional,2025-11-17,0.6
b6609488-2ee5-4c66-a381-6a3d2862d69b,Student,2026-02-16,0.15
45429444-a4e0-4b9a-93c4-61b1eba53ee8,Student,2026-03-26,0.15
9ddf5bb9-6c66-42aa-b9a3-5a57b9636d6a,Student,2025-11-20,0.15
9d865394-2d43-434f-9498-fc57140a0d31,Professional,2026-08-17,0.6
aeaeae0b-758e-4f5c-a068-273f773f62e3,Student,2026-03-15,0.15
02b0b3f5-0849-4eb5-bd28-e32a59179b23,Professional,2026-07-18,0.6
a06cbb3d-5a2b-4f84-947d-03cde5f39cd8,Professional,2026-01-18,0.6
818f43fa-7659-4cb5-8404-39f632031c15,Student,2026-07-22,0.15
72338c84-9044-40d9-875e-cb78040ade44,Professional,2026-01-01,0.6
5194e80b-c9cb-44dc-ae65-7754816d4e02,Professional,2026-03-17,0.6
749121f2-a984-45f4-9790-f3bc78445933,Professional,2025-10-21,0.6
ec524e50-c08d-4f97-9ea2-2c9502b0caca,Professional,2026-01-16,0.6
5a1fdc1c-2152-4851-92ac-51d74bb9b6f0,Student,2026-05-04,0.15
300914d9-47a1-4f60-a965-bb711b79d0f7,Professional,2026-02-20,0.6
84b2acca-d52b-440e-aa47-bc939f7db828,Professional,2025-12-02,0.6
8520d408-7902-4686-8544-57872d74f917,Professional,2026-05-02,0.6
3e2855bd-5306-4113-8c93-abaebb41ed41,Professional,2026-06-21,0.6
38545628-bc63-45b0-9879-b714cdb594ea,Student,2025-12-29,0.15
afecb0e2-9b54-4c39-9e97-e6faef7e371a,Student,2026-08-15,0.15
9f8227b7-4803-4433-9c2c-11f25153531d,Professional,2026-01-04,0.6
ffe2c913-1002-4051-96c2-2864980a841e,Professional,2026-08-13,0.6
a05b4023-662f-40d2-90cf-f067f4e59b3e,Professional,2026-03-01,0.6
65157c4d-20c7-45a4-9c57-19c787ddf91b,Student,2026-08-14,0.15
6731f2d9-b6e1-47f4-9af9-e590ebf04ab0,Student,2026-03-14,0.15
2b78e51f-26ea-42ca-b034-efc19a02b9cc,Professional,2026-01-19,0.6
26f13543-6e39-498c-a534-42b882e4e88d,Student,2025-10-17,0.15
59dc10df-21c7-47e9-996e-04b39a3c25d2,Student,2026-06-30,0.15
2ecffa09-b2ba-4391-9835-51b8c019a8c6,Professional,2025-12-15,0.6
57bd7823-a275-4b71-8df9-c68c4dbdb5aa,Student,2025-11-07,0.15
fc5f3706-81a1-4155-9329-a1bc21efe249,Professional,2025-09-01,0.6
9b8a3483-0bc1-4a2d-80b9-e3f53ae43acf,Professional,2026-02-10,0.6
58aaff30-dd8b-4e10-898b-8ba777e38bf2,Professional,2026-04-12,0.6
901b8265-d2e4-4815-b354-a76ff362b38f,Student,2025-09-28,0.15
c39184d8-ea35-48b9-a042-308204683b2e,Professional,2026-06-28,0.6
403dab09-cf5c-4551-8add-4e6abc916301,Professional,2026-05-14,0.6
38a9dfc1-a4c5-40e8-8dd5-2d75edbdd5fb,Professional,2026-04-19,0.6
1269bbe1-31f8-4538-90f8-71d2ebd4f197,Student,2026-01-06,0.15
324d9b53-7a16-4bf3-a843-c114c05a044a,Enterprise,2025-12-28,0.85
5c31e5e6-eb93-407b-acc7-dde8ea5dbe57,Professional,2026-01-04,0.6
122f3dc3-dde1-4dc7-a1b6-6ad752f56dae,Enterprise,2025-09-26,0.85
9dfd0ce0-ac36-48fc-8558-f59d311a4ee1,Professional,2025-11-06,0.6
8389ffb7-5e93-41a0-ae62-ef6e21153610,Professional,2026-04-02,0.6
9cc69e8f-07b7-4038-b4ee-b6eac6983d65,Professional,2026-05-24,0.6
47a7ccd8-7612-4006-9dcb-685a714f6071,Student,2026-04-04,0.15
79d951f6-5ffe-4b84-ac16-01854af4c022,Student,2026-07-23,0.15
dd65981b-4351-4491-b4b0-0bc7b821097a,Professional,2026-04-07,0.6
c2d38988-2d2f-4516-afc5-613ba4cf175d,Professional,2026-08-02,0.6
03154629-6dc8-459d-b484-891602746f8a,Enterprise,2025-11-28,0.85
54b93cf0-b40f-4f10-b0b7-e891e2abcbf3,Student,2025-09-26,0.15
6c14c458-d69e-4162-a5a2-8e8a45a570f0,Professional,2026-05-08,0.6
37a42fda-e6d4-469f-a816-31c31e7381a4,Professional,2025-12-28,0.6
203b3d27-ebc0-477f-bafa-e638784ca1c2,Student,2025-10-19,0.15
e788b2a3-86c4-4ddf-808b-7f47aa78259c,Professional,2026-03-22,0.6
17da691b-5fec-4dac-a74e-8127331e2658,Professional,2026-05-18,0.6
a1621cbb-0709-43ef-9595-fc3eefc10033,Professional,2025-10-02,0.6
1c7905c0-9b69-4740-8b1a-9d0139b812f2,Professional,2026-06-19,0.6
f0b686b7-88c1-4aab-8178-4a3d5a8beb4e,Enterprise,2026-03-11,0.85
8f335849-b36f-4866-8174-20cc1251676d,Student,2026-05-31,0.15
0ff2458d-88ef-46da-b60e-c493c35a9fe5,Student,2026-07-04,0.15
9e9eed9d-8a86-4a5e-8ec2-3f78f75ed5e7,Professional,2025-09-22,0.6
e87369d5-a623-49fb-bb0b-a2868abfd326,Enterprise,2025-12-30,0.85
688e9488-e958-42be-bb95-35b5128898f1,Professional,2025-12-28,0.6
1f27f6d1-6123-4b40-8d39-a27538c5654f,Professional,2025-08-28,0.6
213747f5-21d4-4a3f-ace7-9256869d648b,Professional,2026-06-22,0.6
5c6041c4-f7d7-4cd1-a16c-eaeda1cfdfb2,Professional,2026-05-03,0.6
be50e333-60ea-4d4f-b6c7-702c00751e79,Professional,2026-04-02,0.6
9e3ba7cd-448e-4ba4-bd55-7b29f880fcc4,Professional,2026-03-12,0.6
b33e646f-1a0d-44a9-929c-db38622e5ee7,Professional,2025-09-10,0.6
0098fe52-7ee4-41ca-8762-5f14706221c5,Enterprise,2026-05-27,0.85
65a7c505-0fb3-47c4-aa5e-a10057201395,Student,2025-09-27,0.15
20abcbf5-df1c-4656-9364-0c8757075400,Student,2026-06-07,0.15
b03feed3-9cf2-40cf-8b1f-7e4cca6a98e7,Student,2026-03-02,0.15
3698fb32-552e-4871-b3e5-331caf212a37,Student,2025-09-14,0.15
c340b82c-f4e0-4016-9d37-33f5f5ca4ca9,Professional,2026-01-13,0.6
6b5e0bd6-ed4a-4d5a-8b2d-ee059871063f,Student,2026-01-01,0.15
fd092e14-8f8b-4fc7-a2cb-5d0e4c166e4e,Professional,2026-03-15,0.6
32d68f45-c8df-40d2-a33b-a8df8ecf303d,Student,2026-02-24,0.15
ed1bec1c-c8dd-4cda-9c7e-f51cfc68bbc6,Student,2026-01-27,0.15
6102b212-1567-414b-9b88-c33f6a6da2dc,Student,2025-09-14,0.15
3a2ec7e4-519e-4b02-96cd-83d163f8b11c,Student,2025-09-13,0.15
722d41a4-11eb-48ed-adc1-dcf0df685ee5,Student,2026-02-22,0.15
dd2c49fe-f72a-41f0-9a9e-6be4ef52f74d,Professional,2026-05-25,0.6
d80bfb76-e37b-4054-bfb0-3cb7be33829e,Professional,2026-04-14,0.6
7a7b4ac3-2292-46c9-bad4-f6e27d2bc84a,Student,2025-10-15,0.15
f83d0272-efc5-48d9-8d1a-23a6bb99a7ec,Student,2026-07-10,0.15
20e72650-b6be-4236-8be6-536097c24ef6,Professional,2026-08-17,0.6
90da6eed-5eab-454d-ba1f-ef9b0afca1bc,Professional,2026-02-27,0.6
f6915410-d60d-4c4e-bf45-ff711e401a33,Student,2025-11-05,0.15
c7e2f53f-bf5c-4283-ae66-63ebb2bf5006,Professional,2025-09-28,0.6
70b7d33f-d5e9-430a-b512-6699d4918406,Professional,2026-03-17,0.6
26401760-0b3b-4422-a3db-0ad77eda1cef,Student,2026-07-02,0.15
fa5bc93f-638c-4069-a5c2-cb9ef5bc150e,Professional,2025-12-26,0.6
ae2bc119-5ff6-4902-90fc-9f84c0737bd8,Enterprise,2026-05-04,0.85
2c82e8f2-e8c6-463a-8b4b-6fce474789a9,Student,2026-08-02,0.15
b84c1541-8e9c-482c-af14-a6f03b721c2d,Enterprise,2026-04-12,0.85
ab430969-941c-4a20-8c0a-6f05b6855198,Student,2026-02-17,0.15
d240d55e-24ed-4276-875e-767b84a734f9,Professional,2026-01-25,0.6
d93981cb-3cff-4e67-93c0-721ee0fdcce3,Student,2026-07-12,0.15
9e321f5e-57b8-4738-a734-ddcdf464b6e3,Professional,2026-03-20,0.6
2b2a5e13-be94-452a-a356-12e66313858a,Enterprise,2025-09-04,0.85
0bbed04b-b996-4a62-9fe8-6a3179745465,Professional,2026-07-11,0.6
a7142ab2-3079-49af-845f-e8a945ba87a0,Professional,2025-10-11,0.6
b3c6f1e9-61d4-440a-9405-83ea5d5a9edf,Enterprise,2026-01-09,0.85
fe8e3a75-a503-4a37-b856-04b3a9d31f2a,Professional,2026-03-18,0.6
b2204852-35fc-42e3-9238-e92408c85647,Professional,2025-09-01,0.6
a78811e7-bb76-407a-bdcf-1568213193f5,Professional,2026-02-16,0.6
10424618-5a90-4f34-95a5-900adef1b69d,Professional,2025-09-02,0.6
5f80eadf-0478-419d-a6ec-8a6fab61ad48,Professional,2025-08-30,0.6
7af5e781-4f47-4ac5-87ab-d9e21019c9bd,Professional,2026-01-24,0.6
ecac64be-43bd-4087-8005-16f579e8c49d,Professional,2025-10-06,0.6
c8752a70-4c4f-4ff6-9079-88b1915d55aa,Professional,2025-10-09,0.6
8a33057b-be23-4ae8-9a43-3873774d9b62,Student,2025-12-06,0.15
418c0dcf-902d-429d-8dd9-41bb02f84bf4,Student,2025-12-28,0.15
b7d333e9-daab-4751-b88e-a1a3fa93b586,Enterprise,2026-03-07,0.85
0cf250a3-572c-457a-9d3e-80778f2f4ff9,Professional,2026-03-01,0.6
ba54ffb2-aadd-4a75-90d3-5c8688ffc733,Student,2025-12-31,0.15
7016178d-5723-4f86-a36a-1603da84b3b7,Student,2025-10-18,0.15
626c0ecc-d6e4-4654-b940-4aa0c84544c8,Student,2026-03-14,0.15
fd5b3fc3-369d-41b3-9152-1d86784f7e6c,Professional,2026-05-01,0.6
66785772-31f0-4776-aebf-e391dabc1723,Student,2026-07-31,0.15
4387e910-2564-4a64-8c74-74a07789a64d,Student,2026-01-03,0.15
00185f20-efdb-4cd3-9906-082bb5e6ddbc,Professional,2026-05-23,0.6
e9cf7720-ac91-4d2e-b4d1-51119e70c5a3,Professional,2025-11-18,0.6
5789f504-2a05-4793-a58f-e1429c898fa3,Student,2026-08-13,0.15
ed9be45d-b05e-4b04-a020-ebf42e564a6b,Professional,2026-01-09,0.6
bfc75a56-65a8-480e-a8d0-c8aea7c53116,Professional,2026-04-06,0.6
2941b276-7b60-4b76-8faf-27f15bd1c079,Professional,2026-01-08,0.6
65634730-398f-472c-8d17-395330f7f903,Student,2026-06-06,0.15
bde2c625-a0f3-41a5-b88b-d675136c8755,Professional,2025-11-08,0.6
8e320e68-19bb-47e6-b6c3-a9eb25b362e1,Professional,2026-03-19,0.6
d2cd8aee-708d-447a-8eaa-777e62f9c1bd,Professional,2026-02-16,0.6
9e4b4118-eebd-4388-a922-a644571dcecf,Professional,2025-08-31,0.6
4530f61c-f262-4abf-855b-24f5c4218940,Enterprise,2026-06-11,0.85
7ade3199-20cc-4868-a1b5-93e8d4187368,Professional,2026-02-10,0.6
34e09150-a1fd-48b3-940c-783b77c9f2a4,Student,2026-02-12,0.15
9281ab57-3b54-4faa-8a3c-811ffd2c33d1,Enterprise,2026-06-09,0.85
1fe5d7c4-5ddb-497d-9e08-56df97472189,Enterprise,2026-04-23,0.85
84d22c5b-d8cd-42e0-b5c7-831103c65adf,Professional,2026-05-15,0.6
47beef7c-a3df-4bc3-884d-91edd5ab3662,Student,2026-01-08,0.15
bbafb1a4-3ded-4f1f-b852-40e5abf8e771,Professional,2026-02-03,0.6
c186ad3c-b14c-4a16-847d-68ee45c57b98,Enterprise,2026-06-25,0.85
5d789339-b089-47e0-9952-1ed122ca9fb4,Student,2026-05-14,0.15
8486a639-f1ee-4f7f-b6af-bb62b22325d0,Professional,2025-08-27,0.6
0e66f4a0-b448-4b70-8a5a-db5aab6cec54,Professional,2025-08-31,0.6
9e402d82-2bbf-45db-91f5-40fe5ac6ef75,Professional,2025-10-05,0.6
986ccd07-d011-45e5-9039-076114462327,Student,2026-05-04,0.15
42bd5e28-3cfd-4a94-8cf6-9a3c71252701,Professional,2026-06-25,0.6
145a7ddf-81c8-4807-8fb1-27d891183eda,Student,2026-03-25,0.15
233f9673-c9d8-4000-9798-790ec1ab04c4,Professional,2026-02-13,0.6
7b397966-0dc0-4a84-8317-acb84d01cc92,Professional,2026-08-07,0.6
6644314f-0ff2-4414-8581-d152340a1424,Professional,2026-04-08,0.6
e4d3cba0-b898-4b77-81d3-135863cde246,Student,2025-09-26,0.15
45a5ff32-1cd3-4fb9-b076-b75c0ca86ea2,Professional,2026-07-04,0.6
822aab14-8fea-45b2-acea-a28c5022b3d1,Student,2026-01-31,0.15
cb1e7bbb-5c20-4ec2-bffa-39dacd751d3d,Student,2026-05-24,0.15
63dcd451-c559-49ab-ab4a-3371b11e9f36,Student,2025-10-20,0.15
16a2c923-d73d-432e-99c8-10d958d8095b,Professional,2026-03-25,0.6
49389e2e-5535-4ba8-a9de-763731fa9b9b,Professional,2025-09-17,0.6
1165a02f-dec0-4bf9-871e-c49e035779cc,Student,2026-03-14,0.15
3a5f04d6-bcd6-4ad1-a607-6e6d453e8b81,Professional,2026-03-29,0.6
27418bb5-cc40-46c1-a7f4-c8228e200b8f,Professional,2026-05-28,0.6
104d3cb8-40f7-4e06-926c-0e0b13556835,Professional,2026-03-11,0.6
f86c6acc-702f-4f4d-a39a-496fba1b0a9b,Student,2025-11-28,0.15
57e093c6-0a32-4b78-9a24-b12fb71cbbb1,Student,2025-09-22,0.15
d7b2f8ab-b72e-412c-88d8-27c9fda0be71,Student,2026-04-03,0.15
bf13e148-3c9a-4594-bed5-5a629c025916,Professional,2026-04-27,0.6
3f9b0a35-d1cc-4f3f-84aa-30a66c4b95f3,Student,2026-01-17,0.15
68579ec4-0a42-44eb-8d9b-3a185f3e73ad,Enterprise,2025-11-23,0.85
38f68c9a-ebe6-4c51-a951-96c6ea03af26,Enterprise,2026-06-07,0.85
f4b2ce9a-6147-44a6-b1f8-7605834405e6,Professional,2026-02-04,0.6
aeeaafec-9bdb-43cc-95bd-32477fcf6d8b,Professional,2026-07-10,0.6
0a788e7b-f1aa-423d-aa44-ed1b4a58ac45,Student,2026-04-06,0.15
7375a784-8a10-43c5-9013-e7c46799eb69,Student,2026-01-19,0.15
0b57e80c-a5f2-4332-b6d3-adde07a8c01c,Student,2025-09-25,0.15
caeed9e5-dbde-4b63-bfb8-4b52f804cc10,Student,2025-12-29,0.15
38d366e2-d681-4cc3-9c35-bbcc78f5f807,Professional,2026-05-23,0.6
39126b6c-8aef-41b9-b480-22b64d83c71c,Student,2026-02-15,0.15
b03214ff-1a99-4144-97f0-fa0bd2d2e487,Student,2026-03-22,0.15
c4455675-bb03-455b-b02f-dde4c2a29cc8,Professional,2025-11-02,0.6
5875cf90-c49a-45fe-8291-381660df7a0c,Professional,2026-06-29,0.6
eb2cb2db-4d92-413d-8949-2558dcc41ecd,Enterprise,2026-02-03,0.85
37fc05c7-13ac-4c6c-85cc-6c8dfde6a801,Professional,2026-01-11,0.6
c109f68b-5f94-47b9-8bb6-8722c49aee6e,Student,2025-08-27,0.15
b3f3e026-0ec0-43c2-8776-8938367ca8f3,Professional,2025-09-03,0.6
05c091f6-383d-4c46-914b-df7308af925d,Enterprise,2026-07-13,0.85
2067dfa2-652a-4eaf-a1cf-6acac18e6595,Student,2026-03-23,0.15
29decc2b-a028-4e72-aad0-7acf3ea6051b,Professional,2025-12-31,0.6
d77718e3-9f6a-4d59-af9d-b3c4aa598676,Student,2025-10-08,0.15
7db22ed1-f132-4da3-ab1e-a7540f63b5e5,Student,2026-08-03,0.15
7a79c057-b416-42e5-9972-f73cc44549ad,Professional,2026-03-25,0.6
22f8204b-44aa-4c50-b7ca-58e8df676417,Student,2025-09-13,0.15
ba5dca04-25eb-49dd-8e8c-bb64fc84c90d,Student,2026-01-21,0.15
9fc4d2e8-dc2b-46d5-9772-dd12e34fcc90,Student,2025-12-15,0.15
1c1c3064-8366-4fa8-a41f-17f2d22067c9,Professional,2026-01-10,0.6
14774bd2-0b81-49ed-bc46-d7266d032056,Professional,2025-10-13,0.6
471f3cb9-51e2-465e-94e1-124d0bad6555,Enterprise,2026-02-02,0.85
21b123b6-79ab-425e-bc6a-7a96c5e846d7,Student,2025-11-30,0.15
acb00084-1f51-4b20-824a-50c40e614992,Professional,2026-07-17,0.6
aeb307d9-6d0f-4306-b125-8eb927eedd7c,Professional,2025-11-06,0.6
02c89716-abf3-4cff-bc7f-30f5bfeb0de3,Student,2025-11-09,0.15
2599cd9f-f253-4dbe-a861-eda43615fad6,Enterprise,2025-10-15,0.85
3a7047d7-d3e9-4fde-982a-78142c234d06,Student,2026-02-05,0.15
c83454fb-04bb-47d5-8f35-e32f622b0057,Enterprise,2025-10-18,0.85
6708afdd-fd76-4c4d-8300-3013b7102e72,Student,2025-12-02,0.15
31d881f2-a12a-4178-a630-3fb40a787cd4,Professional,2026-01-07,0.6
fac60791-94c0-4947-b4bd-423a6d750509,Student,2025-10-30,0.15
43b40b4d-6232-41aa-8c94-fa850ff8e1af,Professional,2025-10-06,0.6
896f5a31-4aa2-4369-b563-e6081ba00a05,Student,2026-02-03,0.15
0049853c-bf08-46cc-a179-59e9e8795167,Professional,2026-05-01,0.6
b989f972-d13a-4ed8-a499-3583c54ccb44,Professional,2025-10-26,0.6
555a175c-ac7f-4180-9016-ebf31afe965b,Professional,2026-06-15,0.6
f4117502-52b2-4d55-ab89-5058bfbf6090,Student,2026-06-04,0.15
9d9117a6-1eed-4618-aa0c-6a64fab448b9,Student,2026-05-29,0.15
327624f1-08b4-4ae0-a305-70e920cf7600,Professional,2026-06-02,0.6
85830a74-aaf6-4500-8413-9a1220b580cc,Professional,2026-03-24,0.6
b49d0e53-53d7-48c6-ac92-c23c4dc8b2c4,Student,2026-05-23,0.15
efe941ae-72a7-4399-b445-7d42333e7b3e,Student,2026-06-21,0.15
8e0b2cbb-3e12-4c8a-9f84-e453c4279795,Professional,2025-12-11,0.6
b9ba994c-776f-44c0-8e33-a86f63a418a9,Professional,2026-01-24,0.6
6fef8e14-4e5a-403c-b129-167bada31923,Professional,2026-03-29,0.6
0c36936b-5c8b-4740-afa5-396ccbb587e2,Professional,2025-11-20,0.6
2ef9965f-428f-446e-b3e6-64775e1cc2ad,Student,2026-04-18,0.15
23fa0885-56ad-4e91-ae68-487cce31c67b,Student,2025-09-06,0.15
f6794861-e19f-40e2-bbd0-f7d8d89b2d9c,Professional,2025-11-06,0.6
83ba87aa-8c84-493e-8f8d-b8ce7d57d6b9,Student,2026-08-01,0.15
7616c89f-f274-4690-9639-e608e3b1878d,Professional,2025-10-18,0.6
8f0a75e0-71c2-4019-a895-8af835e48836,Professional,2025-11-18,0.6
3a3b5e1f-e9ef-43f7-84aa-1b9e17d037dc,Professional,2026-07-30,0.6
e1417522-7c8f-45ad-96aa-6da5e8ab82d6,Student,2025-12-30,0.15
56efac44-7181-4ff3-8ea7-5291596a41e8,Professional,2026-06-11,0.6
8959e629-9d99-4c99-87cb-fb73fb41ade9,Professional,2025-10-30,0.6
c481a63e-d6f4-4dcd-bd7d-4b5e42b2d4af,Professional,2025-09-22,0.6
5ce9d315-7895-476c-aadd-e2e9cf12e5e2,Student,2025-11-03,0.15
b6221e96-a95e-4b3f-9972-c2428a412ef8,Student,2025-11-13,0.15
a4ec3f5f-cac3-4c9c-bc4f-4a666473d4c8,Professional,2026-04-09,0.6
eeccb6b3-9ce6-4f1c-b3b9-e3d8b01e10fb,Professional,2026-02-02,0.6
103f701e-9440-4aca-9ee4-7fe78af795ea,Professional,2025-09-09,0.6
4ab477d0-e41b-409d-a09d-4a4aa854534c,Student,2026-07-30,0.15
90c9ce5a-d8a9-4af9-991e-4641e061c9dd,Professional,2026-06-30,0.6
2b92ab8c-2993-4521-9761-0d60646586ae,Professional,2026-05-11,0.6
77e8bab5-86d2-4448-b435-182959aff328,Student,2026-03-20,0.15
716d6882-1d99-4efb-935f-b33715000e71,Student,2025-10-21,0.15
786bb725-160e-4ddb-b4d1-fa8b3ff9b001,Student,2026-08-03,0.15
d1ce59a0-feff-4641-b610-11074cb1889a,Professional,2026-07-07,0.6
86869b9f-2c30-4ba4-95ac-887b175630bd,Professional,2025-09-19,0.6
d1d4430d-14bf-43f6-8269-5a8eaafc40fd,Professional,2025-09-03,0.6
a10f566e-7846-40e1-b937-aa16364b692e,Student,2026-07-11,0.15
eb9aa96b-90e8-45e0-8396-789dba035486,Student,2026-05-12,0.15
f6c3cf2a-0448-44f2-a39f-514419a88a39,Professional,2026-04-01,0.6
2e92a792-1c94-4700-a36e-1214dae9a339,Professional,2025-10-30,0.6
b7c28d0f-557c-4019-ae92-8d4f0f57a4f1,Student,2026-04-13,0.15
6ea89c7f-2283-4682-8b78-591d6e984eab,Student,2026-04-21,0.15
3f1386af-7b36-48eb-8154-b927a50fe105,Student,2025-11-26,0.15
40cfea16-12da-4e66-a184-6da1c244fe55,Professional,2026-07-19,0.6
8120ef67-f28a-4b0a-9a64-d2b7399a2c11,Professional,2026-03-13,0.6
5e2bffee-4725-43e0-b5ca-1ee46853b7f5,Student,2026-02-14,0.15
65dff1e8-1536-45fe-8a42-772c2366444e,Student,2026-06-24,0.15
75b13d97-a527-4863-bbb8-8e7d48a5289c,Student,2026-03-17,0.15
e4a087a7-0179-4550-b066-f60c85296674,Professional,2025-12-29,0.6
72facedc-214d-492f-9ec1-47353d968b9f,Professional,2026-06-04,0.6
4c6893ff-6892-49fc-a615-9dbaff476749,Student,2026-02-04,0.15
61ca7ff4-31cb-4ee7-be01-e7c0857099d3,Student,2026-04-15,0.15
dd6c480b-e84e-4d1d-8500-4c8441bace5d,Professional,2026-06-09,0.6
dc247661-8a19-455f-84d8-a18027477d41,Enterprise,2025-12-15,0.85
b9174e8b-909d-4e11-8b3f-be39bf0e1f3d,Student,2026-02-12,0.15
591668ac-dd00-4998-a93b-948e7be7cacb,Student,2026-06-28,0.15
4ce9af4d-d1b6-4731-bb36-4c2250ef183b,Student,2026-07-28,0.15
7d4d3205-6693-4747-8662-80327ab110aa,Professional,2026-04-22,0.6
f08374e4-ad88-431f-9c0b-2e5ee811ddee,Professional,2026-07-14,0.6
5a2d6445-2809-4f84-9993-ca8966143173,Professional,2026-02-18,0.6
6a6d2756-f968-43fb-b26f-0e8d1cfe3dde,Professional,2025-10-04,0.6
8426f9ac-0df7-4fb4-9ea2-82f79c98f96e,Student,2025-10-09,0.15
6a3e9273-8206-4c46-a5fd-00aed6ed1d3e,Student,2026-06-15,0.15
a048aecd-221d-49c9-8625-38b843685d24,Student,2026-01-01,0.15
aaf372f9-091f-47cd-b09b-6efcb917b42f,Professional,2026-05-12,0.6
9be80d75-764e-40aa-8c35-47314946f253,Student,2026-03-16,0.15
bb7e13df-5fde-42f9-8c0f-3325b075b64b,Enterprise,2026-06-26,0.85
b49ec501-b3e3-4a7e-9f6f-f19a58fd3891,Student,2026-01-12,0.15
bf22b3cb-4c18-4420-b9dd-38bc3a55ab98,Student,2026-06-16,0.15
fc02ba01-7877-4a91-8c3a-1c60838d75ec,Student,2026-03-09,0.15
039caef5-dae5-40c3-a863-2d05a9f6b746,Professional,2026-08-11,0.6
bda9d789-304d-4ddb-b859-cd32dd27a6eb,Professional,2025-12-23,0.6
145b1dfc-f147-4702-adda-d86db72f1770,Professional,2026-03-24,0.6
38d3af26-0c97-4882-9d47-24491feac086,Student,2026-06-01,0.15
95592239-baf2-45cc-ab46-0ead6cf3b69d,Professional,2026-01-29,0.6
65ec86ab-4244-49a0-8a2c-0ed9172d710c,Student,2025-10-22,0.15
dc516f40-acdb-47fb-8e3b-c55ea21d5a44,Student,2026-05-16,0.15
afd16611-a2b0-4cab-8056-68f5cd3997de,Professional,2025-09-21,0.6
020b3f29-03a3-499a-8322-435b4bea9bf7,Professional,2026-03-11,0.6
1ecbdc27-1751-4b71-8520-844829c86c88,Student,2025-11-03,0.15
9340a777-e2d2-4e37-8886-2827adda3843,Professional,2025-11-27,0.6
ee827920-3679-4c66-940f-a5491996248e,Student,2025-10-12,0.15
e2e4b867-77b1-49e0-ac6b-c66a71973162,Professional,2025-09-16,0.6
7c469a84-bce5-40e6-bd14-be24f103e4a6,Enterprise,2026-05-07,0.85
c8eab844-f158-49ce-a525-a96fd591d2ff,Professional,2025-09-05,0.6
b1d53719-c626-4610-a3f5-a9866d533ec9,Professional,2025-12-02,0.6
8145f86d-d176-442b-b334-93ce844d36c0,Student,2026-06-21,0.15
8fd8fdcd-826c-4822-b868-787378a94931,Student,2026-04-14,0.15
660ab8a0-55b3-4152-af69-3a343e9e75a8,Professional,2025-12-27,0.6
e29c4f17-cc52-426e-8373-02b1a136186e,Student,2026-08-02,0.15
f284197b-eb76-4f24-a1c6-94c32b234fdd,Student,2026-05-10,0.15
871a4af4-efc9-4622-b8f0-c4bafc1d1862,Student,2025-09-05,0.15
da83566a-0b62-4824-a51d-7c1d33a61e46,Student,2026-04-08,0.15
a2c2c477-c9d4-463a-9171-91f86b53822a,Professional,2026-05-18,0.6
736cc384-cc45-47d9-9bbf-e6f5676d9ab6,Professional,2025-10-09,0.6
4d008398-a7cf-4013-8680-a42a88dd4583,Professional,2026-08-15,0.6
c797b238-7ec6-4112-8237-dab9b4a3175b,Professional,2026-02-01,0.6
b0cef10b-6cf3-4e1a-9e37-b4d74429d158,Student,2026-02-09,0.15
4cca0143-5225-4047-9874-5beb2eb9210d,Student,2026-08-05,0.15
562f71af-3006-4ed7-98b7-353138bdb489,Professional,2026-04-17,0.6
d183e670-cf0e-412e-b4ef-e2e7ae9274e8,Student,2026-04-15,0.15
0884d986-bb65-4483-96af-a3ce568494c2,Professional,2025-11-17,0.6
ba3973c4-0d80-43aa-ba2a-9928930afa83,Professional,2026-01-22,0.6
3d32d7d4-98be-44f2-b818-ddb0859f69c7,Professional,2025-11-08,0.6
4cf80de8-0d8a-443a-8b08-1f7aa14e2b07,Enterprise,2025-09-09,0.85
e36cedac-402b-45e6-b4c0-3bc29e185a52,Professional,2025-12-26,0.6
3ce68955-509e-4705-b868-40fe1e074e40,Professional,2026-02-12,0.6
8813066d-f734-4fe7-aef5-a8b4f8b3ee5f,Professional,2026-02-02,0.6
f68227b1-0c8c-4929-8901-c70bd11bc326,Enterprise,2026-06-14,0.85
8f933c87-d09a-47ad-9205-163c349a2c99,Enterprise,2026-08-10,0.85
690c5dbe-cba6-409a-b47a-237bc11e184b,Professional,2026-08-17,0.6
54fdd2e4-777a-4b46-9faf-eff25cd845a4,Enterprise,2025-10-04,0.85
9149ef0c-d62a-4fbe-b519-8c8394860212,Student,2026-03-12,0.15
1d41f4f0-939d-44e5-867e-b1ddd2233d73,Professional,2026-04-30,0.6
51f09873-4c9b-469c-84bf-42826b1eea78,Student,2025-11-21,0.15
20e8c990-7f31-49fb-afb5-67b6a4d15327,Professional,2026-02-28,0.6
3d6b8e4a-103c-44e4-bb91-e093c1c60113,Student,2026-03-24,0.15
486d3a45-fe23-47fa-ac2b-f34d20eab5b1,Professional,2026-05-02,0.6
cd38b0f8-4b63-438c-a600-10dfee64e939,Professional,2025-12-21,0.6
ba536a16-baa6-4c9f-acfa-8ab3b3f18adf,Professional,2025-10-03,0.6
2112076d-15c6-4370-846e-6d963c7abcdb,Student,2026-05-27,0.15
61e16c3a-c611-4910-b81e-e23f3d0cbdcd,Professional,2025-08-31,0.6
0764cef6-2292-4e55-991c-d39fa3d11b9d,Enterprise,2026-02-27,0.85
663ca227-bc24-4709-be0b-3377026a9cf4,Student,2025-10-10,0.15
c327f0e9-af8e-4ef1-8a9f-aca221e3752c,Professional,2026-03-25,0.6
533d29c3-32aa-4137-a70f-d0b30f3e3652,Enterprise,2026-04-19,0.85
0ef68bf6-fe86-4f39-809a-0dd54c55214c,Student,2026-06-30,0.15
607b3aa0-4281-4251-b1eb-daad3e634372,Enterprise,2026-08-06,0.85
0e4b202e-dd6e-4d65-8035-9f4d134f5611,Professional,2026-03-09,0.6
51e73441-5faf-4278-ad27-ea9253a0bf57,Student,2026-07-09,0.15
40564d67-ca11-4651-be79-7f684864bc63,Student,2025-10-07,0.15
4a7c4613-815b-4af2-a0b2-4f2024e211da,Student,2026-06-13,0.15
4eb0ca17-3d9e-4b99-8167-39608cef7bca,Enterprise,2026-03-09,0.85
b7933dcc-cfd3-4d6e-a358-2b667fe966ca,Student,2026-06-01,0.15
a2b2ed5c-c10f-46b9-a992-b3a498687e51,Student,2025-10-14,0.15
40bed6c9-9277-4c70-b119-baf0f3274378,Professional,2026-01-07,0.6
fa701a9e-005c-4113-95d7-41b5e074e498,Student,2026-03-10,0.15
e639bc16-56c1-494b-9926-61c9c7059d6c,Professional,2026-05-12,0.6
4769d03c-92e5-4bb6-b2d2-855af12007e8,Student,2025-09-29,0.15
eb1eed00-94d5-4947-a313-9c338263c549,Student,2025-09-04,0.15
d61abeac-a453-46a9-b5f5-5aba858a6dcc,Professional,2025-09-28,0.6
cdcfac27-85a9-4a15-b3af-1ebf79189f8f,Enterprise,2026-07-11,0.85
1322addd-6b9a-4535-a26d-30db099ff7e7,Professional,2026-03-15,0.6
558b4846-0250-40c2-ad1f-b2ea49d10fbc,Professional,2025-12-15,0.6
507df7c5-9b45-4602-8f56-fc88caab3d38,Professional,2025-11-13,0.6
311671e5-0dff-481d-bfb9-df4741b8af25,Enterprise,2025-12-29,0.85
a867b652-e30a-4e9c-a868-951801c3aa1c,Professional,2025-10-19,0.6
87d38714-efc3-4d4a-a02d-aa914a0363c4,Student,2026-05-13,0.15
b623e263-c05f-449c-8665-121a2b431b55,Student,2026-04-19,0.15
85e8e180-9b33-4909-9aba-92ba775a6ef4,Professional,2025-11-17,0.6
f1e791e5-75e4-4e16-9578-914c3a215621,Student,2026-08-06,0.15
943fecfe-2d31-45e4-acdb-9669fb1d35d8,Professional,2026-04-11,0.6
5c7222e4-b73e-4b1e-8255-5409adb4fd79,Professional,2026-01-01,0.6
6ac604c3-cc82-4fe5-b643-65a98cf61488,Student,2026-01-09,0.15
08122b2e-db18-4a0e-8f67-727f7c04ab1f,Professional,2026-08-16,0.6
0461592d-1de8-4f24-8765-1d84e9f674b5,Professional,2026-03-13,0.6
f8c3534a-57be-440a-97f7-ee7396aa7985,Student,2025-11-22,0.15
b9ad3029-269f-4587-937f-eef3b6c9a62c,Student,2026-03-03,0.15
4995397b-24e8-4d66-964e-e6479991dfd5,Student,2026-04-11,0.15
57278b1f-1bcd-4cf1-9b10-aef1fab0b4a1,Professional,2026-03-06,0.6
8fa22645-9a09-49bd-94a7-da146c629c7a,Professional,2026-07-09,0.6
f80610be-6e8f-42d7-ad4a-be78a8fccbbf,Professional,2026-07-08,0.6
34ef1f54-00bf-44ec-8674-841668fb6e0c,Student,2026-01-24,0.15
0ab58199-5276-4e90-95f0-82e4256c9510,Professional,2025-10-05,0.6
7892b759-2089-4a88-a351-ce28602e209e,Professional,2026-06-13,0.6
4c96dd66-e782-4110-a6e9-76afffba7159,Student,2025-09-30,0.15
2f4d794f-c143-4570-8e29-8951d6827678,Professional,2025-12-12,0.6
a98eb471-4d86-4423-b6f8-557577f4b031,Professional,2026-05-11,0.6
ab82d083-c225-4905-83e1-bd8348bf582f,Student,2025-10-15,0.15
311d114a-a51b-4e1f-9b37-07ccca754907,Student,2026-01-26,0.15
e74ac6f1-751f-4158-97b1-0328817ba594,Professional,2026-06-09,0.6
ca59c4aa-4fd4-413c-be0c-d0ae3c088325,Student,2025-12-23,0.15
f463ec46-f4f3-4784-b7dc-1fa41ff86b9a,Student,2026-02-01,0.15
cc2cbb46-e49e-4fa3-830c-163630306d68,Professional,2026-01-12,0.6
b6f905a0-a4aa-4638-a006-ada25ea63357,Professional,2026-06-02,0.6
ce3d376d-1b0e-4ff5-be33-ef7695ddf43e,Student,2026-07-23,0.15
110be892-18aa-4a09-adb5-6e1979035d1b,Professional,2026-03-20,0.6
013e2ff8-1fb1-460f-9320-f274b28e0a5d,Student,2025-12-17,0.15
f68cdf36-3174-4bc5-ab3a-0e5eda5882d2,Enterprise,2026-04-03,0.85
628e30d8-65ce-49f0-a635-af34859d2b0b,Professional,2026-01-13,0.6
c45cb80c-2dfc-4e2f-89fc-f6431b2dd525,Enterprise,2025-12-24,0.85
3b7ffc38-19ac-4153-be52-19770a03c95e,Student,2025-11-30,0.15
c589c05a-2a11-4a1d-bc0f-b870d0e09896,Professional,2025-09-25,0.6
40010608-9e6c-4c56-8ff8-cfec8834100b,Professional,2026-03-01,0.6
3f78b7a3-a561-4f80-b212-1e7ff34d2503,Professional,2026-07-07,0.6
924b5644-33aa-4822-8804-3d5118a8ea69,Professional,2025-11-09,0.6
0e91e385-91b9-4fc1-85c3-b6e551a0636b,Enterprise,2025-09-27,0.85
a83163fb-c3e3-435b-bd33-bb62133aefba,Professional,2025-12-13,0.6
85a02d38-6990-41e0-9e6d-b6e7ffa35175,Professional,2025-11-19,0.6
db7cc958-a8c5-46a2-a019-594e8f76e066,Professional,2026-01-12,0.6
ce4a5fed-a39f-4b12-9e4a-955bcba7bff9,Professional,2026-02-07,0.6
474f91f5-9f0e-4f8c-a430-2156e3ea5b7f,Student,2026-01-03,0.15
783d7ba6-e4d0-4ff4-bbc0-c1e314cf0487,Professional,2026-01-07,0.6
9b6eb1e5-5aa6-4b0e-9754-e278c97c972e,Professional,2025-12-19,0.6
40436cde-d01b-4427-a31d-fcee6d055d02,Professional,2026-06-11,0.6
bb036f1c-d7c5-4bf6-85d0-8d391466f807,Student,2026-02-16,0.15
15a35298-9e8b-48ff-8316-59186ff2193a,Professional,2026-05-29,0.6
586bc2b2-674a-49ca-a346-e1d5bb05c1f9,Student,2026-06-20,0.15
a20a791b-349e-477c-95f4-2ccf4ae2b11c,Professional,2026-07-23,0.6
2f9aad74-1de6-4705-ac29-6ffc0f2cb7a1,Enterprise,2026-07-10,0.85
cfe6a0ea-cca1-479c-b8fd-3e0b03e8a782,Student,2025-10-16,0.15
e84516b3-6205-4a83-ab8d-d0f17d68f425,Student,2026-07-01,0.15
d6314e30-1609-418d-b218-c6cc4d29c349,Student,2026-08-17,0.15
de860652-8160-46d4-ac1c-e9768ce95021,Student,2026-03-02,0.15
a2428e14-a5ba-44dd-8d05-359f06544097,Professional,2025-10-12,0.6
206e351a-7ed1-44eb-88d3-60c0241516b4,Student,2026-03-28,0.15
3760e346-0fa4-4a40-96e3-1e3608bed6c9,Professional,2025-10-19,0.6
277ef152-c358-4391-bd1d-709199660d16,Enterprise,2026-01-27,0.85
77121e36-fd77-4d98-961a-096b68262b99,Professional,2025-09-21,0.6
d8d33e21-9124-4ab6-aff8-46143927c3bf,Enterprise,2026-07-07,0.85
cbed3aa1-b451-4361-acb6-8535389c5756,Professional,2025-10-08,0.6
5d7d50cb-21ba-4455-b559-8247b7871831,Student,2025-11-15,0.15
96c30e03-044b-43dc-b881-c45595c1ac78,Student,2026-04-14,0.15
e7db7842-b652-413b-8180-616da7c7dac6,Professional,2026-06-29,0.6
53ed0be5-e892-412c-8670-ca615faffc55,Student,2025-11-27,0.15
069e6f82-1cbf-41ec-82af-5f4e519fc20c,Professional,2025-09-02,0.6
ca7c3188-deef-4e90-9cc8-1f2b0879b25a,Student,2026-03-20,0.15
b2c40b4b-b57c-4b6b-a93d-d2e3159943b1,Student,2026-04-16,0.15
b3d3dbbe-fece-4158-a73c-df75b29bae61,Student,2026-07-15,0.15
81aa313e-df5b-4cd4-b13b-40f7ae9b1a9d,Student,2026-04-17,0.15
80796833-a02f-4b5a-811c-9c17057150c5,Professional,2025-12-17,0.6
b2d08c4d-eb3b-453f-b80e-218567c411db,Professional,2026-08-16,0.6
c5ff43a5-3a66-495f-a0c1-78b8a3d589f0,Enterprise,2025-10-22,0.85
c6c7c293-7758-46b9-8279-f13ebec2c25e,Professional,2026-01-28,0.6
41508b5b-55fe-4274-bb29-bdf851da3561,Professional,2026-02-13,0.6
fce5d839-2744-47cb-beee-6ad430161e3b,Student,2026-07-05,0.15
5122e08f-1b72-45da-a588-9c1fbdee696d,Professional,2026-03-10,0.6
5433e3e7-020a-45e3-82eb-132c822ab07e,Professional,2026-01-30,0.6
24060392-00e8-46b0-aaa4-d6801d093464,Student,2026-05-07,0.15
c559e5b6-add8-4b12-91aa-efa00ec57873,Professional,2026-03-26,0.6
104539ad-936d-437e-a498-d52f74ffb447,Student,2026-04-19,0.15
de02e062-d756-4625-93d3-0dc50b88fc45,Professional,2025-09-03,0.6
622b773b-fa5a-40f4-b98b-918c630e3d37,Professional,2025-08-26,0.6
e68452bc-32b3-4d69-945d-c0a53429c864,Professional,2026-02-16,0.6
17efa52f-9577-40fc-abef-4d4bf5880c28,Student,2026-01-08,0.15
6dfa6fd9-d5e4-431c-9ff3-ce0c08999d6d,Professional,2026-07-31,0.6
a3ac33ff-5bfb-488a-b0e8-ffd651f72e19,Professional,2025-11-17,0.6
90c77107-99ef-451b-9a65-c20814373c4b,Professional,2026-02-05,0.6
419144fd-d27b-42ff-8006-cd447a571a98,Student,2026-02-16,0.15
e8c4fa46-068f-4115-8f2b-bb9f70285576,Student,2025-09-04,0.15
a286e9f8-f21f-44ac-8574-9e80c60962ae,Professional,2026-03-01,0.6
4b90c56f-45f1-43a0-8d34-918cab124121,Professional,2026-01-28,0.6
ec5f8fea-3f12-4ae8-b623-37809b7b3d49,Professional,2025-10-01,0.6
1d001cb0-1062-4064-848a-c78f7847dc54,Professional,2026-05-12,0.6
51c48952-d1a7-4576-ad98-e1d1b4057b3c,Enterprise,2025-11-19,0.85
dd4e0971-0c40-4eaa-954d-d25418a645c9,Student,2026-05-23,0.15
ddb08abf-1105-4d77-8b98-3d815e34b326,Student,2025-11-09,0.15
7872b1a9-7e16-41a4-965e-46bb72b3c3aa,Professional,2025-12-11,0.6
493f9c1e-8aa4-4d2c-8c46-611620c48619,Professional,2025-09-14,0.6
9fb9a7ed-fa1f-44bb-af03-22a8171aa889,Enterprise,2025-09-13,0.85
f65a279b-029b-485e-a4f8-90fbfc0cb7a5,Student,2025-11-28,0.15
01dc2fab-3e3b-46fa-9d95-ab98acf87dca,Professional,2026-05-06,0.6
82892564-5185-4f6d-b2d8-b5333424f715,Professional,2025-09-20,0.6
2740cd72-c4c9-42ea-961a-8867cf713613,Student,2025-11-15,0.15
b77fca8b-3c74-4211-8aeb-66de4d488db5,Enterprise,2026-01-22,0.85
37e2ed3c-e3e0-4d61-845b-20a76e12da12,Student,2026-08-02,0.15
72bde9c8-9236-46cd-9080-b53279436a0a,Professional,2025-08-28,0.6
34823fde-3ca1-4cfc-aeeb-7e91e2d53718,Professional,2025-10-05,0.6
4047fd58-bf2c-4ade-b109-71bf801e8cac,Professional,2026-01-13,0.6
79d2164e-1d38-43c8-af63-06a7057444a8,Professional,2025-09-13,0.6
9c7f5599-9088-40a7-838c-50dbb9cd6c18,Professional,2026-01-22,0.6
aa2359b6-ecbc-49a3-ba67-66107e682301,Student,2026-01-30,0.15
d0f95fc6-ccad-4cd4-bb06-6055edc47948,Professional,2026-02-12,0.6
ccf5f359-3eb4-422b-9f65-a0e167a48ace,Professional,2026-03-26,0.6
d580f9d7-ba9c-402a-a0d8-0d3fa848b08c,Professional,2026-08-14,0.6
27a161b9-826d-4f7f-a3bb-f22395a9f963,Professional,2026-08-10,0.6
0e110b46-c4a1-484a-96aa-f5337bd9e14b,Student,2026-06-13,0.15
c81c9083-d175-4929-a1b7-6856f98858e0,Enterprise,2026-07-28,0.85
5c54175f-4747-4b6a-83cb-bea49294b339,Professional,2025-09-08,0.6
6279f1ae-df23-49a5-9277-56496515a8c4,Student,2025-10-10,0.15
77c1657d-b128-43e3-9489-7a403a4f7aaa,Student,2026-01-27,0.15
b9af5f76-56d8-44d8-b374-0b3165811acb,Professional,2026-01-06,0.6
8fc5693c-4223-474b-be8e-a8bddef49d5d,Professional,2026-05-13,0.6
a95a2f19-d355-4457-93a2-5f29c8d57ed7,Student,2025-09-29,0.15
07dac138-8c13-4f99-a7ec-63c4eb515479,Student,2025-09-24,0.15
b6f86f81-a524-4115-b7a3-41d8f6ee7570,Student,2026-06-28,0.15
72e36c4c-40fc-4304-88a9-392becf0dfeb,Professional,2026-08-15,0.6
a57947d0-f202-4752-891f-d734c21ec36e,Professional,2025-11-03,0.6
9a3043a8-b17d-415d-a726-243bf3ecf5c5,Professional,2026-07-19,0.6
5a40f882-5481-458a-a598-9703c7bcb4e5,Enterprise,2025-12-26,0.85
1551fb31-bbd3-4435-acb1-48bc6a31ac8b,Professional,2026-01-24,0.6
7325785b-f4a1-4068-ae31-615c30f71495,Professional,2026-06-30,0.6
fc5374f6-e128-420a-a965-0dbf1ca3c136,Student,2025-12-29,0.15
e57414e0-ca07-47fe-8e30-eb9b41d881d8,Student,2025-08-28,0.15
f06efc69-d91e-4370-b44c-e7eca2466659,Professional,2025-11-19,0.6
c82ad85f-a6d2-4857-8a38-6c36779f6924,Enterprise,2025-10-12,0.85
8c8f105d-40bc-4828-8307-5f587661e89a,Professional,2026-01-19,0.6
38907251-cffa-4cc4-b306-9c9feb50d951,Professional,2026-08-09,0.6
7881b233-bc54-47c3-a36c-4c02dc882d45,Student,2026-06-29,0.15
a838d6fa-6b53-45ce-87bd-23c2dd4348d7,Student,2025-08-27,0.15
bb490b56-1874-4aa9-a4e3-3be44ea33c2c,Professional,2025-12-26,0.6
fa1ce8c4-87bf-4a77-91c1-1b58647f94e2,Professional,2025-10-03,0.6
4c2a9f84-b16d-45b4-ad1e-d3c067f39be0,Professional,2025-11-10,0.6
dc0e7d0b-b164-4978-ac3f-5c840290a46f,Student,2026-01-02,0.15
99dd634c-5eb4-4f62-aa76-86d30303e684,Professional,2025-12-03,0.6
eec543cf-3ee9-4f83-b4c7-97cec1221b87,Enterprise,2025-11-29,0.85
85d8366d-ca34-41d1-8bfb-360e58ee84ef,Professional,2025-11-07,0.6
dde8f30c-ba79-4332-8a77-8d38f62bb5ce,Student,2025-10-09,0.15
ad84535e-5f57-4d09-b624-96926be64771,Professional,2025-11-08,0.6
fe0fcb13-1ec9-4c86-903d-3daa395915e4,Enterprise,2026-03-15,0.85
8a9ebc8f-a2b6-41a9-b5c6-e1f2d637568c,Professional,2026-05-21,0.6
93220ba3-bf04-4699-82d8-1231d32e6157,Student,2025-09-06,0.15
3ee50e13-6c03-424e-8822-788c69a2b57c,Student,2026-06-03,0.15
44b1f3f5-8875-4805-84e4-abc3b72bf28d,Student,2026-01-14,0.15
eefe8f4d-df38-4971-87b1-a7e81bac6105,Student,2026-02-14,0.15
61954e94-02d1-4b5c-af30-664b89075c3a,Professional,2026-03-31,0.6
a235b3cb-2242-48de-982f-70208633d95e,Professional,2025-11-27,0.6
4e2deafe-695d-424a-808e-2ba7b13ea26e,Professional,2026-06-13,0.6
3d15af3a-06e6-47fe-aede-3669cc485381,Professional,2025-09-05,0.6
3f3373f4-e2cb-478e-b5df-24b7d76cca44,Student,2026-01-27,0.15
19e2afc9-49fb-441f-9158-157ecb1657a8,Professional,2026-06-13,0.6
6b51a8e5-d42c-4033-a466-d455ef3ff6d3,Professional,2025-10-20,0.6
d75db7d2-e51b-4b42-8b18-91b3b36fe079,Professional,2026-02-08,0.6
8104049c-0baa-4159-b97f-d09864320a1b,Professional,2026-02-20,0.6
d36cd44c-8a5c-4d5a-934c-cb045f6da7d7,Student,2026-08-12,0.15
2fe9a5d7-8f34-453a-b988-d89a07fdd224,Professional,2026-07-05,0.6
ddde8c78-9cdd-48b0-8f57-a4525611e072,Student,2026-01-18,0.15
c159b811-5bae-44ea-a96b-56227c6fb301,Student,2025-11-18,0.15
d97354f8-a1b0-48b5-bc1c-cf71696c3fae,Professional,2026-03-22,0.6
2308a92a-676f-4088-a4a3-869157e8b81d,Professional,2026-06-04,0.6
6fc50806-7c72-42c7-bb5c-798bef10cd94,Student,2025-11-25,0.15
c4379849-c24b-42ea-a0b8-0f6965697c96,Enterprise,2026-06-25,0.85
b91bc00b-ef28-46fc-9d27-8da0e156ae80,Student,2026-02-10,0.15
44c2ecb8-a7da-4301-9231-c0d2919ea69e,Student,2025-10-06,0.15
7427b101-9f46-40a4-9406-512dd233a1f6,Professional,2026-05-28,0.6
8da52952-93f1-46b7-bad1-e1ab894eb361,Professional,2025-11-16,0.6
79808e0d-1780-413d-8607-5997355a3f56,Enterprise,2026-07-29,0.85
c0621035-e061-4ed8-884e-53bb04470b5d,Professional,2026-02-24,0.6
fac39b17-67ee-487c-915b-4863d37b9cd1,Professional,2025-12-28,0.6
500aff12-6123-4ede-9178-0060d962791c,Professional,2026-02-10,0.6
e5038431-5e0b-4626-9111-2cfa4362e964,Student,2025-10-22,0.15
9d7fa4d9-b4a2-47a7-8262-a09d82b13550,Professional,2026-07-18,0.6
1458f767-db08-4955-92d3-37896180e8c9,Enterprise,2026-06-30,0.85
24ae917e-d1cb-4b96-af2c-7072ee6fa5b1,Professional,2025-08-31,0.6
27a65daf-645f-4abf-bb4e-196b26c38352,Professional,2025-09-25,0.6
631b70dd-6f77-411e-a147-cf98c96b30c1,Enterprise,2025-09-20,0.85
ffe13d3d-2f8d-4a70-afca-770ae135c4df,Student,2026-01-14,0.15
2a7291de-0d62-407e-b8d8-388a7a66941c,Professional,2025-11-11,0.6
7ff360db-c82f-4976-8387-b368f98e4c39,Professional,2026-01-06,0.6
1daa7dac-232b-4a5c-9e0d-f35ef9534387,Professional,2026-08-02,0.6
74e406ce-cc00-4a61-b995-d78bacabf70f,Student,2025-11-02,0.15
72162389-6e22-4d4c-8268-a45f7f04ee95,Professional,2026-03-09,0.6
34e6ba64-0f66-47ac-beb2-0b978b44b669,Professional,2026-02-03,0.6
21b5252c-170d-4266-965d-e31252a19b5b,Student,2025-11-25,0.15
631166c0-9582-487b-8228-0c788232b9f8,Enterprise,2026-07-09,0.85
e2d4fb26-3534-4d3b-ba4a-45c5974b20c2,Enterprise,2026-05-07,0.85
c105b4b1-9f96-436f-bb08-b578cb7a1677,Professional,2026-05-27,0.6
23aa3d2d-3f5c-4257-a9c2-4515bec20da9,Professional,2025-11-18,0.6
d3e3ba9f-fce6-4371-9e61-1fedd2428627,Professional,2026-01-03,0.6
5eb11347-8718-478a-bc7e-f04b925b4a1d,Student,2026-07-10,0.15
cd6838fd-2231-4cc4-b3ac-122089b5d8b0,Student,2026-07-13,0.15
5fe34def-211b-49bd-9341-a0f2592d4fc1,Student,2025-09-10,0.15
026eca64-9b8a-4e35-8f05-02058a830b7f,Professional,2026-08-15,0.6
ee9381b1-fadb-46cd-85bf-e3e181cad1e1,Professional,2026-07-25,0.6
979460fa-99cd-4634-a6bf-3c1a9de4efb5,Student,2025-12-19,0.15
410d6b20-1fa4-4b34-b159-7f2f641eef9c,Professional,2025-11-28,0.6
14e7ad05-700d-4589-97e9-ab8138c12881,Professional,2026-08-23,0.6
9dbc998e-85ba-40d0-8178-7c8930ad52b7,Professional,2025-10-09,0.6
d1986c97-4747-4390-8b72-7db339aea757,Student,2025-09-03,0.15
84b44d7c-4c61-4ae1-8e87-817fbd90af81,Professional,2026-03-23,0.6
927d7fc0-b1a1-4146-96ef-6cf30c52eb62,Professional,2026-01-15,0.6
26092a54-0a70-44e5-84d3-d44f138c5060,Professional,2026-01-30,0.6
e473c521-13d6-4fe5-aa82-c03e65eb8e05,Student,2026-08-21,0.15
acc1badf-db5f-4da0-88a3-a54a990f5542,Professional,2025-12-11,0.6
f4af500e-bca8-412d-8268-261e0c93f431,Professional,2026-06-12,0.6
ddeb66a7-6cc0-481f-aff0-bbd2f1c8b3ef,Student,2025-09-22,0.15
f62d6014-fb51-4af9-8ae8-a77428c131f8,Student,2026-05-06,0.15
6cddedbe-0db6-4c66-9e0a-6c2e2bde6ea1,Enterprise,2026-08-04,0.85
a14b397d-b215-478b-a244-41173df65f13,Professional,2026-04-08,0.6
e94fd268-cf3e-4eae-b002-6837292dcbaa,Student,2026-04-29,0.15
e35cb2c1-e043-427a-aeea-d5d85c22d331,Professional,2026-01-23,0.6
aa69ae8c-f9e7-4321-9c34-f4d713485591,Professional,2025-11-05,0.6
c51cf365-e584-4fa9-8a6e-764597f3369b,Student,2026-04-19,0.15
272a820f-d9fb-4ab8-b2fe-300fac5d428f,Student,2025-10-04,0.15
cf0aa2e7-ffed-4799-a4e1-019811a75db5,Student,2025-11-10,0.15
7233136c-9a27-4a9f-b824-6a1cc8b9e924,Professional,2026-07-08,0.6
ed13f69f-0265-45e7-9f22-bcad72a4c1fc,Student,2025-09-22,0.15
2e44ce8e-eb90-43ac-9f06-057ab583cd11,Student,2026-06-26,0.15
0a6ef57b-ed94-45cc-ac9c-c12b4db87b94,Professional,2026-06-21,0.6
295259c5-7c22-4d4c-ab1d-936edc50524e,Professional,2026-07-18,0.6
75077474-8bfa-460c-8d2e-6cee7f46be79,Student,2026-06-27,0.15
ba6c4464-20e3-4ca5-af93-0f95f6b41c0d,Professional,2025-09-02,0.6
b6616852-a1f8-4b8d-a2b0-03dfeb210182,Student,2026-03-20,0.15
afd25b4b-2fe4-4d47-964f-11bde11678d4,Professional,2026-07-08,0.6
7c7d6f1f-2ef8-4740-8011-0eac8c086dd1,Student,2026-06-30,0.15
5358cc55-d5b9-43da-863d-378705e03b27,Professional,2026-06-17,0.6
aaff881c-c20b-4017-8c54-b1bac35293a5,Enterprise,2026-05-28,0.85
7d0b3a64-0515-46be-9e2b-c02427ec9188,Student,2025-12-11,0.15
fc33f15a-20f6-4da8-8b70-617f7ca021d5,Student,2026-01-03,0.15
383b6725-ac22-4bcb-8bed-111e70d6856a,Professional,2026-03-31,0.6
64350f31-d2c9-48e5-9503-792aea863baa,Professional,2026-08-23,0.6
a679a76f-da3f-4019-bbd0-aaa1c1128cf7,Professional,2026-04-02,0.6
6acf98f9-fef6-45ce-a3e0-37ad6d2bf266,Professional,2026-06-25,0.6
6de4dcbb-0335-4e2a-ad35-0b9b5ec27dc9,Professional,2025-09-27,0.6
c9076fff-3854-4b7f-b14c-19a2173ac06d,Student,2026-04-16,0.15
ce71ef5f-8c61-4aa0-9c00-5f46acce7229,Professional,2026-07-06,0.6
ea787b0d-4813-47d0-bca7-2ab8bdde5992,Professional,2026-02-28,0.6
f4fa4823-74f6-4a08-a508-63f4a03bd774,Student,2026-03-08,0.15
84e9ccdd-8e26-4416-9a97-e1c11c18ad53,Professional,2025-09-23,0.6
dee83376-f8be-4d18-8374-1ff3c6e0cf29,Student,2026-03-30,0.15
2352a5ad-dbb4-4658-8e5a-974d78a96e18,Student,2026-04-22,0.15
2415ab41-ac66-4053-a84e-35ff9afb61b9,Enterprise,2026-06-06,0.85
c5e04ae6-94ff-4265-ada5-7e4005ab10bd,Professional,2026-06-21,0.6
014d0061-c6df-4265-9077-f7aff111c422,Student,2026-02-05,0.15
261b1b96-af0b-4c34-957a-b4b95fa7ab07,Student,2026-05-28,0.15
bb84d8fe-206e-437f-9f69-8c5661fd34c3,Professional,2025-11-27,0.6
f42d613d-0469-4eba-b1de-a4335812ad79,Student,2026-07-29,0.15
6b18a554-3591-4985-a429-4da72d8e75d7,Professional,2026-06-25,0.6
ff24a574-53ab-4d6a-9076-70520b2d1ded,Professional,2026-01-18,0.6
f72b6ac4-cd5c-4e7b-be43-ce12ccbce1f7,Student,2026-07-24,0.15
01f07409-1866-4003-9ad0-b78a8afc808b,Professional,2025-12-31,0.6
81a17644-0be6-4182-8f54-909b770f4b67,Student,2025-10-12,0.15
93edee29-9456-4398-ab4c-34298bdc5c98,Student,2026-06-06,0.15
2abd706c-7d93-47db-9526-8ef4f3357de1,Student,2025-10-21,0.15
d8510c96-c9c8-4098-8283-e4de55427684,Professional,2026-03-19,0.6
91c029eb-5515-4108-ad9b-7be42c00bba8,Student,2025-11-06,0.15
369ff6e2-7bd7-41fb-8a75-ed0a4512166e,Professional,2026-04-28,0.6
b751e718-b04c-4ff4-82cc-9414b65b2e17,Professional,2025-09-28,0.6
075334aa-d2d8-4048-a1b9-d0107b77a5b1,Student,2025-08-29,0.15
f9cc0809-8cf8-4045-a152-7191b0620f98,Professional,2026-04-30,0.6
bf08def3-290a-402b-bb1b-13d0cd05f0d2,Professional,2026-05-02,0.6
58a5a1d6-85e2-4697-ab56-483ae01018a6,Professional,2025-10-27,0.6
3c6a1cd8-7d41-49e5-a447-917a19759fa5,Student,2026-04-15,0.15
9b806430-113c-4c26-9320-0f37e3fcb2fa,Student,2026-01-09,0.15
1cf89acb-a3f8-4bcd-a269-02ccafc13aaa,Professional,2026-06-05,0.6
1a8ba75b-ee01-4bca-baa2-3bd86d1e6f63,Enterprise,2026-03-28,0.85
a4eeec0c-ee4f-4702-a1a5-ffbc692a203a,Professional,2026-06-23,0.6
38f5e2f4-6e55-445a-b201-dc954de63a50,Professional,2025-09-03,0.6
9011c932-37f0-44a1-82e7-8d67f7d6679e,Student,2025-10-07,0.15
386cdffe-18ee-4b88-aa52-558fe1c5c67d,Professional,2026-03-12,0.6
7b98e92f-8b54-46bc-a779-14276829befd,Student,2026-04-10,0.15
eb85cb18-cf51-408a-8615-4ca5b25066db,Professional,2026-02-17,0.6
9c24226a-5854-48f5-99c9-fb22950ce9a7,Student,2026-08-23,0.15
cc6b6075-a7df-45e1-9201-5ae018b53f4e,Professional,2026-06-14,0.6
f287c40c-dd9d-46c1-a7d6-37b9ec0674cf,Student,2026-03-08,0.15
bb56b12d-4ed3-4ff4-a8a0-961196216115,Student,2025-09-22,0.15
677de3a3-7765-48d6-9b09-7ec3538f4add,Student,2026-02-11,0.15
ec35dd4e-4d12-4e14-b7c2-688a49a5c298,Student,2026-04-06,0.15
7d31ffc3-d7e2-41bf-a7a0-cb444229a0b2,Professional,2026-07-02,0.6
7a61f4be-56f7-46b6-aedb-5eaa36003dfa,Student,2025-09-21,0.15
c0e2084a-6a48-4d07-8ea7-3ca3420bc41a,Professional,2025-12-10,0.6
ce97b3da-32b1-4c69-8d51-b81181612ae6,Professional,2026-02-03,0.6
2e917af1-e0f2-4e8b-9973-da1cf41eea99,Student,2026-06-06,0.15
6a4179a7-fe9b-4f84-818e-151f6487aa47,Student,2025-12-14,0.15
15a56ce1-cd36-484c-9731-7af81528f86d,Professional,2025-11-11,0.6
df70d7ce-6a21-48a0-9848-6ba8cc3cd2a5,Student,2026-04-21,0.15
fea3647c-c9e3-4056-84ae-022325cbfee3,Professional,2026-01-31,0.6
62039561-e104-4a76-9aee-57bee993c100,Student,2026-05-10,0.15
57dbcb19-1389-491f-bf74-855e3957354f,Professional,2025-09-22,0.6
55169fab-53f7-4de1-83ee-9feac4fa6abb,Professional,2026-04-13,0.6
55773a9e-0bd5-4746-bdbc-6747bae9c11a,Professional,2025-09-30,0.6
20e028ad-a8aa-4280-8b63-955c530426e5,Student,2026-05-22,0.15
2ba9f303-f4e8-404b-b03a-adb675764420,Student,2026-07-02,0.15
1bad2cc0-d8b1-4ea8-92e0-fd8180f4e7a8,Professional,2026-01-02,0.6
73ec3206-f6b0-4d30-af24-df975cbc8ac4,Student,2026-03-14,0.15
7ce4b6df-dc61-4f04-9963-9c694cb05db1,Professional,2026-01-21,0.6
27334516-dd33-4785-ac62-d1e564bb4c30,Student,2026-04-02,0.15
69f5420e-1291-4c73-904b-3ea021ae3067,Student,2025-10-18,0.15
f4da82df-6ae8-49b4-b33a-4e65116dfa14,Student,2025-12-11,0.15
6e156de2-9ee4-457b-bace-22df17905135,Professional,2026-08-04,0.6
4fc359a1-0956-4ba6-be2a-b4a913437c32,Professional,2026-03-07,0.6
ffef68a1-944c-45e0-b43b-04adf0d85958,Student,2026-05-04,0.15
a16acdac-b5fa-4c25-bd59-c8ab143312c8,Student,2025-12-02,0.15
1bcfd923-9785-422a-9641-ce47e217a58c,Professional,2025-10-04,0.6
f8f040ad-c010-4e4c-9518-e7192ff0640e,Student,2026-07-28,0.15
ba671189-c07e-45f8-9835-1c1944085c96,Professional,2026-07-05,0.6
daad5827-da93-4812-8d0d-22144df1af85,Professional,2026-06-07,0.6
5e9fd032-b92e-428f-a819-a65bbf8a2de0,Student,2026-06-12,0.15
1ccd6502-7c67-466b-a0a3-bde271900f49,Professional,2026-02-22,0.6
a80afeb8-0841-4126-ad63-4b294a2f61f5,Professional,2026-04-18,0.6
96f91133-5bd9-43e1-a76e-9f43ccbe7bd4,Professional,2026-02-20,0.6
bc3a6030-deaa-4b75-8a86-3f2bc703cc34,Student,2026-08-24,0.15
6caaf446-e231-4aee-beaa-4d0caa8cd272,Professional,2025-11-05,0.6
a8368235-9529-48a3-bb5b-8ab8590c08fa,Professional,2026-05-28,0.6
40c1662a-4836-47d4-b6ad-8d93f7df3813,Student,2026-02-17,0.15
5368c083-49d1-4df5-ad0e-442adbb66ee0,Enterprise,2025-09-13,0.85
59ac1dea-5f98-484a-a38f-310432901e3d,Student,2025-11-28,0.15
d76d82c8-6b80-473e-bd9e-ba15c589b8ed,Professional,2026-03-02,0.6
c49b20ea-f40e-4abd-8d43-f2e65bc8d3f3,Professional,2025-09-18,0.6
9725f460-dd7b-4cf8-9eeb-762b77739e4d,Professional,2025-11-21,0.6
4b71004b-15f8-42ca-bd33-66f641967c03,Professional,2026-01-14,0.6
31f6164b-7262-43df-9c8f-d6f334cd5bdf,Professional,2026-07-15,0.6
736b3bc8-3176-4b89-9478-ef4419673580,Professional,2025-11-04,0.6
bdcb3fac-d890-4495-8efb-6c281396b755,Professional,2026-07-27,0.6
d54c54f4-5ea5-4383-9d47-39709aa02112,Enterprise,2025-10-13,0.85
a54c6207-1289-4e73-b3fb-fc9b7c5840c4,Enterprise,2025-12-24,0.85
b6361acd-f44b-43e7-8b2b-1151847070d8,Student,2026-03-31,0.15
07b0a452-6c58-4723-8857-c188dac6170c,Enterprise,2025-11-20,0.85
18bf5b4f-c0da-430a-85f3-57fdbc51ab34,Student,2026-04-05,0.15
6eceb920-73e2-4208-9eb8-f7f3377ad2b1,Enterprise,2025-09-06,0.85
c3c073f3-e80b-4b6d-9c15-0ac3579209f4,Student,2026-07-01,0.15
31caa3ee-1d1e-4910-a848-fc1bff8f29d4,Professional,2026-03-17,0.6
1741590a-bdc4-41af-b972-7f7845f85561,Professional,2026-02-08,0.6
5c6ea504-e546-4f1e-88c2-8e220fec9416,Student,2026-07-25,0.15
4cfba26f-036b-4430-aca9-c185130984ae,Professional,2026-07-10,0.6
f576667d-6006-4dcd-9e62-ad044a8fd0d4,Professional,2026-07-04,0.6
3c8e5218-e0b7-42de-a3cb-031ac0b1fb79,Professional,2026-06-12,0.6
62c1ab39-407a-4039-8f1f-2700c94854fa,Professional,2026-06-09,0.6
3d1b9f34-0ec8-4d4a-b83a-83ea7e39f34b,Professional,2026-07-04,0.6
60a6e83f-8d96-48e8-9b97-2886a1f1a90a,Student,2026-05-30,0.15
73de736c-1794-48c4-a6d9-5ab6ba9adfe9,Professional,2026-01-12,0.6
1ff592a8-99d6-4767-a631-b55affd2ea7e,Professional,2025-12-20,0.6
31c813c1-0dca-43d4-9cc3-75b104505268,Enterprise,2026-06-19,0.85
154988af-16b9-4c1d-b43c-6a5202cf4863,Professional,2025-10-02,0.6
7ce5a32e-07e0-4a46-a02e-e5c8ed863b5e,Student,2026-02-17,0.15
2b008577-3c0b-450a-8eb5-cd7289b6f7d5,Student,2026-05-21,0.15
e5a8dca0-2b77-4853-b308-2c0d6e3799a3,Student,2025-12-05,0.15
41e68ece-439b-49a9-88aa-7b42597f1856,Professional,2026-05-04,0.6
665bde22-2dd8-4285-a562-dfe67d5fdfea,Student,2026-04-15,0.15
ce87a807-3a36-4194-b797-e9292286f149,Professional,2026-04-26,0.6
a4e5e4c1-ff2b-4e04-a50d-1b1b81a3d85c,Student,2026-04-25,0.15
4cdb03f5-26a5-473a-bc3d-2dfd0bab8774,Enterprise,2025-12-08,0.85
abd33f1a-5865-46d9-8199-4cfd7759a122,Student,2026-03-17,0.15
a94bd573-aa0f-4c26-a524-ad8670181c66,Enterprise,2025-11-22,0.85
f666cbb9-2c69-4f48-94d1-4de26a112315,Student,2026-03-05,0.15
66775d56-832e-48cf-ba36-9d6b15fb8db2,Student,2026-01-19,0.15
1e06137e-0678-458f-a142-daea9dd1a591,Professional,2026-06-24,0.6
f42f6850-cefe-4338-907b-54bc711aecd8,Student,2026-07-14,0.15
7deaa86a-8421-4f0b-8776-2ffa97445c84,Student,2026-01-03,0.15
79de2bde-b19c-460f-a069-5bbea7dfb6a2,Professional,2026-05-02,0.6
f3d8b3e6-0543-450e-8ad0-11f6f3d3ce99,Professional,2026-05-11,0.6
791b8970-60e3-4c68-b91d-160b856aa7e0,Professional,2025-12-26,0.6
dea87a3c-dd1d-48b8-8da0-369090acddf5,Student,2026-01-11,0.15
98f68af4-d9d5-4079-b6a7-03534c36dad7,Professional,2026-04-06,0.6
8199c45d-4db6-4a14-8484-80857dedef69,Professional,2026-05-05,0.6
f8622913-18e2-4340-89fd-63dd539472b4,Student,2026-03-31,0.15
7bf2fa27-9ae0-4bf1-8ae7-9a101ea7f586,Professional,2026-02-03,0.6
38ef3984-5d3b-4e0a-83b8-2709ec886992,Professional,2026-06-01,0.6
c34f3314-52cf-42dc-8ede-f419b0b52dc7,Professional,2026-06-14,0.6
6cfd3dcb-bf4a-4543-bbdf-3ea1a4799ad5,Professional,2026-08-16,0.6
2257d704-58c1-4577-9468-f5d22105e6eb,Student,2025-12-10,0.15
564f5c08-68de-46c9-896d-b90852b71b55,Professional,2026-08-05,0.6
b60730fb-a858-4ea6-9f11-24e0f9844510,Enterprise,2026-01-16,0.85
c932f044-3abc-417c-9ce5-7fb3a3f820bb,Student,2026-05-28,0.15
1461829d-fbd5-4728-abfd-35eccba7a310,Student,2025-09-09,0.15
0c5c1dde-05ad-45ae-a019-4d8bc8692ca0,Professional,2026-05-30,0.6
024a8eb0-22ff-469f-a948-330ddb890f0a,Enterprise,2026-03-24,0.85
fce8d137-a9aa-4cdd-b46a-c06d0e743be3,Professional,2025-12-04,0.6
7b9f7fa4-ab4b-461e-957b-bb2aefe05105,Professional,2026-04-26,0.6
2618fde7-3691-455b-a1ef-818044f3ff83,Student,2026-03-05,0.15
1d1b5d9f-fcf8-4022-a235-04174294752d,Student,2026-04-19,0.15
8fe84b60-6135-48ea-8a39-eee7e90f81de,Professional,2026-05-07,0.6
9b13fd4c-8210-400f-b5e0-c4d700b69352,Professional,2026-06-15,0.6
820201c9-da3e-4bff-a1f8-ad9811f249c0,Professional,2025-11-30,0.6
e2ec64f0-9094-4df2-8c77-381ecc93015e,Student,2025-10-01,0.15
1f60188d-0b78-4483-99f2-4cf1dc5759dd,Student,2026-03-12,0.15
77904673-6873-4f53-8152-ddb89a1f893a,Professional,2026-08-06,0.6
e6240361-1785-40c7-96e6-f355cf841a2c,Enterprise,2026-02-22,0.85
57374b18-e92b-4dd3-9be9-9c3c189cdef2,Student,2026-08-15,0.15
52e243b4-3af0-421a-8f3f-aa20a0a9be97,Student,2025-10-09,0.15
189d0e2e-26a2-4336-815c-cab041db38a1,Student,2025-09-11,0.15
bf26e79c-dd03-4e01-b8e7-ccab4c971d1d,Professional,2025-09-23,0.6
cc0e551e-2a5a-4a21-a72c-6536797f2a71,Professional,2026-05-20,0.6
6a9dca4a-5ea3-49ed-91ab-f43e9fc3ecf0,Professional,2026-03-29,0.6
8b461245-b9e7-41ff-b21c-331888755781,Professional,2026-08-16,0.6
67e32dbc-96c1-4f53-81d0-bccbe12f1d35,Student,2025-11-25,0.15
3713740d-7294-4655-ad7f-150f097522ee,Professional,2025-10-28,0.6
da8997ac-f49b-4412-b705-ab71c08184fa,Professional,2026-04-22,0.6
28d8a164-52db-4438-86a7-236fe77cafc3,Professional,2026-08-24,0.6
7e7de042-0967-49fb-bb47-64a72f321d4a,Professional,2025-11-01,0.6
68dd0835-21ed-4711-a81e-2f6b34acbc7a,Professional,2026-06-06,0.6
94e60f59-ad54-4cfb-95f5-17d239c33143,Professional,2025-09-21,0.6
2035d81e-b7e9-4919-ad69-03ed8f1bce64,Professional,2026-04-11,0.6
a09fcab9-7546-4d74-824e-10642f8c7431,Student,2026-07-31,0.15
72e71547-ae27-4635-96c1-7791c4fee20a,Professional,2026-02-23,0.6
269d3044-261b-4784-9db5-e4dc2126e0d6,Professional,2025-09-21,0.6
b5531cc7-bcb8-4f91-8f9a-8bbb7620b7a4,Professional,2026-05-22,0.6
c687bebc-dcfc-4f94-b93e-95ed299d7155,Enterprise,2026-04-01,0.85
fdb4c783-e976-4e94-818a-d5513a639dc7,Professional,2026-01-06,0.6
089ca45b-1985-4eaf-9b34-e01e288c9c90,Student,2025-09-23,0.15
d4928ede-3cd1-4bf3-95d0-a533210d6fc6,Professional,2026-04-12,0.6
dddab2f8-1859-48da-9b0c-6e8862e55137,Professional,2025-10-10,0.6
92299988-2f2b-4c27-98c3-44c804c8ac7b,Professional,2026-03-18,0.6
1cf8b9a2-3cea-4a0b-b987-6b94379d1aa3,Student,2025-10-21,0.15
d1908872-8d98-43ab-9d09-eb6ecb791e0a,Professional,2026-06-10,0.6
22a8fd7c-ea63-410b-8c7c-d5ea13cc1b7a,Professional,2026-06-22,0.6
cdfc397c-11a4-432b-a4d1-f880ab7c3f8b,Enterprise,2025-11-29,0.85
907613f4-91e2-40f7-8146-589d27f6a7ed,Professional,2025-12-07,0.6
1bfa7fdd-34a1-4f55-a0d7-34a9b6fcf846,Student,2025-12-09,0.15
df9c25d7-4e19-49f2-9a2c-b24f39a5796c,Professional,2026-01-23,0.6
96b97748-5cec-4d55-975e-9904fabf3d6d,Professional,2026-01-27,0.6
06efa703-2a92-454c-b98f-e2671d0a4f2b,Enterprise,2026-07-17,0.85
5cbc88cb-0f38-499a-ba28-deaa10f1f938,Professional,2026-03-05,0.6
10090c71-5cb2-4323-83f2-a6455e006f71,Professional,2026-01-11,0.6
658bb419-ef8e-4c16-863f-8510f236e17a,Professional,2026-02-09,0.6
92815024-c9d3-4da7-ac3f-8f57d2feeeed,Professional,2026-08-02,0.6
6ceef012-a65b-477c-9972-225713af025b,Enterprise,2025-12-26,0.85
6e1c064c-9861-4900-bfd6-f9dab739a211,Professional,2026-07-02,0.6
771c0d87-d634-4349-8c72-e6ada727d413,Professional,2025-09-26,0.6
683c6842-6619-489c-824f-52988380a5f6,Student,2026-05-19,0.15
3f6fbded-5835-45e7-945e-30c46056f0d5,Student,2026-01-08,0.15
0b694445-1c4e-498c-9ef0-8210a3332286,Student,2025-12-12,0.15
a7624549-1dcf-489d-bd1d-8724e6833a54,Professional,2026-05-17,0.6
469af304-43e7-4218-a9ae-26c759122feb,Professional,2025-12-10,0.6
d06838db-6995-466b-937c-811579ea2210,Professional,2026-02-28,0.6
7b236cbb-4dad-48aa-b753-5d0655cda3cd,Student,2025-09-17,0.15
9c2e164b-f96b-4a0e-9fb3-001e8cb8c842,Professional,2026-04-11,0.6
eb117122-57a6-4870-822d-83cf4689dfe3,Professional,2025-11-30,0.6
a840186f-db42-44c1-ab2d-0330a1fad794,Professional,2026-05-22,0.6
4784701d-bfca-4088-8a12-a0da60c69e82,Professional,2025-12-14,0.6
28719ce0-a9db-42da-921e-61618c3daa38,Student,2026-01-21,0.15
59166320-d1eb-44b3-bd99-fb664a5415e0,Professional,2026-06-17,0.6
81cf1bfb-5c28-4e27-879e-cb13b088b184,Professional,2026-06-13,0.6
bd5021b2-b9c0-46a1-bf3a-cb95e529a421,Professional,2026-01-29,0.6
4474eb43-4cc6-47e1-9926-b4b07e61b226,Professional,2025-12-02,0.6
a70aaa53-1f6a-4bb2-adde-16ca3604f648,Professional,2026-01-30,0.6
c855d6af-86af-4f51-9512-5ccd3e572867,Professional,2025-11-10,0.6
5f7093fc-40e0-4fd1-976a-6d47dc09c5a1,Professional,2026-05-07,0.6
a06e9ad2-0479-451d-bd88-538ea90d0c0b,Enterprise,2026-01-27,0.85
3d5399ba-cbf0-4825-8f2a-18145cec5137,Professional,2026-03-24,0.6
ee8ac0bd-e6f7-41a1-bcb9-1b9af798f261,Enterprise,2025-09-06,0.85
c1e09007-5b4f-4b70-a130-add66bad1c2e,Enterprise,2026-06-09,0.85
2072e92f-d209-4777-a049-4e6cb566f685,Student,2026-04-16,0.15
7eed2d3c-80b0-4c68-9364-67802edc01f6,Student,2026-01-09,0.15
aecc0a44-c8c9-478d-b39d-917f46f5a10a,Professional,2026-01-05,0.6
0b1f92ee-ad33-4f45-95d2-3480387d4655,Professional,2026-07-26,0.6
fab6e43c-07ec-4501-a17e-93537e4a2360,Professional,2025-09-28,0.6
7ec78288-06e8-4b49-b64a-cbf218609887,Student,2025-10-13,0.15
4470d6de-ca5c-44a2-a850-10361d61f349,Student,2025-09-29,0.15
44b97c6d-c764-4afc-9433-3e560af12d6f,Professional,2026-03-31,0.6
a98df762-6f3c-4b64-b355-ebf15a0e8aa6,Professional,2025-10-30,0.6
5c856dc2-258e-42de-8740-b860d9bfabb5,Enterprise,2026-01-02,0.85
5ce9c57b-2bbf-41e6-b970-9988e53cb71d,Professional,2026-05-27,0.6
4a7efc4a-d54c-4adf-9174-004370080756,Professional,2026-06-02,0.6
e9a399e3-d953-42c0-b8de-363877063251,Professional,2026-08-20,0.6
f626cbe8-be09-46f5-a3de-c400b15b0e11,Professional,2026-05-26,0.6
3b47acee-c566-4ca8-a99b-392c415e9990,Professional,2026-05-13,0.6
0115d9e8-330d-42d4-8342-900ea627748f,Student,2025-09-20,0.15
11b162ee-0d83-4a3a-b1ac-4305c03088ea,Professional,2026-01-26,0.6
600fc467-1fe8-4bb3-a5be-f3b598f6749d,Student,2026-08-16,0.15
798b6e46-122c-464e-850f-91535876cf3a,Student,2026-01-31,0.15
c59161e6-f1a3-4ab4-ab4b-7aee068bb268,Professional,2025-10-27,0.6
6a06f816-039c-48d3-ae22-0d4d559d45d9,Professional,2026-05-05,0.6
c50820e0-42a8-42db-9935-160862c5063b,Student,2025-11-19,0.15
98296d8e-adde-4b90-bb56-66cad7c5c57e,Student,2026-01-19,0.15
f5e8941c-d681-40a5-82db-61d0dacbcb9b,Student,2026-02-17,0.15
d084bf34-4309-41d5-8f49-8b5aa33e649d,Enterprise,2025-10-23,0.85
c63f5ab1-cbdf-4dc7-8902-932f72633a0f,Professional,2025-12-11,0.6
aa25420b-e8f3-4311-a013-316ddafc693f,Student,2026-08-03,0.15
88700b79-f66a-4757-921a-abe04dc92921,Professional,2026-07-16,0.6
09da9ead-276f-47f3-b18e-ada57a3d36d8,Student,2026-02-23,0.15
3fcf8035-1307-400b-a3ea-963f6d8c438a,Professional,2026-02-23,0.6
6681c8df-d015-4c58-9e0d-61671d847883,Professional,2026-02-18,0.6
7bfaa843-30ec-4ec2-bce5-f09f0de044c3,Professional,2025-10-05,0.6
8f692e8c-2fa5-4302-97ee-f4a11b0455c4,Enterprise,2026-04-10,0.85
c97f96f7-151b-4f1b-907f-12db91030e85,Professional,2025-09-23,0.6
b44eff59-fdc7-4dac-a2cb-a1583b95b729,Professional,2025-12-23,0.6
0afbb9f8-02b6-4ecc-b6ab-ba0986bb4067,Enterprise,2026-06-27,0.85
977d389d-ec0b-4d6c-975c-b9b6ffcdd241,Professional,2026-06-14,0.6
d5ad014d-20dd-4363-ba12-1575439c932a,Student,2026-05-05,0.15
531704e5-376c-4f86-9f03-109c34be09d6,Professional,2026-06-30,0.6
593f1157-19bc-45fb-ab51-5ae2b4d6d53b,Professional,2026-04-27,0.6
ab813a11-2f4f-491b-90bd-5c249163fb65,Enterprise,2025-11-17,0.85
1dd76958-02f5-4e4e-b7bc-d46360543060,Student,2026-02-17,0.15
bd46ab40-3c26-4844-a102-3288b55fe60c,Student,2025-12-19,0.15
f35f494f-346a-4e43-a699-f2a89f68376a,Professional,2026-03-14,0.6
839229f5-198e-4e07-a764-a4e89e321c13,Student,2025-11-04,0.15
955ac039-910f-4734-8f4c-60932dc85b2a,Student,2025-10-12,0.15
290a12cb-909d-4ef0-867a-108e7e1d5a65,Professional,2025-09-14,0.6
2a9f0246-939e-4e5a-8164-9cc55beaef8e,Professional,2026-06-16,0.6
28a6e781-dd6a-41d6-8779-288e42329586,Professional,2026-06-06,0.6
d3471ed5-c6e5-41c5-b11c-e3fbb3f36da6,Professional,2025-11-29,0.6
5de95910-8cda-4747-a8da-f60a4bdce49e,Student,2026-02-18,0.15
5f76502b-b154-42fd-ae67-5ff260342f12,Professional,2026-02-07,0.6
63746cc3-d042-48e2-a9f7-0f4fd577a03d,Professional,2025-11-10,0.6
0eaa8c70-0708-4f66-a1a6-93c5ffeef838,Professional,2025-11-29,0.6
af676f13-5643-41c6-a039-754eed4f4a10,Professional,2025-10-11,0.6
f0f2eae5-d61e-4147-8518-59955115e0c8,Professional,2026-08-03,0.6
ce443b0d-f8e4-4308-87bd-a1c1cabc18a0,Student,2026-07-08,0.15
34f82755-47e9-4f35-9d7f-e2b4e18ff876,Enterprise,2026-03-15,0.85
a6b38f0a-e01f-4a4d-a6b9-aed6c4b7e4dd,Student,2026-05-16,0.15
c05c227d-1e69-4df4-8383-1dd20d83169e,Professional,2026-03-15,0.6
57c159fe-745b-492a-83db-bfcc30980ee9,Professional,2026-04-09,0.6
92e84c70-57e6-4f58-8c47-cb9171f9589a,Professional,2025-10-01,0.6
b9e14f65-a131-4e4f-bcda-8e5dc3982ad6,Student,2026-03-06,0.15
c3e5382e-357b-431d-bddd-ba26533dbc3e,Student,2026-07-16,0.15
8d12544a-5c9c-48f6-b7d6-afe7f4991b99,Student,2026-03-27,0.15
2df34689-2401-479d-a1d7-918fdae722d7,Student,2026-05-31,0.15
ed8f1e20-2844-4413-9089-7a01e8efd6fa,Professional,2026-08-04,0.6
7b7fed82-055a-4afa-999a-509408179b74,Professional,2026-07-23,0.6
980969df-a2cb-4bdf-a2cd-07122212f565,Professional,2026-08-22,0.6
bb905a18-cb9f-4dbb-bcb4-b094f2eb48f6,Enterprise,2026-01-10,0.85
300030f2-123e-4df1-8b40-5989c6557329,Student,2025-10-16,0.15
2fdf373f-23f7-4e79-8b81-ee65540dc73a,Student,2025-12-14,0.15
e57629e0-f5e3-4278-8153-c84e7357f64b,Student,2026-08-01,0.15
de1cd7b2-27a0-492f-8c06-08d67ecad924,Professional,2026-01-03,0.6
0cd60465-06ce-440d-87aa-effbacd8af68,Student,2025-09-27,0.15
a0608044-ca3a-4bbe-acd7-7206f2227f12,Student,2026-03-19,0.15
6c4f6e8d-62f9-4b4b-9362-22093978d401,Professional,2025-11-12,0.6
508fcfec-ba1e-45f2-9631-b80bcf8f7df6,Professional,2026-03-23,0.6
9862e51d-4204-4340-b386-063dd5b05b62,Student,2026-01-06,0.15
fa32980b-6a58-411e-882d-88bdaf3b4226,Student,2025-10-13,0.15
ca6922f7-e6f5-452c-8c5c-c13c8e83d120,Professional,2026-01-20,0.6
423bc02d-fa84-4d68-80d7-842d7c43362d,Student,2025-09-02,0.15
a3db2e26-e646-49ff-8784-6aaca2c6a31d,Professional,2025-09-06,0.6
841fde49-8d24-42e6-b10c-3f88257b398b,Professional,2026-01-02,0.6
6e190e4c-1068-4d71-917a-cb5726673afd,Professional,2026-08-07,0.6
f51fd3c7-1acc-4f2c-90a7-8cfb4b4d32ab,Student,2026-03-11,0.15
016c7419-83f7-449b-b96c-c280a28c5e22,Professional,2026-07-02,0.6
eba4bbc8-d3b0-4cee-8de7-e890e7dea93a,Professional,2025-09-09,0.6
525c052b-de7e-4b0b-86ba-7eed42b0e89f,Enterprise,2025-12-01,0.85
5bfe091b-9215-424e-8eb0-f23bdeaf4583,Student,2026-04-26,0.15
440dd7b4-66f2-4ae6-8482-29bfdede9087,Student,2026-03-18,0.15
c95c63c7-203f-41df-96ed-4d6ca83abaca,Student,2026-01-14,0.15
72741c6f-a406-4574-ad0f-f6159da0e291,Student,2026-03-12,0.15
24cab8f7-8b34-4f7e-9116-1d7b1637970a,Professional,2026-03-03,0.6
965b4534-b77c-4cec-894c-f704ca32f31f,Professional,2026-01-08,0.6
b15c415e-cda3-4080-85d0-99348e2fae9e,Enterprise,2025-10-09,0.85
b27c3d16-8974-4c8b-8718-531a60d40b42,Student,2026-01-31,0.15
f36b1479-78c1-413c-9770-b1c59ddeeaa8,Professional,2025-11-07,0.6
f28f5a54-058e-4e59-9eee-6e236863a640,Professional,2026-03-15,0.6
02abe750-5e52-4ee6-9bb7-2d1f0b1b9862,Student,2026-05-06,0.15
b1938fcd-e043-44e5-bd96-0ddd6d8f20dd,Professional,2025-12-12,0.6
b5ef10b2-051c-450e-9c45-f52b670ef3e1,Professional,2026-04-03,0.6
df9f9809-8cec-4b86-b7b3-239578eacb05,Student,2025-10-28,0.15
1d1ea111-134d-47c9-af34-8d5084f9fb1d,Student,2025-10-31,0.15
89e91143-274a-479b-8187-7ba07f2764a9,Professional,2025-11-27,0.6
0806ee8d-6a93-4cb1-a3f8-5c57a9d6e422,Professional,2026-01-02,0.6
fdf580f6-b9e5-45bc-95d4-6df8815e7c95,Student,2026-01-03,0.15
f170a253-63f3-43bb-8acd-599da6584006,Professional,2025-09-26,0.6
9cf75b3d-954e-40db-8e68-efe6181f215b,Professional,2026-05-10,0.6
4d18c349-4bcf-49ad-848d-69a2c2e29c29,Professional,2026-01-14,0.6
afd6538b-ec47-44d2-89c7-829e795f412d,Student,2026-02-22,0.15
cb0833bd-305f-4d7e-b1a9-18eb5fba2435,Professional,2026-04-13,0.6
d357ebbe-db96-46f1-8931-50f196c0c9cc,Student,2025-08-26,0.15
2dc27d07-fcde-4f51-86b9-7ca5c70ff447,Student,2026-04-01,0.15
29885f2b-9fd1-405a-9796-39a25b0da0f8,Enterprise,2026-04-12,0.85
27b3894d-afcd-4842-bc9a-eb0d9284c341,Professional,2026-06-22,0.6
0cb3eff5-fb91-4b33-91fb-5bfc6ab617c3,Student,2026-07-15,0.15
3060c237-5667-4c98-8c1b-dd88c4c7c939,Student,2026-02-12,0.15
a35caba5-bc5e-4ffe-97b4-24f0fa92f752,Professional,2026-01-16,0.6
4638c013-127f-45f7-9b8d-623ddeeeb9b9,Professional,2026-08-21,0.6
841c687a-3564-4f06-9a3c-ec0a985c169b,Student,2026-03-12,0.15
cec18e43-7fb4-474c-8ec2-fa2994e54367,Professional,2026-08-08,0.6
a829bedd-d524-4ab0-b234-b5e68012c68c,Professional,2026-07-25,0.6
d445edd5-42cb-4edf-9dd6-e1bce207986b,Professional,2026-01-30,0.6
c340dc18-dc90-4b4a-b836-a34dbd68d41a,Student,2026-05-16,0.15
4a3a10e1-b183-407b-9cc1-79920180c2f8,Professional,2025-12-27,0.6
89ea4c52-4b6b-4975-9a4c-edd3dc6cceb2,Professional,2025-12-21,0.6
f300b073-4ea4-4c25-89bb-b29f0fdd29f3,Student,2026-03-05,0.15
7b7cd99e-1ab2-438f-b3a6-6ccbfea89bc4,Professional,2025-11-14,0.6
8f7496a4-7fed-4238-96c9-13d49ffc3cef,Professional,2025-09-01,0.6
fe0c7e05-b96e-4499-a1af-a8d57cc87c13,Professional,2026-08-04,0.6
6fed1a97-dde3-46c9-a72a-9e00a9a3b2dc,Professional,2026-05-20,0.6
d99bf801-4027-4ff1-bc71-0f898a23c15e,Student,2026-07-01,0.15
1748439a-4d19-4d29-82be-5a4db2ff3e5c,Professional,2026-04-20,0.6
8e2bbe9e-e28b-4785-9cb5-7b424ea00234,Student,2025-12-25,0.15
6872c07f-cf8a-4c12-9d6b-4067f73b607d,Student,2025-09-23,0.15
d01f9968-1bab-47ae-b8af-1cb62c1dc8c4,Professional,2026-01-22,0.6
20ffe53b-b626-4e97-aef7-bd370bba7584,Student,2026-01-02,0.15
0bfbfe05-9e1d-488e-b792-5124dd79072a,Professional,2026-04-08,0.6
4d971d31-fc7a-4850-9c3e-17f8aefca849,Professional,2025-12-11,0.6
b86bc660-24cd-47cd-9bdc-1cb7cfe377d5,Professional,2026-07-07,0.6
dba80e75-a443-4d33-9786-78e8cf84228e,Student,2026-07-30,0.15
11dc601d-3d57-487e-8aff-d1031438b794,Student,2026-01-02,0.15
1adc15c0-d23c-4940-9c1a-84a827b2174c,Professional,2025-09-01,0.6
5639e5c0-0240-4e60-8abb-d6ba56d69ced,Professional,2025-09-08,0.6
b1880569-dcc0-4385-9d99-a6361247f61b,Student,2026-07-05,0.15
d83633be-7732-475c-b836-5b8dec4af8db,Student,2026-06-19,0.15
df1d70e2-5635-4cc2-a90b-2e46fab1800a,Professional,2026-03-23,0.6
956b7939-2f99-46e8-b852-ba5b9f3858d5,Professional,2026-03-10,0.6
afadf1b8-79cc-45b9-853a-08c13c687af6,Student,2026-04-05,0.15
57855627-7a29-4f31-8f4e-c570514c3980,Professional,2026-05-08,0.6
b130bba3-7aee-4dc7-8f4c-550cd3cef25c,Enterprise,2026-06-07,0.85
9e0fd6bf-c9d0-4358-a2e6-3e774ee77f5e,Student,2026-08-06,0.15
437f10d8-d539-4463-a84b-73cb04537e71,Professional,2026-07-27,0.6
1af4ab51-bab9-44d3-994f-4c0c0026d692,Enterprise,2026-01-30,0.85
e6460bc7-17d3-45b9-91b8-7f884e42546b,Professional,2026-03-27,0.6
e883cc23-b146-41b6-8edf-460eacd0e898,Professional,2026-02-24,0.6
cecd5074-f59d-4e18-bf5f-136942641783,Enterprise,2026-01-01,0.85
6fdc896f-193d-4f44-8f41-02405fdbed25,Enterprise,2026-03-06,0.85
554a822d-fc06-4c4b-8907-d453e905e8db,Professional,2025-10-18,0.6
379a867d-1622-404b-81ed-4a1fe0101996,Professional,2025-12-10,0.6
ec6f14c4-8c5d-48b7-adc6-676a081ba305,Enterprise,2026-03-24,0.85
2e3699d6-27e1-415f-abfa-fc469877cf1e,Professional,2026-07-18,0.6
9791bba0-38f6-4f6d-8934-e17205655bf2,Professional,2025-12-13,0.6
236d5748-9990-416a-8c0c-f160151346b8,Enterprise,2026-05-22,0.85
8d4b599b-adcc-4a50-9291-0d880cfabb82,Professional,2026-03-07,0.6
82420d27-6a55-49d8-b81a-00ed832bc246,Student,2026-02-07,0.15
15c1041e-f886-4c30-a74c-ae404c94a42e,Professional,2026-08-01,0.6
17c0b69d-1525-4f32-9a74-39bb7d6557d3,Student,2025-10-05,0.15
625cf60d-fe57-4478-992f-37641c70d090,Professional,2025-10-29,0.6
eefcf609-4582-4be7-91e3-a7a9a7520987,Student,2026-03-20,0.15
6db8f281-ce12-464c-b452-b95d167c4140,Professional,2026-01-26,0.6
eaf2e706-84d3-4e00-922a-97135d422c75,Professional,2026-01-15,0.6
1353800f-934a-4c15-96c4-f0cb3186f9d0,Professional,2026-03-20,0.6
5121d693-be91-46b5-a460-f4a0ffc37755,Student,2026-04-25,0.15
9c9ad7cc-8cb2-4762-8d27-edf0fe96fff2,Professional,2026-07-07,0.6
c98486bb-a91e-42a4-be11-d56f8a8c6976,Enterprise,2025-11-01,0.85
a64e1186-7ba0-4e57-9aeb-f277456bcf60,Professional,2026-04-20,0.6
a6f7e375-fad0-47ae-b5f0-2ff74b398387,Professional,2026-05-26,0.6
deae9cb4-ceea-4ad5-a3d3-e404e00780cc,Professional,2026-07-24,0.6
97a43087-f139-490a-89e1-ad6049e315bd,Professional,2025-11-29,0.6
3f8cc9ac-c998-4129-9721-4e36d5895320,Professional,2026-03-15,0.6
80da4875-8348-47b3-b1c7-2e596ea5345d,Student,2025-12-04,0.15
85a631be-f5a0-47d4-913c-ce4d7f23cd60,Professional,2026-07-15,0.6
ca5dcbcc-9faf-48d2-aa44-270aa14cd521,Professional,2026-03-29,0.6
4b3f0062-92b3-4622-ae92-15c39ba29671,Student,2026-08-23,0.15
48b89fb2-7948-4729-ab98-ce7aedad52df,Professional,2026-02-12,0.6
89fadd7d-663a-41e9-8166-0dfaf387ce96,Student,2025-09-23,0.15
3bd9498a-5d73-4f28-9280-c5d7a4296c9c,Student,2025-09-16,0.15
d24d62ce-bda4-468b-88ff-df1e7ddcd14d,Enterprise,2026-01-25,0.85
85cfff5f-ecbc-4f60-b262-8e83d18fcfdb,Professional,2025-08-28,0.6
bc9a92a0-8cfb-4fff-98a4-50fe35e0267f,Student,2025-11-25,0.15
0639959e-d8d2-4713-98f9-5944bf3ab27e,Enterprise,2025-12-19,0.85
7429b926-ae6b-4669-9b86-8832a929ca3a,Professional,2025-10-25,0.6
eb81cec9-eecd-4726-988b-0328acfaf1bf,Professional,2026-08-23,0.6
a8db41df-43c7-479b-bb8a-a2be1d285687,Professional,2026-04-17,0.6
cd8557cb-9529-4fcb-b53c-b7eb1703f0c2,Professional,2025-12-08,0.6
3d946db1-9f15-4105-8f3d-e643cf94e177,Professional,2026-01-09,0.6
9c68e57a-c073-4ec8-8803-4a79a262f7f9,Student,2026-04-19,0.15
a3fe3ac8-d224-4d7f-84c6-9e4c22989bd4,Professional,2026-07-25,0.6
41827483-de43-4910-bcb5-cb17c2560011,Student,2026-08-04,0.15
76fd7db8-ad16-458f-b819-63173efef376,Student,2025-11-19,0.15
32095d6b-b1cc-4697-adbf-fb3033ebf0b7,Professional,2026-03-30,0.6
69de3147-8816-414b-a87f-4ae358838c94,Professional,2025-08-29,0.6
6bf439bc-05e5-4aba-8d1b-b2234b58bfc8,Student,2026-03-16,0.15
fc2f9688-4c79-4bf1-b58e-05f240a6afbb,Professional,2026-06-25,0.6
a497d377-8b94-4185-8f05-5c1aea262f3c,Professional,2026-06-15,0.6
d3bd2d82-9894-4e47-8968-cf01f15910db,Professional,2025-08-26,0.6
0e71dba0-9edf-4e17-9ae3-2d13dcaf332a,Professional,2025-12-19,0.6
1a309e46-6191-4e86-b22c-18f51e16953b,Student,2026-08-04,0.15
6c0a86fc-8b79-446b-b12e-d1d0e08b2252,Student,2026-06-04,0.15
75d32d2f-f926-4336-9c14-f37848ce9da6,Student,2026-08-15,0.15
41e9709c-fac7-4614-9782-d26c2bf8032e,Professional,2025-12-05,0.6
92df5e1f-2924-4371-acb1-719a0f83a8e5,Enterprise,2026-02-14,0.85
cc2c54d5-fccc-48fa-a91b-1662cf82d62e,Enterprise,2026-07-30,0.85
ef433124-8393-4ef0-8f0a-51c8424765e5,Professional,2026-07-23,0.6
0525e309-3afb-4a4f-a9a1-6a08e1b56bf2,Student,2025-10-26,0.15
5f94e80a-7d3a-4a77-9f98-4906d96c2611,Student,2026-02-13,0.15
6c9f9441-4dce-4771-b6b6-ef55e4b41781,Professional,2025-12-19,0.6
0288dc00-0dde-4915-978b-2f7f3a49c97f,Student,2026-06-29,0.15
eb535ad1-f216-41eb-bc0b-421bd5fb3a5f,Enterprise,2026-08-13,0.85
ef9e36bd-0927-4d40-88a0-8660cbbb2352,Professional,2026-05-25,0.6
d0f62491-4812-408d-aa4b-9aa87bc2482d,Student,2025-10-03,0.15
8248318d-80bf-4470-8181-cee912d51d2b,Student,2026-04-14,0.15
18caac83-2bfc-4d10-a5f2-83f4404f8133,Professional,2025-11-03,0.6
a39b96af-eec2-459b-9fbd-6704f8ad94e7,Professional,2026-02-26,0.6
202b44f4-12e5-407a-8f12-bc63bbc12d8a,Professional,2026-03-03,0.6
9fbf66c2-491a-4987-8e07-956b99bcec7c,Student,2026-05-12,0.15
a323a31e-efda-4dc1-93b2-9b556a882671,Student,2025-12-05,0.15
ca79a893-12e0-4593-8e9b-6e8f3d512b8a,Student,2026-04-02,0.15
5187a431-277f-46a4-aca6-5c04e9e42538,Student,2025-09-16,0.15
99602033-737c-43ca-8efa-f8fa428d218a,Professional,2025-11-08,0.6
6b2d8abc-e19b-4dc2-b75c-8bfea147322d,Professional,2026-06-20,0.6
7a5a9146-de47-4933-a62e-1b6b6fb545ad,Professional,2026-05-30,0.6
c39d6e1e-4a17-42a5-8ddd-104e65293d8f,Student,2026-02-20,0.15
33148133-ba9c-44c4-a327-3221154760b9,Professional,2025-09-24,0.6
971f1890-9000-48f5-adf7-8d2d139237d4,Professional,2026-07-14,0.6
59e038c8-f921-49aa-9d92-705c0e713011,Professional,2026-01-22,0.6
991fac1d-01e8-4326-8765-ac62f3e9f28f,Student,2025-12-03,0.15
734106f5-3a97-42cc-8e5c-49ede9c744ac,Professional,2025-11-06,0.6
6ca85c8a-dc0d-4ed2-a1f3-b9bf1a43e072,Professional,2026-05-20,0.6
55fb2e06-d5ce-4ce2-9e2b-5aa9f1c76131,Professional,2025-10-03,0.6
4bd6df5f-f273-4c28-ae14-54db8efac1f5,Student,2026-06-18,0.15
058fe3b7-36ad-4adb-9769-ea37ff703a39,Student,2026-06-09,0.15
89d77c0c-b4f9-48ac-9861-5029a32a9705,Professional,2025-12-14,0.6
30f382a7-50ee-435d-8eec-c4284079e31d,Professional,2025-09-28,0.6
2efbd602-944f-4c6a-91eb-70a6ec9f8ded,Student,2025-12-09,0.15
a7529607-c0eb-4002-bd85-1bcd860bd7b1,Student,2026-04-22,0.15
cd2ff272-d8ff-45af-8c9b-0d9f38edc521,Professional,2025-10-08,0.6
19258d21-e96b-42d3-99af-a7dec8ce1bb3,Student,2025-12-18,0.15
5fd1d37a-8b05-4f82-b009-642def8f0183,Professional,2025-09-14,0.6
1d22c62b-649d-4ce4-8b62-33ae0b7190eb,Student,2025-10-05,0.15
b32b72f6-ba31-4433-96d1-f73fe9efbae2,Enterprise,2026-05-02,0.85
7b247be0-d636-42fc-b859-cecbe5ef9cf4,Professional,2026-01-09,0.6
5c5a2978-789c-4d02-bb41-ff78b4f9b1af,Professional,2025-12-23,0.6
79dce23c-11af-4bec-bbbc-3e348cf91637,Professional,2026-08-09,0.6
67fcd6a6-8697-4d17-81a0-206024400086,Professional,2026-07-14,0.6
47b267f7-d14d-49bc-8a27-cef616f76518,Professional,2025-11-20,0.6
5960ab3c-2197-4410-97e0-18bac9f81943,Student,2026-06-20,0.15
3731e003-9f4f-47c8-8495-40af804bb17c,Professional,2025-10-19,0.6
d2eabfd1-aab2-4250-8c3e-127a645b9899,Professional,2025-11-24,0.6
c0a5cefb-fa5a-47f4-b0f7-b31444d9d5cd,Enterprise,2026-06-01,0.85
0ea1c9b6-234e-4a2a-b56f-820912d93a3b,Student,2026-05-12,0.15
ba2231b7-6eab-48ec-b097-44b3bf6f3ab0,Student,2026-04-24,0.15
cdfe80fe-6ebe-4b9c-9970-d86624825324,Enterprise,2026-06-25,0.85
09a83e51-d18b-4239-96b8-6789ca080503,Student,2025-09-05,0.15
fb0ca022-b712-4f29-9556-dd49a565bbfb,Professional,2025-12-10,0.6
97172d80-6f99-4e85-8d9d-93c505bf6f44,Professional,2026-02-09,0.6
cd2c8901-5297-4d11-a86a-80e88e9a7016,Professional,2025-09-17,0.6
1f1e9b14-5676-466a-9134-2209d0506088,Student,2025-10-05,0.15
44f23605-9446-49c7-a2b7-a6851b6f628c,Professional,2026-05-24,0.6
89709fd6-b442-4570-a8a8-a81da636e0fa,Professional,2026-04-09,0.6
d8798c2a-25ce-4f87-880b-936c85d04807,Professional,2026-04-22,0.6
a9003ceb-a683-4aa6-8162-9a3e34dc55f8,Professional,2025-10-22,0.6
09265f6d-a2f4-4131-99c3-60f0cef936b3,Student,2025-10-11,0.15
a9e77471-869a-442b-a031-1469f6ab7bbc,Enterprise,2026-02-15,0.85
cc90a565-55f8-46e5-a3ba-21b7de08b509,Student,2026-02-19,0.15
3fdbc9e2-cffa-46a5-a436-e1bdcc43a1e7,Student,2026-05-28,0.15
c5141d9e-ac24-4b20-a47c-c9f287cff631,Student,2026-04-15,0.15
faade29b-51e9-4703-b395-d4c29b7d5d17,Student,2026-07-08,0.15
7f8bd622-2883-4c4a-8ba4-f82d08bc92a9,Student,2026-02-27,0.15
f3031996-3f09-4152-88c7-7e725c895e69,Student,2025-09-29,0.15
2e6285e9-166a-49f3-881a-1ccba1c98343,Professional,2026-06-16,0.6
174ddd6b-4ad2-4272-b1fe-15d035e429fe,Professional,2025-11-26,0.6
347d3484-5404-4718-8901-4f255582eb0e,Professional,2026-08-06,0.6
f89f25ad-84c7-48ab-835a-67782fba2509,Student,2026-05-22,0.15
6210bf99-ff1e-4beb-9056-b3fc8ac11597,Professional,2026-06-05,0.6
212317a2-6e0c-485b-8ad6-30d8475344ff,Student,2026-05-14,0.15
3a16f39c-aea7-48fd-82f1-150a4a89edd4,Student,2025-09-08,0.15
8f9bc78b-5ebb-41ec-a04e-146133b5dc75,Professional,2025-09-04,0.6
a10d498e-0e4a-4e13-b8ed-da9c9f23145c,Enterprise,2025-10-08,0.85
d6893bed-1269-45b9-97c1-036ee5fe2f58,Professional,2025-11-24,0.6
6986abe4-0a67-4d63-a8eb-2d2098ed3feb,Student,2025-10-18,0.15
ed76a5d1-66d1-49aa-8c2c-67cdd999cd9d,Professional,2026-04-13,0.6
d550ecde-4865-443b-9e18-1089cba6c344,Enterprise,2026-07-05,0.85
71cc61e9-73e5-4da2-b485-b75383e81c60,Student,2025-11-17,0.15
a4847bc8-899a-4e03-b238-2419880396c6,Professional,2026-02-14,0.6
da167e34-7b70-438c-8c82-6c2a510c0948,Student,2026-06-03,0.15
f8f4e70e-0ace-4e02-8e0c-1c7928998ca0,Student,2025-10-17,0.15
b5806760-4c4d-4239-8484-6e3db1532e81,Enterprise,2026-04-27,0.85
e6821196-dfee-4166-8636-5aa1d779608b,Student,2025-12-15,0.15
bf9a2509-4219-43e8-b123-e31a9aaecd92,Student,2026-08-15,0.15
89273b76-43e4-44f2-b8c8-547814b80e5f,Student,2025-10-03,0.15
b0f8367b-7455-4490-9b36-a7d1466a3c41,Student,2025-11-05,0.15
15d00b13-a78e-497e-871d-b72d8a4518f6,Student,2026-01-19,0.15
d71ef65c-4a7c-4d9a-96a2-a1019ff80990,Student,2026-02-06,0.15
d0bfc5be-d579-4116-b4b3-6e875ecc0bb0,Professional,2026-01-21,0.6
ef33ec25-d6e5-4d49-97b3-08f4cf20b69e,Professional,2026-07-21,0.6
fd108ef7-5ed6-4a12-b170-ec9772bbedd1,Enterprise,2026-03-13,0.85
b209bc2d-2c8a-4d0c-a13e-b7adac23cad0,Student,2026-01-08,0.15
5f6a2f15-050f-44ab-8919-1352c7e76cad,Professional,2026-08-24,0.6
4d291af5-3c64-46c0-b48f-4edf3262eeac,Student,2026-07-22,0.15
544a29ee-1fa2-4e97-a822-364b4be09d93,Professional,2026-04-19,0.6
ea572889-df90-407d-b2e2-b5bc045dc909,Student,2025-10-17,0.15
216c0fc1-f6db-4125-a166-c1dbdc573687,Enterprise,2025-12-16,0.85
7deae824-6358-4b5f-81ea-9998574792ab,Professional,2025-10-25,0.6
6f3a5582-71af-48a0-9101-7d8c8ba56829,Professional,2026-05-05,0.6
43cf7e2b-33c3-44df-b4d1-7d926a241a20,Professional,2025-12-29,0.6
a4305752-1fcc-48b7-8520-84f366cccfdf,Student,2025-10-31,0.15
34e7ecb1-2902-4d58-9b5a-b3d253cfa1a9,Enterprise,2026-07-22,0.85
42f6f723-15c1-4fe5-b7ad-8005728ca663,Student,2026-07-21,0.15
c0fb880e-86be-4492-9093-8ed5610b9288,Student,2026-01-10,0.15
78d94a07-eac0-4161-9fcd-22f6b4c95e4c,Professional,2026-06-27,0.6
e1b42df1-c87b-4b92-8cd5-3880a3d40fff,Student,2026-05-31,0.15
fa963da8-4b33-4c89-8b05-b9149e6b8521,Professional,2026-02-26,0.6
6cf2076b-f745-446a-a4ec-cf094488f28a,Student,2026-03-29,0.15
7f8d4098-90b1-4bf6-b2e7-a697f3e1c3a5,Professional,2025-12-15,0.6
c0d7d6a4-c469-479c-a462-884f70cd81fd,Professional,2025-12-14,0.6
ab108cbc-b3e8-4770-b22b-d3106a2ad52b,Professional,2025-10-20,0.6
25d72d15-20c7-4147-991b-9fd521598d4f,Professional,2026-06-17,0.6
462e6c63-719e-40b1-a5e5-f2f9b6381415,Student,2026-05-31,0.15
caa0018f-1258-4f01-8c2a-3adc8061aae2,Student,2026-06-05,0.15
25d0f2d5-05b1-48b5-aac9-325307e33a68,Student,2026-02-22,0.15
f501b2f6-d66e-4294-8172-7864f953209a,Student,2025-10-11,0.15
3f1f2189-75c5-4570-b2d0-e259ac2fb6e9,Student,2026-02-09,0.15
b965b825-1dce-4c58-b9d1-f674c319fb06,Student,2025-11-05,0.15
40b1dc0c-6cda-4a8a-a90b-801cf7e33187,Professional,2025-11-07,0.6
db13996b-e3fd-4e43-a3b2-c692f27a139d,Professional,2026-01-15,0.6
3eab7ae0-340b-42f0-bc9c-92d38732f79d,Student,2025-12-24,0.15
eb2014e1-3939-4266-9585-8f8e58f8a0f2,Student,2026-03-24,0.15
e2dbfe3e-810e-4ab7-8309-caf1681b52b2,Student,2025-11-25,0.15
d4c93e53-0932-4b1a-b9fb-efe24827c78e,Enterprise,2025-10-16,0.85
1b8abb24-0a32-4062-8847-cdd46abbc4e5,Student,2026-06-30,0.15
f2642a94-fc07-47c7-a49f-bef66fd0ef91,Professional,2026-06-27,0.6
eb28d4a9-fe1d-4902-96f3-b141a7e9e771,Professional,2026-03-02,0.6
0d1eb4e2-1670-442b-82c0-ed2695d82f72,Student,2026-01-26,0.15
446bbd56-7f75-4638-a89f-77030f1756d9,Student,2026-03-11,0.15
79df7224-f4a8-4fff-a8dc-232d48161396,Professional,2025-09-02,0.6
219a4abd-a9db-4b2c-bb7c-6669e403f428,Professional,2025-10-02,0.6
745b4668-a89f-49a8-a5ff-5bf627bd79be,Student,2026-04-25,0.15
12e1a050-961e-4332-a223-c557011bf364,Student,2026-07-27,0.15
248167d6-c1b8-45b7-85d5-f0753008ed61,Professional,2025-09-30,0.6
8f6e5237-5bff-4b8d-ac42-475b5ba71566,Professional,2025-09-29,0.6
14df9d9e-0021-422e-a0f7-6444105f599a,Professional,2026-05-22,0.6
f6c115f8-5977-4f87-bf37-e0df7293030f,Student,2025-12-31,0.15
c0c8cea1-ee43-4be3-a25e-2df495e67f6a,Student,2025-12-03,0.15
2c8d5e19-735b-4b34-a526-ede41d094a86,Student,2026-08-06,0.15
8ce43627-db9f-4453-b281-38ba114f8ee5,Student,2026-05-03,0.15
5c2db7da-0a4a-4e93-9415-793fb24a6d91,Professional,2026-04-22,0.6
d48675c4-643c-4b94-8663-edea4019f285,Professional,2025-12-18,0.6
2474cec7-17f4-4860-836f-b49c237cefd1,Professional,2025-12-13,0.6
48d6dd67-fe31-4c65-9928-49474094ac14,Professional,2026-08-05,0.6
63a937f6-f9a2-4c48-adf0-357828371f27,Professional,2026-05-25,0.6
a6e3cd02-619d-422d-86fb-a2af22a0b567,Student,2026-07-19,0.15
b2c5bffd-33cf-4a02-8e41-559e1d7aa5d6,Professional,2026-04-07,0.6
aae9c7cf-73e3-4a0e-ac8e-d13e0d909215,Professional,2026-03-10,0.6
70f4a546-30f6-46c2-9211-3864f86c5dde,Professional,2026-02-28,0.6
efd3a1ab-787d-43a2-80a4-733a6878a935,Professional,2025-08-31,0.6
bdcfe719-c58f-49c1-a385-1cbd44ff9fe8,Professional,2026-02-16,0.6
d0ed01d4-06d1-4c12-a566-d47f46e5ac6d,Professional,2026-07-09,0.6
76c2e212-f8b7-4bba-9045-ab4263454a39,Student,2025-12-11,0.15
543be14b-87da-4c61-b840-dd324480b50a,Student,2025-11-04,0.15
87d6c7fd-3b31-4744-986b-3883e02c939e,Enterprise,2026-01-29,0.85
afbd142e-9237-4e99-a998-a806806415cf,Professional,2026-02-11,0.6
8465feb1-5a17-427f-9de8-6347d7abf09d,Professional,2026-06-04,0.6
9c613521-10f1-4943-bb81-0c63e17b7ccc,Professional,2025-10-15,0.6
267413ec-2912-4af2-8c47-9f9492aaf21a,Professional,2026-04-25,0.6
1b11090d-e13a-4d01-afd6-2883bb14cefc,Enterprise,2025-10-18,0.85
4b64b1ce-d79a-406a-8fc0-86177780ac09,Student,2026-06-28,0.15
dbc87f90-db3f-43f9-a144-6f17a5df4120,Professional,2025-09-12,0.6
d22dbeb0-f016-4cbd-9934-84d9f8881e65,Student,2025-11-18,0.15
c7de5d38-340a-4840-9874-41946aee0bbe,Student,2026-05-23,0.15
1cc50525-d01b-4fa9-9087-013d42a53091,Student,2025-09-23,0.15
a84e3d5d-f352-432b-a380-bc9d680f3253,Professional,2025-09-03,0.6
3dd62265-4a51-4309-bca9-4461b5e5a999,Enterprise,2026-06-24,0.85
20c65d9e-f560-4b66-b8dd-2fd0f2ed546c,Student,2026-06-17,0.15
d04e662a-d3ca-4132-9fbb-6b3f12f8cd55,Professional,2026-03-08,0.6
755773f2-69f6-49ae-836e-c385dc0997c8,Professional,2025-12-08,0.6
03444b99-87c8-4468-b23d-99c1b93dcde9,Enterprise,2026-08-08,0.85
a713960f-70cf-4650-ac6c-bfa96dbc15fa,Professional,2026-06-29,0.6
ab42ec6b-f152-4f45-82eb-8c961bfa7789,Professional,2025-10-25,0.6
b468d51a-5190-4548-84cd-117da880b340,Professional,2026-01-18,0.6
550c8387-93ef-49b9-b943-01b8b01ba5b9,Student,2026-01-19,0.15
ec01fed4-2711-40b3-a508-9b24976fcfa9,Enterprise,2026-07-25,0.85
239607be-4d0d-46f0-9727-e738f9f0bc7b,Student,2026-04-13,0.15
e5a29f73-bb49-46c8-862e-d6ecb2574b5a,Student,2025-10-02,0.15
327f05ac-427a-41dc-b92f-4c7f0466236b,Student,2025-10-20,0.15
88d03097-c7da-4dc2-a6a6-76a44dddd57e,Professional,2026-03-07,0.6
7b5c6609-11ea-4621-8779-984ef0afe067,Professional,2026-06-12,0.6
92c9e792-c81d-4018-bc32-e038c2346faf,Professional,2025-11-30,0.6
760cb15f-2736-4dac-a6cc-a266be4e30d4,Professional,2026-01-02,0.6
7326a318-1a89-49f2-a3ac-6cec52838c85,Professional,2026-03-21,0.6
b2209383-e948-428b-9f13-baf4a9d1e265,Student,2025-09-14,0.15
cfb38a9e-e7aa-43af-85f7-ab6965c9f77a,Enterprise,2026-08-01,0.85
704dd34b-092d-47d9-9538-cd668da63b39,Student,2026-06-06,0.15
578855e9-5542-4294-977f-8cbe88f5f8c3,Professional,2026-01-24,0.6
0cf7bfc3-2053-4058-83a8-9a5c7894343f,Professional,2025-09-11,0.6
6e050987-ee08-4b22-97dc-2b4cf6796ca0,Professional,2025-09-11,0.6
9453ee9a-b8bc-4995-9c59-2e17442ac33b,Professional,2026-06-15,0.6
56561845-b8bc-4d69-90e2-d0323fae8de1,Student,2026-06-21,0.15
44509d6e-3be5-4554-be52-ede5ccd179b6,Professional,2025-11-12,0.6
80aae5cc-f0b1-47a0-bc17-4cfa2df94e2a,Professional,2026-05-18,0.6
20c1c546-8722-4c31-aac3-0d9553184901,Professional,2026-05-19,0.6
77090871-db54-40a1-a22a-2bc8e983c067,Student,2025-11-15,0.15
69c84d9e-e9c1-48de-a6cc-658d4c4c5915,Professional,2026-06-14,0.6
d4fca85f-667e-46b0-b9b8-bf0ff9dbe6f7,Student,2026-06-09,0.15
a7e6f5f3-740d-475e-a539-c8f83e9d7710,Student,2025-09-16,0.15
f7f85a8a-6550-4750-8323-8f99ad63c9d7,Professional,2026-01-15,0.6
9e4db85d-8c87-4e93-97d2-b0b5b680f40f,Professional,2026-08-03,0.6
3f310546-ff24-4a60-9e05-73039ae29a62,Enterprise,2026-02-14,0.85
827a4c31-7240-4567-af44-b132d9d1a8c1,Student,2025-08-26,0.15
9c6aea84-331c-4148-ab0f-9e2ecf15e9ff,Student,2026-04-12,0.15
43e9bb72-7d0a-42bf-8f99-59933c776753,Professional,2025-11-18,0.6
d2870f23-0aea-4d4d-89ac-ecbc92731278,Enterprise,2026-01-09,0.85
df91709b-0940-4787-a741-6d5d9ff9e8ec,Student,2026-05-05,0.15
0a2468d0-12ef-49cd-a165-141c19df9e30,Professional,2025-09-01,0.6
a903d2fb-dfa3-46ce-ab2f-0b8e48d49f16,Student,2026-01-16,0.15
dd71f2ea-1691-43d8-ad04-6766fe1a877c,Professional,2026-02-15,0.6
927d471e-d451-4f01-91fc-7ae10e48a341,Student,2026-03-08,0.15
dc30998f-bf18-4d41-b921-b1bb44ef14df,Professional,2026-08-11,0.6
0e510e8a-d305-43fe-ad01-47ba06fa09f4,Professional,2026-04-13,0.6
1e0214e4-dcde-4265-9af9-8168ad15d46d,Student,2026-07-03,0.15
6e14b9a4-ebb8-44c7-8386-460b1383fc91,Student,2026-07-18,0.15
391b9215-c500-428c-84e4-be2aa12aa670,Professional,2026-02-10,0.6
42523a5c-f0c1-4412-8e8a-e1ece0a16b2d,Enterprise,2025-10-26,0.85
01417010-3674-46ae-bcf4-af4ea305e9a6,Professional,2026-01-18,0.6
ca0549b2-86c0-45c0-88c2-92873df6f9d5,Student,2025-10-21,0.15
c259c81e-39bc-4956-b02b-67114b10b410,Professional,2026-08-17,0.6
514e5f84-b7ef-41d9-8fcc-1840a836ac8c,Professional,2026-01-29,0.6
16551f63-f6fe-47e4-8a80-3a6b03ff9bf1,Professional,2026-01-13,0.6
aaac0274-30b1-4222-b216-7ba4fbe21667,Professional,2026-04-05,0.6
43db1938-5092-4e10-ac5f-f8ac6c9b0037,Professional,2026-07-30,0.6
150321eb-87f0-4a92-b292-2ccd95950713,Student,2026-04-24,0.15
ce431150-8d43-45d1-8318-bba662e388b4,Professional,2026-03-10,0.6
c82c4356-4a18-4430-a776-5722514b8920,Student,2026-08-20,0.15
bb7b13fc-8294-4a2c-82a1-89566131975e,Student,2026-01-29,0.15
686da02d-0bf1-4536-bdbc-4ffbb4231ace,Student,2025-12-13,0.15
1f91d9a1-14e5-40f7-9f09-c082cba73f43,Professional,2026-08-17,0.6
e4998230-a796-418e-90d5-27cd23f2285f,Student,2026-07-24,0.15
e067f6b4-2977-4113-989e-289963e4cf38,Enterprise,2026-01-31,0.85
9030145c-7361-48e6-991d-daf0ea994adc,Student,2026-01-09,0.15
46e47c4c-f670-4296-b4a9-7ce0c4ac3108,Student,2026-01-25,0.15
7ff596cb-ef96-4862-830c-b96350eb09a6,Professional,2025-10-11,0.6
5bedd9c9-a414-4a3e-93a4-9f3e8346d43f,Professional,2026-07-11,0.6
4bc13ec8-8ae6-4868-9ae5-ea94ce84b761,Professional,2025-11-17,0.6
d30c7be7-0aa8-4c76-9d69-9005e71dc929,Student,2026-07-12,0.15
e08a6896-179d-415b-b1ae-198b72c5d0a9,Professional,2026-04-05,0.6
d8938058-bfcf-45bf-a715-cc162f844844,Professional,2026-04-05,0.6
76e93d6d-bf82-4289-8e02-44d4fbfb228e,Student,2026-06-04,0.15
3072f878-66d5-4497-ae2d-05111d594c6f,Professional,2025-09-15,0.6
28d3f22b-c338-49f7-b367-75e27d19a3e0,Professional,2025-12-25,0.6
0ab634dc-5f57-4d2a-9380-eeb47f6753cd,Professional,2026-06-30,0.6
98ff8cca-14e7-4a70-ac28-9ccaefed0672,Professional,2025-10-15,0.6
d366b9c4-2dfd-4892-ba9e-ff78ebe2c148,Student,2026-05-20,0.15
7ded90ee-e991-437c-9831-f6ebedaf6f9a,Student,2026-01-22,0.15
82ab239c-7318-4fe1-bf85-d581766f3000,Professional,2026-07-16,0.6
e783a797-252a-4f47-ab72-06d33488f56e,Student,2025-11-28,0.15
3a1c1a63-0e1f-44f2-925d-1de3ef2c1a43,Enterprise,2025-10-20,0.85
4ff22123-c4b0-48b1-885f-e474f1f90820,Professional,2026-03-23,0.6
0e454739-f0e0-440b-b626-cf73e4a8f60b,Professional,2026-05-02,0.6
d81ba9e2-1321-41ee-ae21-f00801882658,Student,2025-10-29,0.15
59b98713-7bf2-419c-972d-a16da8945e17,Student,2026-08-13,0.15
0b040f83-0012-460e-aff5-e2733ef0be42,Student,2026-02-14,0.15
8fb1546c-687f-4de1-a1c3-a52a38fbde71,Professional,2026-05-24,0.6
8a41abf7-b509-4d25-b2a8-99d11bfbee74,Professional,2025-11-20,0.6
fc36fe88-2c9d-48bd-b7b5-c50f7d58281a,Professional,2025-10-26,0.6
234b5f0b-ac93-4141-907a-b392c9c785c0,Student,2025-10-28,0.15
524a6ebd-2c8a-48e7-ac54-88481da4b619,Student,2026-08-16,0.15
1ade9ba1-14ce-4842-8d35-15274db33c8d,Professional,2026-03-14,0.6
7ab197d5-0d33-4a41-94e8-c4f95a52964e,Professional,2026-03-06,0.6
2c16dc04-8bcc-492f-b423-dda6a0a1e40b,Student,2026-02-06,0.15
178113fa-23d1-47c0-8951-059a9979f867,Professional,2026-06-10,0.6
36974f05-00a6-4d08-8948-542dcec54d09,Student,2026-06-25,0.15
e6408865-c872-446b-99dc-7758fa8f3960,Student,2025-12-23,0.15
9a9f1677-9628-4ca4-8f93-904381646d0a,Enterprise,2026-03-23,0.85
1ade0529-3ffa-409f-a667-f56307901197,Student,2026-03-16,0.15
145a93d8-337b-4969-9d82-3369bcb3ac76,Enterprise,2025-11-21,0.85
c24c5325-1f3b-4610-a4a1-b76c30b8e16d,Student,2025-12-09,0.15
61677e2d-db91-44ee-9b09-a8015003bb9f,Professional,2025-09-24,0.6
28e3dcbc-c5b5-4532-afa9-87f2b65272e2,Professional,2025-12-22,0.6
e3517ddd-5463-46a9-aac9-a00567cbb627,Student,2026-02-19,0.15
ba9d9dcf-6452-43c5-8542-4f82afc77cd8,Professional,2025-11-25,0.6
732dc1f0-9c43-4bec-a977-e6d471813b97,Professional,2026-04-22,0.6
bae7ded6-bf17-4e03-bc42-205c9d9c7f15,Enterprise,2026-07-05,0.85
3dc7704c-8f30-4516-a21d-e550d8921e0c,Professional,2025-10-02,0.6
436395d3-e79e-4f30-b49e-d5f2be9bc6e1,Professional,2026-06-17,0.6
b8366ea8-bf90-4dff-8b5d-64167c5ea574,Student,2026-06-29,0.15
98176b28-cee0-4c42-ad1b-05ac44c347f9,Professional,2026-05-18,0.6
8a1c7232-74cc-46c7-ad99-c680992fd6c2,Professional,2025-10-04,0.6
8b7bb171-a015-4475-90f4-b4ec01b06642,Student,2025-09-27,0.15
f982e28f-52af-472f-bdc4-0680bb06d1df,Professional,2026-07-19,0.6
f74e7699-f37a-46b8-865d-852ed897f135,Professional,2026-07-30,0.6
fad4a75c-de81-4291-91ce-953c0bd97e84,Professional,2026-08-17,0.6
14f77b83-af76-48e7-b03f-3f219ba3bb52,Professional,2026-08-21,0.6
93533692-10f3-4670-9d2b-3eeb05c2c366,Student,2026-03-29,0.15
a69fc17c-ba5e-46d1-8331-60541f1c5c54,Professional,2026-04-04,0.6
052ab8d5-5843-4b60-9237-aeedfa973f11,Student,2026-07-13,0.15
11ca9f68-a681-40c1-96f5-17ba47be8459,Professional,2026-02-21,0.6
f1d71077-55f9-4587-8268-2eab015e1f59,Student,2026-05-25,0.15
9724e4ff-8edf-4c6f-9bbd-0633250937b0,Student,2025-10-05,0.15
26857381-d45e-4d8e-865f-b5cf458da883,Enterprise,2026-07-22,0.85
b3f826bd-91ef-44b9-b146-7d1a406b835d,Professional,2026-02-09,0.6
30fffa07-c52a-40a7-87b5-b41f91381427,Student,2026-05-29,0.15
98384f8b-d904-46a5-ae68-68a74e4158b0,Professional,2026-08-18,0.6
b619a052-2561-44ab-8cac-e9904d481d80,Student,2026-07-04,0.15
eedb091d-6eee-47ae-9398-019bc74af665,Professional,2026-01-16,0.6
6a4cb55c-6eca-49c4-b5bf-a7b832d34b62,Student,2026-04-04,0.15
d08639ff-c638-4c1b-814c-30d8570ffc52,Enterprise,2025-08-27,0.85
27911a08-90e7-410a-858e-e27639b35201,Professional,2025-11-21,0.6
164617d0-850f-4a43-90d1-1206c17151f8,Student,2025-10-31,0.15
688a8d07-ca5f-4f60-8de9-ee0f311d9fb3,Professional,2026-08-10,0.6
3674214d-5e69-4c20-aa8d-96e2a84d10ae,Student,2026-02-10,0.15
d66df8fa-ef42-49ee-a129-0688451668bd,Professional,2026-05-24,0.6
1b56f482-ef72-42e6-ba55-875c3dcdc8b5,Professional,2026-07-04,0.6
b5548a71-66da-4f11-aeb6-257d7b650a2e,Professional,2026-02-25,0.6
e84d6d8a-d9b1-4ddc-aadd-9de9325baefe,Professional,2025-10-21,0.6
e5ff0df3-040d-4dc5-9a92-0ad9f4ffa565,Professional,2026-04-12,0.6
c3748eb6-bde9-406c-b775-5d4db4c8e0d5,Student,2025-12-08,0.15
88617eba-dc5e-40bd-894c-f2e415eed0bf,Professional,2025-12-13,0.6
4b184840-3b7a-4625-8f01-00be352a7094,Student,2025-09-23,0.15
30447c40-81b8-4955-b8e3-4a477382fd3b,Professional,2025-12-13,0.6
140f79ef-f48e-4f55-8275-e89830d93be9,Student,2026-02-11,0.15
58560d56-fcb0-406d-b6f1-a9b8deb640d5,Enterprise,2026-02-08,0.85
45014d6b-058b-44fe-b733-4603d2dd3e4d,Professional,2025-09-21,0.6
ff77542f-33d2-4d63-ab0c-27655beb58b5,Professional,2026-01-25,0.6
ed3db6fa-2ac1-45f8-8ecb-49351fbde115,Student,2026-06-04,0.15
0484372e-2edd-49f8-aa70-7c2d8d249c77,Professional,2025-09-30,0.6
4fad3331-19db-45bd-ba11-9433cfa2299e,Student,2026-07-07,0.15
5b4282c7-ff9c-4c89-a066-d7edfada8d4b,Professional,2025-10-18,0.6
ef9166d4-9deb-4330-ac13-e66b0b756bf5,Professional,2026-05-12,0.6
6782bd46-efac-4519-bc6c-e1f82684940f,Professional,2026-08-10,0.6
ebc47998-f83e-4a8f-9494-94bc12090e15,Professional,2026-01-26,0.6
f15e801b-82b8-4516-90d8-02282c7ad6db,Student,2026-05-15,0.15
04b610c5-bf46-4ab8-9ef3-6876eba59231,Professional,2026-03-19,0.6
c436c484-596c-4713-ba40-3d997b50a655,Professional,2025-10-28,0.6
3bfbe5d0-ac83-4c04-a718-c6a0864247b0,Professional,2026-03-13,0.6
9556e7b1-cdc4-4527-ba82-c4a9d83e986a,Student,2026-06-21,0.15
3c986aef-31f0-44e6-b6e7-047d14682c9f,Professional,2025-11-16,0.6
4f6bfe49-a5cf-4807-9e81-4caaa5dd4bd9,Professional,2025-11-16,0.6
0ae386db-0ee1-4482-ab81-fb540a869364,Professional,2025-12-02,0.6
c54f6c3f-6da9-4211-9cf8-e015fee882de,Professional,2026-01-20,0.6
888d6e8d-aae9-4936-82ee-5aaf2b1a9387,Professional,2026-05-12,0.6
54c1e7c9-ea7d-4e93-bd26-63702eeb09fc,Professional,2025-09-29,0.6
dcf8143d-e8c8-40b1-b0fc-bf2e65f5b708,Professional,2026-07-09,0.6
5349d2ae-2d0b-4a33-ae30-e8543e605437,Student,2026-04-18,0.15
78437151-45ea-4f2e-b661-1377ca7bdfef,Professional,2026-03-31,0.6
d10dd3aa-7daa-425e-8852-24a19678ced7,Student,2026-06-14,0.15
7022f008-8ac9-406f-8446-41eac4c93026,Enterprise,2026-07-29,0.85
78e78943-662b-4fd0-a76a-7e9fd945170b,Professional,2026-03-04,0.6
3839dba0-e42c-486a-b541-2dbae4b5a715,Student,2026-06-26,0.15
76eb53ce-2d95-425c-b5c0-0aa241e5e6ee,Student,2025-12-09,0.15
103b9fd7-c62f-4d4c-a1e7-90fd7a6586e5,Professional,2026-07-04,0.6
d181fd4d-7d90-4a03-b780-7fd18017ed01,Professional,2026-05-21,0.6
07575c16-c8cb-493b-ada7-8c687c5d7f3d,Student,2025-10-13,0.15
25e18bb7-69ea-4612-9142-692ac8fa25ed,Student,2025-11-23,0.15
77f01822-d9fe-41e8-b884-b0a2e8891b59,Professional,2026-01-03,0.6
6353428f-792a-4803-850f-4a8c7fd1b741,Student,2026-03-12,0.15
01fe6d34-4bf1-4791-b7e5-6f44a94a6737,Professional,2025-11-07,0.6
e1d5e494-1ad6-426b-9833-16c26620c2e1,Professional,2026-02-11,0.6
a1f38c88-d97b-40ac-a6e1-391a6da38889,Enterprise,2026-04-04,0.85
fee5a670-0308-4a26-8692-b602c3b98fee,Professional,2026-05-27,0.6
a0001459-7cee-4ec6-8a1a-8a2c86f67292,Professional,2025-09-26,0.6
1562ea76-2aaa-49c6-80f9-4ebb7c55a3fd,Professional,2026-04-15,0.6
225950a9-ffad-4194-9e00-20be4bee9456,Student,2026-05-19,0.15
5bee972a-c4f3-4e1a-831e-6bcbba2d544a,Student,2025-10-25,0.15
a754d60f-81e5-41a3-9cbd-7081d0258bb1,Student,2026-06-26,0.15
2774add4-2e3c-497d-81b6-1f44b4a18542,Professional,2026-03-29,0.6
f10e938c-dcb6-412f-8b66-9981a33fb3cf,Student,2026-02-20,0.15
4b97e4a0-d218-4745-a10b-d0ad922ffed5,Student,2026-06-08,0.15
127b49dc-6203-4816-a5e5-ee1802ba42b6,Student,2025-11-17,0.15
2f629412-bc80-4709-bbe2-e6d303802292,Professional,2026-04-03,0.6
bbec1922-50a7-4389-a4c5-2819d17bfa1b,Enterprise,2026-02-12,0.85
47a43c46-ce0e-488f-beaa-8de4bf9c8aa8,Professional,2025-11-23,0.6
b5fb5629-2d58-4c80-b176-44e13599f514,Student,2025-12-25,0.15
a0585ac8-a785-4269-a77a-5c1e4e69196c,Professional,2026-08-15,0.6
10b7bb00-74b0-4ed8-87bf-366164ab6bbc,Student,2026-07-27,0.15
acd8d95b-f99b-47a0-bcd0-a8a29f83d80f,Student,2026-08-02,0.15
1704cc36-4b46-4fd5-aab5-8ba6efaf0f1e,Student,2026-07-28,0.15
bee04fce-f1cd-4bff-8f7e-6622aa3161d2,Student,2026-03-03,0.15
072903df-bc96-4a9f-8bc4-047cb531b373,Professional,2025-10-07,0.6
6d21de8b-65dd-4930-b6aa-3dcbe5e0f6be,Student,2026-07-01,0.15
8a344da4-8667-40b2-b037-b2470baf4674,Student,2026-06-12,0.15
2ce0a044-25da-4657-b2f9-55ed6fd89a75,Professional,2025-09-22,0.6
1a7ef00e-51e3-4308-87da-17f4b353b118,Professional,2026-05-30,0.6
17e36874-0f9f-4b51-ac8f-e9ad1e394f3f,Student,2025-09-26,0.15
8972a7d1-395e-40c6-9e1e-7ab49454f99a,Enterprise,2025-10-23,0.85
1541aa57-b1e4-4fa0-9152-5e360b31f139,Professional,2025-12-08,0.6
1921ddc4-d945-4b3d-908e-72c6d2ffbe43,Professional,2026-05-16,0.6
3c5f9d9b-853f-456e-8789-e2aef58ec7b2,Professional,2025-09-06,0.6
a4c04828-c30d-4818-99c1-9ead6a54f0a2,Professional,2025-11-02,0.6
e4dd38db-6755-4ad6-801b-72243d6d8561,Professional,2026-04-17,0.6
947da299-4e6d-4d8e-b56f-57704279f381,Student,2026-06-12,0.15
f68a6bb5-ac3b-499a-ba90-4c63d896b9bf,Student,2026-05-27,0.15
48f06b8f-d339-483f-bf4f-38bba86c0e39,Enterprise,2026-01-01,0.85
e9702d3a-41bf-423b-9e72-54f7b1ee241f,Enterprise,2025-09-27,0.85
8d02990f-7297-4097-8138-1826381d4b30,Professional,2025-09-11,0.6
305acfb4-8977-42b3-8480-ca0143311eef,Student,2026-05-31,0.15
62a0e21c-e93b-41c4-9fb3-e79b39ae697d,Student,2026-01-23,0.15
81f82bcf-c892-43b9-bd0e-c4581b4da073,Professional,2026-05-26,0.6
2521a657-1b7b-4abd-a024-8ea69d62d43f,Professional,2026-05-31,0.6
42414fc7-591c-45f1-b257-a118bd59ef8f,Student,2026-05-16,0.15
949cce14-f658-4f05-9bb1-8c110655a9c1,Professional,2026-06-26,0.6
f18e7194-92b7-4aa5-ab08-f61aa0771331,Professional,2026-07-08,0.6
56414518-6006-40cf-b076-5ad40340802f,Professional,2025-08-28,0.6
2daea210-c00e-4a6a-8124-757f06fabf1f,Professional,2026-07-23,0.6
0f5ad647-13b6-4402-9d65-cdee4f4d0f7e,Student,2026-03-13,0.15
5da04eaf-a210-49ef-9a99-39bc6362c045,Enterprise,2025-11-06,0.85
c9cc894f-1ad6-43aa-b221-14cfbb6f2677,Student,2025-11-11,0.15
75427e12-4c39-438e-ab4c-8b005de803a4,Professional,2025-11-12,0.6
356474fa-ed55-43df-8b4d-6abf80296de4,Professional,2026-08-13,0.6
ff858864-78ff-45a3-aed7-b8fab18b371f,Professional,2025-12-24,0.6
b9155da1-70c3-4d7f-90b8-9e86209eadb9,Student,2026-02-18,0.15
16c7c662-348e-4b36-b711-90285ac07399,Professional,2026-05-26,0.6
6661a871-68e0-4ea8-a8d2-2ea171b43326,Professional,2025-12-12,0.6
eed5acaa-3afa-4243-a36e-ce6e51c72d03,Professional,2025-11-22,0.6
59383632-552c-4640-aebe-18f1779d7753,Student,2026-06-15,0.15
c3a3f751-94f9-4202-8d46-8aad34b44eb9,Professional,2026-04-17,0.6
5c6ab053-8c25-4261-9a19-64f3193e9e2e,Student,2026-08-17,0.15
248c2303-a49e-48d6-b39f-3747d7d885cc,Professional,2026-05-06,0.6
ded6c32e-bb15-4ab3-9488-5e9d1cc38003,Professional,2026-08-02,0.6
1e3cf6d9-3736-4442-a168-a1e9e6856924,Student,2026-08-10,0.15
7f08eceb-528f-4df1-90fc-8014b49435a0,Student,2026-05-02,0.15
73703322-87f7-4b78-8d61-9b2526c5b118,Student,2025-10-21,0.15
18b7c3e6-9545-434c-a6e4-5125929f08c0,Professional,2025-10-04,0.6
bb35d570-fe86-4573-bb07-4ccecba3d04e,Student,2026-03-03,0.15
505f1e97-5258-4bd3-8444-c0994feabff3,Professional,2026-03-06,0.6
c099d8e6-07b3-4ee4-afc8-4123cbdea1e5,Student,2025-09-25,0.15
b3ccbfc3-5c9e-44e3-8dd8-3c15addb6508,Professional,2026-07-02,0.6
dbf5da15-ebfd-4402-8f41-ee28001b7abe,Professional,2026-05-15,0.6
c81466cb-024e-4935-afd6-0253c76a7f88,Student,2025-10-25,0.15
3d93370f-b271-4a0d-b4bc-3078988548f7,Professional,2026-01-15,0.6
20f83a2c-60f6-471d-9550-eaa964c71114,Professional,2025-09-11,0.6
421fef67-053e-4a0c-8881-311541132e0b,Student,2026-01-02,0.15
824a2858-666a-4bf9-a135-727bb3826194,Professional,2025-12-11,0.6
294ce659-12be-43a0-b059-2337154b5e48,Student,2026-06-01,0.15
aeaa2fa2-0bdd-4fc2-94ee-1f60e8c08a90,Student,2026-07-09,0.15
7208dfbc-8377-470e-8c4d-37b5932b87e5,Student,2026-06-27,0.15
d9e1230d-4c2b-4788-ad7b-13e6234ce358,Professional,2026-08-13,0.6
21b80a4a-4e77-4123-91b2-d43ed6e1ce70,Professional,2026-08-19,0.6
5072d85a-864b-493b-b61e-0e43778f2248,Student,2025-09-13,0.15
b0f81a49-4b47-48e6-a65d-541b1180b89c,Student,2026-03-04,0.15
ea88d082-b0e2-4009-8361-9f8edad50a7b,Professional,2025-08-28,0.6
8caeb26f-5496-4863-a6ce-8b761cdc6543,Professional,2026-05-01,0.6
1459bcbe-8821-4ef1-a700-4e67e23e8266,Student,2026-07-27,0.15
7e4621b7-c5d1-4a86-868b-4f2ac7907c2b,Professional,2025-11-19,0.6
8e79472e-6ede-4ada-8cf8-833e468ca46e,Professional,2025-10-20,0.6
4d73ed9e-ba15-4667-815a-a732a1583569,Student,2026-02-20,0.15
ad8feb84-a86d-4327-b328-295512b4f500,Professional,2025-11-25,0.6
90facd7e-e4d3-4644-9a9a-e2d7f4cb7d9b,Professional,2025-12-18,0.6
0300bd2a-a04e-4402-af23-3d07641186db,Professional,2026-02-26,0.6
bb107d01-c856-4b07-8d65-2487526644aa,Student,2026-04-27,0.15
bcf6d84e-21d7-4b4c-b309-005ea025f8b4,Student,2026-05-06,0.15
4d46bdca-121c-4054-8845-f240e90d54d7,Professional,2026-06-28,0.6
40d06840-1ce0-46f8-875c-c5f30307b8ea,Professional,2026-01-26,0.6
e6c342ce-e6a5-49c2-b736-e777faab3d98,Professional,2025-12-06,0.6
d689299d-44ba-4bcd-81bf-f90a349d99f2,Professional,2026-07-06,0.6
686bd573-1f3b-4024-beaa-93012ab4a1bd,Professional,2026-05-29,0.6
d6167973-5306-4f03-820b-dd4095657409,Student,2026-08-11,0.15
9c4da457-49bf-409d-ae81-b6a59f4cdf69,Professional,2025-11-02,0.6
76df63ef-daac-4eae-966a-cd245dfd8c35,Student,2026-01-29,0.15
6b43ee59-1e32-4136-b705-ee5a153b0b02,Student,2026-06-06,0.15
a714ab92-7891-4f4c-b0d3-db3d814f8169,Student,2026-06-08,0.15
6d9ee75c-bcd3-43b7-9c38-785ae2a2871d,Student,2025-11-09,0.15
c50e77a7-9b4b-477e-8253-080d9c4ee37a,Student,2025-11-22,0.15
574ea359-9f39-4f96-954d-18755298d312,Professional,2026-08-18,0.6
9d16d398-1e1a-4b1d-8fb1-137da192f19b,Professional,2026-08-01,0.6
38729b73-45fe-486b-8e71-6466eeab1972,Enterprise,2026-01-21,0.85
cb7be6c8-c4c4-46bd-a10c-ebb12a02b63a,Student,2026-07-02,0.15
390c3afe-95c1-48c7-80f5-6f1ce8285a44,Student,2025-09-23,0.15
24adb688-ae93-4dfc-8c78-e67f6eb46d13,Professional,2026-07-11,0.6
31851bbd-de4e-42ef-a9be-0b837681176a,Professional,2026-01-21,0.6
10671509-b12c-4f2d-8d1a-9b0c1c524aaa,Student,2025-09-27,0.15
f5fc825b-b1ff-4c44-99b8-aec68a9b3e4d,Professional,2026-03-12,0.6
87f1bb71-cd6f-4e4d-8f11-d48fc5163a4f,Professional,2026-05-14,0.6
16c1b72d-1f97-4f02-952a-3ee023e3f35e,Student,2025-09-26,0.15
1f1ed1d0-07df-43a0-b19d-6f42d61333f3,Professional,2025-12-23,0.6
e85fb869-aa5c-49cc-ab3f-afd95cb9f427,Student,2026-05-01,0.15
4231909a-5cb1-4bfb-b77f-2003d6419d78,Student,2025-09-03,0.15
52778d77-97e1-4337-a638-c2bdc2c73ff7,Student,2026-07-31,0.15
b5695eb9-dc06-4b47-8eae-7a2a58ce907b,Student,2026-05-17,0.15
330e4a2e-9142-4ade-8ce5-0ea241a9c982,Professional,2026-08-06,0.6
e5aa357e-2c48-48e0-9389-8bf1a6ebf9a3,Professional,2025-12-14,0.6
78ce8179-7420-45f5-bb65-e915eb9dc130,Professional,2026-03-29,0.6
f56103d8-596d-4c55-a3f4-764ffa34cf5b,Student,2026-03-01,0.15
4c5083f9-39cf-43bc-95f0-7ea364bbe667,Professional,2026-02-23,0.6
e50bc49b-6510-4a09-b146-617aa898c87f,Student,2026-05-29,0.15
46d19202-428d-445c-9553-6738bd99d0a4,Professional,2026-07-10,0.6
27097278-693d-4b47-8b98-cb50f0fb26e0,Enterprise,2026-08-06,0.85
6a818531-5c70-4f2b-98ed-72d39bb58d7d,Professional,2026-01-04,0.6
2e0757c1-a59e-4efd-aff1-32415cd11dce,Professional,2025-12-17,0.6
6da62ee9-3498-4a69-8294-b0e759e2b217,Professional,2026-01-05,0.6
17e6b76e-0de6-4f88-b66d-83d859ab083d,Professional,2026-07-10,0.6
a4a75d55-fa6b-435d-8f75-3e85ca199b8b,Professional,2026-06-01,0.6
5e65d71b-2cd8-47b0-9d2d-f79007b58745,Professional,2026-08-22,0.6
c9f48ad4-2c98-4854-b2f3-75d98d47cbc4,Professional,2026-03-21,0.6
e2464283-2838-4fa4-b9a5-6689e8a0dd84,Student,2025-09-26,0.15
9254eae4-1ccf-4394-b816-311402c47e61,Student,2026-05-03,0.15
af56a20b-dfee-4c34-a842-d4c1570a509f,Student,2025-09-28,0.15
aad39dee-835e-4fcd-b302-3cb23d42a8f4,Professional,2026-02-03,0.6
1ed3c045-203c-4a72-a948-8fae3eec7d91,Student,2026-01-03,0.15
17bd0fcc-af42-4256-aeb1-020a2eaf9b79,Enterprise,2026-04-06,0.85
4b656409-bda3-4407-9811-7b67e756b624,Professional,2026-05-08,0.6
f527916e-3a95-4be5-be9c-73f3238ddb1b,Professional,2025-11-09,0.6
fb83fd28-22d9-4b24-b87c-865e9ebb83a4,Enterprise,2025-09-24,0.85
28aed990-58df-4663-b0b6-40933235445e,Professional,2026-01-07,0.6
aba6ad24-00e6-4a92-a9c8-01c28c4a1a43,Student,2026-01-20,0.15
2080531e-be9f-419e-9f61-ecc744da375f,Student,2025-10-17,0.15
f4e6e55b-5cd0-43d5-a0dd-5b16d604332d,Student,2026-05-22,0.15
206ac7c1-faa7-4617-a725-d438087c0b42,Professional,2026-01-06,0.6
bb68d5ab-f4f0-490f-a387-fc8d151e7db2,Professional,2026-02-15,0.6
0613b448-51c8-4da0-89a3-a054470d79d9,Student,2025-09-25,0.15
ab3065fc-2636-44b3-a1b5-5156e57020e0,Enterprise,2026-08-04,0.85
8dd82376-629e-4f08-a8c9-11c914c122ad,Enterprise,2026-04-06,0.85
151d944d-9078-414a-b413-66f12c122212,Student,2026-06-02,0.15
7de4e667-64c6-487f-b0bb-3a6d5da4bad3,Student,2026-07-08,0.15
82d0abe1-e3b6-4362-8789-9c48eb27e132,Professional,2026-07-26,0.6
cc19998a-8add-4a07-a63c-c6b280a8ddd8,Professional,2026-04-07,0.6
33fb0549-b641-4714-bee0-0ce294e229f7,Professional,2025-11-16,0.6
ffe6dd12-c766-4b4b-9f6f-8a81664d37b6,Professional,2025-10-18,0.6
f16bf46c-4a03-4029-be61-c4e43eb870cb,Professional,2025-11-28,0.6
25d685a0-3f1f-4865-ba98-d42e245706f2,Professional,2026-04-19,0.6
0a7faa36-3fd9-4897-92eb-f0bda15e18e2,Student,2026-05-22,0.15
f3e0927c-324f-48a9-9b19-e5154c907c0a,Student,2026-06-25,0.15
13707ef6-73eb-4a90-bc0a-2755b932ada1,Professional,2025-12-27,0.6
3d1270ee-6a69-4ed0-8cbb-f9735af8840e,Professional,2025-12-28,0.6
05815874-6a98-4834-8802-1c66319c98ad,Professional,2025-10-14,0.6
365e20a9-1411-47ea-83a3-fc8e3bc165a6,Professional,2025-11-26,0.6
65925658-1a99-4ca0-8ce2-e859744c2284,Professional,2025-12-18,0.6
43a7d580-0bdd-463c-b47f-cee4b06459d1,Professional,2026-04-13,0.6
cccfd7e1-60b2-44da-b8bf-3c2b3226e3f9,Professional,2026-04-21,0.6
e4fdcba0-3c73-454a-916a-6c98fb115cb0,Enterprise,2026-04-06,0.85
4161b219-6cfa-48c3-aba9-5684c726aeca,Student,2026-01-11,0.15
a76d651e-0688-4d6b-a808-94d8c5e5135d,Student,2025-11-04,0.15
cb9b707d-f5a7-4eba-a325-f5bc15960f17,Professional,2025-12-14,0.6
cbe1087e-fe9b-43fe-8d15-2f00b922dca8,Professional,2025-12-04,0.6
6ff36b28-8663-49b3-bd5f-b1e375f7338d,Professional,2026-05-13,0.6
514bbd1c-c0ac-49f2-bd82-8412c1fa781c,Student,2026-01-01,0.15
3ad739b4-2f38-4a8e-8a06-b0bb3242a8f9,Professional,2026-02-18,0.6
fa955305-10ca-4a3d-82f2-34ba5098ffd3,Student,2026-08-03,0.15
ea32dfb5-3949-4a40-b801-78ab027ae42c,Professional,2026-03-05,0.6
e4a6a1d7-b1e4-4c41-b2ec-676475672e3f,Professional,2026-05-31,0.6
93d1ecd5-9cdb-452d-82e9-788a720650b0,Professional,2026-08-12,0.6
add167ab-73f8-4c08-a91c-76f10a7ed34f,Student,2026-06-02,0.15
68f78c56-bcdc-41d4-8a60-6b07c746c88f,Student,2025-10-11,0.15
a3bbceaa-11f8-4f4e-8d68-f243115fa216,Professional,2025-11-18,0.6
630cb61a-6865-466b-820c-484913176b06,Professional,2026-03-12,0.6
e5daee21-9153-467c-a1bc-dd98b8b04aa1,Student,2026-06-18,0.15
87deac84-3c5a-4591-9899-d66c7cbc408d,Student,2026-05-31,0.15
bcc51bb1-a202-46ed-abe2-b71e9731a1ee,Professional,2026-02-28,0.6
be37c69b-6472-4df2-98f9-f5ce3766c6e6,Student,2025-12-16,0.15
f8e9d725-07ae-4b7a-9a2b-63d6905b9aa6,Student,2026-02-05,0.15
340b0256-320f-4fb4-ba91-c526ee559138,Professional,2026-05-28,0.6
a066d965-4947-4d77-ae36-5f7a03dbf095,Professional,2026-04-10,0.6
601ff6c1-3d91-4078-b0fc-2fa243f4b3ec,Professional,2026-03-12,0.6
83b0a5b6-caca-4467-a82d-84eec4cfe77c,Professional,2025-09-16,0.6
884e46f0-fe1c-469a-9fa5-a4692684aa4e,Student,2026-01-16,0.15
031c66fe-2ac6-4b81-a410-4ec0a6aa0414,Professional,2025-10-19,0.6
b1f3d3d8-51e2-4c6f-b9b2-bb33e6dc3bb9,Student,2026-08-05,0.15
38e8d444-b025-4bc3-8253-42f9386cecf4,Student,2026-05-17,0.15
4c7cc97c-0937-43b3-81c4-3a87b19c9785,Professional,2026-06-09,0.6
29aa4df2-8097-4df8-a92a-df769482e413,Professional,2026-03-05,0.6
89d09126-4dcc-4780-b7a4-79279c659d3f,Professional,2026-01-20,0.6
91ac27b4-2046-4111-8ee0-a6d438af5c08,Professional,2026-06-12,0.6
f19b2505-4e77-4983-8c92-de43b7dc5e96,Professional,2025-12-12,0.6
0fb0960a-e62b-463f-bb11-720c0c0bf992,Student,2026-06-08,0.15
20a8289b-4a88-469b-b78b-519aff742ef3,Professional,2026-05-21,0.6
ca12d0ea-1eac-47aa-8022-856648733776,Professional,2025-11-25,0.6
fa1a5a84-ae23-4bbd-9df7-db737e4e2c8b,Professional,2026-02-27,0.6
d3b06d0a-54e3-48a3-8d65-92edf771aed0,Professional,2026-04-15,0.6
c506a83c-2e74-4574-b44f-898d68e7dedd,Professional,2025-11-26,0.6
4d2a3ffa-bd7d-4e68-8f9e-766ae16e5e93,Student,2025-09-18,0.15
3375237d-3e5d-43e2-ba34-90cea515f763,Professional,2026-03-10,0.6
8ed48b7c-c0d0-451c-bc92-d9c8b092b43f,Student,2026-06-28,0.15
ca4b424a-5801-4006-b22e-e62bd43257f2,Student,2026-06-07,0.15
b0a924be-ad21-48a8-bac8-6c68c024d22d,Student,2026-04-26,0.15
79fe1169-42d8-45e3-b778-f1a70cfdc9e2,Professional,2026-06-16,0.6
93264c1a-530e-4d76-942d-6281f4e7f901,Student,2026-08-05,0.15
9702e6bf-c866-4ab8-8bb0-78fc5aa63508,Student,2026-06-17,0.15
359d5701-0555-455c-82c9-a8487442ac72,Professional,2026-05-15,0.6
706f0057-e5dd-4f20-aa11-61bc819328c7,Enterprise,2026-04-02,0.85
68b26a4d-63b0-4ce9-a9bc-6ca4214841ff,Student,2025-11-29,0.15
cf6a5b87-d1f6-4c46-8693-0488b12d4e24,Student,2026-02-19,0.15
624fe13c-6cc5-4fc9-90e8-20f79b0103f2,Professional,2025-09-09,0.6
c81f9a58-4200-479f-b7f2-0d82cef8602d,Student,2026-04-09,0.15
273d05d7-d2a9-4671-b626-0d06be2ec6b4,Student,2026-07-05,0.15
f1174424-2742-4a0b-8c58-7521cb2d9c12,Student,2026-06-18,0.15
e6602677-b87c-4303-af5d-e92809422e5c,Student,2026-07-14,0.15
cc5ec74d-81ca-4336-9eb0-715ce459343b,Professional,2026-01-11,0.6
7a613202-1046-4ad8-848d-ac8607836663,Professional,2026-03-12,0.6
da3f9148-938f-4897-baaf-9ed2c5361f19,Student,2026-05-05,0.15
31a19e63-9956-497d-aea6-e6f7d294f4bc,Professional,2026-02-28,0.6
5d3b9811-32f1-45a9-97e8-102dc86c7e3a,Student,2025-12-22,0.15
5fb2d60d-541d-4b9b-9efb-1a191e560ad8,Professional,2025-10-12,0.6
eaa06001-4f65-4c27-80ae-7594dd4b0d5e,Professional,2025-12-31,0.6
a491a953-aad9-4956-8bbc-32b86ad85cf7,Student,2025-12-22,0.15
6ced4ac5-a193-451f-aa5e-960664706cfd,Professional,2026-08-15,0.6
d6cbad13-6a2a-4fa1-a356-83a6d1a371e1,Enterprise,2025-12-04,0.85
1b52c924-1dce-452b-97af-166c03670af3,Professional,2025-11-24,0.6
5019e90f-86a5-49bb-acab-9c3bf42d2442,Student,2026-03-06,0.15
d28bc092-8bd2-4e65-b768-ca24778bf00c,Professional,2025-10-19,0.6
694d11b2-33d9-4477-8296-644a99fc6e37,Student,2025-09-09,0.15
35d51ffa-8582-4c29-b8c8-6a1d63fe0122,Professional,2026-07-30,0.6
c781a0e1-c24b-47ce-a706-dc9a13743a5b,Professional,2026-04-09,0.6
e91e6a06-d9c8-4c7e-961e-b2cbe134dde2,Student,2025-08-27,0.15
cfc92ff5-2ce7-49ee-87f5-1ba7b8d53626,Student,2026-03-10,0.15
d68b26ce-31d2-4471-a19c-f028bf5f58a3,Professional,2026-06-05,0.6
3dca05c4-5fd0-495a-864f-a7aa44e5090c,Student,2025-09-07,0.15
b3df7397-e5c1-4661-8f82-077366da5a59,Student,2026-06-24,0.15
aee5a447-a469-45d8-8d2e-c070bd33b9cc,Student,2026-05-18,0.15
c86cce03-3d6c-4fe3-8803-31fda05cf2e9,Enterprise,2026-07-03,0.85
8f235e86-bbc0-42d0-a382-e4d3c60f5477,Professional,2026-06-06,0.6
0d8c6183-2d7a-42b8-85db-f151988584e2,Professional,2025-10-03,0.6
80c8e089-79bc-4fc4-b490-d0e2b99c0d12,Student,2026-04-06,0.15
69648ec6-dc5d-41d8-844c-7b983ea6872e,Enterprise,2025-12-03,0.85
86322bb4-3f1c-434b-bc35-c32e5af82ff4,Professional,2026-01-28,0.6
f8a2f762-4a27-46c8-b702-820546000793,Professional,2026-03-13,0.6
b949427c-010c-4580-9158-27492cf3c957,Student,2025-10-09,0.15
078cee37-1ee5-4a37-9d89-235376513e15,Professional,2025-11-08,0.6
cfcfb738-cecb-4ae7-b951-035b63f0420a,Professional,2026-03-27,0.6
e92b618b-1c6a-4351-9f84-5d7f37de92ec,Student,2025-09-06,0.15
62f8b9a6-3522-43c1-aebd-71a34954c932,Student,2025-09-16,0.15
38884aa0-646f-4b2d-b1f4-7aa488523200,Professional,2026-01-10,0.6
eb2c95b2-11cd-43fa-95af-b23a745aae67,Professional,2025-10-15,0.6
ce67f89b-85e3-4adc-a086-930a77985ca6,Professional,2026-04-29,0.6
723b22fe-e9ce-4c72-a1a0-29d4e1909262,Enterprise,2025-09-07,0.85
b1ac4919-a7b0-49bb-8193-22078e793a30,Student,2026-03-26,0.15
4ee3ae0a-4cd1-4666-92cc-30fd1f063d36,Professional,2026-04-01,0.6
27d16563-3c18-4d58-8651-376a97607884,Student,2026-03-26,0.15
f66a41a6-e1a3-4b79-95ad-8ccc78f31441,Professional,2026-05-01,0.6
a66e4ba5-a341-40fa-bf2c-6c23c8606f97,Student,2025-12-17,0.15
e9b1bdae-1924-430d-9978-e41483718250,Professional,2026-03-28,0.6
44ed078c-70a3-49de-9bf5-7affa7e9edd3,Student,2026-04-27,0.15
ba8703f5-2393-4266-9473-675a3e2e28a4,Professional,2025-09-08,0.6
b6199434-2fcd-4094-b2f9-5117ba8b2525,Student,2025-10-31,0.15
c365a1e8-2ffd-45d2-a752-47bf0c9b3a7d,Student,2026-08-23,0.15
7feb41b7-b2e2-48cd-8c84-5b56335c8786,Enterprise,2026-06-21,0.85
bb16eb01-e6e3-454b-8bf1-792c64424e27,Professional,2026-04-26,0.6
abbdb7e1-0d0a-4b64-9a75-7b6e799a11c5,Professional,2025-12-21,0.6
93d81957-c98d-4969-a939-a57c3b0a3ea3,Professional,2025-11-30,0.6
bfcaf9a2-c757-4001-9a1a-c9bceaa5ccda,Professional,2026-05-05,0.6
f95fb8fd-1733-46b5-ae66-44b77dd7ad11,Student,2025-10-25,0.15
f1b0ad96-c1dc-480e-9905-d0e0b00140dc,Professional,2025-10-29,0.6
3537322d-497c-4c45-b348-86826b14b11e,Enterprise,2026-04-11,0.85
d5814dd5-e821-4c94-9b4e-b4cf971b8c5b,Professional,2025-10-26,0.6
55694119-6f34-49c2-b552-4dc9390699ec,Professional,2026-01-15,0.6
b5fb43a4-12a9-4dc5-865c-af5cfffc8ed7,Professional,2026-03-11,0.6
d080b5ae-19cd-42c8-92c1-c999fa2e1296,Professional,2026-03-12,0.6
4136741f-36f3-4e77-976a-ff49ad0b2846,Enterprise,2026-04-09,0.85
ce8d43aa-850b-4f21-98e9-f4837dacfbe3,Professional,2025-09-13,0.6
04b7ea29-365f-44c8-8a04-fbd95d76e5d0,Professional,2026-01-28,0.6
dda45d52-37c4-4afd-ae9d-eebe1b431262,Student,2026-04-14,0.15
a770d1b6-aeae-4a71-bb9f-5b6e1f20b937,Professional,2025-10-21,0.6
254b8013-ced6-47e1-8dbb-dbdb30dbdedb,Student,2026-05-20,0.15
3afd2100-e9dc-4620-b6b2-99370e6eef5b,Professional,2026-02-23,0.6
c1fba31f-5fbc-475a-a40e-a3c616f44673,Student,2025-11-13,0.15
c49de493-72ab-43ff-8649-7c8cc1fcd8df,Student,2025-08-30,0.15
bd920a9a-1f7a-489f-a1ed-af8b61fc8e04,Professional,2025-12-18,0.6
b5dabff9-c3fb-4feb-ba94-9e2f6eaa2a6f,Professional,2026-08-04,0.6
6ab8975f-da1f-42a9-9219-3fb86b6baf1b,Professional,2026-05-22,0.6
2bd54822-33ca-4189-9eda-ce37611d7e55,Professional,2026-01-08,0.6
78305c13-d95e-443f-b724-f706e6102c3a,Professional,2025-10-07,0.6
0bd8fd71-ca3c-4223-83a8-7e7fd1c062da,Professional,2026-01-01,0.6
94260e64-cb28-431c-b8d5-73549c0e4eac,Professional,2025-11-22,0.6
a4f91fb1-b97c-4548-a041-5ace3908df8c,Professional,2026-03-05,0.6
b6bcab68-a093-45d7-9296-1b8d95b97d31,Student,2026-04-22,0.15
1872d52c-814c-4064-a53e-0a5f13afac2e,Enterprise,2025-12-07,0.85
b6c47cf2-a668-49b9-9064-07f5386bfa4d,Student,2026-04-23,0.15
ac1978c0-d531-4e6e-b7fd-8135445d26c2,Professional,2026-02-05,0.6
d9311089-07d3-48d3-8a1a-e90500448f2e,Student,2025-11-23,0.15
7a410648-fb9d-4eea-900a-f9ca6bea71c7,Student,2025-11-25,0.15
fb28859f-3326-42de-9e88-c1ff04ddfe3a,Enterprise,2026-05-24,0.85
d012826f-fdec-4ab5-95e4-3c7b31a7e99a,Student,2026-05-10,0.15
a42c7836-7097-439f-b559-27479b2a9525,Student,2025-10-20,0.15
4c10ba5e-120e-4484-b903-60f014a15807,Student,2026-08-01,0.15
c316a095-2653-48df-ba22-0dbdba4547b4,Student,2025-11-25,0.15
86d6556b-efbf-4648-81c4-27adec0d9fc6,Student,2026-08-22,0.15
3df61be1-f0c4-4b23-bd1c-492bffac88a5,Professional,2025-10-22,0.6
41048edd-9808-4bdd-a950-6c48a332e93d,Enterprise,2026-08-22,0.85
2020f10a-fb6e-4069-a597-8d4944bfb4f9,Professional,2025-08-29,0.6
acd3b995-93d7-45d3-9332-e344e3a8d4ae,Student,2026-01-28,0.15
14022943-ae13-49ef-bd93-57cd0476628c,Professional,2026-04-10,0.6
c506eead-7016-4799-b423-1f3cc949f580,Professional,2026-05-02,0.6
6d338620-35b1-424f-980d-8de6f10bd565,Student,2025-09-26,0.15
1a364519-ab78-400f-a04e-a119364f3b41,Enterprise,2026-07-09,0.85
93e587d4-ea36-4e58-973f-3953847cb686,Professional,2026-02-26,0.6
d2026e3b-71e0-4813-9294-b470c883360e,Professional,2026-04-21,0.6
3bf486b2-7df3-4201-a24c-d5777cf3ab11,Student,2025-12-20,0.15
3b0e0198-1af9-4280-a53d-d0a89ef6520b,Professional,2026-03-02,0.6
38541a19-01b8-4fec-a432-e55902c5e75c,Professional,2026-06-12,0.6
2b677fa9-e15a-4eaf-9b3c-438482223bd5,Enterprise,2025-11-06,0.85
ed60d3f1-c9e7-4a04-8435-ab29bf2fe6fa,Professional,2026-05-05,0.6
06b68e17-6d37-4f13-a0db-76abe3770d34,Professional,2026-05-07,0.6
86dfc7b6-1cc9-4b50-afa1-ffd4272e46f1,Professional,2026-05-31,0.6
446aa8d0-531d-4d2e-9a32-1106a41243b3,Professional,2025-10-04,0.6
cb56f2df-0c52-4a95-9b76-c2acabd40a05,Professional,2025-09-04,0.6
17e25bd2-fe42-4d7f-9f6f-f8d0820423c4,Professional,2026-05-05,0.6
7d1d345a-7bf5-4f03-9c02-f142063f4339,Student,2025-11-07,0.15
b6ff919b-d2f7-42b0-a189-97f10db9d7e4,Enterprise,2026-03-10,0.85
2204e5a7-1a91-40cf-bba1-4f458b45c1f6,Professional,2026-02-16,0.6
07dada66-30d3-4f5e-b722-251335483cf1,Professional,2026-02-10,0.6
67349ecd-e9f6-4d12-82ab-dfa5e061be2f,Professional,2025-10-17,0.6
5877d229-d65d-4184-b226-f25b772980db,Professional,2026-03-31,0.6
3f508840-892a-41f7-aa85-a2658c7c55a9,Professional,2026-08-14,0.6
032c4e59-9b48-4ac6-8ee0-e10c4df8a92a,Professional,2026-01-18,0.6
adbb1c53-0b5c-4bf4-9c2b-158bb9fe73b3,Professional,2025-08-28,0.6
77da2305-d356-40dd-a86d-c3446bc0d275,Student,2026-06-02,0.15
73f7857a-5809-48aa-8471-30447d7ea83e,Enterprise,2026-03-02,0.85
33333b09-9da6-4f28-91d0-b7f1cec9640e,Student,2026-05-10,0.15
9690f657-80a8-4f8c-91b8-6dd5afff2987,Student,2025-11-22,0.15
e6d02ac4-43bc-43fc-87ca-c2379b8808b8,Student,2026-03-23,0.15
75374e9a-eb72-4986-9e0f-9f71a561cf98,Professional,2025-12-28,0.6
6930f152-8491-4afe-9aea-d45cb2236d1a,Student,2025-09-17,0.15
c93fab88-ac8c-45ce-875c-2365fbec3958,Professional,2026-01-23,0.6
7d4c4a7a-5f35-47ca-a87e-8b6225efb956,Student,2026-04-01,0.15
e24ce6fe-72ec-48f1-8c49-fb64265df324,Professional,2026-04-22,0.6
8840d023-a915-4a65-80f1-298e92702b1b,Professional,2025-11-21,0.6
597b0470-a8f5-4b06-a711-2bb9b1fe1a96,Professional,2025-09-12,0.6
48e00c15-0086-4b67-95ea-26afb4156a67,Student,2026-04-23,0.15
27b188fd-943b-44f4-ade6-8901d0afedb7,Professional,2026-05-06,0.6
7b3ddaf1-24bc-4d1a-b344-69283cc13d3f,Student,2026-07-26,0.15
31d5e0be-d1b4-4eb1-850c-9f0a310465e5,Student,2026-01-25,0.15
d219f226-db78-4086-a636-a68fb22ea539,Student,2026-07-29,0.15
eb22a711-6197-47af-9573-2164f5d97a4c,Professional,2026-01-22,0.6
623b8979-ca4c-4ccb-814b-9afbbfb3d449,Professional,2025-12-09,0.6
59704d63-3df1-4075-851e-9a2f92681a66,Student,2026-04-27,0.15
be635a6d-a3a3-45cf-8d7b-986afd97dee1,Professional,2026-04-19,0.6
68c3f027-a735-476a-97d6-16d99c6f3f5f,Professional,2026-03-02,0.6
49e34c40-bd69-44ed-8eba-79ce77aa1f8f,Student,2025-10-09,0.15
af0b4c11-ee51-4da5-9bc3-d22bb833b72f,Student,2026-07-06,0.15
a50b97ae-f53d-4093-b3e7-a4e3e3e2aa38,Student,2026-06-17,0.15
3386a473-bcfd-44a2-b66a-f3545a81ae87,Professional,2026-08-09,0.6
61bae824-e20b-48ba-a619-320a08f82616,Student,2025-09-02,0.15
4774c1c8-a60b-40eb-9b65-e574b9b2ae82,Professional,2026-04-15,0.6
9ea87599-6753-47bc-ad2e-5724d8e2771f,Student,2025-12-20,0.15
0c048ac0-807a-4e51-9881-7757ba6a586c,Student,2025-10-03,0.15
6c36ea75-4555-4271-afe7-393f55b6b37d,Professional,2026-07-18,0.6
d39cf4b7-15e6-4078-8669-18d5a370c136,Professional,2025-10-11,0.6
9e79b923-a648-4a98-821a-2e8da5d8c76c,Student,2026-08-15,0.15
8ad2d992-5f25-4151-903a-a7bf33616d35,Professional,2026-08-21,0.6
c669c1d3-ee8f-40ef-9541-9918138af6b9,Professional,2026-07-14,0.6
cbddf850-415e-43c3-9ffd-fd124870895d,Professional,2026-05-03,0.6
31b26dc9-2a76-478b-ba51-35f5311fae88,Professional,2026-03-04,0.6
97a0ee18-4402-4069-95ad-f86bdef82098,Professional,2025-11-21,0.6
f24e5335-2285-4a01-8199-c2849f58cdac,Professional,2026-06-17,0.6
22feb9d4-3091-44a7-8425-b33e94ae6e23,Professional,2026-01-07,0.6
ffc4aa3d-91d0-493c-9176-c69b2267c120,Professional,2026-07-20,0.6
92e8f2da-ae19-4faf-b5b4-e6837b6b4069,Professional,2026-03-29,0.6
b1e30303-611e-449d-b7f6-6bda8cb159e8,Professional,2026-06-14,0.6
cdaa8abe-924c-4189-bde1-5dcc8cb7c5ea,Student,2026-02-16,0.15
016917e5-dfd6-4fd4-b026-ffe8c89ca196,Student,2025-11-16,0.15
07b9d672-5890-4b7b-bb32-294180ff2ab4,Professional,2025-11-20,0.6
20c9fb63-dea1-415d-abf2-611ec1941b35,Student,2026-05-10,0.15
b38ebe7e-d2fe-41ee-a428-68dd5d6d696a,Student,2025-11-05,0.15
b9e93192-900c-41e6-8e7e-a3988f0c99ee,Student,2026-08-24,0.15
2935390b-f4ba-4ffc-9262-c5d1a879bfda,Student,2026-02-26,0.15
6c5468ba-7421-45e0-8f37-480e74ffde3e,Professional,2026-01-02,0.6
2a2f22ef-f2f5-4aa8-b2ba-493e8914faae,Professional,2025-09-22,0.6
a105c339-3baf-4dd3-93a4-e9e86c6edc9e,Enterprise,2026-07-29,0.85
664054f2-9027-4e7c-a666-109c243e2064,Student,2026-05-26,0.15
acf982fb-5cd3-4a37-933c-b9299435c3a9,Professional,2025-10-07,0.6
5f3f4b69-0b55-41cb-922f-9ed7255ae450,Enterprise,2026-01-18,0.85
6b1d2491-96a5-4947-8839-be8a3493ad22,Student,2026-06-16,0.15
9a198763-200e-490b-b344-04c7f36f23a1,Professional,2025-10-23,0.6
a2119c86-2053-4ff1-86be-dc4d058cfca5,Student,2026-01-30,0.15
223f03d2-64ca-495f-a70a-b3161137cd30,Professional,2026-05-05,0.6
3d4ddf8f-d2f9-4a9e-bbf6-2360c3950a8c,Enterprise,2025-09-12,0.85
451197d5-5680-4f6d-b8b8-22073ee887de,Professional,2026-02-21,0.6
b3e93cb4-b143-4e64-98f3-ca9f294af04d,Student,2026-01-16,0.15
60a11cb3-2031-41be-88b9-7bf7e49ba21e,Professional,2026-04-30,0.6
7d1765f5-a9d3-475e-9714-8714f832a151,Professional,2026-06-16,0.6
456c640c-e75a-40fc-86d4-eb9f5233867f,Professional,2026-04-15,0.6
eaca3fff-fb92-4454-af10-2d398854b2f1,Professional,2026-05-28,0.6
4fdc2569-e1d1-4261-9b9b-c887b81c1254,Professional,2026-04-16,0.6
c965f7bd-a2fe-4b75-9bdc-7eb412dfeecb,Student,2026-03-07,0.15
bc2ccf84-45a9-4bf7-aa98-cc1a5e7747e7,Professional,2026-04-18,0.6
cedc6d15-904a-4bd6-95c9-0ed75faa6c0d,Student,2025-12-22,0.15
67c2a551-176d-46ed-8674-fe6c9dc5371b,Professional,2026-01-19,0.6
6d3cc30c-9c29-46ad-a6b8-d962420d5d8e,Student,2026-07-01,0.15
b7b6fb9f-5e5b-43df-a651-07c14a575f4a,Student,2026-03-22,0.15
d0462f04-9b4c-4f12-bd9c-b8850a7fea0b,Professional,2025-09-30,0.6
bfc8278d-50fd-4929-895e-6a58a3110a91,Professional,2025-08-26,0.6
6cc75cf4-e881-49fc-bda0-bb3b73f781a9,Student,2025-12-18,0.15
4e64cf78-0cf5-4594-a957-1ca3db0e0cb8,Professional,2026-01-26,0.6
64b7354b-7118-47a1-b625-0e24a007a28a,Professional,2025-09-18,0.6
fea51f8c-73f2-4a90-91b2-4a94afdba8b4,Student,2025-12-16,0.15
4c4e1203-e170-452f-bd52-6ece8647abff,Student,2026-06-20,0.15
14d2141a-d39f-41a7-9e7e-395bb3e5cd7b,Professional,2026-05-11,0.6
9e7d0165-8604-46b5-b6f2-7edc293667bf,Professional,2026-03-02,0.6
5fdf06ef-0497-492c-bd5b-bd79bcd41f2a,Professional,2026-07-14,0.6
c3ed130d-106a-49f7-a70c-194eab9b882e,Student,2025-09-26,0.15
42ea47f4-d05c-49bb-b29c-e8810f2fbad7,Professional,2025-11-16,0.6
0b963712-b31f-4870-b964-396d9cd8348c,Professional,2026-05-07,0.6
b6ee3d09-89fd-4bfd-9970-d5e2a4feac82,Enterprise,2025-12-31,0.85
bba14947-bc0c-4d02-bbf8-187966382eaa,Student,2026-07-07,0.15
1903f1c8-0257-4e4b-8e49-3342c6f20f37,Student,2026-04-10,0.15
6beaced4-1013-4375-b611-bb9a5e6e5442,Professional,2025-10-08,0.6
a04fb56b-ea3e-453a-88d5-f183e595b901,Professional,2026-06-15,0.6
16c0d507-03e2-45d2-a9eb-de4c992f232a,Professional,2026-02-06,0.6
cec16aac-e006-4f39-bca1-dabe362641a0,Professional,2026-04-09,0.6
97b2712a-4272-4333-ad93-8c4d223cb347,Student,2026-01-24,0.15
d2bb553f-7cdd-44a0-9f9b-c2e4e550a142,Enterprise,2026-05-16,0.85
31e57730-1354-4de0-acd9-18accd36bc73,Professional,2026-02-21,0.6
62952b65-1583-4a27-88ad-f3d1e3943b29,Professional,2026-01-23,0.6
f61482ec-0f85-4700-a84c-1f8a980df4e3,Student,2026-04-21,0.15
f279bf80-d104-4ae0-8050-48cfeabf5db3,Student,2026-08-21,0.15
84187692-dd83-4d57-afb5-6ce2a8329d5a,Professional,2026-03-02,0.6
7b664af3-284b-4214-8b48-9b97c8c5fa1a,Student,2025-12-09,0.15
1f21ea03-21fc-4d00-af4f-67a4956db028,Student,2026-02-15,0.15
a72528a4-37fc-4bce-ac62-b02cc198ba9a,Student,2026-04-09,0.15
bc14d47e-048b-4253-8188-35fe41cc9f9c,Student,2025-09-09,0.15
10bcecaf-3ea6-4d90-a8b0-19b2c0fbbc7c,Student,2025-09-03,0.15
3364908f-2263-4b38-9d1e-4deea00090a1,Student,2026-01-07,0.15
d7daac4a-d355-4076-a3b2-dfdec4c28662,Student,2025-10-19,0.15
b7942a47-5c17-466d-bdf9-251d92492884,Professional,2026-07-07,0.6
046bcdcd-08c6-495a-94b9-9ec8fad39040,Student,2026-07-27,0.15
7dc08924-b817-4e66-a3b4-f148410c5ff9,Professional,2025-11-29,0.6
a2acea0e-b186-4066-9faf-93f327a839a7,Professional,2026-08-09,0.6
9ac91bcf-9770-4c4e-9e2d-7378f44bc482,Student,2026-04-13,0.15
8296b905-4581-43c4-b1c7-eb3b75574b19,Professional,2026-04-14,0.6
0cdce9d7-6ca6-49a6-ba6e-33f6cfb14529,Student,2026-07-24,0.15
80c312df-27bc-4865-8722-3efdec90b964,Professional,2026-07-31,0.6
63904147-5f0d-4c39-9f2e-d451e9a2998b,Professional,2026-06-27,0.6
31cb7852-8611-45e6-8655-840671c3fdb6,Professional,2025-10-15,0.6
3b257a81-c954-4d6f-92e1-b3babb1562b7,Student,2026-01-27,0.15
a9dd8853-e923-4ea8-8b59-9985db420a9a,Enterprise,2026-06-29,0.85
ae684c19-7920-4b66-b0ba-faab9062ee90,Professional,2026-07-02,0.6
665beba2-65bf-4319-b881-7deadb9bb431,Student,2025-09-17,0.15
f9a26ce6-3f03-4957-afd0-f77a4e657d65,Professional,2025-10-25,0.6
074712a4-199f-4f91-aaf7-e812ea9d7a48,Student,2025-10-25,0.15
a8edcbfc-3ac3-4e24-90bb-b2feab312bf9,Professional,2026-08-19,0.6
99a3df8a-891b-40a9-97b0-35beafc5997d,Student,2025-09-25,0.15
f6ca3eec-2af4-402c-9219-6d7ecdf0447d,Student,2025-09-19,0.15
e2418284-8aa6-4161-a51b-308008cf303e,Student,2026-07-12,0.15
fd74e94e-af55-4a3f-94de-fa79f4ba2cdd,Enterprise,2026-03-24,0.85
3ce2c4f2-5ad3-40aa-a7fd-bc009b122f5f,Student,2026-08-11,0.15
7c68ab89-392c-4062-9748-425f963435bd,Student,2025-11-06,0.15
0d0d428e-f5eb-45d7-8aa7-bd3ac5d7e3b1,Professional,2026-01-23,0.6
de240b81-826a-48ad-a2a2-09aa4627d266,Student,2026-05-26,0.15
82e28ddc-8965-429f-b051-488ec429b744,Student,2025-12-15,0.15
624bd3db-b61a-435a-8366-ff48f0680d21,Student,2026-07-25,0.15
447ba067-95f2-4e38-bba8-da838f639992,Professional,2026-06-05,0.6
9f577e2f-ef41-418f-9a05-a8af072e44df,Enterprise,2026-01-03,0.85
21e4c6c0-4701-4ec5-9fa9-7d528c9b81bc,Professional,2026-07-20,0.6
a5fcfa59-f1ff-4cd5-98a3-a1895194395e,Professional,2025-10-05,0.6
56be205b-9012-486b-b2f9-2f0c8935f661,Professional,2026-08-16,0.6
18ba2f23-6c81-4722-b2d9-35225e845158,Professional,2025-10-28,0.6
eb1d28ae-f95a-4db9-9ded-c6ab78c0aac0,Enterprise,2025-12-31,0.85
1a3be2ba-0e28-4a8e-b09c-9c1bd7648b8d,Student,2026-08-03,0.15
1822ff2f-7d86-4202-8f19-8273f6ebdd8f,Professional,2025-10-25,0.6
5f328abe-5d87-4de9-8ee0-d6b6bc78e75d,Professional,2026-01-07,0.6
68d76685-ff60-4ece-879d-3f7a93df009a,Professional,2026-01-29,0.6
b8fc0423-c64e-4ff4-929e-cf236b8ee358,Student,2026-06-21,0.15
77775b1f-6379-42db-ad3b-2cd3214c629e,Student,2025-10-28,0.15
9359e365-55b6-45fa-85a0-e729757ed615,Professional,2026-03-26,0.6
c40cbc3b-a89f-4e89-8a09-94a155478047,Student,2025-09-30,0.15
39acac12-a7ee-4584-bdb7-f6710754a592,Professional,2026-03-15,0.6
39c209d5-b63b-43d9-a8ff-a7e40cc1efac,Student,2025-12-30,0.15
500d13ae-b34e-44e3-a8a2-5e149be79790,Student,2026-08-09,0.15
3beae84f-6e67-4f92-889f-60be56b997d6,Professional,2025-09-03,0.6
9c828d36-cc00-4243-b057-2235080b06af,Professional,2025-12-29,0.6
8e633122-4862-4627-83c1-33051bc856d8,Student,2026-08-19,0.15
9a2e960c-d601-45e1-a138-55480f8eed9a,Professional,2025-12-14,0.6
5abc9d0d-c20f-423e-a039-f9a341a4aa58,Professional,2025-11-03,0.6
99996014-9f36-4c24-a0f0-f4b41a447fcc,Student,2026-05-10,0.15
e03413d6-bb08-4240-b0a7-a8478d6a3ece,Enterprise,2026-03-10,0.85
d2b7e118-6a50-43ba-8dfa-55094f193230,Professional,2026-06-04,0.6
8b14220f-eb86-4335-aa54-f01c4910a37a,Enterprise,2026-08-13,0.85
b6391938-b90e-4a18-ae6c-6c49da847b14,Professional,2025-11-04,0.6
3f90aadc-fd8f-4a65-ae56-c6c17f49bdb1,Student,2026-06-08,0.15
ac68c5e5-1d15-417c-a73e-5caae032db58,Professional,2026-05-15,0.6
5061052b-047f-4cb4-99f7-e81eae47fc43,Professional,2025-10-29,0.6
2d8ae494-dc9e-4e3d-ab05-9724b9ce142a,Professional,2026-06-09,0.6
f0178fd6-9152-472d-b05f-4d22071f475d,Student,2026-06-04,0.15
fd2c8003-d633-40da-b769-61d6f85fc118,Professional,2026-01-28,0.6
562e45c1-9858-4df3-92ce-4d421dc02fe7,Student,2026-06-02,0.15
ec7a9651-2e77-4213-9949-77f11157822d,Professional,2025-10-25,0.6
9d2c6a07-97bc-4804-aa84-8efeadaaae82,Student,2026-05-01,0.15
6069d46f-f788-415d-85db-0a199615bc7b,Student,2026-07-09,0.15
0aef0e60-d724-4a7d-9958-536d3e330a16,Enterprise,2026-05-26,0.85
fb7334c2-db17-4479-b440-3da241cee506,Student,2026-01-19,0.15
020bab46-9034-47d8-afb1-c4df2797deb2,Professional,2026-02-02,0.6
b659175e-dbab-43fd-9bfd-c46756e6bb36,Enterprise,2026-08-23,0.85
61291745-5544-4ae3-8d1e-381efea2300a,Enterprise,2026-06-29,0.85
2b667ffd-bfe1-4ce2-ab30-89c7f3abfc1c,Professional,2026-06-28,0.6
820dca1e-deae-4916-9400-671bca9c9831,Enterprise,2026-03-21,0.85
d872ad83-41b3-4573-b08c-0a1c269ec373,Professional,2025-11-09,0.6
87d35833-10ae-4cce-8cca-a9723335fc1d,Professional,2025-09-30,0.6
d1b2fd75-579b-4ef4-88d8-1ad3b3b8aab0,Professional,2025-12-03,0.6
0035c52e-7acc-4a7a-b385-7a016e098ccb,Student,2026-06-19,0.15
0e7d8c96-ff12-447e-95a2-8bc38c8aea96,Student,2026-03-14,0.15
b41bf242-32fa-48e1-b0c8-ecc3a4a8c968,Student,2026-01-17,0.15
d15c0e9d-9748-4d80-80e9-783e2ddd4eda,Professional,2026-01-27,0.6
932bf47b-000d-43e6-a399-dc5704e3a3ba,Student,2026-01-22,0.15
d2ab5ed6-06cf-46af-b5a8-1fd4a1bce2cb,Professional,2026-05-11,0.6
e80b3e4d-07bc-47a6-a127-918431f47d35,Professional,2026-08-06,0.6
7b83fe07-d49d-4f8f-873c-c374953e2502,Student,2026-04-01,0.15
33ead585-5066-4129-afa1-df900074882d,Student,2026-06-20,0.15
4c337b95-bced-4897-9bf7-30dbb552b7b5,Student,2025-09-06,0.15
35b2990b-9d8f-442a-98e3-f09c6d9dba22,Student,2026-05-23,0.15
542916f5-4344-48a4-94a3-1f5eb0468498,Professional,2025-09-18,0.6
dbeae758-fe42-4ce7-ada6-04c59e954ee5,Professional,2026-01-25,0.6
3fb60195-e942-475c-91ef-7d47a20613d8,Student,2026-03-19,0.15
6b0e12ec-9602-4036-9495-a31a4304033c,Student,2025-09-09,0.15
f40f68ce-0ab7-4eef-ac0a-130703a7fab8,Student,2026-01-01,0.15
8e206040-2a11-4b66-83e5-37e4c8f31794,Student,2025-09-03,0.15
2325b8ed-90f5-487c-badb-d267bf4fddcc,Professional,2026-02-19,0.6
e7c909f4-f51f-4c04-8dc4-c31c1482b73d,Student,2026-08-14,0.15
c9911667-d84c-41e3-8c61-2cfc56ef5036,Student,2026-06-21,0.15
341b55c0-7677-47b6-a377-7e949d177cca,Student,2025-11-26,0.15
1121cb5a-8518-4ccc-ae2f-d2a0224c1f97,Student,2025-08-28,0.15
2153ecd4-d07f-46ab-ae9e-c7079693b713,Professional,2026-01-28,0.6
e425fb6a-eded-46e1-a671-a9ebbd5860c6,Student,2026-01-10,0.15
c9cc583e-d5d4-4a33-a778-c7b742961b66,Student,2026-06-01,0.15
ee4e1822-4dec-4aaa-a84b-c3404a768716,Professional,2025-10-06,0.6
b57e4d01-ab74-47dc-8286-a916d0b9701b,Student,2026-01-24,0.15
055c1c14-1151-4960-857e-a40415650ae7,Student,2025-10-15,0.15
4edb59cb-7154-4ec1-8aef-28c4bbdc8a9f,Professional,2026-05-29,0.6
edfb4086-c7ab-44ae-8b5a-0e5abf5282fb,Professional,2026-06-18,0.6
d577cb55-24ef-43d8-b33f-d8b01d03d114,Student,2026-07-16,0.15
6f17eb6e-12ad-4c81-a797-541b6d350267,Professional,2026-06-20,0.6
5fafb847-f564-4256-b4fe-a00de4998c61,Student,2025-11-24,0.15
5426f10d-0613-4911-ad93-ba747865c57b,Student,2025-12-31,0.15
a84d16a3-9ef9-4b4c-935c-440a39b8eefd,Student,2025-11-12,0.15
bcbb8adf-dfee-49bb-9938-1909917e757e,Professional,2025-10-11,0.6
8ae06ca6-fa7f-4dfd-aaee-accaf8c8bc15,Student,2026-05-10,0.15
ed48ce41-7ea1-4c8f-916a-d409030b740f,Student,2026-08-16,0.15
65259a55-7dcf-4990-8c2a-3264cf1977bd,Professional,2025-11-18,0.6
e0ed6823-6000-4438-a841-a4fe3e46ae70,Student,2025-11-08,0.15
5b46d43b-f4b5-466e-9a22-c1facb0c666a,Professional,2025-09-24,0.6
e67f251d-78e4-4ae8-be04-f9ae3709f0d8,Professional,2026-07-05,0.6
dc6cc694-efe6-4bca-9a23-3652d4042fc1,Student,2026-03-11,0.15
d5f6c04d-1801-49bb-b092-8a81f6bfc072,Professional,2026-07-11,0.6
cd965602-c47a-42d1-b560-ed6f108a8f14,Student,2025-11-14,0.15
6d12d3df-0e2f-4dbc-9739-078f49821374,Professional,2026-07-29,0.6
cfba9fb0-fe3a-4946-990f-d9cad24ed0d5,Enterprise,2025-09-22,0.85
36f5d295-9b3c-470f-8c8d-1e2aa8d5089d,Professional,2026-06-24,0.6
ef14f76e-2683-4b20-9ecd-d2e721df282e,Enterprise,2026-04-26,0.85
32c1573a-97be-4ad6-98dc-25c6bd77bf10,Enterprise,2025-11-21,0.85
9e0bf9b0-2ca4-45da-afc3-6675821930dc,Student,2026-05-02,0.15
2ede6eeb-2893-47d1-9bc8-d47018644d72,Student,2026-08-12,0.15
dbeaabb0-b10d-4128-a7d3-be091d749729,Student,2026-03-15,0.15
554feea0-52ae-4cde-9258-b1c556fe1844,Professional,2026-03-02,0.6
61f1ba5a-17d3-4fbb-8fe7-83a8e2e77389,Professional,2025-10-05,0.6
08f68871-653f-427d-86f7-e90c3ee0db19,Student,2025-11-23,0.15
a37f886b-73e0-4ca8-b471-3ff45024d4e7,Professional,2025-10-07,0.6
613b656b-40e3-4ac8-a08a-26b83dc9290e,Student,2025-09-28,0.15
0b54d208-f262-42a1-9a13-61cf97c2f500,Enterprise,2026-06-19,0.85
e8432919-a67c-486b-ae79-75a297faf846,Professional,2026-02-01,0.6
3b2aab2e-dc12-4b25-beff-c3bfdfb593ea,Professional,2026-02-28,0.6
d2a53350-855b-4eeb-87e3-b5f7e9058035,Professional,2025-09-15,0.6
59b76da0-b9d4-4f71-93ce-aa4954a60db2,Professional,2026-02-04,0.6
e82c0a85-d088-4354-895d-6e23bd062e40,Student,2025-12-06,0.15
53f3b75f-7ba4-4bc7-b2f3-f807cb651f80,Student,2026-07-21,0.15
bb86f5dd-e31b-4dc3-801c-32ef35969dc4,Professional,2025-12-05,0.6
3dbbe942-8a20-4cf5-bd0f-9c446bf03eee,Student,2025-11-19,0.15
f14cf22f-ddf8-4dee-ac72-c212ba897636,Professional,2026-06-10,0.6
6552daeb-b5d5-497e-baba-89c4d74ffb1b,Student,2026-08-15,0.15
e9141fb0-08ae-40bc-8f52-cda6250aec1f,Professional,2025-11-18,0.6
efc7bf4f-be45-446a-8bce-5e2011ebf0f2,Professional,2026-01-03,0.6
438c77c4-4aaf-462d-83ad-c3c241a7d656,Enterprise,2025-11-03,0.85
6339761d-b766-403c-b6e7-e81175f1e276,Professional,2025-10-07,0.6
915e7b69-b15c-4d91-8401-25d6ca389e14,Student,2026-06-13,0.15
ebf70385-92be-423a-a849-41f070b599da,Student,2026-01-04,0.15
6c012f6c-0dcd-4d56-bcd9-2f8bb06b5ce6,Professional,2026-01-31,0.6
a7d6fc3a-78f8-4b95-97be-d197dfa972c0,Student,2026-07-12,0.15
747064ff-4a88-4c8f-87c9-9393b6ca57d8,Student,2025-10-13,0.15
0cfd7ea4-d568-49c4-bba3-3b2c42643b9e,Student,2025-09-20,0.15
0cd84a9a-0417-4a4c-86a4-1358be901da9,Professional,2026-06-03,0.6
4c023e22-60e1-48d7-b17e-4086325113a1,Student,2025-11-16,0.15
4bf9b8d0-5d9e-471e-a5a0-fa278bf31d3b,Professional,2026-01-09,0.6
7d458b2d-1713-4e97-877a-b9edabab888a,Professional,2026-03-03,0.6
c21d0442-1217-4d90-8ed5-5ade2d8cf6b0,Professional,2025-11-15,0.6
143870ca-97b8-4d0d-892b-0b85ab290f6a,Professional,2026-07-06,0.6
2866fe77-9b0f-4390-ba14-c9995eaf9608,Student,2025-09-22,0.15
b7546d24-a325-48a3-84be-34cefe87ca20,Student,2025-11-22,0.15
ab257f96-d0e9-4bc4-aca3-372a29dda430,Student,2026-08-22,0.15
5721f368-1128-4900-a329-91d6b9c7ed37,Professional,2026-01-13,0.6
3e0d638f-d73f-4f68-88fb-89c53503c378,Student,2026-05-27,0.15
ba805fc3-0234-41e2-9515-0f4a19b40f90,Student,2026-07-21,0.15
056f25ef-2f79-419d-be60-e36a5db9e128,Professional,2025-10-23,0.6
65c44026-a720-471e-bc45-9042ddca7095,Professional,2026-08-22,0.6
f4660085-64c1-4a88-a094-b274d34a861a,Enterprise,2026-03-14,0.85
92e0cf28-fc86-4845-a13c-f070eab6debb,Student,2025-12-11,0.15
cafc3e99-aaf1-4ff3-a3a9-00c6785c595c,Professional,2026-05-01,0.6
8b799ccd-5a04-41a8-a74a-88339188047d,Professional,2026-04-05,0.6
e2e8e2dd-d853-4eb3-a4b6-68a6a113e857,Student,2026-07-10,0.15
57d7b36f-4e06-4b79-9fd4-e1980b3f7d75,Enterprise,2025-12-30,0.85
7c16a709-9060-4d9c-8638-71f066a1022c,Student,2026-06-25,0.15
0b594406-1781-4a79-9b8d-846db63919f3,Student,2026-05-31,0.15
03d130dc-378b-44b4-a0ae-12253cb6781b,Professional,2026-01-07,0.6
eeffab68-95e2-452d-bcd0-724ff1e103a4,Professional,2026-02-20,0.6
5dcd019b-f1c0-462b-b9d9-b56768da3369,Professional,2025-09-02,0.6
62cb865c-d820-4922-8699-473c1124a9b5,Student,2025-10-22,0.15
dd3b6618-b2c1-419d-a18f-6e4615eb450d,Student,2025-09-03,0.15
a3418dca-45a6-4658-bba5-a85290bad9c0,Professional,2025-10-29,0.6
bb03ec85-328b-4280-a04c-fa2927fcb7b6,Professional,2025-11-13,0.6
536cb4fb-2b6c-4d9b-87ad-08436a630d74,Professional,2025-12-07,0.6
0b4fa58e-389f-4455-95b8-201def4ef5d7,Student,2026-02-09,0.15
0d4252cd-073d-432c-8407-d228d6162cf0,Enterprise,2026-05-29,0.85
e0aff842-9e91-4e8e-9b32-863d9eddb685,Professional,2026-07-30,0.6
63d67ccc-e3fd-495f-b21a-25ae821ac605,Student,2026-06-26,0.15
9b74c3f0-51f1-4353-9618-9c8fc9c41ffe,Professional,2026-06-11,0.6
50473772-bb0f-475c-9834-e6bf05b71d10,Professional,2026-01-01,0.6
e3ea9341-2fd4-4777-8294-58c6854fc72d,Student,2026-01-08,0.15
bd1a6349-94f6-4fe5-b332-462c281f0bcc,Professional,2026-08-07,0.6
a24dca7f-7b90-4e52-9ee7-05f6e12e6358,Professional,2026-03-07,0.6
e69e1e88-2762-49de-a039-d3ba1ea3fd64,Student,2025-12-13,0.15
abe32c13-75ea-4b41-8f39-56b6f2cd4194,Student,2025-12-13,0.15
9cf1d031-b768-43f8-9952-5f144b15632e,Student,2025-10-05,0.15
4c5f4de9-d7c0-4a39-95a9-28424db47a67,Professional,2026-01-14,0.6
8e5bcf17-ab91-4969-bec9-f604ba773654,Professional,2025-09-23,0.6
fefa385c-3ba6-41b9-b471-f62e3084047f,Professional,2025-10-09,0.6
ea1a99c3-e2c0-4d55-ba40-55a124ab36ea,Professional,2026-02-01,0.6
2081a0b0-d7d9-4ee1-8231-c789ec638aac,Enterprise,2025-09-27,0.85
879c9843-16d1-4bf6-b27f-7de43b9c021d,Student,2026-04-17,0.15
221c5e03-d563-4593-bcc6-4249f71cbfff,Professional,2026-07-12,0.6
2fa8758e-ac4c-41f8-952e-0164b00841e4,Professional,2025-09-01,0.6
948aab6d-0fea-45f7-a6c8-3795c7535b93,Student,2025-10-11,0.15
bd8d6787-b352-4a8c-9d2a-a5a0febb7fd2,Enterprise,2025-11-26,0.85
ba6020d1-417c-4675-976a-9d2d61f8b1c8,Professional,2026-02-05,0.6
dc245dac-8f24-4af8-b78f-f356d2684070,Student,2026-04-07,0.15
b7ad96e5-b78f-44e9-b724-418e494af6e7,Professional,2025-10-07,0.6
baf8608b-3a72-49c4-b1fa-2e85b48cddf9,Student,2026-08-17,0.15
88465ff0-9027-45c0-b731-a46a7272618a,Professional,2026-04-13,0.6
183432a0-8424-4d39-8d6d-f732e45f9308,Professional,2025-09-04,0.6
3d5b6d7c-17cb-4852-8150-649b9983d8a3,Professional,2026-05-04,0.6
099c39db-ba7d-4bb1-b908-2fbe4919e6a7,Student,2025-10-16,0.15
72a40e47-13f4-481c-b7e4-e4f4b264d7fd,Student,2026-04-27,0.15
1e5ef7f9-0136-475a-af7e-dbb07e8eb246,Professional,2026-01-27,0.6
827bb83d-f481-4802-a44f-bd3dfc061dd3,Professional,2026-05-14,0.6
3aee936e-850b-4fd3-bdd9-ef3cd5bcf254,Student,2025-09-03,0.15
316763b3-ad4c-48a9-8d29-ce9d88574425,Student,2025-10-15,0.15
f170f011-304e-4399-84a5-e7adfcddbeb6,Professional,2025-09-11,0.6
3a2bf0e0-f06f-4998-9d79-e017c8029be1,Student,2026-05-12,0.15
6a1d3b14-c243-4681-b2cb-f17c6eeb2363,Student,2026-07-29,0.15
5a3be402-db99-4da2-b0ab-4b227a741b29,Student,2025-12-11,0.15
a951db7c-8842-4f10-bf12-0e473de8a75a,Student,2026-04-10,0.15
22216c3d-da3e-472f-8501-ba598964c969,Professional,2025-10-07,0.6
b5e22ad9-02ef-44d1-a5ca-ee72b283ffd6,Student,2025-12-03,0.15
c7f097e9-db7f-447b-bdea-6b60c0b29e0f,Professional,2026-03-12,0.6
db4bdbe1-8fef-48f4-88a5-5f12953aebc6,Professional,2025-12-19,0.6
802ff286-e83d-4d11-aeab-5e0de8e97224,Student,2026-03-14,0.15
0cd940be-0f74-4352-b7c0-6ba2d9760aaf,Student,2026-02-05,0.15
4ae01e8e-1c8f-4ed2-8ca9-68b350d4a9ad,Student,2026-04-15,0.15
d61725a8-21f2-4b7c-ba6f-305b17d7485d,Professional,2026-01-20,0.6
a4e9c911-842b-4166-b8d5-2feae317fb7c,Professional,2026-02-04,0.6
1e9c524c-c03c-4152-9a80-4cf782403ee0,Student,2026-04-12,0.15
660c2a88-bd5b-4eaf-ad17-ef3fc2ef2394,Professional,2026-02-10,0.6
4b57c6e7-81b6-4e5c-92bd-25a63972285f,Student,2026-06-29,0.15
7b89ec6c-f687-48b0-b98e-5ccc0d8162a5,Student,2026-04-05,0.15
4c7a68cf-57b9-4cc6-83f8-db011f7236e8,Student,2026-01-13,0.15
4c735d62-82f6-4477-99b4-baf408bf0a05,Professional,2026-05-11,0.6
ca1af5d3-e418-4e3b-9caf-97c5080812c5,Professional,2026-06-15,0.6
5f796d91-9532-4c4a-bbf6-7c35f8d947f3,Professional,2026-06-19,0.6
ec053bfc-ba17-4ea8-b3ee-6f4e3def420b,Professional,2025-08-28,0.6
e3920d8c-42df-4fab-8900-da28597f3fbd,Student,2026-05-21,0.15
bde3a1eb-bb92-4d8c-b181-e7a250affcc8,Professional,2025-12-22,0.6
98a99ed5-a266-4b36-b911-9349890a3185,Student,2026-03-21,0.15
1f62d9f5-de28-4802-b3ba-26c2b338de9c,Professional,2026-08-07,0.6
08a2bbbe-b518-4a59-9383-d14b7843b1b6,Professional,2026-08-09,0.6
65c57152-85c0-4418-9440-349c491abcd9,Student,2026-06-30,0.15
2d1018dc-6a13-4bcc-a17f-6041b44140ea,Student,2025-11-14,0.15
4c23686d-a652-4cb9-a306-12f9260fa949,Student,2026-05-11,0.15
4bb3e179-01b9-46e0-ba5a-48fd3149b96d,Enterprise,2026-05-17,0.85
5f988dca-d589-4ebd-b97b-49bc1ddf5261,Student,2025-10-08,0.15
6cac702d-d593-471e-a08d-25e37fcd95e5,Professional,2026-05-31,0.6
c06842d5-7fc6-48c4-b9d3-8a90c11be364,Student,2025-09-23,0.15
6ac8bc29-bf2b-4042-8730-3bc2bc250736,Professional,2026-02-20,0.6
35b3e492-992f-4997-b37c-a77c5c480e8c,Professional,2026-05-11,0.6
7a237aa1-ef29-488f-bc87-904ffa58d284,Professional,2026-06-10,0.6
8a938b86-2428-4184-b9c9-5c7d0afeff08,Professional,2026-06-05,0.6
adf31eda-1f65-436f-8b1c-d2a253ac040c,Student,2026-02-23,0.15
3c4e4aaa-0308-4442-8558-d94f65201d01,Professional,2026-01-17,0.6
19624b22-cf52-46cd-91eb-fb43098eff5b,Professional,2025-09-17,0.6
0775765b-990e-4f98-a03f-204edd944185,Professional,2026-04-07,0.6
26014dda-dfeb-4dd4-8fb1-31bc433c192e,Professional,2026-07-09,0.6
ac68be75-9dcb-452f-ad8d-f78b92bdf698,Enterprise,2026-03-29,0.85
7d77ee7b-3fa6-4c0d-949f-c1ac17690397,Student,2026-04-20,0.15
7eff9365-baf1-42df-9264-fcc1d1b7117b,Student,2025-09-02,0.15
3bf4a0ec-6c49-417e-bf71-0ae2a9b50b4f,Student,2025-12-06,0.15
7081f390-30b9-4a65-8f45-e1c7794b66a9,Professional,2026-05-14,0.6
f50fae9c-5a45-4569-a683-7fe9ee7562fa,Student,2026-04-05,0.15
dc5451aa-c1a5-45df-aabf-08877d611611,Student,2026-01-06,0.15
5abda6a9-16d2-4117-be37-5f15243abde0,Enterprise,2025-11-02,0.85
a9538fcf-bc31-4fd6-88da-f2df951c908b,Professional,2026-08-07,0.6
27fe069b-5222-4090-961c-6b15155993e5,Professional,2025-11-10,0.6
c58a8323-b081-4a5e-bdec-ed517d2b3721,Student,2026-01-22,0.15
6197a30d-d40e-4c96-b1f1-5d26f6753750,Student,2025-11-09,0.15
fa503ecc-54d5-4782-9b4c-09647cf2d414,Professional,2026-03-20,0.6
7c087cc1-9700-4360-b264-bc22c4641c78,Professional,2026-07-22,0.6
a5eaa7a1-ccd4-4ae2-814a-22e4e0232de4,Professional,2026-01-23,0.6
2eb75a17-bdee-4bab-81db-bd4d7a9dcbd4,Enterprise,2025-11-02,0.85
cd6cdc8c-2bf2-4327-995c-bfd314266c84,Professional,2026-04-06,0.6
699932d7-0c42-40c2-9a5a-c524b5ca3731,Professional,2026-06-23,0.6
a5f6bc6a-9511-4c35-91f9-a48b318196b6,Professional,2025-10-25,0.6
4f7c61cf-1bb1-4eea-9eb6-a158e16e4d96,Professional,2025-09-25,0.6
7bf7e3da-7d2b-4c92-9030-3cc071e36d82,Enterprise,2025-11-14,0.85
90c7ad7a-0319-4a5e-a11b-6313025f1925,Professional,2026-02-26,0.6
cba8e5c5-6238-491b-9c3a-129693f8763d,Student,2026-01-16,0.15
b3a90101-f8df-44f3-ad3e-90c158a6102e,Professional,2026-07-28,0.6
c91193e1-9341-4805-9f4b-36dbe8b95bca,Professional,2026-03-14,0.6
238ff817-8d49-454c-ba7b-1a7a86314375,Professional,2025-10-22,0.6
df8cbe25-9a06-4f85-b263-f24f3ae10e4d,Professional,2026-04-25,0.6
51559d4c-7f9b-489a-8a0c-334f782cb606,Enterprise,2025-12-18,0.85
9e6549cc-d902-47aa-9032-af209ba9f60c,Enterprise,2026-04-03,0.85
c67e0171-c975-4701-bf2c-47b612c03fc9,Professional,2026-06-30,0.6
2d7382bd-7054-4675-8deb-b48db554132a,Student,2026-03-12,0.15
4d5fb9ca-f9b1-4355-bf64-47aa9d246714,Professional,2026-03-20,0.6
48127987-1387-467a-9cd3-a75f348284ee,Professional,2026-06-08,0.6
df870c35-7898-4685-9cd1-7e7a7861152c,Student,2025-11-25,0.15
dda0a7a3-5062-419a-afbd-208ecaababbb,Student,2026-08-10,0.15
b624b262-76d5-40bf-91bc-664c338de81b,Professional,2026-03-18,0.6
d427e466-858b-4dca-8afd-e117860efc67,Professional,2026-05-04,0.6
94eefd83-5008-40e6-aa26-8aa95fad48c8,Professional,2025-12-15,0.6
8fe8fa0f-6adc-41ab-b3dd-fd52bab0d87c,Professional,2025-09-12,0.6
9195a3d7-99e8-410c-b1c6-308d0bda7f69,Student,2026-03-22,0.15
8bcc6f6b-aa09-40fd-8fe7-5cdcc88d2e30,Professional,2026-08-24,0.6
989bde28-dd03-4273-a69a-830c3da7d91b,Professional,2026-05-09,0.6
711981a2-9dd1-4bc1-ae2e-88bb7a7d1b5f,Professional,2025-08-31,0.6
f431f213-77fe-4a9f-9a6c-ebb636744ed8,Student,2026-03-27,0.15
8a6af478-65bf-4964-b585-a7e6dd90e4f7,Enterprise,2026-01-19,0.85
540d6960-2714-4a29-9c15-2c99041977f2,Professional,2026-07-11,0.6
ce3471fa-4366-4856-a4b1-b0f3ca88f127,Student,2025-12-28,0.15
cc95351a-a2e6-4ce0-8860-0c16ab8a6a89,Professional,2025-09-22,0.6
d5446a35-b62e-4b40-bd76-c74a16480da6,Student,2025-11-10,0.15
58ade3de-19c3-445d-b8b5-9bf75ff2bb4c,Student,2026-05-01,0.15
625bbfb3-8b4c-4b72-83f7-e83cbd52238f,Student,2025-09-24,0.15
22df2d8f-7910-46b9-b7d8-b696cd621b34,Professional,2026-06-18,0.6
8539512e-8082-4f28-87f5-be848f3c93f3,Student,2025-11-14,0.15
eea40fb6-497e-4697-82c5-befcd490dc4e,Professional,2025-12-19,0.6
65c1a843-6517-46b9-84ff-c05c71679091,Professional,2026-02-27,0.6
59430512-1001-49c7-a112-bc7571225dc9,Student,2025-09-19,0.15
80a32f31-5b57-44bf-9a94-0fcc65dbdfc4,Professional,2026-01-25,0.6
9817b6cb-4e15-4c5f-bf5c-f174ae6790a6,Student,2026-02-04,0.15
155c0399-8456-47cb-94fb-a632259401f7,Professional,2025-11-01,0.6
03b2cd2f-6df1-4eba-8882-111f882c22fc,Student,2025-09-21,0.15
9bae9be7-0777-47e8-b751-1fffa65b3483,Professional,2026-04-13,0.6
19fe6280-14ec-4f07-a855-31057e21dbb3,Professional,2025-11-18,0.6
66468cdf-faf1-42b8-9f38-77f5cfe5718a,Professional,2026-04-30,0.6
80fd3ac2-de41-4572-8c06-2f41eae90cf1,Professional,2025-10-12,0.6
8ca92746-b50d-418c-adbc-15a31e5791c7,Student,2026-05-03,0.15
0bd9ef67-b39b-4f9e-a9f6-d438c7faba8d,Student,2026-06-27,0.15
a1db4a3d-2554-4ffc-b83f-fc2eebb7015b,Enterprise,2026-01-06,0.85
1eb87b3b-2d17-4837-aec1-c104dbf3e4b2,Professional,2026-02-07,0.6
d96a17a0-894a-499c-bfaf-64ed044f5238,Student,2026-07-21,0.15
e7235ac9-fcfa-4781-afc1-584809aecb74,Student,2025-11-11,0.15
92d2ec06-8d02-4373-90f4-258aadc3a42d,Professional,2026-08-06,0.6
dced8c25-6417-47ad-b132-e0f275eb38d2,Student,2025-09-19,0.15
befa1dcf-dfa8-4d94-931f-b70a3d95e523,Professional,2026-02-24,0.6
32252df5-5d1b-4f25-830e-3bbcb03d08dc,Enterprise,2026-03-31,0.85
865044d2-bb0d-46af-81c8-10698aa68ad6,Professional,2026-03-15,0.6
413f0c65-05d0-42f8-bab6-15a5343e6811,Student,2026-07-09,0.15
2c9c52a3-a724-47fe-94f3-931b30b7df6c,Student,2026-03-04,0.15
532aa4ff-0380-454a-9bba-892374d4e7d9,Student,2025-09-09,0.15
280a7282-1f6d-4aaa-8ff0-4aa4f6afd3d3,Enterprise,2026-07-27,0.85
6cab6c15-605e-4ced-9669-d1347b5862a0,Enterprise,2025-11-25,0.85
cd2b108a-1a16-4ac2-8a94-c41551042bcf,Professional,2025-10-23,0.6
d2c7e72a-49ea-48d4-8c20-963989b92447,Professional,2026-02-17,0.6
dd2ba18a-1a94-40c4-a5c6-6e552a3a5089,Student,2026-02-23,0.15
c10601ca-9cd7-4dbe-af84-45e00e03e4c0,Professional,2026-07-19,0.6
d69bf17a-d69a-4107-afe2-4bc683724028,Enterprise,2026-04-24,0.85
c6a5180a-95ec-4709-8f7d-1d8a28138643,Enterprise,2025-09-30,0.85
b48b1176-8a71-4e9e-94c7-5214c006f17d,Enterprise,2026-06-03,0.85
9e43326f-9134-4aea-9aec-9e34e7d24c51,Professional,2026-07-08,0.6
49e70f3b-b977-4091-b674-b0cf756bdf5b,Professional,2026-08-03,0.6
2df0af20-d0fc-4822-8115-bbf1a01e71b6,Professional,2025-10-27,0.6
0ea402ac-fa05-4c2d-a03d-610e969a94bc,Student,2025-12-01,0.15
7d7151ef-330a-4605-adc4-8e702e4fdd97,Professional,2026-04-27,0.6
f335983b-54ce-499e-8321-e6d5f7c7a0e9,Student,2026-07-18,0.15
9f7f9735-2806-4cb2-af67-d5910e120f16,Professional,2026-05-07,0.6
7904a7a5-d79f-4be7-81ff-89a5f8841d5a,Student,2026-04-11,0.15
562167fe-673f-4dd8-8932-cc5de7045bf5,Enterprise,2025-10-01,0.85
0b5b6049-8964-4683-b49a-293b0a983508,Student,2025-12-17,0.15
108a5711-41ea-441f-8c40-a99458626f04,Student,2025-08-29,0.15
cc3a6018-2336-4284-8244-f3fcbba300c5,Student,2026-02-02,0.15
64d95959-5da3-40a2-995d-8e5eae672096,Professional,2025-12-27,0.6
bc7dffff-ffe9-47a8-9a7e-e078686eae0f,Enterprise,2025-12-10,0.85
e7f5c2c4-1307-44e1-ae61-cc54b7d3e8c7,Professional,2025-11-16,0.6
70bf0533-1f15-4120-8245-04325d367820,Student,2026-05-10,0.15
610bec87-2b61-4eb6-8aa3-6641f490fa87,Student,2026-01-25,0.15
7afbe0bf-1cce-449c-a8c1-5dd753dbbc61,Professional,2026-08-17,0.6
08d4f00d-699c-475e-9811-bb1c8e28fd26,Professional,2026-06-05,0.6
1b8f1a86-7437-46e0-a53f-2745bab738c7,Student,2026-06-19,0.15
0d2c5b0a-9031-4b23-84a3-e564e89db1cf,Student,2025-09-08,0.15
d2c8db28-e2fd-4433-b369-61267f4700d6,Professional,2026-02-19,0.6
911f01be-85a4-4c98-9e85-2f4c1de5c4ca,Student,2026-07-17,0.15
2701aeee-f39c-4360-b886-2784b765678d,Professional,2026-08-21,0.6
5d697c9d-558a-47b5-aa6f-bab97a8f8216,Professional,2026-06-09,0.6
b606f6f3-b086-4124-b1ec-0592bd13a4fe,Professional,2026-04-14,0.6
747f8233-07ef-4283-8820-35e1f1532463,Professional,2025-11-22,0.6
f6a8c326-e43b-4214-95de-1289a4dd56db,Professional,2025-11-08,0.6
86a4119e-29f1-46e1-98ea-c9535f0ccdef,Student,2026-04-21,0.15
627c355e-cdb2-4dea-a2bd-6c9a36cbf352,Professional,2025-09-14,0.6
52e1ae88-cd53-4430-aa65-6fabaf5f8648,Professional,2026-02-23,0.6
6e4655f1-96ae-467a-86f4-d0ae8c88ccba,Professional,2026-06-14,0.6
08667ebc-bdc7-4efe-a5a9-4ae07e75c3d3,Professional,2026-03-05,0.6
57ef3844-138c-4e23-b9ff-cbd2c32cae7b,Professional,2026-01-23,0.6
8df678a3-2617-4601-8719-a38479322c95,Professional,2026-08-05,0.6
fa21c11a-bb26-483b-a5eb-607bd1de70f7,Professional,2025-10-26,0.6
2b852cf1-b34c-4dfa-a7d5-b9e100c911fb,Professional,2026-03-13,0.6
dfae3658-3645-4527-bffa-d7a399905218,Student,2026-08-19,0.15
ed93408b-540b-45c3-9a64-22b2a5241541,Student,2025-09-17,0.15
f888cf8e-6974-4dca-86c8-74ee5d31f8c2,Student,2026-01-06,0.15
18a1ae12-03fa-407e-afcd-ec0463792d33,Student,2025-11-15,0.15
d20f80cb-b9ea-449f-be9b-0644fa0a905f,Professional,2026-01-12,0.6
9d6b1f11-c2e6-4868-8ca6-889802ddc883,Enterprise,2025-09-23,0.85
1eeb0f33-f815-4d3c-a8c2-09953c2911c8,Professional,2026-08-01,0.6
9bd30314-371d-49ce-bed6-0a93ae5aac1a,Professional,2026-04-05,0.6
50969189-8b44-4e08-a4d9-4e6b991c8923,Professional,2026-06-05,0.6
2c9b5321-a061-4b36-8c42-3956835d342a,Professional,2026-01-29,0.6
18120e94-91bc-44d3-80dd-c9ae2614d6a6,Student,2025-11-10,0.15
96dda364-23e5-4f7a-9c40-b0d4a713375b,Student,2025-11-15,0.15
b3b46d35-c4cd-42e2-af8a-082b73d0c086,Professional,2026-05-20,0.6
014cb34a-9567-4467-9df9-68fdc477851f,Professional,2025-11-25,0.6
11e72c58-2543-4350-9054-b8abe764092b,Student,2025-09-22,0.15
f3ca0483-c89c-411e-bb5c-9c5fe734a6b6,Professional,2026-08-02,0.6
421367d9-9c36-46e2-b463-c9b170a73e11,Professional,2025-10-16,0.6
8ce5ac39-f88b-4ae3-9391-e6800286c261,Student,2026-03-30,0.15
6b85a167-338f-42b6-b707-be4383ced8ac,Student,2026-08-02,0.15
49f04d27-0376-473d-b6f1-b874aa9501be,Professional,2026-06-19,0.6
2e0d12b2-fe88-482e-9e14-3f2bf8e297f6,Professional,2026-07-10,0.6
0a80e569-d85d-48eb-9767-800f040e693e,Student,2026-03-31,0.15
5f8cd578-95c3-48e6-b424-abc36b876aad,Student,2026-08-10,0.15
db515e5f-4d54-4a45-84c4-e3bacc8142cf,Professional,2026-06-08,0.6
2c8e2042-8d60-4536-a866-c626c4b1e041,Student,2025-12-27,0.15
5c541f8b-f9e7-4dcf-849f-d2b97a56b049,Student,2025-11-21,0.15
87457db7-bce6-4edc-b012-176383c8fce8,Professional,2026-07-29,0.6
310f6efa-30ba-45ad-b63b-ec3aa3bc92d0,Enterprise,2025-11-03,0.85
e93cfd56-8221-4fcc-bdfe-11415452e483,Professional,2025-08-27,0.6
3f9f1753-0eb2-44bb-bd01-9d3ee6b56c80,Student,2026-08-12,0.15
4665b2eb-9bb3-43bd-9da5-2435a8188f90,Student,2026-02-12,0.15
0458ca50-fdcd-4c11-8a32-58c5604c502f,Professional,2026-01-07,0.6
0c3d20d7-97e6-4bbf-af6b-a675383658cd,Professional,2025-10-09,0.6
b23bdbc5-e95e-42f1-baa8-ee95a65ee8e5,Enterprise,2026-02-22,0.85
ece6dcce-dfb0-49ee-bdfb-761593096766,Professional,2025-09-03,0.6
3bbd7c04-c66d-4748-b882-c8d3057847cc,Student,2025-12-08,0.15
060ef6ab-6a1a-452f-aa39-fa0d567fff2a,Professional,2025-09-15,0.6
485e0e76-b5a7-466c-83da-744c6a61eb7e,Professional,2026-03-19,0.6
8f88f66a-1d39-4156-af81-8894f8e61e2e,Professional,2025-09-26,0.6
36b4ab4b-aca2-42b3-baff-6544de927946,Professional,2026-02-23,0.6
073c56c4-5623-4922-86fb-4b3e1cad19f6,Professional,2025-09-10,0.6
b763c8db-9478-4272-acc8-1dc8ec103c75,Student,2026-02-28,0.15
154937c7-b66e-43d6-9c7f-3c850ec00380,Professional,2025-11-17,0.6
d80a0f21-8234-449d-bd1a-5c0264f544c3,Professional,2025-11-21,0.6
27b6ce12-bbd1-4ceb-9e5c-9331d54fe4ec,Professional,2025-11-27,0.6
dad81949-34b6-42ef-a938-f01e815617a2,Professional,2026-07-04,0.6
ebc97b44-b4ef-4ebe-b7c9-6f58a9c1d5dd,Professional,2026-07-28,0.6
039c5b48-7f08-4d2b-a7c6-250362734c8b,Professional,2025-12-16,0.6
95ab90db-aad4-4f99-9365-bbb9fcddbf9a,Student,2026-07-21,0.15
d28b60fe-c8a5-469e-908c-13021303a166,Enterprise,2025-12-19,0.85
e0b2a9f0-0e83-456c-9f48-6af40f703443,Professional,2026-04-07,0.6
ed26fc41-29a2-4867-9eb2-0d567e298275,Professional,2025-11-20,0.6
6364e9d7-bd9e-4d8d-8b6f-4877e28916a0,Enterprise,2026-03-01,0.85
1fc28880-b132-48b6-b0db-233ee91564d4,Professional,2025-10-07,0.6
ea5becdc-e394-411a-a792-9bfbf5000045,Professional,2026-01-23,0.6
625edc6d-3a0d-4383-b93b-b3d4eebf6a66,Professional,2025-12-12,0.6
9d10d9f8-928b-4d36-acf4-68fd6acd55cc,Student,2026-02-08,0.15
6a43bd4b-bc5a-45a0-a1c8-d7a8c28acdc0,Professional,2026-08-10,0.6
0190206a-49e8-4fa7-b186-9bdb095313b8,Professional,2026-06-11,0.6
62e5a9f6-f89a-4af6-8195-a6fa8d60cf04,Professional,2026-03-10,0.6
cd0370fe-e908-4e01-ae78-d9fa7269a69a,Professional,2026-07-17,0.6
84b9796c-2eea-4ebd-9081-226ecfa7b088,Professional,2025-11-25,0.6
5f584b38-4ee3-4f45-9193-20e1007bbb5e,Student,2026-01-05,0.15
2a573879-df11-4d1e-910c-035eb4ce515c,Student,2025-11-07,0.15
84b96f21-01ec-4b66-a5e7-104057ac1a1c,Professional,2026-07-20,0.6
36564dc9-149e-486b-bc29-f5fd939b13cc,Student,2025-08-29,0.15
db128dbe-bbaa-45a2-a409-0a84d1bd2e52,Student,2026-06-21,0.15
f22c5f11-72e0-474e-824f-32cc05f44d2e,Student,2026-08-17,0.15
aae2d6a1-f6c3-4de5-82df-8faf614d30c7,Student,2025-09-18,0.15
47bf5a99-8524-4e91-b805-137aeb17b513,Enterprise,2026-02-25,0.85
fc07a32e-00d0-4dff-9417-73ae11cab958,Enterprise,2026-03-23,0.85
4ee0fb4e-c994-4812-93e5-131d32120bc6,Student,2026-05-02,0.15
81fe535b-0dec-413e-a086-eee859836d3d,Professional,2025-10-30,0.6
b4d9481e-4af0-47f7-a8ad-fb38961bde15,Student,2026-07-05,0.15
8c748f76-76dd-4ac8-8a42-4566a03b9ae7,Student,2025-12-24,0.15
05f6aeab-1d10-4502-abe8-95f4f7971557,Student,2026-04-08,0.15
f29bb965-bf9f-4347-a549-c0b4548ebb68,Professional,2025-12-29,0.6
265ad67b-4bff-4dfa-a7d7-24b941f39414,Student,2026-07-07,0.15
e8f4a324-2aad-4d3f-876e-c322a037fae5,Student,2026-06-14,0.15
5ea0f3bf-edd2-4926-83fd-6d248c3990d9,Professional,2026-01-15,0.6
6595a250-4633-4138-9024-f7fcb1b859cd,Enterprise,2026-03-21,0.85
902d4723-9658-4a6a-ae48-ab4c443d8a4b,Professional,2026-01-08,0.6
801e1b1a-ac81-4ece-ae8e-5a8e01e6f12e,Student,2026-07-27,0.15
4a4b24c1-80d6-4a19-963c-13e915331d70,Student,2026-08-02,0.15
7c9ca7cf-78ee-4ce4-b931-4524efaab057,Student,2025-09-02,0.15
b5c695ee-d9e3-4620-9174-ec34e737362f,Enterprise,2026-03-05,0.85
343ac93a-fcfe-46c2-a2c8-ade63bd80453,Professional,2025-11-13,0.6
32d24633-5859-41f6-b5e0-e6029bf31b7c,Professional,2025-12-17,0.6
b728a83b-fbf1-4197-887b-8a1560d0c767,Professional,2025-10-08,0.6
aabf729f-80e6-4e7c-b22e-c464f43821e9,Student,2026-02-26,0.15
4804f61d-5c04-4b15-a0f4-724b5eb4feda,Student,2026-06-14,0.15
b3ec9867-0147-458c-9fa3-c7a4153deaca,Professional,2026-04-24,0.6
dd2ad543-77f0-4e21-b750-1d62dd1b4139,Professional,2025-10-28,0.6
c0d8c391-2c9a-4836-967a-4541db0224f3,Student,2025-12-15,0.15
9f7e9475-957d-4a78-a775-fe815246b2ef,Student,2026-06-21,0.15
69c53ee4-f34e-466f-8d5e-603a0ff907f8,Student,2026-05-11,0.15
6521e2a2-20a5-416b-8d8f-84978e362072,Student,2025-10-29,0.15
5b00c38a-e748-4861-b5cb-f6ed1825d0f7,Student,2026-03-31,0.15
83ad3629-d834-4e7b-92da-b3f9f40c5864,Student,2026-03-19,0.15
0f226605-6c19-416f-88ab-bb9e4df3e517,Student,2026-02-04,0.15
ee0c4a17-473a-416d-bdc3-4f5d207ee3bd,Professional,2026-08-12,0.6
ed535051-1089-49cd-88f9-7c691b29e648,Professional,2025-10-07,0.6
bfacc042-53f1-4692-94a3-6cabe51d9212,Professional,2025-11-18,0.6
65110115-b694-4fc9-8263-59ae644dc06d,Student,2025-08-28,0.15
fa4c31ca-e40e-432f-95fa-53debdcedb14,Enterprise,2026-08-16,0.85
3efe1f3b-6021-43a1-8f64-95eac0755001,Student,2025-10-17,0.15
6ff2d8f2-3f5c-4d93-ad3b-0e55b27aa0bb,Professional,2025-12-30,0.6
a919fc94-7e77-4738-8f45-2270512fb4b7,Professional,2026-01-02,0.6
242bb6b1-cf16-4e0c-8f4d-e23ac9552aca,Student,2026-08-12,0.15
87d0ef7f-5e75-48f3-97d2-a22d1af85262,Professional,2026-07-11,0.6
3d9aec89-a1ef-43f7-a09a-734bf73368de,Enterprise,2025-10-03,0.85
d4bd5c72-5d42-4fde-94db-4c788686e8b5,Student,2026-01-01,0.15
72a1f74b-44e6-43bd-bca3-7ebc12492ac6,Professional,2026-05-12,0.6
7c010643-897b-4229-9db1-25f2b82e0c2b,Student,2026-05-23,0.15
472aa9a5-c63b-4c3e-8081-41a9aeaed206,Student,2025-10-31,0.15
c250c857-5aea-49a1-873c-2d44482b13d0,Professional,2026-04-14,0.6
6c0a86cf-3b73-4bd8-af6c-e6a4ed169b1d,Professional,2026-07-28,0.6
a8f749df-1d29-4d74-b184-02a695fa8d0d,Professional,2026-05-01,0.6
01b77a1c-b7cf-484c-ab44-7ce3e5a07d65,Student,2026-08-24,0.15
b147e377-3792-4d95-8de7-fe693076892e,Professional,2025-12-28,0.6
0d0ace45-4ebc-4862-9ea9-21bcc974c6d5,Professional,2025-09-24,0.6
954aff03-62e7-4fd2-8d3a-8abf1d5f723e,Professional,2026-07-30,0.6
72bb9610-7670-4624-b677-22bd1748cf41,Professional,2026-06-09,0.6
a5113619-7777-439b-8a02-9019c8e98583,Enterprise,2025-10-01,0.85
f28fb0bf-d308-494a-a91a-dd66bde99a1a,Professional,2026-08-02,0.6
57a0b52a-f6e5-4f90-beab-8bdb71051ddf,Enterprise,2026-01-31,0.85
8a911876-86b9-47c9-a784-c7f1ab53d279,Student,2025-12-01,0.15
e1e37e33-2985-42ff-9574-1534e50fd2d1,Professional,2025-12-01,0.6
28832f65-940a-4097-8ca0-4e9821f17cd6,Student,2025-11-30,0.15
b81b4132-7651-4213-953e-7a4a6253641e,Student,2026-07-03,0.15
7c3c6153-bed5-4f64-8d2a-7f4bde29488d,Enterprise,2026-07-20,0.85
4ac084ad-59ad-405f-8845-755832c481f3,Professional,2026-01-17,0.6
e2bbed80-30b6-4128-b722-43ad1a7ae0d7,Student,2025-12-05,0.15
c5f3693e-1304-4166-aefe-a954834a55a4,Professional,2026-04-08,0.6
48c89171-1e9f-4433-8415-8f56a093ced4,Professional,2025-11-12,0.6
71e9afaa-514e-40bb-8358-10272a84d461,Enterprise,2025-10-07,0.85
789e3203-e738-4714-aa88-42f02bb3a159,Professional,2025-11-01,0.6
748c2821-9bbf-4a81-a11d-bdbe1f3e17a5,Enterprise,2025-09-08,0.85
a3c4e862-f056-4c07-8407-57f6dc37a696,Enterprise,2025-09-13,0.85
350febc0-99c7-43a3-b0a8-486f28e744dd,Professional,2026-06-04,0.6
500f6c94-d432-4312-894e-13674b2f8a6e,Student,2026-01-24,0.15
40ee4bda-d460-4caa-9f75-3cfa194311c7,Student,2025-10-20,0.15
83bd7b54-10a6-42e1-b81b-ac0dcc3541a3,Professional,2025-08-27,0.6
d70d437a-a0f3-4d07-b511-0ca22f495771,Professional,2026-05-09,0.6
68922d25-78d6-40a7-8dc7-4e4103314d11,Student,2026-07-23,0.15
b544b358-8e42-4fe4-b983-93df4e20d30a,Student,2026-07-02,0.15
0bceb104-6cc0-42ac-8a02-4fdf83b05f65,Professional,2026-06-08,0.6
0d6f6acd-ee39-4f2f-a774-74083a248747,Professional,2025-09-01,0.6
72b8f31e-d745-4c6c-9d92-4a961755fee5,Student,2025-08-31,0.15
1244e329-aeab-41c0-8e8d-1fae5855052e,Student,2026-02-13,0.15
6d828e74-a05f-47e1-967d-f99cb19b87b9,Student,2025-12-24,0.15
3b5fdea5-a175-421c-87fe-74e130cbc3ac,Professional,2025-10-13,0.6
9a02e392-8918-4f12-93dd-89249d874350,Professional,2025-11-12,0.6
e3e7ec4c-e7f2-499d-8176-88f36ac9a022,Professional,2026-05-06,0.6
a0024813-8e88-457f-9096-71c1b2598295,Student,2025-11-17,0.15
f6a21673-35dc-4e25-8e8a-701421bbccf5,Student,2026-04-13,0.15
870cb109-f2a1-4885-98f3-cb5cc8f373bd,Professional,2025-09-16,0.6
518877cc-a777-4f06-898e-fbeab4c3abbd,Professional,2025-10-15,0.6
b5ffa380-7d9e-4f7b-ab0f-ab68fa8278e3,Professional,2026-05-23,0.6
1b72a7e5-3a9c-4c33-a0e3-4b43b9da0c77,Professional,2026-03-14,0.6
20768bf8-977c-44ea-9158-64428d62acdc,Enterprise,2026-05-19,0.85
23a47107-365e-4dde-97b8-375d8a405bc1,Professional,2026-06-08,0.6
abeee7d7-155f-4b6e-886c-6829aa9f1d9e,Enterprise,2025-11-28,0.85
9c8ddcbc-3f5c-442d-bedf-036b4c96e5be,Professional,2026-06-18,0.6
1a147222-5e06-487b-9030-bf797c5a362f,Student,2026-03-10,0.15
470df43f-c05a-49f3-a2ad-44def6ba5d31,Professional,2026-07-31,0.6
28acdadb-86ed-4dc3-8306-c72ae27d8e41,Student,2026-05-15,0.15
e0963970-afe4-421f-9cad-cf2ed12a0ae7,Professional,2025-11-02,0.6
4872ec85-cacf-4b2d-b343-743771496615,Student,2025-12-05,0.15
3fe5920b-08b9-4fd5-8adc-d39582c77506,Professional,2026-04-27,0.6
0bfc4578-a00d-4879-8281-1251eeb455ef,Student,2025-11-07,0.15
b4fa5b52-7cae-455e-9cec-1a2fd2943b3d,Professional,2026-03-17,0.6
23f90682-7b09-4fea-b41b-8f9ea888005a,Student,2026-07-28,0.15
8377748b-5ad2-4fe4-801a-5e781fd1918c,Student,2025-11-04,0.15
0399add2-29ec-48d8-b8ba-7991e2ec166b,Professional,2026-05-25,0.6
468bc868-e6b1-4d7c-9c2c-4000fd4d0196,Enterprise,2026-08-19,0.85
f225c985-d8aa-4443-a624-861c1f61a6ab,Professional,2025-11-27,0.6
c9c9d841-1b7e-41b4-a4a2-b0d933876a6b,Student,2025-10-30,0.15
07f7978c-f32c-4f8b-a678-52c164c912ad,Professional,2026-08-11,0.6
de3f9e39-13d3-44fd-84ca-a608892d8586,Student,2026-03-24,0.15
de91b63f-0bf8-451e-a2a6-d8742088b72c,Professional,2025-12-10,0.6
7afcedc4-007f-4e7c-b5ed-d7d0100cbff4,Professional,2026-08-15,0.6
fc3ddb68-fc3a-45a3-b962-5b3506a852d9,Student,2026-01-04,0.15
b7fc22db-284c-4a3a-9a5e-0adb15b993d6,Student,2026-08-10,0.15
481bb10e-c2b0-4ced-86a8-00f1891d57ff,Student,2026-04-21,0.15
2902898d-71a1-4b6e-88bd-57f9112470be,Student,2026-01-24,0.15
ac2d878f-6fa7-4c67-b71c-84e6d296a13c,Professional,2025-12-21,0.6
8c36dc0c-ec66-4c13-8bf4-50f2fa5a85f7,Professional,2026-02-05,0.6
afa6ca1c-9390-4342-ba1e-46467ad2ba73,Professional,2026-03-29,0.6
ec3c8461-d503-4b42-afd8-88c1b68fbf5f,Professional,2026-01-11,0.6
a0066dab-1e2a-47ed-89d2-45ffe3843b40,Professional,2026-03-09,0.6
3cdf710a-5c10-4edb-8ae0-1cacf6b05884,Student,2026-03-26,0.15
8b2ab2ca-a6b5-4f84-be7e-3ff6fc8eacaa,Professional,2026-01-12,0.6
4e4f2431-38be-4acb-81d1-50236da0e39c,Enterprise,2026-02-21,0.85
6c2af9db-c75c-41d8-bffc-78e21199ecf9,Student,2025-12-27,0.15
8b4d6af3-d115-40b7-8a56-fa999747374d,Enterprise,2025-09-08,0.85
2715f02e-4451-47b5-bce2-15de9ad07e4c,Professional,2026-04-23,0.6
f4564b1c-dbf2-4fae-b2e5-3f931bc5216c,Professional,2026-07-16,0.6
482683e8-09bf-4d30-86bf-3f7675bb70ba,Student,2026-03-03,0.15
20cfc968-0c26-450b-80e3-52a5dad02731,Professional,2026-05-08,0.6
25053037-d342-412c-a770-e3be7c64ca5f,Student,2025-10-05,0.15
9f9c6707-fcdf-4696-92e3-81bbe3f18b70,Enterprise,2026-07-20,0.85
5287bb65-8b32-41c3-a32e-da1637acd344,Professional,2026-07-28,0.6
0bf38afa-5b72-4b4c-94ba-6af79be53f2a,Student,2026-01-30,0.15
c3d1b578-d88a-4c55-8717-de0278777341,Professional,2025-08-31,0.6
3aae0587-15a0-4e1a-93ea-16df4eb7d154,Professional,2026-01-09,0.6
2bc1d42b-5dfb-4d64-ad92-e0cb3db7202f,Professional,2025-10-20,0.6
a3b25ad6-3f0b-44ba-9522-e535949e391b,Professional,2026-07-18,0.6
826b0949-6428-42db-b979-e97a27d05dec,Student,2026-02-19,0.15
dbc311ac-6857-4bf7-a2c7-0bf7a0444f37,Professional,2026-05-03,0.6
a88687a5-dd31-43cd-9ec1-e3068e306831,Student,2026-06-18,0.15
41992443-cfa9-45cd-bf79-fa661ec6ba50,Student,2026-03-05,0.15
ac85f817-ae3d-4e4a-98e9-311768a50da1,Enterprise,2025-12-01,0.85
5d19a487-b23d-49fb-a0db-294398c25eca,Enterprise,2026-01-23,0.85
2d4fedc2-0293-48dc-81d2-00ec4c1c20ae,Student,2026-07-30,0.15
3bc413a5-cf30-4a0c-934e-b4f1bb7f95b3,Professional,2026-02-17,0.6
16c45cb4-8c91-474b-9bff-b726a21a1cf5,Professional,2026-01-07,0.6
536fbe74-f4f4-4e60-84e2-7d8fb743986b,Professional,2025-12-06,0.6
9ad8c559-9585-4ec3-b2b6-5e147d5b2f50,Enterprise,2026-04-11,0.85
1287975f-498a-4909-94af-672d1adf2a74,Student,2026-04-27,0.15
6229f484-46fc-4adb-b213-09dccb4cf3ce,Enterprise,2026-07-31,0.85
3b244e92-ba18-419e-b68d-abbfceae11f5,Student,2026-08-13,0.15
f14e72b1-8569-42c5-9a6e-20157576a8a9,Enterprise,2026-05-08,0.85
4d5fd069-7826-47cd-ab56-f6b596178b10,Professional,2025-12-02,0.6
24fa4b40-fcd2-4a26-985f-6f967dea4a39,Professional,2025-09-26,0.6
c8b3e2d2-4e2b-42a1-9be5-dc6a2e95d3ed,Student,2026-05-15,0.15
d5834a2e-ac30-41e3-babf-7f2b682abec8,Student,2026-04-10,0.15
610e5c0d-30a1-4659-84a7-680707b385c8,Professional,2026-04-05,0.6
684f4bbc-aae9-4e0a-b7b0-45c612ca93fe,Student,2025-10-01,0.15
ec21fdb1-da65-4b23-9a31-0047727ea623,Enterprise,2026-07-02,0.85
7a7d9292-78df-4ac8-9625-ff489daf0b90,Professional,2026-05-06,0.6
5230e9a9-79da-4482-9e72-fc3ba6582ad5,Student,2025-09-07,0.15
d55e037f-dd25-48c2-ac65-fa3a94b01f28,Professional,2025-11-08,0.6
4e18ef20-b874-469d-b745-bccf10029df8,Professional,2026-03-03,0.6
ff26c0ab-b3cc-40f8-ab87-72043025586a,Professional,2026-02-21,0.6
6cbf42c0-5d8c-4d8f-83bd-e94762768017,Student,2025-10-22,0.15
044a8827-1867-4da7-9d0b-ab8ac8412d71,Professional,2025-09-13,0.6
042aa6a5-c91a-4cc9-ad63-d864900ddc84,Student,2026-03-22,0.15
05d994b1-a61c-4ce9-a014-37f372ce872a,Professional,2025-12-19,0.6
072df99b-7d29-4808-a589-6dda1395499a,Student,2026-08-18,0.15
6926f6a1-60da-4e34-af06-b7ea4758ce0e,Professional,2026-03-07,0.6
cc2788ea-3ae7-4b3d-b2a0-f3a25f6042ed,Student,2025-08-27,0.15
b61fc7b3-b376-4cb7-8f6f-cf77a7ff9a94,Student,2026-03-08,0.15
13981c46-78a2-4dce-9527-2ddc89b384f5,Professional,2026-08-12,0.6
b46ca277-da9a-4cb8-a5cd-39ca6b4ea0f3,Student,2025-10-31,0.15
7f7ac208-ed6c-4c62-9d07-11da2b989014,Student,2026-01-25,0.15
fb2d5bc7-f149-4564-b099-5fad0930135f,Professional,2026-08-22,0.6
9327ad05-d735-462f-becf-a9b760b8f5ff,Professional,2025-09-24,0.6
0a97cc5b-67e1-4866-a97d-c602ab3335c2,Professional,2026-05-19,0.6
f38da657-c8c5-4831-a00b-bddf75930568,Professional,2025-11-19,0.6
e1c56ef4-36c1-4d00-87d0-e3a260388e66,Student,2026-05-04,0.15
af0e67b5-3efb-4a17-9c44-49f285da5645,Student,2025-10-19,0.15
ccef1508-925e-44e6-a7a4-3b4c046015b7,Professional,2026-06-26,0.6
8bc92a94-05b4-4bae-9999-e3a6c7057b08,Professional,2026-01-04,0.6
dcab2ec9-3e46-41df-8313-e48d6626c7e4,Professional,2026-01-29,0.6
9f9fa384-93b6-40bc-b8ae-2d69d78a33fd,Student,2025-10-18,0.15
e1566644-3f19-4c1e-acdb-23168a7c3950,Professional,2026-03-01,0.6
da3b54df-d9a2-4f16-b165-31557c3cbd32,Student,2026-06-13,0.15
20c3484f-1b50-42ca-a090-46b5377d1248,Professional,2026-01-12,0.6
6e1c6ca9-9e54-4d46-a8e8-409101c0dafa,Professional,2026-08-16,0.6
88e72e3d-d370-407f-91e5-3868264f5f1f,Professional,2026-03-05,0.6
072bf287-da9c-4aa5-8e71-8b893f0f80cc,Professional,2025-11-02,0.6
eae47310-305f-41c7-a329-cb2c956f733e,Professional,2026-07-29,0.6
b6f08060-78e1-4690-9c17-fc169d37610d,Professional,2026-02-03,0.6
0ee32117-3458-4081-a3ef-290a4702ac8a,Student,2026-07-26,0.15
ded48c5f-d44d-446c-8e20-a5101083ab5d,Professional,2026-02-16,0.6
476157c1-e3a9-480a-8375-93fded2b5221,Student,2026-07-26,0.15
d81711a8-8051-4a1d-8f3b-a41879168972,Student,2025-09-18,0.15
8052d156-48bc-44b4-9d24-20b9c8904f74,Professional,2025-08-30,0.6
9b90c732-6664-4da4-8656-117ad90e797d,Enterprise,2026-02-26,0.85
4192e1af-e928-4283-ad1b-60edf57f5bf2,Student,2026-01-07,0.15
e4a41132-71db-4c5a-ba0f-5293ab668160,Professional,2026-04-02,0.6
0db22dcc-cc9a-4211-9582-b51fc8f82680,Student,2026-04-01,0.15
b6dc55dc-1d33-4487-bbd9-ffca21eeeccf,Professional,2025-10-13,0.6
b3384bb9-34b8-463c-83b0-e6126ffde730,Student,2026-02-03,0.15
ff4333aa-b9c5-4f62-89f8-64cfd2c48005,Student,2026-05-04,0.15
2ad147d7-ed83-4d1b-bf3f-8b95c652f87b,Professional,2025-10-15,0.6
ee9e93d8-a98a-4ef1-9b27-da0808770957,Professional,2026-08-02,0.6
29eda1df-a454-4b39-ab55-561cdc39f2c2,Professional,2025-09-20,0.6
dd0b4a3f-c793-42b0-b872-a32aab53f7cd,Student,2025-10-11,0.15
f90035e8-8328-4bd0-b010-af165630470a,Student,2025-09-03,0.15
afa1ac7d-e78e-4686-baa0-97b1a105a2db,Professional,2026-07-29,0.6
8999329a-17f6-49bb-b5bd-5362f14a99f5,Professional,2025-11-09,0.6
15f002fa-e5a2-4422-b1ae-4f9930e3ca3d,Student,2025-09-07,0.15
33126179-1665-40ab-aa53-e5a4333a6f4e,Student,2026-01-10,0.15
33f82349-3607-4ade-9454-4f6a753c13b7,Student,2025-11-04,0.15
e8928773-1971-4a1d-ad5b-f0cfef443347,Professional,2026-07-15,0.6
382d4d61-3265-4cb8-847a-468a7397afd0,Professional,2026-02-15,0.6
8c2e235e-b096-4709-8d8d-ec68c393451a,Professional,2025-11-20,0.6
0d7f2674-467d-47e4-86f2-acb5b8c342b3,Professional,2026-04-05,0.6
7e3191ef-2e62-4e0b-875d-8f8c8d098a36,Professional,2026-05-19,0.6
2ddbbc52-a08a-4d40-abdc-00f9d509d0be,Student,2025-11-21,0.15
cdd8f55c-3121-4530-b2f0-c81d877542e1,Student,2026-07-13,0.15
ca8725d7-b806-4a77-b9d7-0ab429205509,Enterprise,2026-07-10,0.85
dfef7c0f-99ff-4d8f-b854-0d052aa731e7,Professional,2026-02-08,0.6
81b00036-b263-4ff2-935a-b77cc85fbe20,Professional,2026-03-17,0.6
f9c2ca1e-5a46-4343-9992-6101bab29fe2,Student,2026-08-17,0.15
54788f6c-9bf6-411b-bc0b-e06cb5ab6843,Professional,2026-07-04,0.6
41dc8f2f-5bd9-4680-8069-19c54c38a876,Professional,2025-10-29,0.6
a9db0069-35f4-42d9-bc78-56bf48975326,Student,2026-07-18,0.15
5be13339-d06d-4bde-9ff5-092186cd5867,Student,2026-01-06,0.15
a5378816-0423-472b-9615-afc656cf8d2f,Professional,2026-06-18,0.6
d71750aa-6761-4395-a5e9-86100756b4cc,Professional,2026-02-20,0.6
c24cf515-ec9c-450d-8ebf-52f5e708c6d1,Student,2026-08-12,0.15
559b6080-a5e2-4a11-96a0-6c2f9d7aea28,Professional,2026-01-17,0.6
f3adaece-f60f-4797-8786-23698fb7e972,Student,2025-09-03,0.15
facd2ba4-2f33-4d63-8c53-0286c5ab9a88,Student,2026-07-20,0.15
03db6f7c-cc85-4373-b704-207195ea4e25,Professional,2026-02-13,0.6
1afc7ce6-889b-4c9b-93de-69ea2970eff7,Enterprise,2026-07-24,0.85
a71b8fe9-737f-48a0-8a98-09a22cfd19c3,Student,2025-09-08,0.15
333d4d80-ab8d-4ffd-a099-4ced41dad98d,Professional,2026-07-09,0.6
6caece94-5c93-42d1-8aa2-6d7b58921288,Student,2025-10-18,0.15
8a562ea7-96e8-428c-87ba-82841020e5dd,Professional,2026-06-23,0.6
e34f261c-1b5b-4d2c-8ff6-69a817898496,Student,2026-05-16,0.15
f92ae79d-c471-4b41-887f-a7f18ea5b01f,Professional,2026-05-25,0.6
f7e7484a-f4d7-4287-bd33-8fa8708ebf5f,Professional,2026-01-21,0.6
af765030-1dd3-4654-aac0-13ab0fb01a97,Student,2025-10-09,0.15
b5dd650e-a12c-469d-98fd-fe4c29122c1e,Enterprise,2026-02-10,0.85
a50b86b0-a53e-4826-8687-07fb4d2e5ace,Student,2026-05-27,0.15
8fcfb6c0-4601-4b95-b7be-74f14f5ede55,Professional,2026-01-29,0.6
91c1ebc4-28d7-40aa-b3e4-b601df35ac2a,Student,2025-12-05,0.15
9dea29f3-0276-4537-b82f-617e4fb528f4,Professional,2025-09-17,0.6
36af165f-141e-4779-b97b-d853fa3c09f2,Professional,2026-06-22,0.6
f72a0c38-921e-494f-8f38-2002be0b041b,Professional,2025-10-17,0.6
9035cad3-76a8-4c3a-aa8e-f80e9665dc29,Professional,2025-12-12,0.6
c4ad4dbf-c034-4025-ac84-5c3325ab15e8,Professional,2026-08-09,0.6
331b5e60-5e78-49f3-848d-211a72485a18,Student,2025-12-24,0.15
e803dd8a-4eff-406b-ade1-4d7da799eed6,Enterprise,2026-05-12,0.85
25c5b57c-0e1d-430d-9c45-68b97bd063b4,Enterprise,2025-11-11,0.85
9dd48a68-d053-4986-b540-ef9212799ab8,Professional,2026-07-09,0.6
d1862efc-5bc8-4358-a8c2-ca0c5c465a9d,Student,2025-10-23,0.15
ffabfc1c-bc06-4692-a97f-8bce079efcb8,Professional,2026-02-06,0.6
9ff40534-17c6-4e8c-b1ba-71d1cad663b2,Student,2026-07-28,0.15
36fc9d0a-1983-4921-a9b1-5c07aca93093,Student,2025-11-20,0.15
34e65aa8-7a28-4430-83de-76d956084625,Professional,2026-03-31,0.6
d5c8e569-de8e-46e9-818d-a86cf99fd8c2,Professional,2025-10-14,0.6
eb9a3c16-cf4b-49c0-ac5c-d1481c831851,Professional,2026-03-11,0.6
900b94ae-fd03-4773-b675-c40ad7028bae,Professional,2025-12-29,0.6
e05158e7-44fa-410d-bb68-fbd133a8468b,Professional,2025-12-16,0.6
e751ac5e-a370-4d80-97d6-7e79dc7cb2a5,Student,2026-02-26,0.15
56bab2c6-616f-4fa5-95c3-7fdb67b4ce87,Student,2026-01-30,0.15
6194a7bb-3cb5-4653-bd0d-a5693d1402cf,Professional,2026-07-30,0.6
107f62a6-ea06-4c83-80f9-9e97ec81c665,Professional,2025-09-13,0.6
324922c4-7f9b-4f0f-a641-ad422d1bc8d8,Professional,2026-08-08,0.6
cfbc30f6-96e0-4f4c-bff1-e1585eedb2bd,Professional,2025-12-10,0.6
8c86afcb-d61e-48fd-aab3-986bf6651e6a,Professional,2026-07-29,0.6
3a040d1f-66ce-41a0-b458-447ff93455a7,Student,2026-03-02,0.15
2d3aeb41-8ff8-47c2-bd3c-54a0589174ae,Student,2026-04-29,0.15
2493dd19-ef1a-49b8-bcb5-1e9c84e251f0,Professional,2026-08-02,0.6
d1960bca-69e1-43ef-8ccd-8f87cf67fd73,Professional,2026-06-13,0.6
c7ebc385-d2cc-4158-ac32-4f5227d753e0,Student,2025-09-10,0.15
4f24fb61-2f97-4efd-9a90-9077a657c8ab,Student,2026-02-07,0.15
9cf38a73-9bb5-4c2d-8d8c-e8abffcd7c35,Student,2025-12-05,0.15
93f1c0f7-27f7-420c-a987-23af93fef168,Professional,2026-06-02,0.6
ff7b931b-5711-4a0d-be94-06fdcb29b9c0,Professional,2025-11-02,0.6
a0932e06-a62c-40b0-997d-53aff89c9b0a,Student,2025-11-17,0.15
ac27318c-8b71-4caa-b599-d4b24f83abf7,Student,2025-08-31,0.15
956835ee-c961-4692-af48-6d49e95d8f4e,Student,2025-12-27,0.15
3bbf3bec-affe-41ba-bc7c-1436cbdc2d5f,Professional,2025-09-17,0.6
dbbe94f5-772a-4bbf-8208-2601ead1434b,Student,2025-12-04,0.15
e87fdb5c-4933-4c8c-8ea3-8d2e3651e28e,Student,2026-04-01,0.15
18824fb3-f306-4cf5-bbbe-527a8dd5198e,Student,2025-10-13,0.15
db26d323-13a4-4fd3-96f8-4eadbd2ab74d,Professional,2025-08-28,0.6
85b8ab9c-6da9-471b-b155-67d72b980878,Student,2025-09-12,0.15
f09ebf20-84cc-4f5e-a91b-0628a25681e8,Student,2026-05-14,0.15
f645234a-5b1e-41be-a718-8a740ae6703e,Professional,2025-10-17,0.6
49d908bb-0ebe-4065-aeac-12a0bf771ad2,Enterprise,2026-01-17,0.85
02fd0de4-af1a-4ae2-aeba-cb7673c47fe7,Professional,2026-01-20,0.6
5bf2f2d6-3999-40ec-ac04-bcc4f8233d1d,Student,2026-07-20,0.15
a70437f2-1e54-4d5f-977c-8acb3ef58675,Professional,2025-12-11,0.6
f148c9b8-f89b-401d-b7cb-dfbe75d37fec,Student,2025-10-11,0.15
cce1ca7a-77b7-48ab-90e3-50aa5ff54f6f,Student,2026-06-17,0.15
2ad86033-3859-4c68-b956-8bc9ac6bd697,Professional,2026-03-16,0.6
79cafb1a-179b-41db-980f-828fb5429bab,Professional,2025-09-12,0.6
7445ccbe-fac6-4465-bb93-aa1bd46694bd,Professional,2026-02-28,0.6
fc5ab910-aff9-4af4-80ca-e1bb0cf7a5a4,Professional,2026-06-30,0.6
e7b4177b-1054-4a46-ae46-92078ec01c24,Student,2026-01-31,0.15
b91b8a09-3c84-4086-bace-ab13b17e562d,Enterprise,2025-12-29,0.85
19794486-ff8f-4dff-9aaa-8625f0ae7821,Student,2026-06-04,0.15
0a07b355-20a7-4246-8173-0acd1e82a3e3,Professional,2026-02-13,0.6
43530dc6-f676-4f39-99ae-f5217e9bcada,Student,2025-11-22,0.15
0302897f-9efa-4f8c-a9e4-878bf2638c20,Professional,2026-04-24,0.6
258832d3-b76c-432c-86b1-2a5256e2c3c7,Professional,2026-07-16,0.6
008aaa7f-6d37-427a-abde-154e08c99ec9,Professional,2025-11-09,0.6
b00180ab-c74c-4fb3-a222-b49aa49643a6,Professional,2026-04-10,0.6
5b98af3f-cc36-4bc1-a029-9a54f1440efa,Student,2025-09-05,0.15
72ecb7c4-4c01-45f3-9f86-329442ee64fa,Professional,2025-10-30,0.6
9c4e4ecd-a096-450c-91a1-61389d51456d,Professional,2025-11-29,0.6
af6929bb-e99a-4dd6-b9b9-30b8034bdb25,Professional,2026-04-08,0.6
397af5cc-fabe-41e9-8549-89e25902e151,Student,2026-08-08,0.15
108d3a69-931c-4c3a-aa4f-91d872983a02,Student,2026-02-16,0.15
b43cf675-9671-4ce2-9bbb-2d4820a3b695,Professional,2025-09-06,0.6
52c14f6c-7a8d-4db0-8ef8-f74311d759dd,Student,2025-12-04,0.15
ce2704d0-7d02-493a-8ea9-1ab6b1658c6c,Student,2026-05-13,0.15
10693ab0-2290-47e4-9245-a72160d23e9f,Professional,2025-10-29,0.6
9a3a96ee-4eeb-48ed-ac1a-6e40b548baea,Professional,2026-03-09,0.6
a2c8cff8-7303-4ce1-a59e-8bb0a02310bc,Professional,2025-12-12,0.6
35a8b59e-d3e5-45f8-b4f5-388b128ea388,Professional,2026-02-04,0.6
7a2813ea-81b1-43a8-a592-2ddeab96c557,Professional,2026-03-21,0.6
606be39d-9503-4898-bb95-8ca119bb703b,Student,2025-11-12,0.15
575d63e8-6541-42c6-bdcd-f224d1193d39,Student,2025-12-30,0.15
eca34074-ad13-4bd6-adbc-b83165165d1b,Professional,2026-06-01,0.6
0cc62563-63a5-491c-ace3-0429b32d664a,Professional,2025-08-30,0.6
f9e76ef9-4e81-4e86-abf9-3e31f8ca61f7,Enterprise,2025-08-29,0.85
8fca7452-fbbe-4f61-ade2-c6e1a7488b70,Professional,2026-03-01,0.6
7fa667ae-e5a9-4837-b691-368da33b68d8,Professional,2026-06-05,0.6
2d71303d-a5da-468f-8438-a7332622e748,Professional,2025-10-03,0.6
3bfdd252-413b-4235-a7f7-fe87ed8491bb,Professional,2026-06-27,0.6
3ea9804a-3aba-4d22-86de-dbf59e19bd63,Enterprise,2025-12-28,0.85
ab75fd42-533c-4af8-bbe6-7e07468b97d5,Professional,2025-11-05,0.6
4fe79642-ffec-417f-9c15-a1bfcf30bd5d,Student,2026-05-18,0.15
2c98aa3b-be43-442c-b82e-b3ea5ace19e5,Student,2025-12-06,0.15
24a71571-284a-4378-89da-9eacc8cd25fd,Professional,2026-02-17,0.6
78c90baf-cd53-4252-aafd-b6957471501f,Professional,2025-09-26,0.6
9b25d87a-2814-40ab-a164-caf3c858b038,Professional,2026-07-10,0.6
cb0de719-1cea-4241-9b29-0e22b6bbb498,Enterprise,2026-06-22,0.85
902a79d8-3d23-4f82-83a2-51f20712fb81,Professional,2026-08-16,0.6
b3fe50be-6c3e-4007-b74c-250572fca084,Professional,2025-10-31,0.6
4d7ba2c3-a7b4-4c5e-9c62-d2e2320967a3,Professional,2026-06-13,0.6
09a0f46d-1415-4d9e-a4fe-86e31bbce302,Student,2026-08-04,0.15
cb92b20b-e63f-481d-8b3e-b4f61a492652,Professional,2026-03-21,0.6
8ebda3f6-9a75-47c5-94cc-e961c163fcb3,Professional,2026-06-25,0.6
c3dcea8b-0e38-4351-ae04-5f82a29981c7,Student,2026-03-10,0.15
4ab51048-8b18-4dc4-84a4-498668f0ce22,Student,2025-12-23,0.15
486b04d6-3ed3-4590-a23a-d1db9a15f747,Student,2026-04-25,0.15
eeee75f8-5e3f-4c80-a235-09c26b629249,Professional,2026-05-14,0.6
b0e4d5d3-21f4-4dee-a5c7-f9bc85d89018,Student,2025-12-07,0.15
0ef42caf-9c9d-421f-92f3-549d65eef6d6,Student,2026-06-16,0.15
c45dd9ed-0d66-41ef-8e82-9671b64d5b26,Professional,2026-08-14,0.6
5c875640-beaf-485b-b0d0-ea9343a33675,Enterprise,2026-03-11,0.85
32cc09f7-4146-4832-8c3d-20992363b874,Professional,2026-07-25,0.6
21be6b69-a78d-4c28-8854-b0677a966dcb,Student,2026-05-09,0.15
aec2a33a-6d25-4ebc-bbf7-411aa15ecda5,Student,2025-10-06,0.15
095a0228-4972-4491-a204-2b27a9666880,Professional,2026-04-14,0.6
2b685353-3f5f-42a2-91b8-c7fad3985a9f,Student,2025-11-17,0.15
58387367-e9f8-4766-9d51-e79d3bbc65de,Student,2025-11-20,0.15
b7d1c6cc-d5fb-4606-8f6e-08977f4482f1,Student,2026-02-03,0.15
0cd05e9f-2c1a-4cef-b05e-cf4edbf0eb5d,Professional,2026-01-14,0.6
0cfac4fd-06ea-4301-b3a5-0bc15916dc08,Professional,2026-02-14,0.6
18a73000-5cc7-40d4-bf4a-b33027fb7223,Professional,2026-08-21,0.6
8b5a6158-e1ef-4501-92d0-10abdec75dfa,Student,2026-08-05,0.15
7c8ccff8-ca62-4296-a1ac-dc0e4106f78e,Student,2026-06-06,0.15
6b574fb8-8238-48d7-b8a3-156062108c08,Professional,2026-07-31,0.6
d679b221-ec4d-4289-a3bd-99fc7dad4ecb,Student,2026-06-27,0.15
7d16027b-7165-4e5b-b71f-8e79cb444bd1,Student,2026-07-18,0.15
171e1e37-1299-4438-a280-5f83d9c8b6e0,Professional,2025-11-28,0.6
eed42c25-4d54-40ef-97ee-5d3f09564bb6,Student,2026-08-22,0.15
fb75b1ee-2b90-4f4f-9586-a7610fe84973,Enterprise,2026-08-09,0.85
1f5b819d-fe6e-4436-a59e-e406d2f906c6,Enterprise,2025-12-29,0.85
d5c8f912-eea5-4ff7-b3fa-687b3f82bd9d,Professional,2026-04-13,0.6
faf788bd-1a0b-4923-badf-5bee37f1c012,Professional,2025-10-01,0.6
4e5e14c6-50eb-4af8-b7a0-08b526e2283d,Professional,2026-04-18,0.6
8cc827d3-3dcd-487a-aeab-479499cdfc3f,Professional,2025-12-27,0.6
a162fd0a-7c34-4daa-80ae-f2d9c4ad2272,Student,2026-01-15,0.15
c875e9a0-cbbd-4c9a-a778-1724cf555b2b,Student,2026-06-06,0.15
d942d19d-4165-43af-b8a9-fa95bd468505,Professional,2025-10-23,0.6
6ce367fa-c6d1-416e-81ab-0ff1c5a15f92,Professional,2025-10-26,0.6
b3dffd9e-3171-47d5-af62-afd68a3b1657,Student,2026-07-06,0.15
98e85096-e752-4b02-b982-148e436a43ef,Professional,2026-08-11,0.6
22dc2c72-3587-49f3-9b2e-2a9c00444912,Professional,2026-01-05,0.6
a4f6b40f-57f3-4e5d-b795-34b33f922464,Professional,2026-02-03,0.6
c187d608-587a-45b6-83e3-f09d08cc2b65,Student,2025-09-07,0.15
3eefec92-aa37-49ab-ac02-c7e9d8ab6bb1,Professional,2025-11-23,0.6
e4fe321d-5869-4895-b6f1-0dbd91400e5a,Professional,2026-03-16,0.6
93c27a79-fe0d-428e-a116-573a5975dac8,Professional,2026-02-02,0.6
289fdef1-3a5f-4340-ac9e-6ef899ce84ea,Student,2026-08-08,0.15
8ab328f5-45c8-444b-8940-4b1f965e991b,Professional,2026-01-27,0.6
0d5724b2-522e-4e90-8164-c120602ac7ec,Student,2026-06-08,0.15
d0637122-95ae-4fd7-940f-af98b6144997,Professional,2025-10-23,0.6
3826a7a6-3248-45c0-9dc7-29744855be00,Student,2026-01-29,0.15
b3765745-f3c8-4560-9dc6-2c736f3e335d,Enterprise,2026-04-12,0.85
48200644-056a-4100-aec5-2099b86d9cc0,Student,2026-08-15,0.15
986c28c8-d4e7-40ee-b138-7f556154209c,Professional,2026-06-03,0.6
5531c5e0-b11d-439f-8c0d-569a0edd736e,Professional,2026-04-15,0.6
ecd5eb25-e2d5-4fe3-88c1-8a9a48e6ee82,Student,2026-08-07,0.15
ba9d6ba6-583d-45de-a333-d587531cc546,Student,2025-11-04,0.15
5fb1b00b-ff83-4a96-aa7b-23f11b276c93,Professional,2026-03-06,0.6
bf540f78-58ab-4d93-a00a-a8276af678d7,Professional,2026-04-27,0.6
eaa109eb-c687-4f57-ad75-93edfc1bd76f,Student,2026-06-20,0.15
8adffb1f-08c5-42b7-8b09-e53a9660689c,Professional,2026-02-17,0.6
306b09d0-f635-4ebd-af11-7500e82996bc,Student,2026-05-19,0.15
9e5efbcc-ab47-4b61-9720-15c523102c44,Professional,2025-12-22,0.6
9494bb8d-4e49-49b1-a481-f271ca55e4b1,Professional,2026-01-01,0.6
321c7506-79f5-4009-a56d-913812a32f24,Student,2025-12-27,0.15
992f1efe-8170-46ee-9e11-9d880f13f2c0,Professional,2025-09-21,0.6
f5f0dce5-f822-4abb-a50b-54ead53aa4e4,Student,2025-10-16,0.15
af8eb0dc-5131-4061-aae0-e5d817ee2c6a,Professional,2026-06-07,0.6
4513e240-bc0d-4a02-ad02-7b0e33b0b6f8,Professional,2026-02-26,0.6
18c80deb-f253-478e-8f31-07524ead2d71,Professional,2025-12-08,0.6
50e0f365-36da-412c-a0c5-ba8f0ac0ddaa,Professional,2026-05-09,0.6
0bad6b70-0e6b-4dfe-9108-43c1a749ee99,Professional,2026-04-30,0.6
2ffb6b1c-0893-41e7-8d3a-06a1f212da2a,Professional,2025-09-28,0.6
d86e0d6e-d22d-477c-ad3a-c3035fa17734,Student,2026-08-12,0.15
937e1723-ac1b-4efd-b3a2-10bbb054b1b7,Professional,2025-11-17,0.6
f56bd26f-6332-4c7a-9c27-98cc6de56b70,Professional,2026-05-02,0.6
9903351e-3bed-4a27-b440-7bbe1ec299d0,Student,2025-09-21,0.15
e2c3cedc-7005-46a9-96f0-aea16516417c,Student,2025-12-16,0.15
69ff3b82-d4c6-48b5-93d2-0ab16ce0c613,Professional,2026-04-05,0.6
d9bf452e-f0fd-4513-805d-e3e113d215f9,Professional,2026-08-23,0.6
6d144e32-0bd2-4c4d-9970-658784c0b840,Professional,2026-06-04,0.6
b0a096eb-7aa4-40be-8dbb-62152bf147cb,Student,2025-09-26,0.15
d165c7ee-c497-4fc2-a898-dd638698b51a,Professional,2026-07-21,0.6
3ca51f3f-c987-40db-a1b1-222b1d2a252d,Enterprise,2026-05-20,0.85
cb1dad6e-0dda-4407-9d30-f59c9304effb,Professional,2026-05-17,0.6
b7d5ab4c-2583-448c-b1a1-aafa1c64669c,Professional,2026-07-01,0.6
b5d1996e-9b04-471d-92e3-39a5c73c25e0,Student,2025-10-14,0.15
d0b8008e-6771-4090-9f8d-6c71d603fb4a,Professional,2026-05-24,0.6
ca6025e7-4419-4d8d-baba-be2fc0643e89,Student,2025-09-18,0.15
26f19996-417e-4cbd-9908-ffedf880094b,Professional,2025-12-28,0.6
aef01801-7026-44dc-981c-d41718416e53,Student,2026-07-11,0.15
3aa67916-09a1-4dce-a2fb-f22acbe797b4,Professional,2026-08-16,0.6
177228c2-259c-46ac-a210-207d92e425a9,Student,2025-09-28,0.15
d818fc75-a4cb-4b12-acd1-9acf7222437a,Student,2026-02-11,0.15
c88f99d2-bd1e-42a6-80ce-495606c3f77d,Professional,2026-04-25,0.6
d360aa1a-cde5-41ae-94de-08326aceb038,Student,2025-09-28,0.15
6ec2d92f-0b3a-4d03-883e-f5e103528f77,Student,2026-01-13,0.15
acdd4582-9ebd-46db-a3c8-33cf581d384f,Student,2026-05-25,0.15
11a797f2-96b9-4ce5-80a1-a98763ea5582,Student,2025-09-11,0.15
b0019a37-11b1-46eb-95fe-3a3a22e69ee6,Enterprise,2026-02-09,0.85
70130e88-1289-4581-90b4-c943f357baf9,Professional,2026-01-09,0.6
7215c89d-c58f-41b6-8c10-0fc0221e2394,Professional,2025-09-26,0.6
8a5e73a5-a842-4a50-b00f-ade0c6b09a63,Professional,2025-11-22,0.6
0b1d3d55-0c80-4419-8bfa-aa6fbadd4340,Professional,2026-06-11,0.6
708db628-0d95-4f8e-af66-a583c5df841e,Professional,2025-11-10,0.6
9b5f98a4-b1e5-436b-982d-f4218c56fdcf,Student,2026-03-12,0.15
c6ec5b1b-154a-4eb2-92c4-f29de4191c85,Professional,2025-09-29,0.6
666fd810-d226-466d-97ef-332a1d3cbea8,Student,2025-09-22,0.15
9435e6ca-fa6c-4ec8-9ce7-e8fb7cae437b,Enterprise,2026-05-21,0.85
3560c140-6774-482f-99f9-4e57284366a6,Student,2025-12-18,0.15
30bccafa-2116-4820-9e2e-374f3fa82ef8,Enterprise,2025-10-21,0.85
51fb8484-5f66-4702-a33b-e672fd716976,Student,2025-09-25,0.15
85412df0-2a9b-4f6e-ac29-2130e443e721,Professional,2025-10-03,0.6
b2ba65c0-af46-44b7-bb6c-a46888f99a82,Professional,2025-11-21,0.6
68e91f01-1d57-4154-9278-63721f45ca82,Professional,2026-06-25,0.6
62de3271-bda1-4208-b5ed-80164b6deda2,Professional,2026-05-22,0.6
0f8fb612-7840-4138-afb3-e8e795561b4e,Student,2025-12-08,0.15
456e357b-81b8-4b80-9995-c8b44c4d5fb2,Student,2026-02-20,0.15
c146da60-815c-48c1-82e5-fb5d9c796e19,Professional,2026-06-17,0.6
2fd1f006-1ece-4dfc-a509-7c6984a6e337,Professional,2026-05-02,0.6
79d42151-49e5-4ade-a910-f5f0372bba32,Professional,2025-12-03,0.6
c5115d29-ea77-4fcc-b7fa-1eb3676b5545,Student,2025-12-19,0.15
1b4d6d90-39d5-4895-887f-323c4c70300e,Professional,2026-01-13,0.6
284c7364-f867-439a-b0c8-1d59458d424a,Professional,2025-11-27,0.6
66de0fb3-1a69-44ee-844a-2c91aa457ec0,Professional,2025-11-03,0.6
9d84b9cf-93be-4e24-84a2-0d5775386d17,Professional,2026-01-26,0.6
4994c5ec-2bdd-4fc5-ba6f-9d6e11ebfd43,Enterprise,2025-09-22,0.85
4f3dc970-0ffb-459f-89d2-32a151543e22,Professional,2026-04-20,0.6
3b75bd09-c966-416e-a2a2-447a22aaf10c,Student,2025-09-28,0.15
624ca5a4-f36f-417c-a042-93fd0a92c6bf,Enterprise,2026-05-10,0.85
4e54cb20-e466-4366-abd0-1a706871831d,Professional,2026-06-24,0.6
b5e46c53-ae45-4a28-9042-8d8b21ef7732,Professional,2026-03-25,0.6
891f884f-564a-4794-93d1-3fd63315588d,Student,2026-02-20,0.15
701426ca-e51c-4c03-b805-b2690b51ec26,Professional,2026-02-28,0.6
9fdd8148-9c66-4f8a-b962-d8bca8e9a9e2,Student,2025-12-02,0.15
9fac8835-0e81-4a89-99c5-b300883120d5,Professional,2025-12-14,0.6
7944e545-95e8-471f-9a9c-34c50655b6a5,Professional,2025-09-07,0.6
bf786fa8-2142-48f1-a6a0-5534dbc7a9ad,Professional,2026-08-12,0.6
f9c3fdf2-3aaa-4f35-beea-43262d32b913,Enterprise,2026-07-06,0.85
5079b90b-9b3a-4ea2-ad2e-a298273f4b43,Student,2026-04-15,0.15
6fa34310-57dd-41b2-9397-3e2af86e2b7a,Enterprise,2025-12-16,0.85
87c36c0d-1045-4502-b7ef-5c1532f405b9,Professional,2026-07-03,0.6
eb3aec30-62e0-4f43-9d5a-90fccee985bd,Professional,2026-02-13,0.6
a7c0d8ec-cacd-44cc-be31-bf0be383fd30,Professional,2026-05-20,0.6
9da0acd2-ab93-4166-87ed-81bdc7658f43,Professional,2026-03-31,0.6
90340b96-72ab-4b25-964e-cc2325c13160,Professional,2026-06-21,0.6
715973ab-9ce2-4529-aa2c-9e57f05cf06c,Student,2026-05-08,0.15
484ae308-28aa-47f5-959d-346f929618b6,Professional,2026-08-13,0.6
8dfad4c7-6734-4740-98e6-d08071fd3b5a,Professional,2026-01-17,0.6
bd2c38de-26fc-4135-bd4d-e6f027ea7ab2,Student,2025-11-12,0.15
c2ecd6d7-cc3b-4475-b717-7c038f9c9d18,Student,2026-01-01,0.15
bb975dc6-5ce4-4610-9217-3173155b6d0c,Professional,2026-02-19,0.6
73eacd17-5840-4ae7-80a7-22f984309a73,Professional,2025-10-10,0.6
e3a3a894-27af-419c-a3c1-0219f48c4448,Student,2026-05-12,0.15
8485024c-6b3a-4edf-bb7b-34ad71d5dd69,Student,2026-07-15,0.15
86a594a0-ca23-4be5-bda6-9daeceb2b26b,Student,2026-03-13,0.15
137fc250-9e5a-4a34-b2b7-cd8d5ac9eaa7,Student,2025-09-24,0.15
fb1fa527-9d13-4d78-9082-e6cdb7df5b44,Student,2025-09-06,0.15
f6ff402e-e1ad-4cb7-b99c-b22ccc0cb9a0,Student,2025-09-07,0.15
c8c58562-94ce-44ee-9efe-91f9adc59c47,Professional,2026-01-27,0.6
002eb9ed-8373-44b9-a53d-cfbd9b09ffe9,Student,2025-09-29,0.15
5d29c046-8dda-471a-ad04-a8bee8b9f21f,Professional,2026-08-20,0.6
4731ce28-1ee9-4404-8a0c-4ce1d3672d9b,Student,2026-04-02,0.15
8f5d9c4d-1526-4d7c-8a3f-f527a39e3323,Professional,2025-09-11,0.6
ab00f9d3-32ba-4961-b993-d7e8bc5a30d8,Professional,2025-11-20,0.6
735dd153-1709-4ff7-87cf-fd3357370308,Student,2026-08-10,0.15
b5634089-abf4-46d2-9c6c-c140723a0ece,Student,2026-03-25,0.15
ea83f0dc-b40e-41db-b10b-179ab92837cb,Student,2025-09-01,0.15
9eb2f639-fc2a-4504-9633-d6c72b410b22,Student,2026-05-04,0.15
e6212014-7b13-4164-8970-4e04519000ef,Student,2026-06-03,0.15
039a7c02-a809-4f0d-9ede-4e7a87e3e1f1,Enterprise,2026-01-11,0.85
263e6f42-5368-40dd-8c3f-8c5c597ae32c,Student,2025-11-08,0.15
9fa3f3db-2d01-4363-9073-2efede692018,Professional,2025-12-03,0.6
b06ad6ae-2334-4035-a005-c6531ade56ac,Professional,2025-09-26,0.6
11065fad-ad94-45db-9da5-d2cf90a19aa5,Professional,2026-01-30,0.6
672ed11f-37c9-40c0-b505-98292b364176,Student,2025-12-03,0.15
66f2dbeb-0143-4a25-8efd-58566de6385b,Student,2025-12-22,0.15
6208cdb8-1794-435a-8895-35992c802558,Student,2025-12-09,0.15
abb7d1d5-69af-4870-84ab-fb340b555852,Professional,2026-08-02,0.6
72bd1a2d-e56e-42d0-a9c4-071c120a7693,Professional,2025-08-29,0.6
b278d6fc-90fa-47cf-ba37-1ae7ce66351f,Professional,2026-04-05,0.6
aaeb210d-e0af-42f0-8b39-1a4b5bb02605,Student,2025-11-27,0.15
97c0d5f8-e5d3-40f9-9480-664fc4f57b05,Student,2026-05-07,0.15
23438a04-4893-4bc1-8a5a-52312b5bbf4e,Professional,2026-02-16,0.6
652dd689-a4f0-43e9-a732-51e57b8c6e37,Student,2026-06-18,0.15
9c31b83d-5753-4a03-897e-861f14a2c1b8,Student,2026-08-19,0.15
5d46d7d1-01f6-4c86-a21c-f9cae3eeaae4,Student,2026-07-25,0.15
8ee7334a-d4c8-49e3-b40b-3ce2af6fee0b,Professional,2026-01-30,0.6
80749076-4865-4396-91e6-cecc0578dca6,Professional,2025-09-29,0.6
d5301300-d0fa-4820-b04b-52a12d224290,Professional,2025-09-23,0.6
24afa23c-8c9c-4fff-b793-df9dbc87862b,Professional,2025-11-09,0.6
f359224f-7a82-450d-b05d-3a922dcc2e40,Student,2026-04-07,0.15
0adc3ca5-5fd3-4baa-a573-0bb439bc1586,Professional,2026-08-12,0.6
9ea5f2f1-cb7d-4be2-a7b1-9fdf3c57a480,Professional,2025-10-16,0.6
012cc90e-aa83-4ee0-8b71-4eb5be5245f0,Professional,2026-05-08,0.6
94974cd8-fa7c-4a46-94ab-1ad6d9f981a3,Professional,2025-09-03,0.6
45e4b5e9-6053-4003-8d60-4b06a08c77a5,Enterprise,2026-02-02,0.85
866e94ff-6401-46c9-8fd2-1655d5e257a6,Student,2026-06-26,0.15
785cd898-3eb6-4dbe-85b4-8963c6dbe7cf,Student,2025-08-27,0.15
f8e24a6c-7ab7-425b-978c-55111b8181d4,Professional,2026-06-13,0.6
a1122b9d-ada3-410a-93ac-2934df8b9eb8,Student,2026-02-20,0.15
4f4f0654-cf33-48ae-b88c-ffbcaeb879ef,Professional,2026-06-21,0.6
250b73eb-dccd-41bc-ba5a-d804b3f538de,Professional,2026-06-30,0.6
f43e8add-246e-41bd-99c4-fb4b238518b8,Professional,2026-02-16,0.6
88b3a9aa-1003-4880-8918-627ca3a5edce,Enterprise,2026-02-15,0.85
9991345a-e197-4216-9637-c7dd0cf502b4,Student,2025-12-10,0.15
c49e0ebf-8e61-4078-a762-a5aa2817a106,Student,2026-05-27,0.15
0fc26658-d9e2-43c1-ad6d-edd9994e7c59,Professional,2026-08-15,0.6
2a2feac4-3823-46f2-bedf-e52e92b7280d,Professional,2025-10-03,0.6
3c87ed8c-7bc7-459a-982b-fb15878f2d6c,Enterprise,2026-05-04,0.85
eba959a4-a874-4a8d-90e5-7b3a7abfbed7,Student,2026-06-08,0.15
f7b9c76d-c429-4d89-9703-9f17c4bb4d95,Student,2025-10-24,0.15
873abffc-a192-4df7-a0c0-b41661055e50,Professional,2026-03-06,0.6
42d168b0-565d-45f3-86ce-730fb9e3bd86,Student,2025-11-11,0.15
c1c4957e-eb0d-4d35-9cc3-7167aaae1b49,Professional,2026-03-29,0.6
d62c6959-4fc6-43f9-890a-cff592eac0f6,Student,2025-10-30,0.15
6d9ff45a-359b-4139-b9d8-173c537fc49e,Student,2026-05-03,0.15
3e602a0a-f9f2-4420-9ecd-3c0cf7899988,Student,2026-01-30,0.15
398e99a6-3b43-4804-b6f1-cee6c814ce17,Student,2025-12-26,0.15
308c70c2-7842-4087-9705-369c82c09e45,Professional,2026-03-14,0.6
998c2618-d421-4021-ae4f-9a4daac51f27,Student,2025-11-27,0.15
c74becab-813f-4aee-893e-638231e6437d,Enterprise,2025-09-07,0.85
cbe01d99-14cc-4377-b7b6-f7a8cc3f7c36,Professional,2026-05-15,0.6
bf65007d-3e76-4e5b-85a4-30326a4a3c94,Professional,2025-09-22,0.6
6bc18c3f-2b33-4960-8976-64ef730d4186,Student,2026-05-05,0.15
a752b27b-80ac-4b6a-9188-12e3f856ab48,Professional,2025-11-27,0.6
ac83938c-a66e-48f7-9250-9512a65d923b,Professional,2026-02-23,0.6
673b5d76-b4fd-4022-8bc2-5af97f4f558f,Enterprise,2026-08-15,0.85
d46e78c2-8ffa-475c-9f6c-0623f72df7c1,Professional,2025-10-31,0.6
b110a03e-a114-46d5-a48b-d966eac567f6,Professional,2025-09-08,0.6
ad02056f-527a-45c9-b8de-e3151d1c3ee3,Student,2026-04-03,0.15
b73d0097-0f70-4ded-bffb-a6279027c25e,Professional,2025-12-29,0.6
3cdbdaa6-46f4-4caf-b73e-63c9365e6a4a,Student,2025-12-22,0.15
e6ac34df-8209-412a-942e-b426200c2910,Student,2026-03-26,0.15
d8b64ab1-f8fc-4fa2-8c1b-05d087bbabe5,Enterprise,2026-03-20,0.85
778ecaa0-a876-4dd2-9108-81cc8ebd03ea,Enterprise,2026-07-01,0.85
1337e00d-d1fd-45ff-a42e-05b0d18e68aa,Professional,2026-05-09,0.6
21266882-cabd-4b0f-bd4b-04634daeda81,Student,2026-04-15,0.15
e444bda3-99c6-4ea1-9fdf-133e30efac85,Professional,2026-02-08,0.6
403eceb4-cea6-49d8-b60c-9dacf7912762,Professional,2025-12-23,0.6
fac8a5e4-65ba-4de6-9a26-8c708353448d,Student,2026-02-28,0.15
3383999d-bb81-49e3-a01b-4f7751519021,Student,2025-11-24,0.15
56c214e1-c580-4b08-9205-639ae02b9aa7,Student,2025-12-07,0.15
fb1338e9-7328-4ac8-a1b9-af7d98413862,Professional,2026-05-31,0.6
fb05ad7f-8b2d-49f2-bd81-c8564bac922f,Enterprise,2026-06-17,0.85
be8504b5-e160-4b71-9bb8-ca8b2b66a8bd,Enterprise,2026-05-26,0.85
8f3f9f82-8e36-4dce-b85f-37e0c4145166,Student,2025-09-10,0.15
aa0c8e4e-fe3e-44a6-8ff5-53e561423add,Student,2026-08-09,0.15
dcebc512-444a-4c36-a574-f2cb12dbeb9b,Enterprise,2025-11-22,0.85
44f3a58a-9f9c-4a15-9bd4-3c64f611dc54,Student,2026-02-14,0.15
98023a32-06e6-447c-922d-cb4cdcfe6dd0,Professional,2026-05-04,0.6
799214e6-560b-463a-9f22-d3d7b4d2a71f,Professional,2026-03-29,0.6
60972617-2482-4e3c-afb4-04d07137ee91,Professional,2026-01-14,0.6
22a33c85-3db6-4e39-bc07-53add24e6e34,Student,2026-02-17,0.15
4df5ffad-aeb0-49d8-93e6-8aeb6197dc86,Professional,2026-05-27,0.6
a65d8620-893a-49b4-9964-5c32fd774f9f,Professional,2026-03-22,0.6
b01d2234-9744-4fc6-9035-b093506898df,Professional,2025-12-14,0.6
32f9cf93-c45b-4136-9d33-43b7a073a648,Student,2026-02-06,0.15
635fa008-f478-4f43-b76a-5090303957a3,Enterprise,2025-11-13,0.85
21326060-9d66-4540-b463-12f1c2bd9c43,Professional,2025-12-02,0.6
a64abb20-b0ea-4892-81b2-eb8d8f46f809,Student,2026-01-06,0.15
b5a33cc7-0b6e-4706-8795-5d064c9f1a69,Professional,2025-10-28,0.6
23cd2e68-e9ad-49cb-acf9-e7d064d17bc4,Student,2025-12-29,0.15
92c3abd1-1c70-4181-bfa3-7bb5e20acac3,Professional,2025-12-01,0.6
3e5559c8-43b2-4272-93df-8267139c7ede,Professional,2026-04-19,0.6
5eebd2b2-6883-4ca8-b45d-098fa70428fc,Student,2026-06-19,0.15
ca8422af-332a-41bd-adc7-02bf6ab32022,Professional,2026-04-10,0.6
2c3322bb-e649-4989-88d5-f7fa2e62fb93,Student,2026-01-26,0.15
79b65306-4089-4e74-9732-3c5c5d2756d8,Professional,2026-02-01,0.6
2db4b8f0-08cf-4bfc-aeba-73ab00b71673,Professional,2026-07-13,0.6
6c3faeee-31e2-4a8f-a16b-e4e9b84f6c91,Enterprise,2026-02-16,0.85
4aea75dc-0d9b-45b5-8cbb-5a5d62bc5282,Student,2026-03-12,0.15
665cbf4a-fdbc-4718-8b1f-6f773b7cfae6,Professional,2026-01-04,0.6
47eec0be-f276-462d-a0b0-fe622bdc50b1,Professional,2025-12-20,0.6
46cec490-1f3f-4650-ae36-6e29822d8f63,Student,2026-03-20,0.15
34df9d9f-71f3-4b54-9cd4-0d1bbd52da38,Professional,2026-01-20,0.6
ec34d20b-2470-41f8-a674-6587ea5aa703,Student,2025-12-19,0.15
955bd4d9-cae3-4264-b2d3-051f0165a8ba,Student,2026-07-26,0.15
1ff4c25c-e0e6-42c5-99e0-3d422f82b2e9,Student,2025-11-23,0.15
625728a6-3600-4c3a-b33a-76e8134102a9,Professional,2025-09-24,0.6
5f062f6c-8a6b-46b3-9ba9-23af37cd525f,Professional,2026-07-12,0.6
e06a7054-de98-4da2-8234-1fb4033122e5,Professional,2026-06-08,0.6
a39c8513-dc35-4490-ad03-8c02db6288d9,Professional,2026-07-26,0.6
96485aea-0d3a-426c-8d6d-11ff8786f4ac,Professional,2026-08-12,0.6
3abb719b-d4f4-460b-91f5-1fc0760a189e,Student,2026-03-06,0.15
113cf554-85b5-481c-bda6-04fc78b14d40,Professional,2025-12-21,0.6
6a3d715d-f37c-491e-a099-a83965228b1b,Student,2026-07-11,0.15
c1b4dfe6-4614-48ce-8015-daeaf8f9172b,Professional,2025-11-07,0.6
7a056f17-b171-42ed-ab39-5de4bb635be5,Professional,2026-08-18,0.6
dc75cd41-9f34-4064-b805-eebbfb8e14f5,Professional,2026-05-07,0.6
52efa613-708f-4876-9acd-cdb4ca700472,Student,2025-10-27,0.15
7578c2b8-534a-4db1-a0fa-528f7cd47552,Enterprise,2025-11-04,0.85
d32fe048-cc5c-427b-832e-8cb132f44810,Professional,2025-11-10,0.6
921801e9-4e01-4a50-927c-735fcd6cad3d,Student,2025-09-21,0.15
02f403bc-2bef-4c6c-bec5-414e8f020348,Student,2026-07-04,0.15
d09c0e4c-ac46-46aa-9ec6-0c2bac4d34e6,Professional,2026-03-28,0.6
0131f4b4-a5b8-465c-ba11-0a1a6608202f,Enterprise,2026-06-20,0.85
d6dfe46a-7568-40ac-b4b4-acd2305c4311,Professional,2025-10-30,0.6
f3925a08-7553-45e9-95f0-02172a4e8129,Professional,2026-02-01,0.6
116c03fc-ae17-4b77-9a00-619494387c48,Student,2026-04-10,0.15
b4f00d51-7633-4967-8bbd-8f2d84c045d5,Student,2026-07-02,0.15
5ea28bb7-ff81-4422-a68e-1e57b8a7f4a6,Student,2026-04-15,0.15
e3cd2c5f-d58a-4fb1-a72f-761bc37a6a63,Student,2025-09-03,0.15
2751b3de-d8cf-4fa3-97a7-f08b7e0731e2,Professional,2025-12-25,0.6
2eb7f2e8-7481-468d-92dc-8972f17dd8e6,Student,2026-03-30,0.15
46c9e2d7-0244-4e59-864d-573f4a9acff0,Student,2026-07-07,0.15
b87d13da-c130-4b0f-bc4e-91d2fdf866b3,Student,2026-02-15,0.15
d831acbc-5091-476b-84ae-a9fb0d38a938,Professional,2026-05-30,0.6
658a8de4-2026-4c07-8158-9e6570b7686e,Student,2026-01-14,0.15
90613f56-4c8f-4a63-b3bf-5e85351b44fb,Student,2025-11-02,0.15
8411f12d-7c3e-40b6-80db-efeb4419b175,Enterprise,2026-05-13,0.85
d279d3f2-e0b0-4782-9d51-7f07cdbe29d3,Professional,2026-07-21,0.6
734ed8c5-7e93-4f67-98ea-948a70fda9c6,Professional,2026-07-03,0.6
4b496739-6f38-42b0-aa12-1a603060fc21,Professional,2026-05-13,0.6
6a5d5ae5-87f5-425a-af8c-801da560c7b6,Professional,2025-12-26,0.6
55e85aee-02d5-41df-9a1e-8719b2cbfe0a,Student,2026-02-14,0.15
e6e1044f-68c5-4d76-862f-25be5ed81c42,Student,2026-01-04,0.15
69995a31-406d-49f7-a645-c3f1806f4d8e,Professional,2025-12-25,0.6
5b6c214c-657d-4b8e-b4a4-29af4f1e8204,Professional,2025-12-09,0.6
15356d55-6d43-491e-848a-e3c91b9db64a,Professional,2026-01-31,0.6
143fd75e-f67d-4a0f-bfb2-667fbf108de6,Student,2025-11-07,0.15
40cc21b4-55dc-4ff6-9a63-d2be99b4299b,Student,2026-05-05,0.15
645f7031-a0b5-4e32-a1ef-34e66c95fe63,Professional,2025-10-12,0.6
f6ae2cce-0be7-4c90-bbf3-227673ba15d8,Student,2026-03-22,0.15
10fabeb1-0423-4eac-8b64-56a1dd263843,Professional,2026-04-11,0.6
40d15be2-e54d-4afd-a271-a3869dea94f3,Student,2026-08-07,0.15
fb00937f-1f24-4eb3-972e-c820501349b2,Professional,2026-03-23,0.6
660ae95b-7f6a-423e-8162-52cba76fac8d,Enterprise,2025-12-02,0.85
c171faa0-ded6-470f-a0f6-1337f848cc95,Student,2026-08-09,0.15
3681d81b-93ec-4712-83af-385924149e57,Professional,2026-01-25,0.6
904995ab-3f0a-43c5-87cc-df6f946a593a,Professional,2025-11-15,0.6
5bcfbc8e-1027-44a5-8299-a486dd967ea8,Enterprise,2026-07-26,0.85
2bee3122-d3ff-4f29-8053-948f5cdd5529,Professional,2025-10-19,0.6
850fd963-da94-44c0-95ec-62bf3b63a063,Professional,2025-10-24,0.6
01049f15-b792-446a-a86d-7b8c09985ea2,Enterprise,2026-06-07,0.85
41a930cb-9e8a-4e14-8c0c-1a04da1b435c,Professional,2026-01-22,0.6
13c72f36-bd9d-4320-b1bc-1e9bf7e10d38,Student,2026-05-14,0.15
07d2a385-723e-4035-a075-576833bfc7a1,Professional,2025-10-15,0.6
3b2d62b9-a047-49e1-8ad4-ecd582a1493a,Professional,2026-06-04,0.6
646fb931-e625-4cf7-8aa5-0c08b39cb891,Student,2026-01-02,0.15
6fb54189-e89b-4cee-95e4-1f7e451f956e,Student,2025-09-24,0.15
8fee0a75-ce6f-4171-bbc3-1e76d2c38e4e,Enterprise,2026-07-18,0.85
0db9d44b-6ec9-42d8-8f70-8c3973eac3e4,Professional,2026-04-30,0.6
aa408fb3-dd99-4cb2-be44-4943d298dc96,Student,2026-04-11,0.15
3817e6d4-3fc2-4c10-8525-35d9fee981b9,Enterprise,2025-11-04,0.85
6d78d1ef-773b-41d4-bc1b-c70e9e3a5bf0,Student,2025-11-05,0.15
19dc7c94-8b99-4c94-a871-b9b02294a7b1,Professional,2026-04-07,0.6
6f0e532f-5648-4852-8ee9-2c966844e290,Student,2026-04-05,0.15
3d976a21-db41-41cd-8183-cdd44904d0d6,Professional,2025-11-13,0.6
515afb6b-1a38-40c1-b1c6-4d1eb2f4cea4,Professional,2026-06-04,0.6
3667088e-f3cc-4082-8eb2-bf70e9844471,Student,2025-12-10,0.15
3bdc64d0-c1d5-406f-85a1-eee610435275,Student,2025-11-24,0.15
2519e91a-8177-45d6-81ba-7d328e642629,Student,2026-06-28,0.15
6af474db-8a81-4877-8af4-57a5bb2f04c7,Student,2026-01-21,0.15
61765bd5-03ae-4e55-87cb-205a5b8660bb,Student,2025-12-14,0.15
bb85b4db-96fa-45f0-9e7f-da99c2ec9dc1,Enterprise,2026-06-20,0.85
e5bfb78d-88e8-4a97-a9cf-4e737557e373,Student,2026-05-22,0.15
2b8717dd-df23-4ad5-9c37-8b91cc2a3bab,Enterprise,2026-03-28,0.85
0280915b-3851-49e2-871f-687e1c52ef40,Professional,2026-01-22,0.6
df831b4b-46dc-4622-ab26-50553e533f1c,Professional,2026-04-16,0.6
c7636db9-86d9-42a5-8e9c-b5692100d509,Student,2026-05-08,0.15
fcd96522-81f5-4783-8a70-3d2af752e8c3,Professional,2025-11-03,0.6
9bcaa4b0-7e3b-4fb5-9230-748599a3c67f,Professional,2026-08-07,0.6
d1d40aa2-8969-4fe8-bf2e-2f68d72756be,Professional,2026-04-04,0.6
bc6acd34-0360-48d6-8d5e-982da1e3650d,Professional,2025-12-07,0.6
e489eaa3-ece5-451c-a5d3-08d4a19d2ce3,Professional,2025-09-30,0.6
814ae5a3-873e-4cca-810b-a59326cfe495,Professional,2026-08-15,0.6
ce520071-d027-474c-9d43-d641c5cd6dce,Student,2025-10-05,0.15
6cf3a913-2254-4812-90f1-142ad029d65a,Student,2026-06-08,0.15
81308c4d-e0cb-4442-be03-98a7972d8662,Student,2026-05-08,0.15
e866fb29-3946-4875-931a-c1ed529d9232,Student,2025-12-05,0.15
80e73639-2a39-4843-857a-46614c7eddc3,Professional,2025-09-04,0.6
6ec59c92-842f-492e-a426-0509a363636d,Professional,2025-09-18,0.6
a893a789-c117-4cbd-895f-ec98b89922b8,Student,2026-06-01,0.15
f4e9eba3-0c02-4693-a666-4fc3d44e041c,Student,2025-10-27,0.15
982c2398-4e7c-4f1e-9ee3-6fa332b908f1,Professional,2025-12-06,0.6
95697872-b9ca-4979-ac27-4d73e0fe78fb,Professional,2026-04-28,0.6
12599d9e-8b81-4301-8f7e-1e182c9065e1,Professional,2026-02-17,0.6
26da800a-749e-4f50-872e-be9d8cb94457,Professional,2025-10-05,0.6
7a44206e-9fca-4c93-aea7-7ee52a191d3b,Student,2026-02-16,0.15
db470640-7d58-43ea-b00b-077c5d93062d,Student,2026-06-02,0.15
433b2d36-5ea8-4a3c-9858-a676bca17aa7,Professional,2025-12-31,0.6
d3b4cd8c-462e-4369-ac37-ddb2cc88c116,Professional,2026-01-20,0.6
e25dcb96-6021-49fc-9e10-1c90fc248b48,Professional,2025-09-24,0.6
d7b25604-2323-4342-8c38-631c2f42f631,Professional,2026-07-19,0.6
a348a3b1-6f05-44e2-8afb-c432b592b7b8,Student,2025-09-17,0.15
88c6f2be-c43c-4653-81a5-55b13eeae433,Professional,2026-07-22,0.6
f65a46b9-81e4-4002-ae8f-9b6bb0d29463,Enterprise,2026-01-28,0.85
43fce833-f87a-4cde-9151-5893f20512ad,Professional,2026-03-26,0.6
2953d3d2-e0c2-4653-b1c4-5710ed01b19a,Professional,2026-02-07,0.6
a6617191-165d-4d82-a1ee-75dee8ecfed4,Professional,2025-10-06,0.6
ca8d1f98-93f9-4535-b87e-615c9360e9d7,Student,2025-11-13,0.15
834ff935-abd6-4adf-b960-454c5cef3016,Student,2026-05-30,0.15
9c5e1776-b322-4016-a1a6-8a846a6ca732,Student,2026-05-16,0.15
fe1dce97-86be-4723-a044-4f406bc04397,Professional,2026-06-18,0.6
fab079a2-fd4e-4f99-8aa0-a71028d0129d,Student,2026-07-28,0.15
88df784c-ddfb-44fa-a652-b0cc93dd7c47,Student,2026-01-11,0.15
861746d4-7a01-4f8d-82a1-5e2e96608ea3,Professional,2026-03-11,0.6
55dbc672-bdd9-412c-a73a-6c59b63ff969,Student,2026-05-28,0.15
5d16cf57-32d4-4c0d-b03a-7a46adbb23e7,Student,2026-03-22,0.15
33209781-c61c-4c52-8b81-d4f9cea6694a,Professional,2026-08-08,0.6
240309d1-1871-48d8-8768-bcb146b746fc,Professional,2025-09-26,0.6
077f9169-0bfc-436f-bc89-a773a3b22084,Professional,2026-06-06,0.6
595e1af0-36b5-4834-8df9-07afa6cdd428,Professional,2026-02-03,0.6
d3561d37-72a0-4973-9b85-65644efb1713,Student,2026-01-17,0.15
314295ea-41f5-46ea-9198-a6cdb42b89c6,Enterprise,2025-09-24,0.85
4cb9a0a5-390b-40ba-8cc0-d3e2283e89d0,Professional,2025-10-31,0.6
21b896da-2749-415c-b374-25bf5918623a,Student,2026-06-15,0.15
b4103ed4-0bbb-4de0-ac5c-7efe5633017d,Professional,2026-08-12,0.6
f9c7045d-c1e6-49e8-97a6-49fde8b82043,Professional,2025-11-27,0.6
181ff5a5-bd11-4bba-b187-a37efc4326b2,Professional,2026-08-10,0.6
82639a43-e506-44f1-89a0-9bc5c54bc46a,Professional,2025-09-28,0.6
1d811c7f-705e-45a1-9392-cc6cd671a798,Professional,2026-04-15,0.6
2d675085-2db5-46d7-a7c8-bc0b4a047f6b,Professional,2025-10-21,0.6
d3a31980-b198-4b78-8c80-20d7e4fbbcf5,Student,2026-01-15,0.15
a163edf7-9f53-4fc7-ae3b-ef59eace130f,Professional,2025-11-13,0.6
e4c68c3c-cb6e-483b-aded-6117ad729c90,Professional,2026-03-21,0.6
cbcd3c11-bb1c-46ee-b633-db208dfd6192,Student,2026-02-28,0.15
39bd0449-86ee-4188-8c4b-8ba8b6d14bbd,Professional,2026-03-07,0.6
b91f5452-788b-4327-8bc2-a91e32055e44,Professional,2025-09-27,0.6
56e289ae-f557-41b5-becc-7de1c6ae1bcf,Enterprise,2025-10-22,0.85
a8d25c27-2725-4dd0-bd12-0f8a0841a8cb,Student,2026-06-08,0.15
fd36129f-fa40-4620-bd75-6a72ef791d5f,Professional,2026-08-04,0.6
c1bd3427-6e03-4810-8e83-e65924380b40,Student,2025-08-27,0.15
e314ce3d-4d2d-49d5-93e1-69db4b296316,Student,2026-04-04,0.15
920f315e-9bad-4558-a294-291833c61e64,Student,2026-01-23,0.15
17301cad-5a0b-4356-aaa9-a6e42a733f12,Professional,2026-03-04,0.6
34a122c9-ffb1-4344-abdd-51a233f8b6c8,Enterprise,2025-12-18,0.85
e149e614-8163-4a99-91ef-029c5785de35,Student,2025-11-19,0.15
b80f141d-da34-4f7e-a365-45cf934c17da,Student,2026-08-23,0.15
2a78bb82-6112-4000-b327-429821152662,Enterprise,2025-12-21,0.85
fc44866c-8034-4717-b169-2427e7408b96,Student,2025-12-24,0.15
716a1b7b-babf-405d-9f43-569e56ee6ac1,Student,2025-10-06,0.15
a1dd240d-62b4-4fae-aba6-ffa6de3290d0,Student,2026-03-14,0.15
ccfa1d61-abc0-433f-afb1-cf547c372b73,Professional,2026-05-04,0.6
f11a2cd0-2ef6-4b24-b0fd-983b1b5dc896,Professional,2025-10-28,0.6
47b38fcc-f77f-42e8-9e76-b507dc8a430f,Professional,2026-07-25,0.6
f4351686-c0e7-4527-bceb-011798937fb4,Student,2026-02-13,0.15
4063aad3-a427-4bdb-8e39-247fc66fbcee,Student,2026-01-05,0.15
cbc5dc07-0086-4986-a6ef-054a38204013,Student,2026-08-10,0.15
06931bdc-05ed-48b3-8711-dc7c5b829cc2,Enterprise,2026-01-28,0.85
7f776605-8c84-402b-97e8-3e69df86fb2b,Enterprise,2026-08-05,0.85
74013047-25a9-4e3c-ab6a-541ad2295a48,Student,2026-07-22,0.15
6b3bea27-8845-4867-bbf1-048866e42c64,Student,2026-02-27,0.15
cea45b53-713d-473d-bfe1-8595857b28d2,Professional,2025-12-08,0.6
1a22534d-52b6-44df-956d-5f02dad6c58b,Professional,2026-08-01,0.6
5c6b993f-b7d2-4ede-a613-9b5ffd45f585,Professional,2026-07-30,0.6
d6065c20-06a4-4e15-b233-f08c3418ee4a,Professional,2025-10-02,0.6
411898b9-cf24-4c23-a1e8-c47db40b624a,Professional,2026-08-13,0.6
9ccc31c4-5d50-445c-b93b-48b30379d0ba,Professional,2026-01-29,0.6
156827dd-8fbe-43d2-84d5-8ded839c0bb5,Student,2026-02-10,0.15
53953c99-6926-4c81-ba03-d957b597178a,Professional,2026-05-14,0.6
9bbcd594-1b3b-43fd-8a09-eb1b899d706c,Student,2026-08-16,0.15
94461110-11c5-4105-b950-e75028480cf5,Professional,2025-11-28,0.6
72910d26-86f4-41a7-92e7-7e8df4bd5a08,Professional,2026-08-10,0.6
65aa9602-46a5-4abc-a7c0-e2c515502124,Student,2026-04-20,0.15
ffeb8cb9-6f28-4261-83d0-e1c0124a1819,Professional,2026-06-14,0.6
64611356-bf8a-4f8b-8a43-f81c030fcbf7,Student,2026-03-29,0.15
0346dd49-fb01-4d17-be45-7abcba7a7462,Professional,2026-03-31,0.6
bc5bdef2-f1a8-41fb-8813-deaca4de8854,Student,2025-09-08,0.15
13558001-2c46-417b-a65d-f5d8dee010a6,Professional,2025-12-08,0.6
8df9d9ba-6c7b-4486-9464-b363701f6df9,Student,2026-07-14,0.15
08e8928a-04eb-45b1-99cc-6d6719278127,Student,2025-11-27,0.15
c57d414f-53b2-47ce-babe-f9ed6e3dabce,Professional,2026-03-04,0.6
aafe554e-0564-46e0-9d0a-06accc49a0de,Student,2026-02-07,0.15
f8e47011-1a7e-4993-8d9c-ce457a89f34b,Professional,2026-01-26,0.6
3d9f1d0c-a5be-4c20-b81d-012af4ed15c8,Student,2026-04-16,0.15
2c9e8831-89c5-46fc-a1ae-92202541a4e8,Enterprise,2025-12-18,0.85
d3fc175a-1dc8-4d72-9083-f1da42f786d2,Professional,2026-07-04,0.6
9f55535e-0bc8-4f65-8fc7-75a294dffab0,Student,2026-03-22,0.15
6f3401ae-9a47-4d7b-953d-27060c6fee6f,Professional,2026-05-27,0.6
1d3432ec-21ec-4425-99e4-4e2c825ce2cd,Professional,2025-09-08,0.6
416b83a5-1698-4394-8869-1f8b9a0d7d89,Professional,2025-12-26,0.6
8369ea8c-a586-4581-92ff-ca7ac54257a5,Professional,2026-07-04,0.6
f8a6727c-fa5e-439f-9224-ac625e2b20e8,Student,2025-11-06,0.15
13497a99-ec87-42d5-b940-061bbc42d804,Professional,2026-03-21,0.6
f5f5a9bf-679a-45e5-b016-fe24da00604e,Enterprise,2026-03-28,0.85
acaaca4d-1338-498d-9184-a49687854e0e,Student,2026-06-17,0.15
8b92a416-91ea-4227-bbdf-a6c6cfe0f9b5,Professional,2026-08-21,0.6
b04898ab-e21b-4738-bb3a-1fe67d252a66,Student,2025-10-31,0.15
5f3e8236-a74f-406f-86f0-e3fee42fa054,Student,2026-04-04,0.15
9aeef51e-5a71-4802-9f3b-c39dfd787a23,Student,2026-08-09,0.15
5f6bb1c3-462e-4a9a-9775-b561eedcf108,Student,2026-02-05,0.15
ebc57eff-d5a6-403c-8883-dee699e37acd,Enterprise,2026-03-16,0.85
52bfb216-1db9-4e42-b9d7-ff1fecbc27e5,Professional,2026-03-23,0.6
c3ac0816-776d-4155-a5cb-8173cac1c216,Professional,2025-12-25,0.6
23ab12a2-572a-45d7-82b8-e8df3a729869,Student,2025-12-09,0.15
5170ca6f-bc80-48ee-b275-dc8c41e2ef55,Student,2025-09-04,0.15
f846da9c-dc86-4b72-8391-0d0ecb0bcc0b,Enterprise,2026-02-16,0.85
ee27d815-28a6-4b2b-b0fd-df24330e632a,Enterprise,2025-09-04,0.85
50761715-7824-4184-8311-f099702eed5e,Student,2025-10-09,0.15
2fb1024e-d070-4407-a576-fba9797dba2d,Student,2026-05-30,0.15
f3df9c89-8b38-41c5-a712-26a3d8469065,Professional,2026-02-15,0.6
0638ad10-ee10-47af-b580-7f43108140f1,Student,2026-03-26,0.15
69193128-e036-43fe-a7a0-42676cd66867,Student,2026-07-10,0.15
a2fa7904-9b5e-47a3-824d-ad4fab412514,Student,2025-11-10,0.15
376644cf-24be-495e-82ec-5a1f9cba04f4,Professional,2026-08-09,0.6
04f640bc-03f9-427e-80c0-4d75dca29e94,Enterprise,2025-12-21,0.85
27f790e5-a666-4945-a955-6d8a5e35994c,Student,2026-02-08,0.15
f816bbe8-21a2-40ae-b8e0-c56dfab1285c,Student,2025-11-04,0.15
764e720a-c3bb-4dd0-9765-bf37988ce253,Professional,2025-09-22,0.6
9a628c5d-5f45-4590-bb9f-f4bd9ab890d7,Student,2026-04-29,0.15
8a998902-f169-4f9c-a09b-9aba913979f1,Professional,2026-02-15,0.6
dea839b5-feea-47ea-9f4a-0415cfe5737e,Professional,2026-01-21,0.6
83206614-6faf-458e-9954-5943de4044a4,Student,2026-05-14,0.15
ddacabb3-054d-4ec7-aa76-262ffba1458d,Student,2025-12-16,0.15
aabfd263-966e-4fb0-a392-0efe1b4cc423,Student,2025-10-16,0.15
0d3fdadc-67b7-4fcf-99f8-b1737ede4024,Student,2025-12-30,0.15
94048af3-d4ff-43dc-97b2-3c8808adb0dc,Professional,2026-05-24,0.6
6bfe3a4a-380d-4283-9491-29d4ea435580,Professional,2026-07-06,0.6
2c707870-effd-4c11-8fec-df19710027bf,Student,2026-06-05,0.15
b339f9ee-6235-455d-bdc4-e10de9c8962c,Enterprise,2026-01-04,0.85
2a33cd50-6efc-40fd-abf6-b18b0b3f2bd8,Student,2026-01-01,0.15
7ef6bd2b-116e-492d-b995-09ff10c32c84,Professional,2025-10-13,0.6
8f952f70-c924-4525-a238-456764b20dc3,Professional,2025-10-28,0.6
6de79e13-f57e-4b69-913b-b90fa995e633,Student,2026-05-15,0.15
252cc200-2754-4e1b-8f6b-08d19d41a12b,Professional,2026-07-04,0.6
68847083-f223-473a-a80e-936ad5816335,Enterprise,2026-04-16,0.85
3ed5f7b3-e6f7-494a-add4-bc5241d7b1f7,Student,2026-02-01,0.15
535f243c-a7f4-4f81-80ca-b8f1ee205bce,Student,2025-12-11,0.15
0aa79803-6dc7-487a-947a-e201532b9c22,Enterprise,2026-02-28,0.85
5f30890d-3db4-49e5-af64-514369981662,Professional,2025-12-22,0.6
b1cc37ea-c3f4-4a51-8745-5d7782792102,Student,2025-09-22,0.15
6d6953f6-ff89-4fb2-b0f6-cac43db6dbfd,Professional,2026-07-16,0.6
07d4b250-72c8-4d30-a64e-e72cccc43fe8,Student,2025-09-08,0.15
6772e62c-308b-4e72-b412-5265d562f11e,Professional,2026-06-02,0.6
40abdd46-9045-486e-bed1-fbd621368adb,Student,2025-11-17,0.15
50659a3f-a558-4186-a73f-6e467a4c06a6,Student,2026-03-06,0.15
36754486-a0bf-4c97-8b33-51349b3eda33,Professional,2026-05-14,0.6
7d2ec7d1-f89d-4808-aa61-6c3f108ad89a,Professional,2025-10-16,0.6
fbd1aaa2-9ead-4819-b45f-8fb1fad9df5a,Student,2025-11-05,0.15
4386db22-974a-4e52-a386-7e845c27d944,Professional,2025-11-16,0.6
c8a15087-0e9c-4d06-b734-75dc9afeb335,Professional,2025-08-31,0.6
3707de72-9417-4a97-a19c-ad863f8f848e,Student,2026-08-06,0.15
83739306-06d1-4ed3-9b1c-96d45c9f1b4e,Enterprise,2025-11-15,0.85
aa057057-a3ad-46c4-a340-e5fb4d3c85f0,Student,2025-10-29,0.15
f0e393fd-bc72-424d-966f-53b0a97b7946,Professional,2026-03-28,0.6
2eb3e08a-ff83-4d26-b2e9-ca3d66978aea,Professional,2026-05-30,0.6
2a20a9ea-0d53-4e70-9de8-594ed1fd38b5,Student,2026-05-19,0.15
86c632bf-3d2c-4a4b-b688-ecb0f586faeb,Student,2026-04-15,0.15
66fcb9d9-44ef-4c25-8cce-fa861d65ab2b,Enterprise,2026-05-20,0.85
d71ec085-44a9-4a72-937d-6105e5738544,Professional,2025-09-03,0.6
82866c2b-403f-4949-996e-ee40fa40d683,Student,2026-03-22,0.15
430adde4-5dee-4a17-8a2b-7f1e9918693f,Professional,2026-05-05,0.6
87d44d8a-e859-4e4c-8883-462fbc870809,Student,2026-02-01,0.15
c159fbbd-3fde-4093-a5df-72d96635a177,Professional,2026-07-01,0.6
73ac732e-00b6-4401-8762-1a9a35323129,Student,2026-04-30,0.15
7671cd60-07bf-423f-b8a3-de51724aef9f,Student,2026-02-02,0.15
a083c33a-fe93-4c3b-bb83-026bd4d1949e,Student,2026-02-17,0.15
67218529-39c1-476a-9bbf-7e2f85141c6c,Professional,2026-06-02,0.6
090ae029-bcc5-44fe-bf29-a3cb0f754589,Professional,2025-11-24,0.6
f6ed19b0-5995-4d1b-b413-98ac15a9d4df,Enterprise,2026-02-25,0.85
7abb4c87-07e2-432d-8fb3-b6b597eea671,Student,2025-11-11,0.15
5bc5cd19-f330-46aa-a1c4-00a9ef2c9d9c,Professional,2026-04-18,0.6
2d6210e7-41e3-480b-a512-fdbe89f27294,Student,2026-03-16,0.15
af6e26c7-5768-4908-b86a-0361494390bc,Professional,2026-02-25,0.6
b8dd3ed2-a875-4136-9148-140c6e8064b7,Professional,2025-11-24,0.6
309692bc-8548-461a-839e-94cd38bdb347,Professional,2025-12-08,0.6
6a12cee3-b16e-400e-8aef-cd49896c797e,Student,2026-05-01,0.15
17934bf2-b651-4710-9443-5632862e46d9,Professional,2025-09-26,0.6
a6faf4f0-3aac-4437-b6f6-368cdcb320f7,Student,2026-01-26,0.15
41d36386-9924-407f-9ba7-a3f21f25b0d4,Professional,2025-09-20,0.6
52674192-41bc-49f2-9b2e-dea05b1a34db,Enterprise,2026-03-10,0.85
169015dd-1bc4-47e5-b6b1-f9f268aadc0b,Student,2026-05-31,0.15
b2de8b25-333d-42e1-96c1-8fb456f8ad3e,Professional,2025-10-25,0.6
2a4134f4-b4a4-4992-a261-9ec4b16c9307,Professional,2025-10-24,0.6
784d8461-575d-4369-a7fa-6c2b6e1e44d5,Professional,2025-10-28,0.6
50e2c468-7bd8-492b-a9ed-f88eec82629d,Professional,2025-12-23,0.6
2e2975f1-d61f-48a5-9c17-d01c98f075f4,Student,2026-02-05,0.15
44b72a88-1f07-46ae-9e7d-57e0d21d1515,Professional,2026-04-01,0.6
fc71536a-07e5-4aa3-b5a1-887bf037f6b2,Student,2026-03-03,0.15
ba86dc4d-4846-49fb-8012-70189cbd2b50,Enterprise,2025-11-19,0.85
42bffbc8-e41a-49be-9c5a-d0894d328596,Student,2025-12-31,0.15
3b90d3c0-e0fb-4ab4-aae0-2cfd6e01a481,Professional,2025-10-01,0.6
e7854469-ebb8-4ddc-81e1-5dddaf5d07cb,Professional,2026-06-06,0.6
ab546d37-c45b-40ef-b4b6-6b34db33a3ab,Professional,2025-11-24,0.6
85c4ed98-a1ba-4ce1-967a-b3b1e70b5220,Student,2025-09-22,0.15
8475091e-87f8-40ef-b2ff-c8fcba2e509f,Professional,2025-09-23,0.6
b93d565c-bf6c-4651-b1f3-53467446bb36,Student,2026-07-22,0.15
cc2630e1-4b51-4caa-8d45-3bf567f3e8c5,Student,2025-12-29,0.15
cfcb658e-3e54-49df-8e9b-5274671dde34,Student,2026-08-20,0.15
8b0d00b5-d69b-4f96-a64e-a7252156f6f6,Student,2026-01-23,0.15
0181b2ee-b542-4c63-953f-3ce279206f39,Professional,2025-10-11,0.6
f941b9bd-7953-409b-83f8-acfd2a909682,Student,2025-12-27,0.15
083ce572-4ede-41dd-aa5c-504805ab32bf,Professional,2026-05-25,0.6
032431d4-6914-438b-a864-5adb7cb298a6,Professional,2026-01-08,0.6
6a7cadef-65d8-416f-a4c1-6510649a6dfa,Professional,2025-11-09,0.6
08cc6cce-b5a6-42b4-8b4d-a7fb241cb56c,Professional,2026-03-02,0.6
1b385c82-f2cf-4455-9249-01dfb6449800,Professional,2025-08-26,0.6
02c761ed-2ba4-42aa-9193-ea33c7043b49,Professional,2025-12-27,0.6
d637649e-c491-4de0-a37f-4827619934d0,Student,2026-08-11,0.15
bacc87bd-562b-42c5-a447-d4c456725f21,Professional,2025-10-14,0.6
7bd8909a-34f7-4e63-83a3-ada01d851fc9,Professional,2025-10-29,0.6
1463ae16-211a-48f8-8441-80e2fed2f429,Professional,2026-08-14,0.6
d35b711b-1850-4a11-9097-b5553a337ef1,Professional,2026-02-10,0.6
9424ca5c-0ee2-4be1-a4a2-d12909ac2383,Professional,2026-01-17,0.6
96ef05dd-d8a0-429b-ad98-5052559e9edd,Student,2026-03-04,0.15
8e2b1040-ab8c-4ca5-8352-e88a763c6791,Enterprise,2025-12-08,0.85
b1144a1b-133a-49ba-b215-029d13216521,Professional,2026-07-27,0.6
e9d3c19d-99ac-4951-9af1-ee167f51a7f6,Professional,2025-11-13,0.6
4826d4c2-5985-48cd-a232-6c5864e5f7ea,Professional,2026-06-16,0.6
5dd2c47c-6ec7-461e-90d6-31b19a1480f5,Enterprise,2026-01-06,0.85
89edef92-f4f9-4ad7-8537-6366df437a5c,Professional,2026-03-06,0.6
de9bbd1e-78a8-4566-82ca-eee7264f6163,Student,2025-12-04,0.15
c9439caf-e87d-40a5-931b-1f9498a65c55,Professional,2026-02-01,0.6
2aa7b757-7cc8-4f24-8e6d-9fb5caac29a4,Professional,2026-01-24,0.6
a87c9c5c-a486-46ae-864f-cafb65472e03,Professional,2026-05-17,0.6
990e1c57-226d-41cb-9666-2260e2e7ece2,Student,2025-10-21,0.15
4282fe5c-148d-4061-af3c-c576a4abffb2,Professional,2026-07-20,0.6
c1269321-ec09-472b-9b99-90966380a1d7,Enterprise,2026-02-23,0.85
0a5d3ad9-75e6-4a97-99ff-aa90c0af5927,Professional,2026-03-13,0.6
b1278557-cc8a-40a2-a12c-f950bcee8287,Student,2025-12-30,0.15
06a21ead-b976-4c9f-9a6b-dfebaf2f142d,Student,2026-03-11,0.15
219d90bf-ccef-43b1-9012-f80c37c97072,Student,2026-07-26,0.15
a7070416-aaa1-4beb-a4e4-7bc102dc28af,Professional,2026-05-11,0.6
fa5d709a-0839-4886-b9bb-612f1d297e09,Enterprise,2025-09-29,0.85
f2faa3c8-5bfe-429d-a1c3-9edb5420c865,Professional,2026-03-24,0.6
261da5e7-ccf3-4c2c-bc63-831a21a51700,Professional,2026-02-09,0.6
535ecb4f-659e-401f-af34-f5e99efe1e74,Professional,2026-08-07,0.6
e4532e61-f2ce-49e8-a028-500d7c6493ba,Student,2025-12-04,0.15
bd60f84e-668d-4ae4-b5c3-6fed5e252be2,Professional,2026-04-02,0.6
208dc710-6888-4b6c-b0eb-90200c42a133,Professional,2025-09-24,0.6
62d45a59-e375-4a9a-bd88-98cf285859ed,Professional,2026-06-23,0.6
c5e8a693-bd99-409d-b95d-ce4ba6acd20c,Student,2026-06-02,0.15
4756b968-6205-4efe-b882-8a8ea8dd0951,Student,2026-04-13,0.15
a23c35d2-2abc-4921-885b-58362307f9b9,Student,2025-10-10,0.15
f916794f-ffe6-48d2-9242-57bad8f24e92,Enterprise,2026-04-19,0.85
74756548-3f9d-4bb0-98aa-e72604a03252,Professional,2025-11-10,0.6
773cee54-a35c-4bdb-8e6c-37c5c8ec2868,Enterprise,2026-02-26,0.85
369dfa40-0afe-452a-8759-b02e2868bd9f,Professional,2026-08-12,0.6
bd5f5fda-0a7b-4e8b-8fe0-bb900ea72f22,Professional,2025-11-28,0.6
e340f8b1-530e-4d03-b99c-c7664c3061d5,Student,2026-06-16,0.15
e2e685e7-de6f-43fb-b19b-955bbc3cadeb,Student,2026-05-28,0.15
351cd067-21cd-4250-b6ac-fab2d66696f2,Enterprise,2026-01-20,0.85
10f12309-5313-478d-8725-1678802bffc3,Professional,2026-07-24,0.6
34e5ce6e-8b74-4724-bb53-ed78a99a6f30,Enterprise,2026-07-24,0.85
eefed0cc-e336-4eb9-9dad-226a3a375298,Enterprise,2025-09-12,0.85
5a2fbcd8-4aa7-4c1e-a923-1bd1e8ad77d4,Student,2025-11-19,0.15
a4b649c8-7891-4db6-95c1-09d19fef0b70,Professional,2026-07-26,0.6
2bb7ea13-731d-4ba2-bb3a-0324b723fec8,Professional,2026-04-03,0.6
acdddd4c-a392-4744-94ab-7531da825c3d,Student,2025-09-02,0.15
05728d50-ab7c-4f6c-baaa-ab20640409b8,Professional,2025-11-17,0.6
689d6654-9cab-4cee-a859-146e69eecd3e,Student,2025-09-06,0.15
41dc041b-7d97-468a-849d-1b43748bcbe4,Professional,2025-09-22,0.6
77ac812d-eb6f-4259-bd09-0f894bdd0e33,Student,2026-02-20,0.15
eb3e1ab3-ed49-43cb-a763-c7004dc63d57,Professional,2025-12-08,0.6
adce704a-183f-4e51-9bd2-97c8ba71b60c,Student,2026-04-12,0.15
29eaaa03-3f1e-40a4-a6e1-e05acbba13d7,Student,2026-08-16,0.15
7bc06a41-41fe-44cd-a172-d36ecd20f127,Student,2025-11-09,0.15
54f9c034-d74f-49a0-8551-d9accbacc9aa,Enterprise,2025-10-08,0.85
c3c8d211-b4fb-4f15-a763-da531cf9c42a,Professional,2025-11-08,0.6
69b97c7e-f712-47f5-a3a0-6cc197a6b479,Professional,2026-05-29,0.6
9b283ff5-4126-4496-8c2c-24472c81233c,Student,2026-02-14,0.15
95de2473-cc2e-4086-a330-b99bf262bcac,Student,2026-04-10,0.15
28d96c78-9bf6-45fa-acd8-1e172f963d37,Student,2026-02-18,0.15
dfdb97c1-3548-4c90-afc4-ee824970ead0,Professional,2026-08-21,0.6
067ec55a-70e4-4bdb-ac3c-d293147eada3,Professional,2025-12-05,0.6
9e21bc6f-4685-4eaf-9a2e-5c5ea21da6bd,Student,2026-08-01,0.15
ed5e3e57-31fe-42c1-a1dd-2c1b83b748b1,Professional,2026-01-08,0.6
e84b6c2d-0ae4-4bde-a9aa-619e600825f5,Professional,2026-03-06,0.6
3ba9f149-94f0-43cf-a681-dc043628ac34,Professional,2025-11-23,0.6
8aa4120d-aa67-48b1-bfb7-818669c21ab7,Professional,2026-01-23,0.6
eb438670-d2a6-4362-b52b-5987bc26d65b,Student,2026-03-20,0.15
b8ee3dc6-db29-4f0c-b2fd-5f02bdafcfe5,Professional,2026-03-29,0.6
834d6a42-6a1f-4a90-a2b9-ff846ea7a37e,Professional,2026-01-08,0.6
40f4c9f3-da38-482a-90ff-2b5b80e43d9e,Enterprise,2026-06-28,0.85
1b4e6afc-290e-4cc9-9a1f-5f8dcc425655,Student,2026-02-19,0.15
e6d5d1a0-d0fc-44e9-9b83-66d22cc693d6,Professional,2026-07-08,0.6
8f1016ff-bd22-40de-ab74-d844f1342dc2,Professional,2026-01-22,0.6
78cc18f2-bf93-467c-8576-87eb5e4be0b4,Professional,2025-09-01,0.6
6dcbe3f0-2635-44bc-bbcc-bb767f2bf109,Student,2026-07-31,0.15
24967687-224e-45bb-bd3d-539824e7fdbd,Student,2026-01-15,0.15
54b0ccf2-9d55-4a80-9ce7-fae627247553,Student,2026-07-07,0.15
8419eea3-085b-48ef-8994-aec6de387931,Student,2026-03-03,0.15
6cddfc66-5117-42ba-87d1-bdea107a3c06,Professional,2025-11-24,0.6
569ebd47-d779-451a-a802-f8acad00da7a,Professional,2026-01-28,0.6
d8d79c70-9c1a-45e7-bc34-27d8a5730897,Professional,2026-08-18,0.6
1a6ce311-5a68-409d-af76-101c52cb05f7,Professional,2025-10-04,0.6
c2b7906d-e26f-4d7e-a24c-8f346c1f12ff,Professional,2026-07-14,0.6
0c172abb-2555-49c8-a893-22b56e4b8b6e,Professional,2026-02-04,0.6
9d3683fe-2584-4014-8bfc-dc6006140989,Professional,2025-09-27,0.6
aa17a196-2088-43fd-baee-16fd715daa16,Student,2026-04-22,0.15
6da5caee-51d8-42dd-8538-7a78a7a2aa96,Professional,2026-07-04,0.6
1b0768c7-0aaf-4bf8-97ba-fab6300f97d7,Student,2025-08-29,0.15
ad26a1a2-c20b-4f0d-b1c4-f181550a37e2,Student,2026-02-01,0.15
7c98e50a-4226-4e1a-94cc-6e2af804f83d,Student,2026-05-13,0.15
af5142b9-816d-4c24-a032-5ba6c477c6e3,Professional,2025-10-25,0.6
938ed2a5-f0cd-4fe9-bca5-9fc58a1017d5,Student,2026-04-03,0.15
9abfc48c-02d5-4ad0-bae9-40db66ab4b65,Student,2026-07-03,0.15
5f6b4ad0-9c72-44c8-9f0f-bd740f041467,Professional,2026-06-18,0.6
ee1e4e7b-0376-409f-9abe-466481f97c91,Student,2026-04-09,0.15
6b3df631-2457-4f91-b021-c119f7c81763,Enterprise,2025-09-07,0.85
816f3a31-06ff-4fcd-a528-0008c1b417fe,Student,2025-09-12,0.15
24029201-ee48-4bc2-9937-d4ffc798bd13,Student,2026-03-23,0.15
c21c46ae-06e3-4735-8622-902a323780d7,Student,2026-06-18,0.15
bc4a48bc-950c-40ba-90e5-a94c61b745ee,Professional,2026-01-24,0.6
ddcf29f2-2976-451d-9b71-9260e7733e46,Professional,2025-09-08,0.6
de7c8dc4-1210-4466-8f5e-777b3f420a90,Professional,2026-01-21,0.6
e9b8f417-7002-4d37-bd9c-d20c6134cd0e,Student,2025-09-29,0.15
db780993-be38-4419-96bd-8452cb01432f,Student,2026-05-03,0.15
73b50594-aaac-4c41-b785-89c11257f626,Student,2026-07-31,0.15
af44716a-ca9a-41ad-9d28-6b468a53d3aa,Professional,2026-04-02,0.6
d9ba0d9f-bfd3-4a75-a82c-b2933db7012d,Professional,2026-02-08,0.6
295ef738-8017-4ac5-b70c-235173eb40a4,Student,2026-06-02,0.15
a849a834-5983-4fdc-8a07-af19fec3bf31,Professional,2025-12-15,0.6
a16b1390-192a-41ce-a9f1-f9b44e98c0c5,Student,2026-01-14,0.15
5711b189-db1a-40ff-805b-b1c153c9015c,Professional,2025-12-04,0.6
fa5771b6-2a49-4656-9177-e1cff5f22369,Professional,2026-06-25,0.6
72498002-4788-4298-922e-bc342615c830,Professional,2025-12-09,0.6
673b7f82-527f-4cd9-b2d8-a0bfd8b66d46,Student,2026-08-18,0.15
69991ab1-d057-4003-81ca-2222fa72f0e1,Student,2026-01-06,0.15
9b56ec8a-3e85-41f1-bfe7-f00ecf1c3d88,Student,2026-04-22,0.15
2a8c9e98-2c6f-40c6-92f8-d86d52f62058,Professional,2026-08-12,0.6
15dfe2cc-21b2-43ea-bdfc-643d74c9e8d1,Professional,2025-12-05,0.6
d666ff09-7488-4c8c-a0f2-39e8b9cba508,Student,2025-10-09,0.15
76515a62-5d10-4fc8-85d5-9ae515d74dff,Student,2026-07-26,0.15
61d80b64-758b-40ee-8883-386983e8923a,Student,2026-03-22,0.15
ca0fa6e8-2fc4-4efd-b14f-470ccafd0f39,Professional,2026-02-13,0.6
ffa42383-5491-470d-a469-bd10f3068562,Professional,2026-02-11,0.6
eb1f7bb4-9fd4-41a9-be21-d9a34de53d7b,Student,2025-12-29,0.15
ce85f697-d13e-4cdb-9307-98b9071dbdfa,Enterprise,2025-12-24,0.85
a6e62812-e656-4269-a930-b547d44f9913,Professional,2026-06-09,0.6
fa3a7a80-91fa-444c-a42b-5df0429d3be5,Enterprise,2026-06-24,0.85
cf3a7d4f-96a5-4c4b-8f3c-5c75f549e8ef,Professional,2025-11-24,0.6
4504fc03-232c-432e-a809-a0a01a48e328,Professional,2026-08-24,0.6
462b4ff2-363c-4b1d-93e5-11f9a12a1a54,Professional,2025-12-12,0.6
bde0945a-5001-46b3-b389-5544015eea06,Student,2026-03-05,0.15
57ec115e-45eb-42ef-be9f-a556fbb310f7,Student,2025-11-04,0.15
f194cff2-58b1-45eb-9c23-54b90b70abc6,Professional,2025-09-21,0.6
5754872d-1396-4a37-849d-09fec0b54ecd,Professional,2025-09-10,0.6
9d326308-5083-4cdb-8721-4aeab66d6825,Student,2026-04-13,0.15
7136d427-8929-4dee-bf54-a335cd130ad8,Student,2026-06-20,0.15
b28128a2-e004-4b8b-92b3-007c8f240b2e,Professional,2025-09-17,0.6
26cc234b-3767-4666-9659-9e08c55a5476,Student,2026-03-19,0.15
3681ca33-c87a-4dfc-b8b2-f53125abca3a,Enterprise,2026-08-10,0.85
66ad77aa-6b0c-4e4b-933f-04988c45caa8,Student,2026-07-29,0.15
3d5a2e65-6dcc-4aa8-a013-d47e2a8fd4d6,Student,2026-06-19,0.15
3d7fc1df-77bd-4911-8a10-12abc82487bf,Professional,2026-01-22,0.6
be31fa7a-12fc-4ba7-a7d8-11d884ee8a3d,Student,2025-11-08,0.15
cae304da-7441-4e06-aac5-403a3b773fde,Professional,2026-07-17,0.6
69b881ed-95c9-4c9d-9898-0b8804cf57a2,Professional,2026-01-31,0.6
c606a6a6-4586-4443-a176-5497d25425ab,Professional,2026-07-13,0.6
3a8d4787-455b-491f-802b-d91b79703aea,Student,2025-12-09,0.15
a25a3983-b4f9-43fa-9012-12cae8346e29,Professional,2025-10-10,0.6
da299130-12d3-41ca-8d13-1ec3c2a17e77,Student,2025-11-24,0.15
a0c9f6a4-3149-4a9b-a737-c776322598b4,Professional,2026-02-16,0.6
78e675e6-a82d-4488-bbf3-beae02e0a789,Professional,2025-10-27,0.6
353ce5ec-e53a-43b7-baa8-71970a47b982,Professional,2025-09-28,0.6
f6058adf-e081-44f7-866f-f2b1fd245473,Professional,2025-11-16,0.6
2ff45400-3c06-400f-82b8-766572c41dc3,Student,2025-11-20,0.15
bb5c4e11-1135-4286-acb4-e2080f6ae6ec,Enterprise,2026-06-13,0.85
a1254494-ca70-4762-8661-47bb8eaec5e3,Student,2026-03-07,0.15
9d952f32-3bde-4c62-b2e9-d9522c836e1d,Student,2026-01-27,0.15
3430c82d-ee5f-4b78-943f-100cc1420e24,Professional,2025-09-21,0.6
26759503-dad8-40d1-9e4d-039b724229fe,Student,2025-09-17,0.15
0793e3fb-032b-4ad8-a2ae-10181e7403a5,Student,2025-12-03,0.15
8b535f80-3fe6-4076-930c-116cac152910,Professional,2025-11-30,0.6
b27328b3-c651-4ee0-a606-024f7acff6e1,Professional,2025-10-11,0.6
8ff7c031-71d5-4ef7-b96f-619d3600e482,Professional,2025-09-30,0.6
b37d0818-a3d6-4274-89ce-fad1fcd9f2d9,Professional,2026-02-24,0.6
171ba92a-30f9-40ca-ae57-9188ba2b406b,Professional,2025-11-25,0.6
6f0023a0-8ca5-4a19-a111-940416a8f915,Student,2026-08-01,0.15
0bbdfa62-1f75-4db1-b6f0-13af1d873fe1,Student,2026-05-25,0.15
61b4419c-dc14-4d61-a236-0642951674dc,Professional,2026-03-29,0.6
00dbb176-564f-4d6a-b9c2-a5de48c5c684,Professional,2026-07-03,0.6
673f9e5e-6500-4799-9c07-ad29b06d8bba,Professional,2025-12-03,0.6
1df4c494-85ec-401a-98a4-9b58a651b9d3,Professional,2025-10-22,0.6
c5e2d582-eea3-4b63-967d-d68823981ebc,Student,2026-07-21,0.15
43bf45a8-9258-4253-a535-f4fd611bbcf4,Professional,2026-02-09,0.6
9f09d45b-50ed-403e-8fd0-15216847690a,Student,2026-02-04,0.15
04db236a-9d6e-49bb-8412-fd7f7487530b,Professional,2026-01-14,0.6
995a3bf5-66fd-49e3-94ce-4160e80a65fd,Student,2026-08-07,0.15
edf99d3a-22bb-48de-9827-f1136177cfc6,Student,2025-12-11,0.15
45db7772-c4ab-47cb-998d-2ca733f05327,Student,2025-10-22,0.15
1533b98f-845e-4db2-9c8e-4ef3fee4f835,Professional,2025-11-06,0.6
89dd5a81-d290-4bf7-8004-bbff424c9c7f,Professional,2025-09-18,0.6
3701ed56-314d-427c-944b-0f0e31aea608,Enterprise,2026-01-25,0.85
b4ae072d-bbfb-4a98-a0c7-17eb64c746e9,Professional,2026-05-17,0.6
3b7633d0-e1d6-4fd3-bb9b-210cf29a6e0e,Student,2025-12-05,0.15
accf7bbd-f9b6-46fd-aeff-ce2d684c6b05,Professional,2026-02-28,0.6
99f96160-65f7-47d0-9ed6-ddb384edbaf3,Student,2026-04-27,0.15
47c3a1af-5762-48b8-9ca8-3a4dff0b60be,Professional,2025-10-27,0.6
1b920f9f-a6c5-48b8-8c95-1bd2c88e32ec,Professional,2026-06-11,0.6
9af7d283-f296-4660-b1ad-6ef1afffe601,Professional,2026-02-16,0.6
4fef41ab-3b46-4cb1-a285-0f7e5904201a,Student,2026-05-14,0.15
1ed5f761-dacf-44f2-ae6a-5586becad671,Student,2026-05-18,0.15
3313cb72-7cf1-4f52-bfae-4ff969c11d83,Student,2025-08-27,0.15
8d32b98e-76fe-4f08-b2df-d8adb14e8998,Enterprise,2026-02-25,0.85
e0209461-ab26-4826-be80-3f3c5a7f4bb4,Student,2026-02-16,0.15
a57a4ef3-0291-4681-97f2-368a1a2f6b8f,Professional,2026-06-18,0.6
7cee17d6-f7db-45a2-a79b-caa9fffe0929,Student,2026-06-20,0.15
ae7d9bd9-0ae4-478e-993c-67ae8dba07ce,Student,2026-04-24,0.15
483b8b51-bf88-4b13-b3e8-687fe6c03ef9,Professional,2026-04-24,0.6
647a4be7-c8cf-491a-af06-2cf4b1de2c1f,Professional,2025-10-28,0.6
43f4f9bf-278b-4c1b-a35f-810cd90cbc3f,Student,2026-06-19,0.15
e61df80a-baa3-49e5-b8dc-49283a48af93,Student,2025-08-28,0.15
35bcdde7-b613-4ad1-8267-da465b3a1fd1,Enterprise,2026-06-04,0.85
02b35496-bb79-4a8a-bc31-dc8a30349887,Professional,2026-04-16,0.6
d19a5227-caac-4dcd-8ee8-045800c406ed,Professional,2025-12-18,0.6
e7e7f838-242b-450e-b2a4-12cbe845ed6d,Enterprise,2026-06-14,0.85
a70a5643-de97-44ed-82de-f8989cdc114f,Student,2026-03-18,0.15
e0e3fc2f-d69d-41f9-8345-7aabfd44b505,Professional,2026-01-05,0.6
8b834224-34bd-4174-917e-cc12db273712,Professional,2025-12-05,0.6
f8cefc2a-e88e-4325-8d3b-6ada6a159349,Student,2025-12-22,0.15
6158e7e2-67b5-43ec-bbe7-185a39ed36b6,Professional,2025-11-14,0.6
f124511d-bee7-483f-bc42-f0e054a52dc8,Student,2026-07-09,0.15
e7bedf66-6929-4a97-8f4c-c6634e719149,Student,2025-12-26,0.15
cec537f4-6cb4-4425-9135-178a7afe5b48,Professional,2025-11-09,0.6
58d8693d-2359-4d6b-b55b-72e23faf2d9e,Enterprise,2025-11-28,0.85
f42a3bb1-45e5-4b47-9da8-ba246df8c3c3,Student,2026-06-25,0.15
bf7d1718-ba09-4a13-90c5-110479fd47e9,Professional,2025-11-26,0.6
918e5c8b-6d00-499f-88dd-3633bd27c70a,Professional,2026-04-14,0.6
696b7d4c-264a-4076-abbf-f0ad8546681d,Professional,2025-11-04,0.6
62d7cad2-961d-4455-88fa-d4f1c679164a,Student,2026-07-18,0.15
4e70c1b1-5eaa-4f2e-a260-6b688af20941,Student,2025-10-10,0.15
11da3882-7ded-418f-b6a4-912953a28f0a,Student,2026-07-08,0.15
2f74c87e-5bd5-4e5b-9109-249f57469737,Professional,2026-06-27,0.6
d333501c-c541-4e5e-9c4d-b0bb12b57c1d,Professional,2026-01-19,0.6
b5cc3b5e-492b-420d-913b-4975a14f8d88,Professional,2026-07-01,0.6
5b17b8e6-a0aa-43e8-983d-b0fd93e8de27,Professional,2026-06-01,0.6
b33c3173-477e-4bac-9587-5839d05ab8a6,Professional,2026-05-02,0.6
f568e2cd-a545-4848-b543-08e9b8572e30,Professional,2025-11-05,0.6
71d1493c-28bc-42fa-b029-9d18283cc585,Student,2025-11-23,0.15
bc813375-a5b1-4a7f-abf4-88592c1dc9fa,Enterprise,2025-09-16,0.85
a1e69ed6-2efc-4669-b2e6-1e20b08b0de0,Professional,2026-02-26,0.6
5513a464-7f36-4426-86ec-3f43abdda7e1,Student,2026-04-14,0.15
8c46a01d-2093-40e3-b278-c99c82935fef,Professional,2026-04-13,0.6
64bea577-8eb3-461f-ade1-d9d31355c0d1,Enterprise,2025-12-27,0.85
5ef8f4d0-712f-49fc-8a48-1a78fad64505,Enterprise,2026-08-21,0.85
62a399d4-bb05-4fca-98eb-1f18568dd6fd,Professional,2026-03-13,0.6
3f6009dc-3dcb-4e6b-9415-7e78f657a4d9,Student,2026-04-19,0.15
86cd068c-ceae-4f00-bde2-10d8cad40f4b,Enterprise,2026-01-02,0.85
16acdddf-cbb7-4914-9f72-3d2e549305b2,Student,2025-12-31,0.15
b1d90f42-bd39-4bc6-b4ce-a6a703d9e16a,Student,2026-03-22,0.15
eb361c7e-f969-495e-8ddf-f9fde099468d,Enterprise,2026-06-05,0.85
9337f5f1-e026-4619-b213-768481af673b,Student,2026-04-10,0.15
c57be0e8-ec6b-478a-9a3f-4f02a32ab5b6,Professional,2025-10-22,0.6
5b03a7a4-5203-4c29-a9da-aaf33e2ab4e2,Student,2026-07-25,0.15
b26ceef9-757c-494c-a11e-9bff6ac7bd2c,Student,2026-08-22,0.15
08608a0c-0727-486b-aa20-bbda07fff5fa,Professional,2026-06-30,0.6
74aa1a63-d01f-4b9f-a76a-9c6744bcfc24,Professional,2026-06-25,0.6
599edbc6-8963-46cb-994f-16807663fb9b,Student,2026-04-25,0.15
3b98e816-4877-4688-a513-ad38264a4ac8,Professional,2026-08-24,0.6
e3b1a846-8fa7-4315-bde4-1cba692e8585,Professional,2026-07-18,0.6
b1aeb0cc-542f-44f8-8746-ad7e395a0a2e,Student,2025-09-14,0.15
798960d9-cad9-4a2a-80da-e26e653d3628,Professional,2026-02-16,0.6
b4312390-4f34-40c8-851a-e61bae7cf3c1,Student,2026-08-08,0.15
2e757009-ef4e-4cb5-94d2-bff63a4704cc,Professional,2025-10-13,0.6
aef20178-baf0-4df9-bf83-afc4a3c07e82,Student,2026-01-28,0.15
72f40057-00a5-4a4e-86bd-2412f5c57bba,Professional,2026-07-15,0.6
bc3e5b08-1eca-4122-8aaa-0b36619ddebf,Professional,2026-05-02,0.6
9515df3f-5adc-44da-8d6f-4cf5f9bcfb8d,Student,2025-09-14,0.15
fd683a4c-4c7b-4862-a9ae-76020c349758,Professional,2025-10-13,0.6
941d7534-99b1-4cc0-b486-080ffcf448b1,Professional,2025-10-27,0.6
636ef535-fbd0-4c2a-a0c8-e9d230a2a820,Professional,2026-08-08,0.6
ed422982-7436-4106-88f1-1cb25326cc7a,Professional,2025-11-06,0.6
a9f838c5-c2eb-452a-845d-0ccc981b1f02,Student,2026-08-09,0.15
716cc434-e901-40ca-826e-f605e0d88172,Professional,2025-11-17,0.6
fa359912-83c0-4c7b-ac1e-363af5e3bb12,Student,2026-04-20,0.15
ef8b77fa-9acc-4d70-927f-30ef8e1b11de,Professional,2026-04-18,0.6
671ca171-b5b1-41c4-a007-1c1e335e900b,Student,2026-01-05,0.15
4d94051c-04a8-4f9a-aa33-3c0d91b6f377,Professional,2026-02-11,0.6
69421a56-e483-4a1b-8d02-d8e32edcdec1,Professional,2026-05-14,0.6
5bdb13ea-6fbe-4f7e-8103-e98d37d3574a,Student,2026-03-20,0.15
e329398f-f6fa-45e6-a613-14389cd07098,Professional,2025-11-20,0.6
e0ba441a-e38c-4de4-bec1-014ff7ad8ae3,Student,2026-08-21,0.15
55da267d-fcc6-490f-a193-463ec46e034a,Professional,2026-01-20,0.6
56c84d25-0fe8-4100-9460-fbc2721f1712,Enterprise,2026-06-12,0.85
90e7405f-997b-4335-9282-0e233cbbc84f,Professional,2026-05-24,0.6
3d422a7a-e98e-4956-aea6-b83881116e13,Student,2025-10-08,0.15
f33947d4-bfe6-4710-8328-8f72590b2363,Student,2025-10-26,0.15
d07839c0-6dfd-4ef4-a265-f877913a5495,Professional,2025-11-20,0.6
9b661351-fa4f-4d80-a9f7-45e417b7b01a,Enterprise,2026-01-19,0.85
43dd389b-ff9a-4ea0-b68d-1fc790b9a43c,Professional,2026-05-22,0.6
c101fad3-ee7d-4257-bf7e-8638d1e5af13,Professional,2026-05-10,0.6
fe159501-85c2-4d78-b3f8-3d336bccb61f,Student,2026-08-11,0.15
f892dd5e-1e86-4a07-acd7-67eb1ad7d06b,Professional,2026-03-26,0.6
87a30f2f-fd9b-49bc-b249-01aa2c1b782b,Professional,2026-01-22,0.6
d44fc1f9-4e26-4fbc-8a53-9fc2c906002c,Professional,2026-04-04,0.6
aa9b98bd-1ee4-4d2b-b486-12faf8549745,Professional,2026-03-11,0.6
bf086317-235c-4cb6-a8e5-aa2f1e5eedca,Student,2026-02-14,0.15
a29f3b48-6002-4b2e-9843-b2fac23b2426,Professional,2026-02-21,0.6
f347973d-07f5-409a-ad66-0bfb5467a33d,Student,2026-05-07,0.15
aa9ffd25-0d7b-4b2a-b47a-25e8058caac2,Student,2026-02-04,0.15
c2f02eed-6d56-4a55-807f-e22dd1f14d1a,Professional,2026-04-30,0.6
56b0a406-14df-42fe-993b-2726d8a053d3,Professional,2026-06-19,0.6
0a2b069a-bfb7-4243-a94d-9f16b500266c,Enterprise,2026-08-10,0.85
c2e1ed4c-3423-44d6-8757-2c986b64a719,Professional,2025-11-24,0.6
0d71d8ff-9280-49d5-af1b-2c3a82ab532a,Professional,2025-09-27,0.6
3a3ffa95-2b40-417d-b491-c581ec670568,Student,2026-03-26,0.15
c7a188a1-ed35-4945-be06-e5477aa9e58c,Student,2026-08-10,0.15
a47b83f4-1e5d-407b-b4f3-651e3ee8269f,Student,2025-09-05,0.15
1cf7387f-ddd7-4007-992b-089a881ad627,Professional,2026-02-14,0.6
ade76140-664b-4cbd-9418-9348852eb35f,Enterprise,2025-10-05,0.85
f30ca048-ba17-401f-8132-1372bf6f4b54,Professional,2026-04-11,0.6
38b20571-952a-458d-9888-9d6e5914e3ad,Professional,2026-08-18,0.6
0f3eff9e-3fd1-4195-8147-16a4b1fcf7a8,Student,2026-07-26,0.15
edc483f7-c013-4cfa-886d-1b0df53474a1,Student,2026-06-07,0.15
6a3a3250-bf24-42d8-942b-426c5699c379,Student,2026-08-02,0.15
f3c2fb7c-69e9-4dee-ba3a-3e41fbb412cb,Student,2026-08-20,0.15
d8102015-98b3-4328-9a87-7c00557f9877,Enterprise,2026-06-04,0.85
3113ee9c-41f2-4435-b4a8-29e240c7bc07,Professional,2026-08-23,0.6
95eb2e65-9de9-4427-8ac7-cc75684537b4,Student,2025-09-16,0.15
9304a5db-f6aa-4852-a606-0687bbeaa18f,Student,2026-06-18,0.15
977ff066-110f-4e91-8293-b9473bd58e3c,Student,2026-08-06,0.15
25400b26-b440-41a6-8901-a9047be3a463,Student,2026-06-04,0.15
91c2ba34-c56e-45b0-b8ca-d77587b325c7,Professional,2026-01-16,0.6
caeeafcf-501f-4c7a-81cb-bd4871422de0,Professional,2026-07-04,0.6
9e0a82a4-5fc6-4e31-8d62-1e00c242e610,Student,2026-02-24,0.15
7bb62568-d12d-418d-a14e-55a811309257,Enterprise,2026-05-02,0.85
d7e74ce4-1386-45aa-ad66-57594da2cedb,Student,2026-06-23,0.15
c2044e49-80c8-4b4a-84f2-3d4f08aef4e9,Professional,2026-01-11,0.6
ced19507-1506-46d7-a5c6-f7787815055d,Professional,2026-07-25,0.6
192eb2c3-2fe3-44aa-b44f-c77251202252,Enterprise,2026-08-01,0.85
236251de-c283-48d7-adde-fd29bfede0ea,Student,2026-01-26,0.15
f5d3f2db-d4c9-47fb-b891-a6f98e602113,Enterprise,2025-12-13,0.85
3fb86b40-ab42-45d4-a8c3-24ffb40bfc7c,Professional,2026-03-18,0.6
e3fa9f8c-9555-4956-bc4d-892ae425837e,Student,2025-09-02,0.15
a6b7ac3e-8055-45b5-87bf-c71237e7a38e,Student,2025-12-26,0.15
9be955b5-73e0-4fab-99e8-f44eed8f46a6,Professional,2026-05-20,0.6
6fec2939-1781-4c09-8471-93b4d76764ef,Student,2026-06-29,0.15
a7021fd0-9142-469d-aa25-04f7755ca342,Student,2026-02-07,0.15
d0f6bafc-a30f-41ab-8018-da9fd6a02fca,Professional,2026-08-23,0.6
c50e88d7-03d1-4e54-8fe0-cbdbd4989066,Professional,2025-11-10,0.6
8995d271-65e9-41fa-9843-bed96a7fae69,Professional,2026-01-19,0.6
3441d619-47c0-466a-94d5-aa6acd7ef530,Professional,2026-05-12,0.6
22695a9e-936f-42f2-947f-07ea67d2ec92,Student,2026-04-20,0.15
fe5d378f-73dd-455a-867b-9720461cb183,Student,2025-12-16,0.15
2c612b70-307c-4865-933e-6c8e9ca1140b,Student,2025-09-06,0.15
33e25dfb-0106-405d-9a47-1a7835160a68,Student,2025-10-10,0.15
23a5149d-5f89-46c1-9674-03b148ffd264,Professional,2025-11-21,0.6
84751fa1-e28c-4ef2-a87b-e245557c40e6,Professional,2025-09-18,0.6
58ce08cb-4326-4fd5-93d0-472d3ef2c485,Professional,2025-09-23,0.6
940a6c05-9267-4b9b-859f-e41a3fc4b145,Enterprise,2026-02-16,0.85
ebe5772d-bee0-42f4-866c-00f4cfa413b7,Professional,2026-02-08,0.6
4dbdd2be-8216-4c83-a289-29ad71c1e615,Professional,2025-09-23,0.6
a6ffeb0d-46d7-4790-ac41-287b3785b0ef,Student,2026-03-16,0.15
20f02447-d5b7-4cb3-ac61-c4680aa77193,Professional,2025-12-06,0.6
ef1741c5-6789-4d5e-a591-1a41a47c2490,Professional,2025-10-17,0.6
06052775-fd41-489d-aac1-4c917dc7e8ed,Student,2026-04-18,0.15
1c381388-e27f-42ec-ad41-fde43477ac52,Professional,2025-09-03,0.6
8e36dcad-409c-4676-857a-1ae3e15d23ca,Enterprise,2025-10-01,0.85
fa739c21-63b3-4ce9-b826-1d7bd8d74d7a,Professional,2026-07-05,0.6
5255c59b-4dfc-4147-8196-34f2b4857de5,Enterprise,2026-06-12,0.85
8745108c-d03e-4723-9b8c-9ad5eda18708,Professional,2026-02-07,0.6
5330672d-762e-4374-9f79-c79bb6428715,Student,2026-08-13,0.15
f1328aa0-6003-452b-8f26-198cba58da2d,Professional,2026-06-05,0.6
3006ca98-391f-451d-b042-00eda635e287,Student,2025-11-28,0.15
bad56dd9-2125-48aa-85f6-721b4e6023a5,Student,2025-10-12,0.15
b4c970d6-82f4-4674-a6b4-1f45cb4d208e,Professional,2026-04-28,0.6
26f8e6a6-ace4-4cd4-9bb5-66102f69084a,Professional,2025-12-26,0.6
0b6c5619-f071-4bda-b967-72848fbabc34,Professional,2025-12-16,0.6
54ffa6c3-61a2-49c9-bd31-da29ae2a1711,Student,2026-07-14,0.15
f4105c8c-62fd-45f2-b201-18cc36b1d388,Student,2026-05-10,0.15
81dc10f5-c816-4b38-ab51-84d5bb90aed1,Student,2026-02-26,0.15
335be8bb-dd1d-40fc-802a-bed1926b5aa8,Professional,2026-02-02,0.6
21a0894f-2e60-4277-8199-ba9915e6b626,Student,2026-06-23,0.15
dc4f5917-7ebb-4911-9a91-8effabbd2df6,Professional,2025-10-22,0.6
8518193d-2d57-4ffc-94d8-7986d73d65fb,Student,2026-07-22,0.15
b9c9949d-a1cb-4478-9811-21c868600bd4,Professional,2026-07-07,0.6
9e87e47f-08d3-4355-bc82-b4c94d022cfe,Professional,2026-02-17,0.6
d51147ac-4ce9-476e-81dd-4be0c0baf838,Enterprise,2026-05-08,0.85
5341073f-511e-45da-9311-c9bc36ee125d,Enterprise,2026-08-01,0.85
3fc84021-e0c3-43a0-b913-080280960dd1,Professional,2025-10-14,0.6
5e6efd7d-3a8a-422e-86fa-746f441f2420,Professional,2026-08-15,0.6
71179bbc-102e-464d-957a-e4043b1f2bfe,Professional,2026-01-22,0.6
37f3cb53-3d16-4b08-aa14-13d24d2a231b,Student,2025-12-01,0.15
8ee854db-7283-4643-98c0-6b3ad091783e,Professional,2026-05-03,0.6
f5b9c18b-824a-4846-b234-439da4cb084a,Student,2025-12-23,0.15
2741e488-4ebd-4382-a624-1f605f6c6891,Professional,2025-12-28,0.6
9b1b3d66-e4e3-45e9-905d-48f515cf6867,Student,2026-01-05,0.15
6c493aaf-771c-494e-957a-bc9545c655a4,Enterprise,2026-02-16,0.85
e551ce0b-0645-4f9f-8dc1-aead09e178d1,Student,2026-06-20,0.15
b5bba67d-a881-4d43-b846-272f04c6cbdc,Student,2025-11-19,0.15
4dd0256c-dac8-4ada-96e4-1c4b02daf04a,Student,2026-08-09,0.15
2c2d7dce-4a84-4568-bf1f-2b4c22dc0c7d,Student,2026-01-17,0.15
db567178-c768-41f5-b1db-baea78279fb5,Professional,2025-11-30,0.6
1be1d797-0a9a-4b21-ad53-701c20288c73,Student,2026-02-28,0.15
9b5afd9b-1191-4736-9109-e017f1d238ed,Professional,2026-07-20,0.6
af435502-a400-40b8-a8a8-fa4bdbd3f36c,Professional,2026-05-09,0.6
6e9da5df-3681-4594-98f3-4883c5532e37,Professional,2026-05-21,0.6
a63f444a-5c75-4cc6-9ec7-c44e9c85f2bb,Professional,2026-03-14,0.6
6fd87441-8386-4f67-905f-5f5db2ab807f,Student,2026-04-04,0.15
bf11730d-aaed-41cc-969c-eb2d2c8ffa4e,Professional,2025-12-30,0.6
427dc3d6-a236-49e5-963f-0ffdb9534023,Student,2026-05-26,0.15
5c1a7fb3-97d4-4441-b09f-013477a8713a,Professional,2025-09-17,0.6
9ed3f17e-58aa-4e3b-855b-dfbeaf2d7f82,Professional,2026-02-08,0.6
b5ce8456-0faa-4563-ad58-fe89e2086245,Professional,2026-08-24,0.6
133d20d9-1ac7-46b0-8e0f-d4da3ad96292,Student,2025-09-27,0.15
c592c67d-0ab2-480c-8c06-48e8a926a8d4,Professional,2026-03-25,0.6
6f424a55-e9c3-49bc-a335-835252169150,Student,2026-06-25,0.15
68029e4b-b05e-49ba-b290-8d4b7d7e5b94,Student,2025-11-24,0.15
428f3862-a8e5-4003-b687-d2483db30832,Professional,2025-12-22,0.6
8556c4c2-1365-41ef-af73-4a78f3944f65,Student,2025-11-01,0.15
85319484-5dc5-4b8a-ac67-625d91b70951,Professional,2026-02-24,0.6
5cf39311-8bb5-4923-8a46-0f1d2eed40de,Student,2026-01-30,0.15
d7cfc875-309c-4b87-8140-4f3ac9706cff,Professional,2026-08-03,0.6
468ae50d-c086-4fb7-ac63-b31ded8010d0,Student,2026-04-17,0.15
c8ec47a3-2043-43c1-b94c-fdccdcca5acf,Student,2025-10-06,0.15
e15ee167-ab4b-4757-9180-16d17e942634,Student,2026-07-01,0.15
b18c88b5-2289-4026-974b-9429bd46400f,Professional,2026-07-30,0.6
20508dc1-b3fa-4535-adb0-2389d017eda4,Student,2026-02-09,0.15
47d1304e-e4af-4deb-9600-c5f4f7bba110,Student,2025-10-17,0.15
926ca27e-3af5-40e4-9f5b-74e6d81d9b3f,Student,2025-11-08,0.15
65e1e71c-e152-464d-ad8f-e9770859ce5c,Student,2026-06-30,0.15
95b6856d-aca1-46e6-aebb-52ee75b905b5,Student,2025-10-23,0.15
096633a6-a78f-4868-96ff-301cdbfd7401,Student,2026-03-25,0.15
9bb89ff2-9462-472f-a796-e7ae48442abb,Professional,2026-05-06,0.6
bb6c0c82-69b6-4a42-aea6-f7be79ff753b,Professional,2026-02-02,0.6
5d4aa65c-1954-457e-a1c5-411ad5e78ff1,Student,2025-12-10,0.15
31c72733-be90-4e1f-83f4-f059f318d4c4,Student,2025-09-09,0.15
bec2997c-dbf5-4dff-aced-14350d15af5e,Professional,2026-03-12,0.6
b32535cc-0856-44d8-9a70-0c5dc2d3bdc8,Student,2025-11-18,0.15
0983fd58-af9d-45e0-885f-5ab6e5a3d414,Student,2025-12-19,0.15
f930b87e-129b-422c-ba78-a8caf7520480,Student,2026-02-15,0.15
8d83159c-10f3-4559-87a2-ea18397b4fa8,Professional,2026-06-08,0.6
93101be3-1b70-4794-85b5-1f277d1aab30,Professional,2025-09-23,0.6
1b7a276b-691c-444a-81b8-ed72e0613aac,Enterprise,2026-02-23,0.85
53498e7d-ab5d-4c91-a268-dd6eb991482c,Professional,2025-10-12,0.6
135a00c0-4597-4f8f-ab20-51b5d3b5127a,Professional,2025-09-20,0.6
fff63829-1fd4-4e58-a0d4-8de21ab2dc48,Professional,2026-05-17,0.6
a3fe3d19-fc2f-4207-ab0e-d6fb75ff3287,Student,2026-03-06,0.15
f5c49883-775b-415b-843b-699c1bad70e5,Student,2025-09-09,0.15
502f11f9-b4ac-4a52-8351-a01b06ea8542,Student,2026-07-26,0.15
da26ab1f-ebcf-4017-8e0e-c7aade095468,Student,2026-02-10,0.15
d440f541-1a56-4d91-9593-57ff814d4731,Enterprise,2026-03-05,0.85
cdb7112d-0b90-424e-8334-0bb18640ad0d,Student,2026-01-29,0.15
41539e94-6b8a-4a58-b4bf-8064a9f2eeb5,Professional,2026-01-09,0.6
68b4eb38-401f-40df-bb50-4839f704a910,Professional,2025-12-23,0.6
d170934b-cbc9-4c2e-bbc0-5564080f1106,Professional,2026-03-05,0.6
864fec46-31ec-49b0-ba46-b9dbaa646df5,Student,2026-06-02,0.15
04b1bd19-802e-45b3-933b-12c80b6dd25b,Professional,2026-04-14,0.6
952efd9c-2b3e-4f00-ad3a-bcebc4943e71,Professional,2025-11-10,0.6
9067432b-3cfd-4fed-bbcc-129db5d57ca9,Student,2025-11-16,0.15
3eb983b1-51da-4e98-93c8-508b747d050e,Student,2025-09-10,0.15
ae0fcf25-8b3e-43e8-9120-ed20cefa4e4b,Student,2026-04-06,0.15
f067e3c6-9366-4f57-af9b-19376bfec952,Professional,2026-08-05,0.6
bc2fab9a-a6f8-483f-b959-63935f9bae76,Professional,2026-02-05,0.6
dc8f0efa-1615-4a70-9f59-74360e59973e,Professional,2026-02-17,0.6
91ba7f2c-0d36-46d1-967b-68c2fec8f17c,Enterprise,2026-07-30,0.85
fe134c88-daa8-4388-aa9f-f6c12748b178,Professional,2026-08-14,0.6
dbb074ca-1fc6-46de-8730-347745274af8,Student,2026-06-03,0.15
1f67aac5-90d2-475b-99a7-741375f03811,Professional,2026-05-30,0.6
4ff5f94b-50a5-4724-9c62-f8f7500a4525,Professional,2026-03-22,0.6
be9e441f-3786-4a91-91b6-f1b3172af037,Professional,2025-11-12,0.6
5d3edb35-99cd-49c5-84c8-6c64a021bc34,Professional,2026-04-04,0.6
7f78227e-7518-4c87-9a1d-ac97f2b4c13d,Student,2026-04-05,0.15
19c44092-0af4-4039-aeb6-d1bcd2e40588,Enterprise,2025-12-27,0.85
22a72e26-7c6b-4ff4-876e-18e55802383c,Professional,2026-06-14,0.6
cec4878d-537b-4640-85a1-8f7de40ddb5f,Student,2026-05-22,0.15
da9d15e9-c680-4fb7-8a11-402ca9aa062b,Student,2025-09-28,0.15
d13809fd-54e9-4067-99aa-87afab6e7aff,Student,2026-03-23,0.15
cb171137-31ca-4b53-ba6f-dbae1eadc3ee,Professional,2026-03-24,0.6
53775fb2-442a-4ff2-bb4e-2f74bb75c2c4,Student,2025-12-28,0.15
3651b674-e565-442c-bb9d-51574296c0f8,Enterprise,2026-01-13,0.85
0be6d6c4-39ff-4db7-8b4f-bb4b44badb59,Professional,2025-12-09,0.6
0cdd109d-4765-438b-aea9-81eb0a52e1f8,Student,2026-02-09,0.15
1b325db4-4d0e-4c32-a531-b38860a08ccf,Student,2026-04-27,0.15
925a0e68-62cb-446f-894f-7fa98f5f7b0f,Professional,2025-11-29,0.6
d2c540a8-8afc-406c-b6d5-f23df7266127,Professional,2026-06-14,0.6
11f7b6c5-46aa-4af5-8b37-e12199899e19,Professional,2026-03-19,0.6
6f91a338-e8f7-4f55-b783-fcbe2e39ec64,Student,2026-03-24,0.15
7c0411f0-a7f7-45f0-9ff3-a74947f90dd0,Professional,2026-06-04,0.6
4fe83c15-a920-4089-9f91-5039e1d52c7e,Student,2026-05-05,0.15
7d43270e-7a1d-456a-aa1e-19eb1ec4c5c5,Professional,2026-06-06,0.6
3c87558c-0043-42d6-a624-8f58a5b3d30a,Professional,2025-10-13,0.6
4cce4e7c-01c8-48d1-a2e2-84ac70805385,Professional,2026-05-02,0.6
6a35aff4-1696-4fce-b516-3623fb462ac8,Professional,2026-08-21,0.6
5aedd87f-d11c-43ec-baf0-ac851fd83a8c,Student,2026-07-14,0.15
9366f0ac-6d51-4051-adb3-f807faaa0328,Student,2025-10-22,0.15
adf64b19-2bcb-445a-b50f-c56cc6c34d52,Professional,2026-05-20,0.6
bae1adc2-b832-4ea7-989f-d81c72887f6c,Enterprise,2025-11-20,0.85
d691566a-50d1-4574-96df-951ba42c04bc,Professional,2026-07-13,0.6
76feab6a-65ed-485e-9160-98454ea0ca32,Student,2026-05-23,0.15
7314bddd-f173-4c00-aa49-8e5cace8bfb2,Student,2025-09-14,0.15
3b5eda25-da92-4875-834f-6f25e4e0d95e,Professional,2025-12-22,0.6
8e32258d-c55f-4051-bdff-6e819ac96f4e,Professional,2026-08-04,0.6
95942a06-9036-4678-b73f-0536a2d8fc72,Student,2025-12-03,0.15
73cca918-cea0-41bb-931d-58883bb09ed6,Enterprise,2026-01-10,0.85
2338e4a6-56bd-4e1a-b7ab-f13d83e46188,Professional,2026-07-20,0.6
8e833919-3df2-47d0-9316-386cb5a252f6,Student,2026-06-13,0.15
1e2391cf-ec65-47d8-84ee-f59bd34160fe,Professional,2026-06-17,0.6
bd1bc85f-f83b-45c3-b1a9-d09f5a9e10a3,Professional,2026-01-07,0.6
f71bc181-9497-4f5b-9a76-464eec797c73,Student,2025-08-27,0.15
983e2504-669f-4aa1-bbe7-7932abf52a83,Professional,2026-06-02,0.6
91726ff2-b3ab-411c-a144-6ce8dab8430e,Professional,2026-01-01,0.6
a3652a2e-a8af-4130-abc7-c1dad48d7d1c,Student,2026-01-14,0.15
b8335a46-5361-4265-8733-d23abd549404,Professional,2026-01-21,0.6
4976836d-7433-4467-a789-cf30ac8773dd,Professional,2026-03-09,0.6
d948efb3-9d16-4706-97b2-682a4e49b4f7,Professional,2026-07-14,0.6
5f9e134b-4999-4180-ad23-a09c54752892,Professional,2026-05-21,0.6
8fd4cad6-0b3f-4f22-96de-09668060fead,Enterprise,2026-05-04,0.85
910224de-61bb-4aa7-9b02-7f3ba3cd1c79,Student,2025-11-21,0.15
d3dca6ef-5621-491b-8c40-dd03fb4f32aa,Student,2025-10-09,0.15
5eb42ac6-d72b-4cf9-a3aa-cee0facc483f,Enterprise,2026-03-18,0.85
55f3fffa-0d34-45cd-ad4d-3be80f50e307,Student,2026-04-28,0.15
f91bb537-b988-4870-95e8-df8c44cf6584,Student,2026-03-17,0.15
663b5635-cc66-4a31-8839-b3c02a0c0ee6,Enterprise,2026-04-01,0.85
77b4289c-0915-4904-96f3-86d7536795c9,Student,2026-02-27,0.15
6a9b9410-df2a-4ab3-8ade-508380f4321c,Enterprise,2026-01-14,0.85
28ad2546-5dad-443c-98ea-81e3ca7e973c,Professional,2025-10-21,0.6
7a4a0d28-0a4b-437f-9a64-d523f0551f0f,Professional,2026-03-11,0.6
dad581fb-7f1d-464b-8580-71327475a4f5,Professional,2026-01-13,0.6
83bf388f-637e-4ec9-bdf9-a7a93e047b64,Professional,2026-03-28,0.6
3b3dab74-3b4c-41ab-a450-37948fe0965f,Student,2026-02-17,0.15
ffecb5e0-6adc-4a83-acd8-34f8e3981edf,Professional,2026-07-27,0.6
1d575784-e2d2-4779-a1f9-7897bf02a0e0,Student,2025-09-22,0.15
fe619360-aa66-48b0-952b-6743f497ce90,Student,2026-03-16,0.15
49b8ccce-0e4a-48ba-b5ad-fec774798cba,Student,2025-11-04,0.15
18e3339e-33fe-4dd1-bc86-7bdf4a8a2000,Student,2025-12-14,0.15
8c1a9faa-62be-41ae-8ff9-8c135538aa61,Professional,2026-07-21,0.6
33c6e785-12eb-4510-90a6-a5e54cd80dac,Student,2026-05-07,0.15
bdb46c7c-ce36-4956-96dd-eb3c8c60345a,Professional,2025-12-23,0.6
2031e52c-ef2a-4e5e-8c13-20a82991d01e,Student,2025-10-12,0.15
4eca739d-675a-440d-851d-271258ede0fd,Student,2026-06-15,0.15
5809c727-35ad-4248-8283-4c9f40a7f131,Professional,2026-04-13,0.6
f4568a30-853a-41e1-bf9e-f1d6a965c761,Professional,2026-06-18,0.6
57685738-1a47-4503-bde2-17d4a6419366,Professional,2026-04-24,0.6
5170be5d-a9b4-48c2-9745-c6ff9807e479,Student,2026-05-07,0.15
91f4e4e5-0670-4355-a863-3990f9161dd5,Student,2025-10-29,0.15
547b3eb5-b069-4a8d-8b48-535103079583,Professional,2026-01-17,0.6
62aef2dc-be6e-41b9-b8b6-5d82b38b6f08,Enterprise,2025-12-16,0.85
5facc20c-e1e0-44ef-924c-6294b68822bf,Professional,2026-07-22,0.6
ef19ba17-9ed2-4089-b79a-bd1f2eeb8cfb,Student,2025-10-28,0.15
9db0804d-8a5c-445e-b68a-df0eeb640ee9,Professional,2026-06-28,0.6
8c57e512-9d0d-404a-868c-5f0ad9895425,Student,2025-11-23,0.15
464dce44-d280-4373-9129-2bb9692d2a9b,Professional,2026-06-11,0.6
15551052-6f44-4502-b49f-fc30dd444da4,Professional,2026-06-12,0.6
ea8002ae-43b9-4917-ba0d-bfc972ad812d,Student,2026-07-13,0.15
c6a479dd-64e7-4d3c-8add-d87154229e6c,Student,2026-01-05,0.15
0c3e9746-a537-41d6-8953-b5793d0d1b93,Student,2025-11-14,0.15
9239c46e-581e-4f25-af99-5f96387e2ff8,Student,2026-06-16,0.15
6b8dbfaf-dc05-43e5-bd03-ffe96d5f9fd5,Student,2026-02-04,0.15
ee794ddd-4823-4f33-9508-c24931727c48,Professional,2026-01-16,0.6
eb5f17b7-f98c-4eac-b05f-9acd06fc5af8,Student,2026-06-05,0.15
d9751eb6-9a7b-4b5c-8a4e-0b892e69f721,Professional,2025-11-13,0.6
317ca5d7-a50c-443c-a850-8fd6000a165a,Professional,2025-09-13,0.6
ef444d11-494f-45bd-ba19-65567b3e572f,Professional,2026-07-15,0.6
30ce43a1-5b71-403b-b6d2-bbfc963bd421,Student,2025-12-28,0.15
4a95e82a-0884-4513-a2e2-e8033a5605f8,Student,2026-07-25,0.15
642f551f-b416-48d6-bb2c-d90a3713c961,Enterprise,2026-02-11,0.85
05b9e1ed-388e-463a-8c75-aadaaf5203c1,Student,2026-04-02,0.15
69cbb77c-54ef-4773-83f1-644c480a8965,Professional,2025-10-07,0.6
929f7979-99ef-4a0c-b2e6-d6e931ee6c11,Student,2026-08-01,0.15
883e069b-53ad-430e-bda9-5d920835bc71,Student,2026-05-12,0.15
765dc68e-2836-40c9-a669-12420c80642d,Student,2026-06-26,0.15
bde35543-49e9-4785-b477-a0c94dd3f85d,Professional,2026-08-10,0.6
61b08876-1470-4a0c-9475-d2f72b4d01bc,Professional,2026-02-09,0.6
af202477-5686-4b8b-bf68-b3d1d5da48ef,Professional,2025-09-15,0.6
8fb8d75d-3102-4b1c-950c-be0551f46a27,Student,2025-11-09,0.15
7bcdf954-4409-40eb-a347-b4e087e6e017,Student,2026-04-02,0.15
6691252a-1412-4ffb-90e7-59a317500720,Professional,2025-09-09,0.6
7e2d9d72-fa21-4db4-a3ac-edc4a680d327,Student,2026-03-04,0.15
91fcbae6-9bfa-41be-bfff-aada89f691d9,Student,2025-09-24,0.15
33721fcf-9f74-4985-a5b1-5ddfe76f64b6,Student,2026-05-06,0.15
29c89242-bbfb-4021-bffd-ded2ae96952a,Professional,2026-03-15,0.6
046d3494-7478-4dd9-9c34-f01f928f976c,Student,2026-01-09,0.15
2daf3272-804c-42fe-bbbf-63302c1e86b2,Professional,2025-10-21,0.6
00fc7a8c-0b54-4857-b5de-c742f76dc7c6,Professional,2025-11-13,0.6
74c2f829-b75d-4806-9681-5fafd65df3dd,Student,2025-08-30,0.15
9a5b202a-a732-4ad3-9fec-516c114995da,Student,2026-03-13,0.15
05f583bf-1328-4c55-a3e0-e805e8f7c551,Professional,2025-10-20,0.6
e3a168b5-8300-41b1-9e3a-bcfa69788fff,Professional,2025-09-15,0.6
79b92662-73c8-452e-8f93-b08d64fd3511,Enterprise,2026-07-04,0.85
3af318ef-a907-41cd-a66a-b3f6b38ee3cc,Enterprise,2026-04-02,0.85
6721c9b9-8c27-4e62-83e9-88323441c2d0,Student,2026-06-15,0.15
1051fa0f-c8f5-459c-86e7-875a814bcb54,Professional,2026-08-22,0.6
c6928fb3-1218-47c9-a4ed-007397e3840e,Student,2026-03-12,0.15
4ce559b5-75bb-4df2-a7b4-3682bf2c8b65,Student,2025-12-22,0.15
e6fb3b2a-3dc2-4ae2-b5fc-43865aabe474,Professional,2026-03-20,0.6
3e76cbdc-293b-42eb-87b8-c47dd95a1093,Professional,2026-01-24,0.6
f13c7a3f-650f-437f-8cbb-795c85422445,Student,2025-12-22,0.15
1289765b-7a1d-43ec-842a-b344e5d052a1,Professional,2025-11-22,0.6
effa99ce-9cf9-485c-8acd-deedc66ac46b,Student,2026-08-04,0.15
3cc617fd-1aff-4352-a96c-cc3eba4db841,Student,2026-08-08,0.15
311d95a5-fea2-4e74-9f4d-4718e81a1662,Student,2025-11-28,0.15
8139c657-6bf2-47f9-bd33-cc84756b718e,Professional,2025-10-23,0.6
b08c0ec2-f175-41cf-ab2a-d98ed1cbd991,Student,2025-12-06,0.15
ad3d3a99-e3d4-4b90-bda4-c7900902d92b,Enterprise,2026-08-19,0.85
e1d734c8-c64d-4e81-a826-93c1abee409e,Professional,2025-12-05,0.6
e5f458f0-ef32-4e57-a13a-39d5ef1a3ca1,Professional,2026-04-18,0.6
4b140ab8-4a92-407e-94b6-65d0627c892b,Student,2026-07-29,0.15
c5a0ee4c-97fe-45e6-86b3-bfeb520160fc,Professional,2025-10-15,0.6
8b5062a2-c855-44eb-88b7-9324255baf37,Professional,2026-08-08,0.6
5932b77f-2967-4670-95ac-850a174785e0,Professional,2026-05-16,0.6
65e1ba89-181f-4727-8a69-ed657259f8f3,Professional,2026-01-22,0.6
fbf60933-9a2c-4d18-9135-4ad3da4451d6,Professional,2026-07-27,0.6
c529fa55-7286-4f34-9778-2248f6d81913,Student,2026-07-02,0.15
ab81ea79-fced-4697-9f5e-44722d94b215,Professional,2026-04-30,0.6
8ec6fea6-f33f-4735-84ff-96a2f90d5059,Student,2026-05-03,0.15
44a23319-1bbe-4fe2-92d0-07ac3435be6c,Student,2026-03-14,0.15
ea6a01cb-dde5-4d56-8cab-709aead2c6fc,Student,2025-11-05,0.15
519c0b05-25ce-427c-91ae-114b4116ac4f,Enterprise,2025-12-07,0.85
158d0efd-29ec-4cfb-97f8-d3a9bbb4b654,Enterprise,2026-07-04,0.85
02af0ae1-0094-469a-89b8-734d39397672,Professional,2026-01-13,0.6
f4e87333-9ba4-487b-b9ac-be6783a65f0c,Professional,2026-04-02,0.6
3f0e7ada-7b57-4d89-b350-f32ed232adfe,Student,2025-10-29,0.15
c2109f73-d859-4c8d-bd36-0061de23e708,Enterprise,2026-03-06,0.85
c0cf8047-35df-4f47-8cd3-1fa4a3c3faa0,Student,2026-01-23,0.15
c9962cf6-9a7c-4b3c-a389-bff02b1212c8,Student,2026-06-16,0.15
4ecffa21-e315-4d3e-92a1-e17e965c5796,Professional,2026-03-27,0.6
06182574-4da6-4dda-9d5d-b06f984c9a4c,Enterprise,2026-04-29,0.85
8929f498-62cd-499e-b472-c224b8739bc9,Professional,2025-12-12,0.6
cc04ca71-ca93-4c10-8064-3968df4c628c,Student,2026-06-19,0.15
57bb9838-1e32-4fad-ac1e-0a0a2d3ed20b,Student,2026-01-31,0.15
4169531e-368d-41b3-ab12-bba47fabefbe,Professional,2026-02-27,0.6
a2d7611d-c802-4b98-bc10-d63594bf7f6d,Professional,2026-06-12,0.6
903abee4-06db-4e3c-87b1-f8aaf8d74f2b,Student,2026-06-13,0.15
04621017-3b39-4f39-bf84-f5fb5f1b05f2,Enterprise,2026-02-27,0.85
eb3be953-01d1-4c1d-a8ab-33200dee92f4,Professional,2026-05-04,0.6
7f13f330-3507-4db0-956f-610f64e31159,Enterprise,2025-10-20,0.85
84f06075-9d39-428b-a94e-e6e4abef0572,Professional,2025-11-30,0.6
6b2cb108-1ba4-49f2-a535-8ecbc900f365,Professional,2026-05-20,0.6
a4619a05-2ff9-41e4-a041-e8b8c374ce26,Professional,2026-08-18,0.6
e389e71a-379c-4dcd-acda-8439ea75f3ee,Professional,2025-12-09,0.6
84c31600-af42-44e7-9379-fd6a1e2163aa,Student,2025-09-01,0.15
197b3339-122a-49f6-9894-2ae3e4ee8574,Professional,2025-09-12,0.6
36357210-4cc6-42d9-962d-aa0bc3c4e4c1,Professional,2026-04-01,0.6
5a21e295-8427-4523-ba96-3379adfa7065,Student,2026-04-27,0.15
87f96880-c64b-4e82-9621-c029fe14638a,Enterprise,2026-07-30,0.85
cb050038-ce87-4077-9ad2-5974bf0cea13,Professional,2026-07-16,0.6
b738d028-39b4-4d78-a74a-c23a94d25540,Professional,2026-04-11,0.6
1ee37aeb-8ee4-42ac-9c1e-1ee455776f12,Student,2025-10-30,0.15
3145bc7d-8a39-4579-adc3-363028b7be5e,Professional,2026-07-25,0.6
9834b931-b83b-4fb7-a544-67e390a2a5f9,Professional,2026-07-29,0.6
47f8257c-ed45-4bf8-8eda-720305768a47,Professional,2026-05-20,0.6
7aa9b62f-8262-4e44-9b84-14c86b1cfeab,Student,2025-10-29,0.15
d006ff5b-69eb-4abb-95f4-da693a2ed071,Professional,2026-01-25,0.6
aee2280a-f2e9-4875-8639-0d2a39fe51c0,Professional,2026-04-04,0.6
f6240069-ccb1-44a0-9381-77891ecb6a17,Student,2025-09-23,0.15
e51a18a0-05da-4264-83a3-3651190f87c3,Professional,2026-05-19,0.6
3ac9345f-62bc-432a-a045-99c58061f0e8,Professional,2026-07-28,0.6
a37daabf-d422-4b8c-a35f-08d393b6cff9,Enterprise,2025-11-25,0.85
d0548a57-afd4-4d57-82f8-a10e6de71a1a,Student,2026-02-04,0.15
0115d298-2ba2-4ef4-8375-305782494f0e,Student,2026-05-29,0.15
a42b0858-a9e1-47bc-9f98-35ec06b19176,Student,2026-06-05,0.15
bd82eb94-75db-4960-b359-090cecedbed8,Professional,2025-10-18,0.6
8519f022-f19e-404c-89ee-981d5f7f0a37,Professional,2026-05-05,0.6
b7b35607-0198-4b10-addf-ea9cc1cf5ec5,Student,2025-12-24,0.15
21f9dfe7-37d0-4024-8194-4894fa208bea,Professional,2026-08-22,0.6
8e036e46-ac31-4221-bb80-8113d53c3914,Professional,2026-08-04,0.6
94fc150d-0047-4bd8-b387-1f63267fb537,Professional,2025-09-16,0.6
fbd097d4-2492-47b0-9824-b89e98402be6,Professional,2026-02-04,0.6
c6c4f0c4-3735-4f58-883d-c2f42495096d,Professional,2025-10-29,0.6
a26b12ab-03dd-49bc-babb-8d6bfbd8efcc,Student,2026-07-31,0.15
82bcb33b-bb28-4f69-8dce-a97c684c5d41,Professional,2026-04-26,0.6
a0afdba5-b0bb-4e73-a2a7-a14706af9b64,Professional,2026-02-06,0.6
8ca3e204-f84d-409d-952b-994325c1ba5b,Professional,2025-09-14,0.6
76b7fdf6-e89a-425e-b405-9ff834a72d2c,Professional,2026-04-10,0.6
e451fc1c-ff0e-4be7-adc5-9bca714a0937,Enterprise,2026-08-15,0.85
59933b17-1f06-4d4f-aeef-ea11f032a798,Professional,2025-09-13,0.6
ac1169d5-ff64-4ef6-8e51-2c27b97b109a,Professional,2026-06-26,0.6
25fdacf6-48d1-4fb1-ab04-040e0ddbe011,Student,2026-05-10,0.15
1b1b698e-069d-4ecb-ba3a-94e64b5d9969,Student,2026-01-16,0.15
f7588688-cc06-4830-9729-f52702fa5420,Professional,2026-04-14,0.6
edd0c5d3-c828-48d8-b5dc-1c03299744c9,Professional,2026-06-24,0.6
e949b4db-2b41-4d58-891b-4e729006831a,Professional,2025-10-21,0.6
ea655e1a-cf2f-4019-8654-1f1a17912e37,Professional,2026-01-21,0.6
24643205-89b7-4e22-a731-8859765ffb41,Professional,2025-09-12,0.6
6ab0236c-6b2c-45ea-b6c3-85b1524839eb,Student,2026-04-02,0.15
cd629395-de7f-4aad-976a-b1cdfee3c2da,Professional,2026-06-22,0.6
2603cc8c-3eec-4488-b18b-7fc77c379d7c,Professional,2026-03-22,0.6
34383625-0049-4a6a-9d8c-64408e94030d,Student,2025-10-09,0.15
cdedef00-9d38-420e-b4c9-4227772608a5,Student,2026-06-30,0.15
1b64316f-ca83-40ab-960d-9930ca717f2b,Professional,2026-01-17,0.6
c4943280-7f78-42aa-b8c9-8cd4f815444e,Professional,2026-05-15,0.6
b01a1763-9730-4c23-8823-7b7462316963,Student,2026-01-01,0.15
5a70a8e3-be32-4594-9c68-af75c9c24792,Student,2025-10-20,0.15
e0918a88-0b45-4ca7-92a2-652c3ee17dab,Professional,2026-06-09,0.6
5cecfac5-c4b1-4921-bd25-48e330e11be0,Student,2026-02-01,0.15
44d604ee-3558-403c-bc85-b97a4e429207,Professional,2026-01-07,0.6
0b857a0e-6e93-4f81-a6a1-75e9751cf279,Student,2026-05-09,0.15
d41a62db-fe8a-4c43-9472-05c63794dcfd,Student,2025-12-17,0.15
1ef680ac-9b4d-4042-aae6-91620f7b0513,Student,2026-06-07,0.15
30ced52e-37ac-4dba-8f16-dfa265ec3724,Enterprise,2025-10-31,0.85
8a58d495-377f-4486-a8fd-5de79de00ed8,Professional,2026-05-15,0.6
bec56fc8-5f55-4ebe-ac8c-56faf34e851e,Enterprise,2026-05-05,0.85
70116d32-2510-4c49-9f3a-acd6fe5deff9,Enterprise,2026-08-09,0.85
9ae43c26-ea0d-4211-8b9c-fc2158d96147,Professional,2026-04-01,0.6
1757aaef-147f-4da2-b9a8-8147940efa9e,Professional,2026-08-23,0.6
8ba3c95a-0411-4643-815e-0e00620483b1,Student,2026-05-23,0.15
e23a4809-5cdb-421d-bcff-3c0f275a38d3,Professional,2026-05-06,0.6
b5a4aab3-4409-4ff3-924d-9c9269250f86,Enterprise,2025-08-29,0.85
eb9adad4-5446-4861-9a1c-e384dd7ad9e7,Enterprise,2026-01-17,0.85
5ed10939-d5ce-428f-bab1-ce5189e9fbcf,Professional,2026-01-13,0.6
8ce69457-b046-431b-a700-fb9da0275838,Professional,2026-06-21,0.6
747b6370-104f-4870-b785-8766e2f6cc35,Professional,2025-12-08,0.6
b8fbbf8a-df7e-4779-b19d-6deaf038d253,Student,2025-11-12,0.15
4475596b-28d0-4832-aa98-22029b958af1,Enterprise,2026-01-26,0.85
536172d9-3951-40a2-a2c6-3d63a43a5040,Professional,2025-10-19,0.6
af11f26c-f489-46fc-b8f1-eb9695245bb9,Professional,2025-11-27,0.6
51b1a66c-b61e-47f8-9ec1-4a5c7dbd1d82,Enterprise,2026-02-26,0.85
70df478d-9270-40ca-880e-357c25b30828,Professional,2025-10-16,0.6
9f959d79-dd22-439b-b7ca-fd36ea848dd6,Professional,2026-03-15,0.6
b38c107d-259e-449d-ab16-4d6b4c8f725b,Enterprise,2025-09-12,0.85
358a57cd-447b-433c-a88d-c71a97fd3a8e,Professional,2026-08-11,0.6
7f8efc85-9367-47ec-ac24-ae1f369f2dfa,Student,2025-12-11,0.15
707a9852-0b6b-4a9b-a301-4a039c6b109a,Enterprise,2026-03-26,0.85
a29699f5-b1c4-40b9-9c1a-984641f48270,Student,2026-03-14,0.15
7b06c8fb-4ba9-4d44-86eb-63aecfce573d,Student,2026-04-10,0.15
df465193-a538-4a4d-ae61-240aa97c43f0,Enterprise,2025-12-26,0.85
462b32a2-964d-415b-b3c1-b6f6708c7cb9,Professional,2026-02-04,0.6
f1b60682-63aa-48d8-8802-fd8bc50970de,Student,2025-11-20,0.15
2d533b98-d326-4c54-92bb-ba3f9dcd0480,Enterprise,2025-09-28,0.85
a17784f2-b2d3-4416-9fac-2d720f5e4f8f,Professional,2026-03-02,0.6
a87a9335-d827-47c9-8944-7d480578b595,Student,2026-04-04,0.15
891d0961-e461-43d5-99d2-6bd6452bc502,Student,2026-06-19,0.15
66c54ac6-5393-4869-ab4d-d95f5cb1197e,Professional,2025-11-29,0.6
6bea3150-127b-4b80-8926-d573cb5d7344,Student,2026-07-15,0.15
41465350-d04d-4a36-842c-5b41fe83361d,Professional,2025-11-23,0.6
2e67a25a-58cf-4e30-a8ac-84f9e033262f,Enterprise,2026-05-31,0.85
ad056e60-e967-4a6a-b61c-e66981e8f867,Professional,2026-02-14,0.6
10ead9ef-3672-4e82-bbf9-ca494336a755,Professional,2026-07-25,0.6
63208e80-287d-4b33-801c-1301a08fd1b7,Professional,2026-05-10,0.6
8836986c-9578-4b9e-ad08-7d10cdad2c37,Professional,2025-11-22,0.6
60cfe393-5f94-4235-8afd-436a448d95cd,Professional,2026-05-31,0.6
5ca5e6a2-76d6-4ba7-b640-5b0132cf9b0d,Professional,2026-06-04,0.6
23974254-59cd-4d6b-8a4a-fdbc5ef4ac85,Student,2025-09-16,0.15
3f6b21c3-470b-4e8c-9ee6-8639a4dec339,Student,2026-06-12,0.15
1757ed4e-3ea6-416f-b4f6-ad7cf0c8574e,Student,2025-12-12,0.15
f5fa6a90-ee72-44c5-bae4-d29298688636,Professional,2026-04-10,0.6
6eca8053-b96a-47fe-b941-e604f15a82c8,Student,2025-09-04,0.15
c0bbe96a-3cab-4aa4-8cc3-e82be8e342c7,Professional,2025-10-21,0.6
23d22d3d-6710-4083-9ccb-229f3288ae40,Professional,2026-07-23,0.6
65d0cd22-40db-43de-9e23-7e3fc0b6025c,Professional,2025-09-28,0.6
38032e34-150f-4174-829b-efc8c94d5b8d,Professional,2025-10-09,0.6
403165d5-cfdd-43e6-847f-5af2bdfe2215,Student,2026-01-05,0.15
3ab6b894-a020-48e4-80b5-ba0303082936,Professional,2026-04-18,0.6
561d69c8-028f-48b2-ae71-525f5b88258a,Student,2026-03-08,0.15
37b7b9a3-8f2e-4853-8adf-bbde5eb14760,Professional,2026-07-30,0.6
6785399c-0b67-48a8-9113-f775638ee145,Enterprise,2026-06-19,0.85
be051768-1f15-4f95-ac72-6b25993c2d25,Professional,2026-07-30,0.6
1342eceb-af14-4bdd-b368-a667e970c4ff,Student,2025-08-26,0.15
06c55d38-ef84-4e54-bc59-52bb5f243933,Student,2026-07-17,0.15
7fd889b8-310b-4988-9315-316a65130570,Student,2025-11-21,0.15
fffba689-78b9-4998-8737-368e451afe06,Student,2025-10-25,0.15
ef78f11e-2ed8-44f5-b7be-10c89fa82fc6,Student,2025-11-06,0.15
01491896-0ca1-4e49-9db6-21f56dcca51a,Professional,2026-01-04,0.6
35c0f73a-6111-4c8d-9146-7dd361ad8fd5,Student,2026-04-01,0.15
713110de-2e3a-4dfe-8c7c-e8e3d37cf273,Professional,2026-04-13,0.6
a252df51-20e6-4826-af30-06893d3e219c,Professional,2026-07-28,0.6
44599fe6-9002-4671-a336-706bddfb2c13,Professional,2025-12-27,0.6
8faf13f0-72fd-4eb7-928a-801670a2d5c7,Student,2026-01-09,0.15
d2c2cfe3-43cc-4ff4-9382-48afa9e511d5,Student,2025-10-26,0.15
adeea9e0-edf7-4220-b001-472f56e737aa,Professional,2025-08-28,0.6
e6a7ed7d-abc0-4d92-a0c8-687eaaf8f31e,Professional,2025-10-01,0.6
c4916d01-49a6-429f-9095-64efa8964f00,Enterprise,2026-02-02,0.85
e869987c-160e-4aeb-a2be-edb8be367a81,Student,2025-09-13,0.15
6f4a62f4-e9ad-4f5c-9cda-0c045c5c6340,Professional,2025-09-25,0.6
672d51dc-aafb-414e-9cc4-dc3833bb38d1,Student,2025-12-17,0.15
6712fa5d-927d-48bf-aa46-ea1953e0a8ff,Student,2026-07-06,0.15
d5033305-a061-499b-82a0-9ad8e9ffcfac,Enterprise,2025-10-19,0.85
ce794ac6-16c0-4dd2-8eca-986af4cf81bb,Professional,2026-01-17,0.6
fa562a8a-9f2a-411a-af4f-b8fbe38930a2,Student,2026-08-05,0.15
5e4a37fe-8512-4149-b444-3e881388964b,Student,2025-09-04,0.15
b00e6eb2-ad1e-495a-92e3-b471d3c5dde9,Enterprise,2025-10-17,0.85
129f9574-47a6-4361-adb0-2bac9f2c9e47,Professional,2026-03-10,0.6
e81bd9cf-74f5-4d4c-8ebd-8f4796dfa46c,Enterprise,2026-06-18,0.85
0c57462c-d2ad-459c-a937-4486d28110e2,Professional,2026-06-02,0.6
8a49554b-501d-42d5-82a8-a662642343fb,Student,2026-01-30,0.15
bbcd84cc-17f0-4267-90de-b4f5d4a4d3b0,Student,2025-10-12,0.15
1db20919-848c-44d4-bb8d-50383aec0d4c,Professional,2026-05-15,0.6
81bd1a56-d5f5-429b-86d7-85a27ee4f566,Enterprise,2026-02-07,0.85
45aab856-e70a-4718-bfe7-c409358ff081,Enterprise,2025-10-08,0.85
5a31c6b6-cf5a-498d-bf8e-04282dd0d986,Student,2026-04-16,0.15
5b79d178-e9dc-44f8-b3eb-5642b680d2d2,Student,2026-06-21,0.15
12b15e18-5623-422a-bb80-aa38b946d96a,Professional,2025-11-29,0.6
c19c0a4e-274c-452c-8297-159672310e14,Professional,2026-04-05,0.6
38e147c7-a6d8-4944-9bea-01dbae69b005,Professional,2026-03-10,0.6
8b6d7c11-b93a-4cdc-b90e-50c42e3ff4c5,Professional,2025-10-18,0.6
ca278cdc-da47-40a5-8274-6f03d7fdbfa8,Professional,2025-09-04,0.6
68b5de70-9e0c-4be8-9211-ef1a882b25a9,Student,2025-09-30,0.15
6c99aa31-7f3e-438c-9fe8-646d146c0629,Professional,2026-01-06,0.6
7a08dd4e-3618-495e-81f8-c805172bb68c,Student,2026-01-30,0.15
1b7cf65c-0f62-49f9-bbe7-d72f93808b3a,Professional,2025-11-19,0.6
c6a8f71f-af45-43ff-b757-3cb2381be335,Enterprise,2026-08-04,0.85
a25270bf-187d-4aac-b525-b8a10a3ea685,Professional,2026-01-19,0.6
4c5e2e74-0489-4d07-90c0-5d84faada503,Professional,2026-03-16,0.6
5ac67f7c-4ecb-4ec7-b3e9-42ab997d3827,Professional,2026-01-12,0.6
8565b953-3600-453d-8876-4dbb99dcc03d,Enterprise,2026-05-10,0.85
5d678d06-7f8d-42f1-a8e7-de602e9b54c8,Student,2026-05-14,0.15
fe98f689-2c16-4ff2-9cb0-a81b4a9c8bcc,Professional,2026-04-13,0.6
c3bd48b4-2a9e-4b04-a257-51bb95b292c3,Student,2026-03-23,0.15
0be1255a-5536-46cb-89f0-b0ab9e4be45b,Student,2025-12-18,0.15
332f7065-80f8-41c5-aa16-1e9f9a62c62b,Professional,2026-05-30,0.6
4c222093-61bc-46a3-a94e-d77c58c2f72b,Professional,2026-05-29,0.6
48e15f57-7f20-4e03-879c-9876409f21de,Student,2025-10-05,0.15
17c4b948-e280-4fa6-ab2e-cab8f3b11305,Student,2026-08-08,0.15
b9b63979-fb21-4ba4-b0a7-42621bb24598,Student,2025-10-19,0.15
7407035c-3d1b-4645-b778-6598dda7b14c,Student,2026-01-03,0.15
e8c1728f-1a18-4be7-b826-ce7c7e28f92a,Professional,2026-07-04,0.6
cee68b98-b895-42e8-831a-e6f553936bfc,Professional,2026-05-05,0.6
3440bb76-e8e5-4d8d-8808-48457493fb2d,Student,2025-08-30,0.15
cb978099-869d-4cae-bbb1-8ffbc034e8bd,Professional,2025-10-15,0.6
5e89ce3d-dec8-481a-bba7-96508bad98ae,Professional,2026-02-20,0.6
4677093c-30c0-423e-8553-bb832396961e,Student,2026-05-25,0.15
ef539ed8-b5c9-425a-98d6-7f78af93bb21,Professional,2026-04-01,0.6
cefeba88-a28e-4034-9116-7a9a0629d5de,Professional,2026-02-03,0.6
fab68af9-d009-43a8-b09f-441e3c9fa0a2,Professional,2026-03-26,0.6
ce437834-f4f4-4ecd-a4dc-1526c6c71e33,Professional,2026-03-21,0.6
7097326e-3d7c-41e4-8e5d-c05c7f81d368,Professional,2026-04-14,0.6
bc61c9bf-1786-4075-b801-cac1bd751508,Professional,2026-02-23,0.6
eaa17de8-2e95-4b73-9dc4-f85fb463850d,Student,2026-07-12,0.15
1f89f5ff-d73f-4196-9841-e9dab4f6eeb8,Student,2025-10-11,0.15
bb41767c-0cc1-465f-a5ca-b79b14e9a347,Student,2025-12-27,0.15
b3717976-e47c-483c-808e-3db1b4b7d83a,Professional,2025-12-31,0.6
4e077554-cc04-4183-aeff-a965dfb0e095,Professional,2026-01-16,0.6
edc01dc9-98d9-4b55-adb3-d993508c91e6,Student,2026-03-01,0.15
b6b516e0-1ce2-414e-b5a0-c8a19b46b3bd,Enterprise,2026-07-18,0.85
02e558c3-41ed-4644-9300-ffef427e1f4f,Enterprise,2026-01-02,0.85
54293c94-a25b-47ec-b35b-2c7ebb43ffed,Student,2025-11-04,0.15
ddadb3d9-f8cf-4aa9-a854-94a2b5da48da,Student,2026-03-06,0.15
b81bdc5c-b4d5-47b5-831e-cfa1e96b4b7a,Professional,2026-06-21,0.6
e9a31c08-becb-4e31-a7ed-55472862b4b9,Professional,2025-12-24,0.6
17950154-2fdb-48c2-8878-971f18fdb8f5,Enterprise,2026-04-16,0.85
2042a0d9-c4d9-42a2-ad91-20aceee28187,Professional,2026-01-28,0.6
53674dcd-d0a8-43b9-a44b-64aee35c3b11,Student,2026-05-04,0.15
f4a22681-51db-4cd0-98d0-07cc6b84c90a,Student,2026-02-15,0.15
ad7ac13f-336a-4594-96e0-26f12565f92c,Professional,2026-01-19,0.6
3033b9a2-25c3-484b-848b-19fef568c2c0,Student,2025-11-23,0.15
0e416aac-a102-4401-9815-5028b4210bb9,Professional,2026-03-20,0.6
aabe9e63-cfdb-46f5-a844-f6c5df8f0dfc,Professional,2026-08-11,0.6
799c67e1-46f6-4a1c-94dd-89707f7d85ac,Professional,2026-05-27,0.6
472c51cc-78c1-445f-adf2-25428cdff20c,Student,2026-07-15,0.15
f79a7422-1cdb-42de-8326-b18e52bf62cf,Professional,2026-04-09,0.6
57f40108-5a72-47dc-a866-de2d5663311a,Student,2026-03-16,0.15
d05d3b10-0f0e-4b73-bf14-49bec9136df0,Student,2025-11-01,0.15
76f0762d-3615-42ed-b42e-c89b40aa84b6,Professional,2025-11-27,0.6
13a85e83-5b5a-4925-b812-5a880309f804,Student,2026-03-22,0.15
6a70fd26-806c-417d-87f4-d87f5a14453d,Student,2026-08-15,0.15
bcc944c6-a126-4d6e-9502-9c70fba85665,Professional,2026-02-05,0.6
4fff6a21-8634-420e-bb2e-427f1ea6fe27,Professional,2025-11-23,0.6
0c0bf96b-cf22-48b8-a6d7-63b2c8c68fe2,Student,2026-02-22,0.15
128a3e10-86ce-4837-965d-b81d66d68f65,Professional,2026-03-27,0.6
f00ff9f1-0b56-43ee-ac19-e18c9ba01287,Professional,2025-10-20,0.6
c0f087a4-75a7-49f7-bf7c-b3553d07897c,Professional,2026-07-26,0.6
eb485886-a34b-488b-9a30-54b6c92edf61,Student,2026-03-08,0.15
d2cb2c13-6923-4158-bf60-6ab16819f7a2,Professional,2025-09-15,0.6
07d3e3bc-a924-4238-8ca6-b870369f3a49,Student,2026-01-09,0.15
f4d00094-9f32-41bb-8323-8c634954f020,Enterprise,2026-01-14,0.85
611f2640-efc9-42f5-8bd8-998eb371093b,Enterprise,2026-02-17,0.85
d02636cc-4d47-4037-8599-36e259b535a3,Student,2026-07-10,0.15
be54baac-bd9a-4537-a2e0-1ce9e8e0ae36,Student,2026-06-20,0.15
515f020c-1478-4210-89b6-029bdacb039f,Professional,2026-04-24,0.6
2bbb5b77-64eb-4b02-84e3-74d3eabbf9db,Professional,2026-04-22,0.6
925d0494-5bd8-4f57-8612-19e3d04c4e6f,Student,2026-06-05,0.15
9485fd6f-a827-4d02-a747-7d33371d163d,Student,2025-10-01,0.15
fa96f63e-d1c2-40a4-9b68-f0cd205c289f,Enterprise,2026-01-02,0.85
accb1123-4658-4e5d-a518-7d7ebba1f2d5,Student,2025-11-04,0.15
8ece11ed-9137-4156-9046-5e741308c17e,Professional,2026-08-10,0.6
a24d12cd-8e0e-4014-ae6d-b82a9e2ef08a,Student,2026-01-07,0.15
b6098359-a720-46c1-9e81-8c25a0cb43d0,Enterprise,2025-12-03,0.85
44c7c8d2-6c3f-4dad-9917-9ee3e86a4062,Professional,2025-10-22,0.6
b495e829-e495-44e9-a9c3-8f82611b4fe7,Professional,2026-02-21,0.6
47b18960-3a33-41a5-ba0f-f8ca28f92f70,Student,2026-05-15,0.15
7c7bef86-6085-437f-94b0-e31d5b68b193,Enterprise,2025-09-20,0.85
3727fe80-ec7d-47a0-af48-2953ee98dfc0,Student,2025-12-02,0.15
6f1e8952-9a69-45d3-adc9-c4d81a91efef,Enterprise,2025-11-12,0.85
ee5cfb4f-4771-498b-9e8e-720401254a07,Professional,2026-01-21,0.6
60299d62-763c-48e6-8e63-96e831f27d0b,Enterprise,2025-10-26,0.85
24d7e437-f9d6-47fc-8ede-f81183e1147e,Professional,2025-11-19,0.6
2bbdb858-b7f6-44ac-aab1-0e627cce82c8,Enterprise,2025-10-23,0.85
9742c1ee-a834-4069-b847-ee6739811708,Professional,2025-11-29,0.6
58d29d0d-40ac-4a8e-bbbd-a0cadc77fbba,Enterprise,2026-04-26,0.85
5e10b3f8-0589-48a7-bef7-82b95edd6d10,Professional,2026-03-30,0.6
7166a45b-d354-4307-8f4b-f4c66e48534d,Professional,2026-08-11,0.6
7c800116-6f7a-4208-bc3f-4d3fbc40f011,Professional,2025-11-18,0.6
432051a6-5f17-4354-ad26-ad6bd150df37,Professional,2026-02-13,0.6
6d200c36-0aec-4ef8-9942-a4c6c0690b2e,Student,2025-12-26,0.15
abe0a185-4ea2-4bd8-b4e8-e749423ad32a,Enterprise,2025-12-09,0.85
cd9859a1-96a6-4721-ab0d-ff5fa74cbb7e,Professional,2026-01-19,0.6
45dd9211-44ba-43a5-8053-40bafa4f4d13,Student,2025-10-18,0.15
f7b999de-f9c3-4661-ad4e-9f9308b1e71b,Professional,2026-06-06,0.6
b8288541-1249-4d7b-8945-e2d51958ff18,Student,2026-08-15,0.15
1d81d50d-23be-45f5-94ee-db0aa8de80f7,Professional,2025-10-17,0.6
fcdd29a3-57fc-4683-af0a-7b7b25b9448e,Professional,2026-05-04,0.6
f66cde42-d341-4de5-b23b-80ce8279b860,Professional,2026-03-03,0.6
97af8788-586c-4567-8dec-dbc29424d3f6,Student,2026-08-21,0.15
b57621ed-430e-4d5a-966e-14e8a3a00eba,Student,2026-01-16,0.15
45de9030-7eb6-40a0-b019-d580ff350ee8,Enterprise,2026-01-24,0.85
853934ac-8620-4a8a-bdb5-55958bc6e2b9,Student,2026-04-19,0.15
ac40e8da-1214-47b6-b0cc-bff6f92e34bd,Professional,2026-06-01,0.6
2f053488-5b89-4064-9062-e6ca2c2b4280,Professional,2025-10-11,0.6
f6571e3d-4797-408e-894f-db2467534b27,Student,2025-12-25,0.15
292af36d-476b-4dbf-85a4-6eb941439571,Student,2025-12-21,0.15
58dc70c8-4011-4d95-aae6-1dad140b36b6,Professional,2026-04-01,0.6
13a0e28a-ea11-4e6f-b475-d2b2d6e2f25d,Professional,2026-07-14,0.6
7a49dc16-bcd5-40a1-ba9b-0fae1e4f2453,Student,2026-05-28,0.15
74f718b8-90e6-4807-aa31-dc73144c811b,Enterprise,2026-01-09,0.85
e19bb939-acf6-4234-9151-607bb7efdcc0,Student,2026-06-19,0.15
8f92917b-4a02-47d1-809f-5ddac0d652fe,Student,2026-05-18,0.15
fdb64528-4e9e-478a-b1c8-014707bad6e2,Student,2025-09-17,0.15
b815b78c-f49c-43bc-837e-0595038d2154,Professional,2025-10-28,0.6
a0834089-91ae-4ef6-b695-37b423b7f9b2,Student,2026-05-11,0.15
e6c20737-4e3b-42d5-90d9-8f235089b369,Professional,2026-04-25,0.6
d949fc19-8c94-4f3f-89aa-6974d5e34f28,Enterprise,2026-05-05,0.85
072b170c-1068-4553-a126-903363fbec23,Student,2026-03-08,0.15
3a96db4a-affe-4a75-ad63-998bc42f4e5e,Student,2026-05-19,0.15
8b9d944e-c6a2-48eb-aacf-c3ff43440292,Professional,2026-01-07,0.6
8f32a27f-6ba6-4f54-be6e-35e7a3489cb8,Student,2025-12-03,0.15
aa222bc6-11d4-46cb-b4d1-513bb7342c91,Professional,2025-08-30,0.6
5f4c830e-5722-4e9e-8a5c-ab304eaa942c,Professional,2026-08-06,0.6
b419f018-3f6c-4fd7-a779-c80e7b91f20f,Student,2026-07-07,0.15
f19d65df-a49e-47f6-97db-108542411bc0,Professional,2025-09-21,0.6
e0734e81-88b1-4aa9-bab4-805684dd9766,Professional,2026-06-20,0.6
5fdbda03-9dae-4f56-a800-90b767801592,Student,2026-06-27,0.15
3bdb497e-f860-4f1c-abbf-1ea31c1e2491,Professional,2025-09-22,0.6
b3b8ebf9-3779-45cc-b850-30d21f1160eb,Student,2026-04-26,0.15
3c56f0a9-3a57-4760-9df0-3fe46a90e25a,Professional,2025-12-07,0.6
4c05c7a7-2e21-4889-88b9-880c3c3155ff,Enterprise,2026-06-30,0.85
4b239ecb-c0ae-49cf-8df8-7954dacdd180,Professional,2026-05-03,0.6
23dc6996-9d57-4a8c-ba81-e89c05fc0eb8,Student,2025-09-02,0.15
3e72e6af-8254-409b-8586-a4f957f3b7d5,Professional,2025-10-23,0.6
aa1da737-0500-4e27-86db-b6950e1a9962,Student,2026-06-18,0.15
174ecb6d-6bb3-41bd-b34b-48728ad1c4f3,Professional,2026-08-01,0.6
97491e4b-0483-4d16-aca8-655ec1d70c26,Student,2026-01-07,0.15
e9ca47e5-5a3e-490f-97a9-801a28ca5ecd,Student,2026-03-02,0.15
6b13f48d-4aff-4c26-8885-13cc82e69a9c,Professional,2026-01-16,0.6
acad11b5-781d-4c45-b9e6-7e234769a76a,Professional,2026-08-23,0.6
9662b08b-cfac-4133-a76a-f6448ff44d99,Student,2025-11-24,0.15
aaeab445-bcdd-42a1-aa30-4482df0fdb75,Professional,2026-02-20,0.6
814e4215-0f05-4d12-b372-dd7324ff9da1,Professional,2025-11-19,0.6
ac0160fb-4071-4633-b93f-8e3a05628f4c,Enterprise,2025-09-10,0.85
720b1693-bae3-4acc-812b-06dcc5c4d57a,Enterprise,2025-10-24,0.85
927d7140-8df6-4505-832c-bd3dd0fde5bb,Student,2026-08-07,0.15
08be5c66-ccfc-412d-8750-a0b97584bfe3,Professional,2025-09-29,0.6
64bf14d7-b15e-4de9-bc52-1c024a198898,Professional,2026-08-08,0.6
28de4832-366c-42d5-8fb2-54899534532d,Student,2025-10-21,0.15
b3c3ce01-aad5-4034-aebf-8b370977ac55,Professional,2025-10-09,0.6
1b635aa1-4055-4531-90d7-4229133c6578,Student,2025-11-08,0.15
6b07d36f-e852-48f1-aaeb-31bf394dcd04,Student,2026-02-07,0.15
5285a4f1-a02a-4ac4-bd58-e16b6871ea87,Student,2026-03-17,0.15
b175d1ac-2a56-4321-a54d-68e98608bea6,Enterprise,2026-06-10,0.85
fcfa598b-80f1-4f4a-b80a-e945f87d891d,Student,2025-09-29,0.15
d373e7fd-0220-4528-91b1-c02b249f8bc6,Professional,2026-01-05,0.6
06887134-520f-4da5-ab19-17f3e7e78da1,Student,2026-08-13,0.15
ed965d4b-7e61-4118-a60d-75785f31cfa7,Enterprise,2026-08-10,0.85
f4e2b4a2-e94a-4d33-a87d-4f48e00d7d42,Professional,2025-11-06,0.6
70ffc42d-bc40-4f19-aa09-29052a60d168,Professional,2025-12-18,0.6
b77f774a-6186-4ba3-9d7a-b30914513c92,Professional,2026-05-19,0.6
54793d17-6c5a-4d6d-a69c-d14bce2c0528,Professional,2026-07-17,0.6
0fe78dde-0103-4f62-9656-79c2bd9dfd43,Professional,2026-02-27,0.6
afe7f27c-e8ff-441c-b0f3-1de36beb5d3e,Professional,2025-11-16,0.6
5dc9ec83-b521-4c06-8a85-14035f4b0008,Student,2026-05-20,0.15
84625da9-8b7c-4276-a85b-009f3829df44,Student,2025-12-06,0.15
a39cc786-9d5f-407d-a2be-fe5bf58ee494,Student,2025-12-19,0.15
70b37ca2-6691-46c2-b0dd-f8190e57d9a0,Student,2026-04-24,0.15
f353c696-98bc-4fed-8c91-38da76554d7d,Professional,2026-03-09,0.6
0f38e46c-5e1f-448a-a9c5-cb5271dcbd5d,Professional,2026-03-03,0.6
a2f1597b-b4c1-4f12-93d7-6837b74b7274,Student,2025-10-04,0.15
7d3c6a12-101d-4a6b-a666-0ed5d1e573a9,Professional,2025-10-05,0.6
8efd94ed-5b8b-49bd-af39-02dcd72253d0,Professional,2025-12-02,0.6
27e06e90-d1d7-4cec-97d3-b23fb63bb77c,Student,2026-01-19,0.15
174033d2-2565-4bf9-aeaa-f09f70a44496,Student,2026-04-09,0.15
3b3d0119-ef54-43fa-9a41-b86987ce04ac,Student,2026-05-28,0.15
6ad2c161-065a-4234-ba95-3f937415503e,Enterprise,2026-04-11,0.85
5bc8c8a4-71a0-48eb-8c89-960c175d697c,Professional,2026-05-07,0.6
b390620f-6dcd-4733-9cd1-fceaae37221c,Enterprise,2026-05-26,0.85
c9115114-7ec3-459f-a6a4-e80d67871a54,Professional,2026-02-16,0.6
faa2baac-2ee6-4693-b54d-8dac8366b264,Professional,2026-07-21,0.6
02d5fdd3-dbcf-4999-8ea8-e11c30c0b1c3,Professional,2026-04-14,0.6
14aff5db-5cae-495e-8fc2-0e903c889a9d,Enterprise,2026-02-08,0.85
8170acf1-85d9-44c1-8c2e-2bd5e9467de8,Student,2026-04-11,0.15
3dd8836d-560f-4a00-a295-7d057b18c879,Professional,2025-09-18,0.6
23d7493b-a98d-4196-a5e3-9152ca4475c1,Professional,2026-04-04,0.6
2478376f-baf4-4db1-af02-f312e850d3be,Professional,2026-07-12,0.6
acea7ca1-e4c8-4326-b1aa-9f46f937bd23,Professional,2026-07-28,0.6
53d857f3-1940-4f23-912c-5cbe81e4158c,Student,2026-03-18,0.15
23a22389-5ef5-4393-b84d-bc40a36f719f,Professional,2026-08-07,0.6
9f4a5641-424f-463c-baf1-00c23f1f2e54,Professional,2026-04-28,0.6
81eb44a0-47a5-46d1-a127-c72c8d5abd0f,Professional,2026-01-05,0.6
4e1c273b-03d3-4966-b4d1-cffd3cd05fe1,Enterprise,2025-12-25,0.85
6ab2eb60-41fc-47e5-9012-3a947dc4ec40,Student,2025-09-04,0.15
36746e60-bc4e-4e89-ae7e-48eb0a05d37d,Professional,2026-03-29,0.6
178ac8f9-5940-4ada-a486-10353fcbf20c,Professional,2026-08-08,0.6
1a923a96-1eb2-4bb5-866e-c81bbb50842b,Student,2026-04-07,0.15
de8d7915-3278-4c6f-b2b1-2c8bb56ace76,Professional,2026-01-20,0.6
aba9d3c4-555b-4a6f-ba59-9887f542f6b7,Student,2026-03-04,0.15
b9801c43-f892-401d-9e9c-2e1a639b033d,Professional,2026-03-25,0.6
b36ae11a-b4ff-4a6f-b4c3-7e4ac262a06a,Student,2025-11-18,0.15
f197f04b-3de5-4512-bf97-cf00d00b8ef4,Professional,2026-04-30,0.6
df643529-178e-4f12-b936-928d321e4013,Student,2026-03-14,0.15
0ffd4a78-ec46-4b47-9f90-805b22a81621,Professional,2025-10-07,0.6
e560ffc8-77a1-44c1-9c21-a2c893c5b9a6,Professional,2026-06-14,0.6
72c24fc9-e71a-4cdb-a2ce-06cf7b3c4fc7,Student,2025-10-03,0.15
07cc89f9-bbb3-45cf-90a7-613deaaea085,Student,2026-03-02,0.15
80d86638-492e-4792-bec3-2cc4aa3ba59e,Student,2025-12-13,0.15
731268d0-73bc-43c3-9781-fb2832ab3450,Student,2025-12-22,0.15
f3ca653d-4b90-479e-a7ac-fdf26ec1f0c3,Professional,2025-09-30,0.6
bf2e97fc-b9b5-4ef7-9123-44139885dfff,Professional,2026-01-08,0.6
bc37698a-54b0-4ac4-b7d6-1c9c6ff851ff,Professional,2025-11-01,0.6
1e3ff2d7-e85f-4735-aa26-efdad09603b3,Professional,2025-12-08,0.6
0d222df8-dd4b-4658-bfdc-aa7b3c0baff1,Student,2026-02-02,0.15
256cdd2f-0fc7-4495-9c16-2a7f065f5f86,Professional,2026-08-04,0.6
50071433-eb1d-4906-b61e-a5a1899173d4,Enterprise,2026-02-11,0.85
20c147fa-70ac-4b76-b7c5-958d6a8c79d7,Student,2025-12-21,0.15
c5ea9f4e-8c69-4695-9bc9-fe0abc8e6fa3,Professional,2025-10-05,0.6
67ed4305-a70c-4288-8cf9-b76c9d921767,Professional,2026-05-07,0.6
6c16a487-9e6a-424b-a462-469ad1e19b87,Enterprise,2025-12-14,0.85
6e0c6766-f194-4aa7-bb24-037e3503ae49,Professional,2026-04-29,0.6
779fd24f-8eaf-4491-a050-84009dd03953,Student,2026-01-27,0.15
fe3a2ecd-e09d-4abd-9859-65f0a2943770,Professional,2026-05-26,0.6
a26e3361-aa1f-4a20-bdc7-3401f0548a8d,Professional,2026-01-15,0.6
8c665963-95fe-4ab5-9f64-c3d1775b2dbe,Professional,2026-05-19,0.6
be139e11-ed4d-4a9c-8547-77d439b5f679,Enterprise,2025-11-01,0.85
46214030-0140-43dc-a8a3-5db828b6b5c4,Student,2026-06-22,0.15
b3e325b2-2462-449e-8e06-f47325c50ff5,Student,2026-06-06,0.15
7757ff03-254f-4782-9acc-26c55dca19bc,Student,2026-05-15,0.15
405002ee-3c81-4cd5-a041-e5614550cdb0,Enterprise,2025-12-31,0.85
ec972c02-fe31-4823-9d8b-fb2cf7b0d82d,Professional,2026-05-17,0.6
dff5bb96-1278-4625-abf0-824c2c5dabc1,Student,2026-01-09,0.15
78a2f980-3eac-44b0-8d44-8860e85a919d,Student,2026-08-06,0.15
0cf846d5-b995-4c0f-9dab-3a79a38c9bb8,Student,2026-04-06,0.15
9e164734-0bf1-41fa-9dcd-6149d7cc44e8,Professional,2026-05-28,0.6
0c217c13-1549-45a8-9940-e1ae9edf7cbe,Student,2026-07-14,0.15
b27bc0f1-2035-4b9a-85b3-14cfc12cdf10,Enterprise,2026-06-05,0.85
79afb483-3e34-4f60-81d0-e47c9f32b122,Student,2026-05-06,0.15
57201ed6-f739-43e7-b75a-c01f9047f46f,Student,2026-01-06,0.15
5f7ea09c-9aa7-4515-b78f-12e9ac996b60,Student,2026-04-26,0.15
67cc4445-f21c-45ba-b92d-1588f5691d6f,Student,2026-01-29,0.15
4028806f-27b5-4689-be96-26a7c5474184,Student,2025-12-11,0.15
08555079-e62c-4ffa-ad5e-004c1883dbd9,Professional,2025-08-27,0.6
66e40349-109d-489e-bf4f-ed35cde78f79,Professional,2026-07-08,0.6
3eec0dd2-ba7e-4856-97e4-2ea7027b7bde,Professional,2026-08-06,0.6
5f0580a6-8c2e-4703-81c5-cbbf9efd927d,Professional,2026-06-30,0.6
24213c7a-594f-4dc6-9301-87627aca2873,Student,2026-05-25,0.15
a61ce4ec-fd96-4071-be2c-f06616768661,Professional,2026-06-07,0.6
0aee781a-13c4-4da1-ae1c-6183b156a245,Professional,2025-11-15,0.6
c0deac99-1f81-424d-99b7-0d58273e5710,Student,2026-03-18,0.15
201fbf31-2eda-49af-859c-ff518c9973e6,Professional,2026-03-22,0.6
89328531-aa2d-4f31-9a03-942af9e67075,Student,2026-02-04,0.15
485e70fd-e4b0-4043-ae27-f4f27a46d1be,Student,2025-09-18,0.15
07107cf3-8091-46d2-914d-de01079a546f,Professional,2026-04-30,0.6
19be1f84-7581-4300-82e4-321fce965adf,Professional,2025-09-28,0.6
6ef80661-f6b7-4351-a22d-9cc9a7b50e5d,Professional,2025-12-05,0.6
a94bdaaf-2985-4c98-8983-0f160e9b6105,Professional,2026-03-30,0.6
76541f5e-e7d7-4a77-82b6-bb58f0fe0664,Enterprise,2026-01-01,0.85
8e2cd4c8-c92e-45e9-a533-7bce2cdec86f,Student,2026-02-27,0.15
5218e847-8372-426a-b1b5-1f82fe1751df,Professional,2026-07-05,0.6
fe7a208f-2c66-4b35-8c1c-a608a1245666,Professional,2025-09-16,0.6
9d8cd153-cacd-4bf2-9bbd-b3a7b4252e88,Professional,2025-09-27,0.6
7e1455f4-c429-4077-9bfc-ad58f66fbd70,Student,2025-10-06,0.15
938074d8-7733-4f9d-b79f-c4d22313f2ab,Enterprise,2025-09-01,0.85
86123e99-62b0-46eb-a4c6-facb03271384,Professional,2025-09-10,0.6
cdd8e6ef-c3c2-409a-a580-61c972a3b792,Student,2025-09-21,0.15
8dab5047-aa7d-421d-873e-48e525562962,Enterprise,2026-08-23,0.85
3d011cdc-0a6a-4c3a-a5a4-bcac74d52ec8,Student,2025-11-08,0.15
36133ca2-d8e3-45a7-a6cf-9cfb80baaf00,Enterprise,2025-12-28,0.85
405c4915-d044-43bd-9d53-03026f78970a,Student,2026-08-02,0.15
e06e0143-9218-4814-b126-d87d0aff7c68,Enterprise,2025-10-06,0.85
4cb2d818-cd54-4449-8cf2-968e2ad0da00,Professional,2025-11-12,0.6
5044f63b-ff08-4be0-9203-1da4473f6704,Student,2026-02-13,0.15
d2d1be43-7417-4b94-bcb7-4216ff3d37dc,Professional,2026-04-29,0.6
e220fde1-da37-4d64-a453-394851aa78ac,Professional,2026-04-15,0.6
cb6a5300-d243-46ed-baf6-fee49cd1e1c2,Student,2026-08-15,0.15
0ecf9e0e-ba91-4876-8866-7f038361d6d8,Enterprise,2025-11-04,0.85
178923e2-7e3d-4217-95de-86ff19c54651,Professional,2025-12-19,0.6
865426e2-6616-47ac-8aa1-926958a1faf3,Enterprise,2026-06-03,0.85
81da7ed6-9d24-404d-8e28-ebcb641ab221,Student,2026-04-04,0.15
f3d9ff04-aa38-4d7a-8138-b4b54d6632eb,Professional,2025-11-21,0.6
33f40ff1-6cff-440d-aeb0-2f72ae3fd9cd,Professional,2025-11-07,0.6
51f47d5a-bd5a-4f31-b269-bf2406b20481,Professional,2026-04-03,0.6
70f22372-7ceb-4997-8d46-a7b6599cbdd1,Student,2025-12-25,0.15
f398688f-1f88-4032-bbbc-6205700c36f6,Student,2025-11-30,0.15
9ee6ba43-3abe-4216-98bf-a02eb18c5451,Professional,2025-11-09,0.6
986bf46c-e89b-417a-9350-4f750a52b135,Student,2026-03-01,0.15
80e9d6c7-c1f5-4ef3-b2e0-beff61f28646,Student,2026-07-04,0.15
f4731335-a7ba-41d0-9dfe-700a81f8a4ec,Student,2026-01-04,0.15
09cb5ac5-a8b6-4ee5-bfda-e536f065ded2,Student,2025-08-28,0.15
dfc78dfc-27b9-498f-bbde-eb66c16b1c4f,Professional,2026-01-23,0.6
43b8fece-09de-4fc5-8b07-45bf9c478425,Professional,2026-04-12,0.6
89a0bd70-d649-4ab6-b685-2fbef023a7e4,Professional,2026-01-19,0.6
5efa4e04-0c8c-4918-93c5-2df0e4dcc1ac,Professional,2026-07-16,0.6
5bb195fa-f315-4279-9fd4-a7e21dd267a6,Professional,2026-04-11,0.6
4862098f-7a59-4b1b-b6bf-9e3d9f2290f8,Student,2025-12-09,0.15
39facaae-b6c7-4c85-946e-fac713ace8fb,Student,2025-09-08,0.15
3e22a48a-c07b-42ce-955e-3e580d04f232,Professional,2026-02-10,0.6
2393e6a0-c082-4b5c-b6a5-146fa80214e2,Professional,2026-08-09,0.6
6cc8e74e-c26c-45a0-8678-9d89ef7b7228,Professional,2026-01-19,0.6
48a55e8b-37da-4615-8244-012c2bb02b5d,Student,2026-04-08,0.15
aabca5c7-e84b-4cb1-8aa1-7465b6d9c78e,Professional,2025-09-24,0.6
e8e590a9-f9ba-4641-9457-15785dfc1722,Professional,2026-08-10,0.6
4ee46e98-7002-4584-a698-593043779336,Professional,2025-11-08,0.6
d69ab24b-d4d2-45c5-bcbd-fc310c7098fb,Student,2026-08-23,0.15
8ac0035a-623b-44bb-a047-4b34d3861055,Student,2026-08-06,0.15
9a534a30-bc5e-4b1f-96c1-113fb5cdb901,Professional,2026-06-08,0.6
46cb0b29-95a0-4f9d-bb8c-53a5ba7c6c40,Enterprise,2026-07-08,0.85
3c2cce91-b3c0-4510-be2f-bacf4f99c593,Student,2026-03-02,0.15
59d12398-60c1-46f2-a6b8-015107ea3240,Professional,2025-09-03,0.6
3f0139b0-a066-408f-a0e9-7591506779c7,Professional,2026-03-21,0.6
4119f2da-b098-45ff-a844-5ca52f5549e5,Student,2025-11-19,0.15
52e10fe0-4f34-4348-83bd-a735d5539659,Student,2026-08-18,0.15
db101d36-b86d-42e7-bda1-7e92f62e135f,Student,2026-05-08,0.15
3ca9e21c-4575-472e-a1bc-e234d0d7b652,Student,2026-01-03,0.15
fe373e53-5c31-4c69-884c-4b59c9fae25a,Professional,2026-02-19,0.6
a3956d35-0cc6-4169-89d1-fd287aaeca35,Professional,2025-09-30,0.6
4978d1af-bff5-4567-b952-19e67b47f5d8,Professional,2026-08-17,0.6
1b6eec98-ec25-4e1d-b468-0be434d285a2,Professional,2026-02-07,0.6
ebbf06aa-5161-451c-9ff7-acd0e3535136,Student,2025-12-09,0.15
fe4498e1-dd19-4900-98fd-ca30b56dd61d,Enterprise,2026-03-06,0.85
ca387042-2258-47b2-8619-241677fdb266,Professional,2025-09-13,0.6
ef977b66-baf4-418d-a57a-93ab51ebfa53,Student,2026-08-16,0.15
983a6413-4de4-48b5-9f49-ff40c871dae8,Professional,2026-04-17,0.6
66cc4d77-96f6-4c05-a411-240a9f29d025,Enterprise,2025-11-08,0.85
47fafbcd-f1a8-482c-83c0-244810678ffb,Professional,2025-11-29,0.6
63f769b3-c477-41b5-a4c7-bfba10b35402,Professional,2026-08-02,0.6
a416fe82-7e35-4187-8e6d-03ce3c83d324,Student,2026-05-29,0.15
5fe1d9ba-5daf-49f0-bbde-8371e1e20a6d,Enterprise,2026-05-06,0.85
a8d341ca-c77c-4dcb-93c5-43097f5dd78b,Professional,2026-06-29,0.6
3d8f8703-d4d5-421b-974e-66619499c6b0,Professional,2026-05-04,0.6
f3544f0a-db0d-4e88-bfcf-d161b5a08d6a,Professional,2025-12-30,0.6
77f49501-1001-455f-8c15-34815b92a5c4,Professional,2026-02-19,0.6
ddf73d85-d320-405f-93f3-06d61c439499,Professional,2026-03-01,0.6
5f045eee-eaef-458b-83bc-8538a420edc6,Student,2025-11-05,0.15
3d345034-1259-474a-b9e8-54f6d0368626,Student,2025-10-21,0.15
05ed23e5-13b1-475a-8c9f-c36772de4e2a,Student,2026-01-12,0.15
a72a6220-7b26-473e-b79b-66411b76b458,Professional,2026-03-27,0.6
0f6dc56d-1431-4891-9959-9b81f87a2634,Professional,2026-04-17,0.6
de3ae721-cc9c-4e34-b812-22ccd3fada12,Professional,2025-09-16,0.6
8212c717-b2d3-4cf3-892b-90235ff416b3,Enterprise,2026-05-13,0.85
dcaa59bc-65be-477e-aa53-c10dba731b0c,Enterprise,2025-10-14,0.85
1771d8a4-1afe-41b7-a6da-273bc754df35,Student,2026-03-20,0.15
545fc7a0-4513-4864-afbd-2cf497e70ad8,Student,2025-10-08,0.15
02480957-3458-4e4a-ad31-a584709e449e,Student,2026-02-14,0.15
a8f9a45b-792b-486c-b8fa-067fbcbd6197,Professional,2026-04-01,0.6
578c7d95-9543-40fa-b47a-32bad4920435,Professional,2025-09-07,0.6
2c84419f-e378-4179-b841-fb045d074ec7,Professional,2025-11-10,0.6
0e49b33f-03c8-4512-bea5-86e7a01b638f,Professional,2025-10-28,0.6
a9e50bda-a1b1-48b1-81f4-1ee89d5635ee,Student,2026-05-17,0.15
659fd1b1-f429-4dc1-8b80-9ffb81f8a8a8,Professional,2026-03-13,0.6
f4cb395d-3354-4593-ad42-fe6ddeb1334d,Professional,2026-04-21,0.6
cd204029-1d0f-40b5-88ee-8500be30115d,Professional,2026-04-26,0.6
e9ce3d6a-e80f-4351-bc8e-3de3042668fa,Student,2026-06-25,0.15
280a54cd-9445-443a-9bd2-be5c75ebf711,Professional,2026-02-16,0.6
477458aa-7193-44e8-abf6-706f3c1d30e6,Professional,2026-03-08,0.6
ac2ffebe-4cf0-4bdb-85e8-3d721e931be3,Student,2026-02-10,0.15
037fb7ac-f78a-46fd-b606-ff29326376f1,Student,2026-03-20,0.15
fe7ac257-a70f-4f0b-b66f-92120c2d271b,Student,2025-11-19,0.15
386f4fc0-adad-408c-a3e6-b72b7727add0,Student,2025-11-29,0.15
17d958bd-b593-486c-b342-0ed4fe715e43,Professional,2026-01-13,0.6
10674cd3-faa1-42ea-b731-f534800a9163,Professional,2026-03-12,0.6
600e229a-7353-470b-8d5a-3dbb9fc31e33,Enterprise,2026-02-14,0.85
531b30d0-68c0-4266-959d-801bc40b8a48,Professional,2025-11-14,0.6
9c45596b-0a32-445e-9314-8564dcd63f93,Student,2026-05-19,0.15
c306acd0-2eb5-4f3d-b16c-2b5685e12877,Student,2026-01-07,0.15
e9f8857a-c6fb-4260-af8b-2db1e0d47311,Student,2025-12-26,0.15
04a128f9-1629-4a12-bbe6-eca765807226,Student,2025-12-14,0.15
c7aaba82-7372-4428-914a-2a5df0c4c576,Student,2025-10-22,0.15
128aec44-8b49-4bde-9483-76638f4361c9,Student,2026-03-11,0.15
f07894b0-8cd2-488a-8df5-31c986ad8d42,Professional,2026-03-17,0.6
2506e10d-b211-4077-95af-27a7342879d0,Professional,2026-01-11,0.6
323aebaa-d7c3-4c02-a838-8d3e348d19a5,Enterprise,2025-12-20,0.85
57c7650e-8d6a-4976-b780-3746dc621025,Student,2026-07-25,0.15
b4b46cbe-9a7b-4fb3-a101-6146fa1ccb2b,Student,2025-11-02,0.15
96242b0b-4be4-4872-993f-fee4716b5ff5,Student,2026-04-12,0.15
b53a2408-644e-4cd4-ab86-e34a34e3acf0,Student,2026-08-21,0.15
15b64383-ab4b-4063-9199-99fc3d3f814e,Professional,2025-12-09,0.6
5e443eb5-f3a7-46c5-8913-654b8ccc1663,Professional,2025-11-15,0.6
7d4524c0-1d25-476c-afa8-9324ac1364a8,Student,2026-02-01,0.15
caba538f-bf72-4575-aa05-c644684530f8,Professional,2026-07-24,0.6
a3141bc4-2edb-460e-a048-9c2b1faae85c,Professional,2025-11-25,0.6
d4b4aa0a-9935-4d5d-b635-c69baafe7c78,Professional,2026-01-03,0.6
b5debbb1-03f8-44cc-815d-9031d6c8d145,Student,2026-04-01,0.15
ff7d6fd6-ba6b-4acd-99f4-4c12e44dd6be,Student,2026-05-14,0.15
2adafe46-02c1-4882-81e7-4bd721dd363b,Student,2026-05-28,0.15
0e10c451-2c28-4434-8066-7bf513ca18dd,Student,2025-09-18,0.15
ea654107-df77-4087-86cb-9b188228b71c,Professional,2025-12-02,0.6
cc3fe886-b570-4606-abed-69928baaa8eb,Professional,2026-03-25,0.6
6c788e38-1e58-444f-a4d6-cbc0ef9e6530,Professional,2025-10-07,0.6
f79a3c0a-6bd5-4406-a128-3531df41370f,Student,2026-08-10,0.15
c1a2aac4-4409-4dc7-8cb9-dad9449dfcfe,Professional,2026-05-03,0.6
617c5348-2e74-496d-a18a-1bdf717d33ce,Student,2026-04-05,0.15
dc154654-354c-4afb-beda-f83567b48acb,Enterprise,2025-11-08,0.85
c2617839-ed0c-4a91-bbfb-3fa1b1ab6a50,Professional,2026-07-31,0.6
d8fb887a-4fc4-41ed-b95b-c6dc14d446d9,Student,2025-12-13,0.15
9f15ab04-f6e5-4e16-b99f-60432b519ada,Professional,2026-04-21,0.6
281b9b8c-1a59-4fe3-8a42-085378f0038b,Student,2025-11-11,0.15
6ad77eb9-88a3-4871-a9bc-c5cf72340500,Student,2026-07-03,0.15
a89a7c10-46f7-4f62-9d24-ebc1b4a9f67c,Professional,2026-03-12,0.6
e842356b-d932-4b12-bdd4-d28feb0f824f,Student,2026-03-02,0.15
5cf9fe7a-5087-4105-8a3d-50a43e3efe10,Student,2026-06-03,0.15
4a13364e-d9b2-4387-9899-94c976b4ffb5,Student,2025-11-11,0.15
07cb2f04-4a3e-4b29-aadc-89ca915694b8,Student,2025-11-14,0.15
e2b8c8f1-82af-483b-b275-ad928769fa53,Student,2026-02-27,0.15
3278ba0f-ef08-43db-9ce6-55b63d2ff764,Professional,2025-10-26,0.6
644153d7-660e-481d-9840-bfad656495da,Professional,2026-08-16,0.6
36ff8c5c-66d4-4442-a81a-f7cf1574c7cd,Professional,2026-04-03,0.6
bc4f6c91-525e-4e22-959b-cdfdcc3bf4ba,Student,2026-06-22,0.15
c4caee1e-4ab8-4cd4-aac8-f39dc40cd591,Student,2026-02-19,0.15
5cf3d44c-94d2-49a9-a748-58f2a832a8f1,Student,2026-04-29,0.15
a355cb70-c4fa-436c-8611-9e5862a2cea5,Professional,2025-09-03,0.6
b70e1647-5b9d-4446-906c-d24682ba4e6e,Student,2026-03-17,0.15
315f8628-8fdb-4166-9cd8-3a50894a1a1a,Professional,2026-03-09,0.6
8cc5e423-973c-4ab7-ae7d-cadf47478bb4,Enterprise,2026-07-07,0.85
4051fc29-6976-484d-9067-4bf8b7189393,Professional,2025-11-15,0.6
866d128c-db3a-4b9d-b30f-0f2b1dae5c28,Professional,2026-05-29,0.6
15c79d52-09b1-4e53-997f-30105a0ff9ae,Professional,2025-10-13,0.6
2c8cccdc-d6ea-44f1-a5c6-e8dda1be6fdf,Enterprise,2026-06-07,0.85
f7b1837a-bb2e-43d4-a5f9-78b7f8b2cbb6,Student,2026-07-24,0.15
2d9b61ee-b0fa-4d8f-8c7b-5ab91f97d52d,Student,2026-06-15,0.15
38e26e4f-f1f7-406e-a4ca-f6651978cda6,Student,2026-06-28,0.15
79157c53-a797-4c80-b888-2ccb64b4c65e,Student,2026-05-05,0.15
3cc985e1-bc79-46ca-a0d7-0151406cc885,Professional,2026-02-21,0.6
07e65fc9-cf36-4e5f-9814-a90f4f1ac8ba,Enterprise,2026-03-13,0.85
12038f86-2d4a-4b00-a582-16ff08694f9e,Professional,2025-09-29,0.6
43642bd5-c999-45b0-a7b0-f4fa67b08220,Professional,2025-10-18,0.6
4bfc1c87-e350-45e1-8547-8febf1d7c552,Student,2025-09-06,0.15
5175993a-ca0f-4f3e-9cdb-0a82bcf4ab7b,Student,2026-03-10,0.15
54485f0c-1251-4115-bdc2-d8b61a418d2b,Professional,2025-10-11,0.6
fb8397bd-4804-49df-a775-fabbc7720c16,Professional,2025-11-23,0.6
7337aa95-effc-41b3-a02e-120f63be91ac,Student,2026-02-15,0.15
be1033d9-f105-4697-a1f5-d59e32e08995,Enterprise,2026-08-15,0.85
1d6cf2f0-5bd6-47e3-8028-e1586cd93e65,Professional,2025-12-21,0.6
ff671109-86f0-41d5-9c9c-29c1d1ae90a6,Student,2026-01-16,0.15
2763ef28-cf64-4521-81ee-26cc728ed761,Professional,2026-06-28,0.6
1537cee2-b32f-4866-90c2-9f91a7d6af75,Enterprise,2026-04-19,0.85
eb462bb1-6a72-4a69-9316-31dfc44bafba,Professional,2026-05-31,0.6
b9f78ac9-01e2-45c0-9739-1db0fe5c3df2,Professional,2026-02-01,0.6
0536ca69-d9cb-46a1-8d6b-836a61df541d,Professional,2026-07-18,0.6
f28af2c4-0514-4e3b-b8cf-ae38f9cda056,Professional,2026-05-08,0.6
5f01bcb5-fc7f-4d2f-b05b-1f9dcc5d7406,Student,2026-08-24,0.15
cfb2d4c5-5fec-4b82-9044-66f068935584,Enterprise,2026-01-02,0.85
f8e43da2-484e-4d5b-b0db-8ea78b9bcd5f,Professional,2026-01-23,0.6
efd9b401-a7b5-4a40-853b-b9474bd186ca,Professional,2025-12-25,0.6
7bb576bd-afd0-468e-a2df-3db88039a4ec,Professional,2026-03-22,0.6
68721c92-c644-48b9-a9b8-e32e96aed1c0,Professional,2026-08-17,0.6
20796d5c-c27b-4b27-ae05-40cdc44671fc,Student,2026-02-24,0.15
bd288909-e8db-43d0-8ee2-ef00b98049e8,Student,2025-11-25,0.15
29d531a6-f923-4d1c-a33d-738b303bfe56,Student,2026-01-25,0.15
e5fd63cf-8f40-4ce1-bfe0-88fee75873dc,Professional,2026-03-24,0.6
546a3dfb-36ab-4ffc-8b1a-f165867addc8,Student,2025-09-12,0.15
0f1b4242-e03d-4e75-9530-b3fc09f4c9df,Professional,2025-09-05,0.6
bfc0d255-327a-4f7a-9e55-3f715f8473bc,Professional,2026-08-22,0.6
97a71c41-aa44-4c67-9479-cec5256be35c,Professional,2026-05-05,0.6
e7fdbbaf-6141-4a05-82f6-48fad92dec13,Student,2026-07-09,0.15
ea17cc0d-6421-4bd5-8b0c-38cc6e9ce2b5,Student,2026-01-16,0.15
05a76267-ca3f-4bd1-9272-0a80e82300a7,Professional,2026-02-09,0.6
a7c357c9-c61b-49cd-adca-2a14f2edab4a,Professional,2026-01-16,0.6
2d7d8859-5eab-42f3-8d03-5a7c5026e692,Professional,2026-01-05,0.6
4ccd8d69-25bc-4107-a8fa-08d7d73b28e4,Professional,2026-03-25,0.6
eb4fdc75-27b8-4831-b0ff-b0a0411b0ac4,Student,2025-12-10,0.15
d196d3c1-13fa-4ea5-be95-97f645ff1f18,Student,2026-02-16,0.15
d5c69e7c-b0be-433b-a8c9-5c60d5e7ed84,Professional,2026-03-05,0.6
2f0946bd-8317-4849-a5d5-e2c1b7825a87,Professional,2026-05-01,0.6
8ab20ca8-db69-45d3-9439-78289e62adda,Student,2026-06-17,0.15
f350b53f-8fe7-4e0a-afd0-3f1fc640481a,Professional,2026-04-21,0.6
39af9816-8cad-4667-a6f3-eb722061fad1,Student,2026-07-03,0.15
1f2d21b1-a79e-4de5-942b-e0bf7b2da852,Professional,2025-12-28,0.6
9ab91002-0ef5-4d7f-a29e-35ca72b86c26,Student,2026-05-04,0.15
e925d51b-ac2f-4f91-997e-f7371df9d4f7,Professional,2026-04-09,0.6
28aca010-5259-4f5a-a448-67c7724c5144,Professional,2025-10-25,0.6
2c5a79c5-4ed3-477a-acac-c3d55c02088f,Professional,2026-05-09,0.6
69633fe7-0cfc-4d31-b581-cd22635cdbbc,Professional,2025-10-03,0.6
6b8fd862-7141-41a1-b32f-1f4951e76715,Student,2026-01-22,0.15
b837cc01-3d18-4fda-9508-0fe06ef848cd,Professional,2025-10-07,0.6
db1d28ec-ae76-49e3-b726-e667a9931bd4,Enterprise,2026-05-14,0.85
44ba62cb-dfe6-4032-a3e0-19954e4028e0,Professional,2026-07-16,0.6
1ca5be92-dde4-4c67-825c-00871f576f40,Professional,2026-05-28,0.6
040fe298-949f-47a3-aa78-a2b1b10b1c32,Student,2026-06-04,0.15
4c99f667-3f8b-41dd-9cc9-c643c7450c3e,Professional,2026-01-08,0.6
7bacdb98-a3b5-475d-80f6-5ff16202fd26,Student,2026-08-24,0.15
2de8492f-4fdf-4818-9d1c-faaacb6a5e0f,Student,2026-02-09,0.15
4a81a152-23a1-4bd3-9e2b-79b47ce14e08,Professional,2026-04-06,0.6
4382b3a0-490a-4d5d-999e-7137a8d53c30,Student,2026-07-06,0.15
0a299034-76e2-47a2-a890-ce8668bd0f81,Professional,2026-06-06,0.6
ec96a518-6d85-43f7-bf7c-5aeec78c7a11,Enterprise,2025-10-22,0.85
9badb7be-f919-4855-bf85-fbbe706f2ec0,Student,2026-07-23,0.15
fb0384f8-f039-4def-9421-6fc47ea1f440,Professional,2026-01-16,0.6
eb951538-8f12-4722-bf53-bb7ab0297da1,Student,2026-04-21,0.15
8f550260-1d78-4a82-bb5f-46e054be30ff,Student,2025-11-01,0.15
21713513-8cca-4f96-8d5a-15ba29f300c4,Professional,2026-07-14,0.6
d8a124ac-d47d-49d3-aecd-644cf0edbddb,Professional,2026-07-23,0.6
bd398129-afcb-4883-91d6-4e1437b46b42,Professional,2026-05-27,0.6
d60a2024-95cb-4f2d-82e3-eef92eaa419f,Student,2026-08-13,0.15
bc809b39-9ed6-4110-a58b-f5adf68cc998,Professional,2026-02-10,0.6
d5cd7a4f-48c1-40c6-92ae-532570ee6ec4,Professional,2025-12-06,0.6
3ff9dd6f-4e77-447f-974a-ed5eab7609f9,Professional,2026-06-17,0.6
ffd29761-65e4-4ccf-b8d4-e6c89f8c17a7,Student,2026-01-23,0.15
58fc50e9-51cf-4f45-ad34-7f12dc500bec,Professional,2026-04-01,0.6
982d3e9d-ad47-4d00-8256-921e5d89bd29,Professional,2026-01-03,0.6
f74f45bd-67bf-40dd-931b-9d98da92a2ea,Professional,2026-06-25,0.6
adc0059b-05a1-4310-9ec6-9f7c70ca50e4,Student,2026-05-22,0.15
df2d13fe-09d4-42f3-a666-684d0186ee2a,Student,2026-01-21,0.15
e25de5aa-e631-400c-9e74-d3270882c92e,Student,2026-02-06,0.15
50cae96f-eedd-41b4-81c8-141eef1e4cf5,Student,2025-11-08,0.15
f78fceaf-b39e-493c-9f6f-14f416170856,Professional,2026-04-12,0.6
d13b9c13-e78f-4c71-b2ee-d96b6dd25a3c,Student,2026-07-09,0.15
3cf41b30-86c8-4ec9-9318-75e7cecef888,Student,2026-06-09,0.15
c70f0a21-ef8f-4cf3-9e41-3ba2242500a0,Student,2026-05-25,0.15
424d0d39-d669-4c2a-b56c-9b4fd91a3783,Student,2026-05-17,0.15
a616d279-fc64-4a86-8000-cd6195bd3e90,Student,2026-02-11,0.15
cf97482d-febc-404c-81ab-7ca6c18267c5,Professional,2025-12-26,0.6
416ddc2c-4691-4b9c-9d0e-1863bba663d3,Professional,2026-08-15,0.6
e2c4fee7-c2d2-4522-97d8-382f32c454e9,Student,2025-10-09,0.15
c270be44-36ea-4e79-9152-8825ac86773d,Student,2026-06-27,0.15
282b48fc-5db7-44e7-ba63-09bd003593ca,Student,2026-07-06,0.15
f1e87a46-3f9c-49fc-a2c2-f4377f027064,Professional,2026-05-20,0.6
56f42473-a892-45cc-bfed-74569fa9bf32,Enterprise,2025-12-22,0.85
588fd11f-70f8-4b04-bef5-087cfafa7e9a,Enterprise,2026-06-09,0.85
25f168ff-2ca7-4426-a523-171881137c31,Professional,2026-04-01,0.6
738191a4-c8c8-40da-88b9-f14d3d512f10,Professional,2026-05-06,0.6
2fa9474a-d8f3-417a-9f70-81db6762673e,Professional,2025-12-15,0.6
44aaa6de-9733-4ed3-856c-bcf63722328e,Professional,2026-04-10,0.6
cfcb4bba-a0fd-4926-9210-06a517c2fa95,Professional,2026-08-14,0.6
615f572c-0414-49bf-86cc-963f39190adb,Student,2026-01-21,0.15
6846417d-b611-4ad9-916a-b8c8c6299e36,Professional,2026-03-16,0.6
a6b09af9-1a03-4330-8f68-dce1c591fb4b,Professional,2026-06-17,0.6
95d2bbfa-2130-4ac2-9382-e157b7f9f8da,Student,2026-01-26,0.15
994d91ad-1477-45e8-9ce1-035d682bc127,Student,2026-06-25,0.15
9d65fb69-e5b7-46ac-aa3c-6d04e2962f41,Professional,2026-05-04,0.6
2822a8fe-0efb-4724-9199-6033c211b072,Professional,2026-03-17,0.6
5063b4b4-8102-4fd3-b521-9c431130a11b,Professional,2025-09-20,0.6
9ef8bcd1-2d34-4ec2-8ca8-165a038831c3,Professional,2026-02-20,0.6
9228606d-3844-439e-a9fc-8dd6984f6417,Student,2025-12-11,0.15
e3b1decd-9f3a-4d83-baa8-d23d4f93e198,Professional,2025-10-04,0.6
9320094f-d09d-4767-bbbd-7b238f3884c1,Professional,2026-05-11,0.6
1c680498-f3fd-457c-acf2-97dbe3267376,Student,2026-05-20,0.15
86925dbc-2a2b-4498-aa84-72f5106c7b71,Student,2026-07-27,0.15
c4a051ca-d929-4543-828a-f266d5a8f58d,Professional,2026-06-13,0.6
7afc2fbc-5746-43e2-b7e2-4f03d1fd2ce8,Student,2026-08-21,0.15
24a23956-632a-4964-b42e-89ccdde7f148,Student,2026-08-05,0.15
5d8810a8-8292-49ba-a42d-c5a5658bbeaa,Professional,2026-04-11,0.6
52b39a90-4b60-40e2-ac52-c8f3ae04e3ab,Student,2025-12-20,0.15
f364f5b0-5742-4a4a-a4b7-a59f12c376a2,Professional,2026-07-23,0.6
891b98e4-ab4e-4f41-aa6e-a2ddeb88446b,Student,2025-11-20,0.15
fea0c199-18ea-4bf5-92f5-f402fb270273,Professional,2026-08-10,0.6
ae6898cd-4a77-4385-b250-c568b86140b6,Professional,2025-09-14,0.6
0f0a5a1e-ea31-4e93-bc3b-f3f308f4bb73,Professional,2026-07-06,0.6
d09fea83-1def-46d2-b64c-0998de6aeda5,Professional,2025-10-23,0.6
7a0a052c-4e3f-4f22-a5a7-6abd541f9247,Professional,2026-05-01,0.6
11f18677-f701-42c0-80a5-487bb00e9980,Professional,2026-03-05,0.6
e6a9af7d-fd40-4732-a526-39d0f681a463,Professional,2026-05-29,0.6
03c67f11-6836-4c41-95c5-412a40698f50,Student,2025-10-18,0.15
b585504d-effe-4f18-8cd8-c70486e0ba8a,Professional,2026-02-24,0.6
9e9da489-31dd-4fb9-aecb-92082d195164,Professional,2026-02-25,0.6
75c776f0-8c2f-4231-8dc8-d9aeff1f489c,Student,2026-04-17,0.15
1c2bd4de-f37b-4678-8409-d15f6c40788d,Professional,2025-10-23,0.6
69f7e1c7-476c-4f55-abae-2b71cdf5abce,Professional,2026-04-10,0.6
19a04379-5217-4b66-af60-983f478256ff,Student,2026-01-26,0.15
960cb2d3-1fab-4312-acd6-257a5bf41823,Professional,2026-07-26,0.6
3ccff663-ea6f-41b3-9ef4-ed11858aabd0,Student,2026-08-01,0.15
70ede182-de8a-49d0-8304-dd93c4e60626,Student,2026-01-26,0.15
8abc7483-a092-4f14-85a0-e3f946c99a0c,Student,2026-05-11,0.15
33a774be-dd8e-497e-b69f-296646a1b64f,Student,2026-01-07,0.15
4188ce64-5a1c-4beb-841a-fdda4abfd305,Professional,2026-06-18,0.6
e991fc6c-7d61-4b99-9aa5-729e5c8dd851,Student,2025-09-06,0.15
ebd07267-ff84-47d5-b5a4-4bc00c441915,Student,2026-05-29,0.15
8b941101-bca9-465a-88c6-10777ab6e415,Professional,2026-05-14,0.6
46fa93a1-4e75-4e4d-8eb3-d597f7965084,Enterprise,2026-07-10,0.85
b2a73e75-74d5-4495-b80a-bdc1cf612205,Professional,2025-11-30,0.6
823a5860-8b04-4d99-850f-5fdd15a5f313,Professional,2026-08-17,0.6
98b8c836-193d-4dd1-8e96-391e3153ea93,Professional,2026-06-08,0.6
76392169-1464-44ee-a007-7f02ccf42426,Student,2025-12-10,0.15
4e6d461b-334d-45ba-b0fe-aa14c2218b54,Student,2025-09-29,0.15
317e5842-485d-449c-9125-a6baf182c42b,Professional,2025-09-16,0.6
51a03636-0bf4-4bec-9d2c-0323ca847bc3,Professional,2026-03-07,0.6
b3b74a00-f297-483d-a09e-9515a05c40d6,Student,2026-03-29,0.15
ad32c7eb-139c-4b53-9a76-2e1e9c986b7f,Professional,2026-07-28,0.6
fd6d7075-f85b-4e1b-8e3f-7b52d3de2ce9,Professional,2025-11-18,0.6
525eadbf-01c8-40c7-b066-11d7ff4fbdc0,Professional,2026-08-08,0.6
513fc82f-694d-4a65-8e13-629cb40b4cd7,Student,2026-07-11,0.15
ad34391b-bc16-4d25-bc41-1fdd244a9532,Student,2026-02-17,0.15
6fd23c7a-1122-4b08-a32a-58312125a370,Professional,2025-11-04,0.6
504cb285-4676-4be7-89d5-93f4cb58525f,Student,2025-10-30,0.15
0d7298e6-507d-4605-9c00-df005015cf63,Student,2025-11-07,0.15
3af4c1e0-9bb5-4aac-b30a-2d1256c8f5a6,Professional,2026-05-17,0.6
e08c66c8-ec29-4487-98d6-377b3b45fd9d,Professional,2026-01-19,0.6
e0db683e-786a-4f3b-9a3c-657044058af9,Professional,2025-11-27,0.6
6a51f505-1329-4cd9-bd2e-1070524329f2,Professional,2026-01-28,0.6
67cb44e8-d32b-4d4b-b9ef-dfc6dae1055c,Professional,2026-01-31,0.6
4da81c04-8c5b-4cfa-979d-36d18fa038e8,Professional,2025-10-01,0.6
5ff6b6bd-983b-4520-81fe-923b17ef4812,Professional,2025-09-09,0.6
3215aadb-3ae5-49f7-abab-9ca8e990a30c,Student,2026-05-23,0.15
70a791c3-ab66-4db4-bc7e-94d283801ac5,Student,2026-01-09,0.15
50848a07-6a59-4849-b3e2-3cd361eb890e,Professional,2026-02-10,0.6
bf87da70-071e-400d-bf75-b6c619894513,Professional,2025-11-16,0.6
f71d4d96-1151-45b6-822b-c31bffdc774f,Student,2026-06-11,0.15
ee5b628a-f09c-40a6-b1d7-df76bbc340d4,Professional,2026-01-29,0.6
c2f1b4b6-3eb2-40e4-b930-ef5a8de2251b,Professional,2026-04-04,0.6
a34ea05e-9702-4ceb-ac20-43841b7eda68,Student,2025-08-29,0.15
5f03d445-3c26-4af9-a9d8-a431e35f1075,Enterprise,2026-01-26,0.85
04be6ce0-cdda-4a56-b6ea-14694751a2bd,Professional,2026-06-28,0.6
fa9e3bb3-3a40-48db-a79e-089962c1c26a,Student,2025-12-02,0.15
f3f68ab9-87d1-4e40-a76c-8db56b6feae4,Professional,2025-11-27,0.6
0a27a14f-568f-46e6-b097-5714136afd84,Professional,2026-01-03,0.6
a1bf9145-3db5-4d49-b980-14f39a647688,Professional,2026-05-04,0.6
c55ff0a7-cb6c-4a8c-b943-dd318bd3a312,Student,2026-02-22,0.15
98859544-db24-4d52-80de-2302d4c03096,Student,2025-12-25,0.15
2cd27413-47e1-4e04-ad7e-55f546f37162,Student,2026-06-05,0.15
df39e0f9-2f50-4e88-884a-9b8f57c13642,Student,2025-10-08,0.15
45fd6b8b-e91f-4f7e-97ad-4544171147b8,Student,2025-11-05,0.15
cc432955-b474-44ad-85da-668794a4fff1,Student,2026-06-17,0.15
980f6b89-8ed5-4e4a-b942-56de694d53b0,Student,2026-02-02,0.15
bc57e21b-ffa7-40c3-acdb-99b29a1cc417,Student,2026-07-01,0.15
42a96785-9484-4c4c-a98e-f9059e5d8717,Professional,2026-02-05,0.6
66fd3259-d2dd-4bd0-89d0-157a0640f113,Enterprise,2026-08-10,0.85
d5bdda07-d6ce-4c03-9300-be411f95ff8a,Student,2025-10-20,0.15
c9dd8803-4cf3-40a5-b1d8-bf616fb9f8af,Student,2026-02-21,0.15
ecb753db-0bf9-438d-85bd-e496d18ff61b,Enterprise,2026-08-21,0.85
4d047a16-8366-4087-9d39-cdb72d1a95cd,Student,2026-01-07,0.15
570c3ac8-705e-41c9-a5d9-3635a0d4e6ef,Student,2026-04-09,0.15
2b4d6997-ff11-4714-8804-af550e795eee,Professional,2026-08-18,0.6
d53518a6-c9da-495a-b1f6-09d0f6be896c,Professional,2025-11-22,0.6
87201d3f-b768-4a05-a7db-dfb98c993942,Professional,2026-06-27,0.6
16e2525e-9848-4a14-bd21-1fff8e4488ed,Student,2026-05-27,0.15
5874151f-b4e2-466b-b7db-ffe1a4ba085e,Professional,2026-03-07,0.6
548a96ee-3519-46be-930a-81895ac8e310,Professional,2025-10-30,0.6
801a1d17-b21b-4e99-9567-ca7c75981bc3,Student,2025-11-09,0.15
a6a360c8-88c0-4fb1-b4e6-12806c5d015d,Professional,2026-05-20,0.6
3a7fbf00-e640-4155-bbc4-768abe34057d,Professional,2025-10-28,0.6
77e5a336-a7f4-447b-af85-82f4ee4dcbdb,Student,2025-09-08,0.15
ff46cfea-62dc-4241-bc1e-c88ae531848b,Professional,2025-12-14,0.6
6c46e944-1c71-453f-ba03-f372cab6df8c,Enterprise,2025-09-13,0.85
de5e3ac8-5cf9-429a-bbfe-c8e9cc0390c0,Student,2026-05-03,0.15
0b559123-5686-46c4-8392-61c919e7f3f6,Professional,2026-02-27,0.6
d6ad077f-1843-481a-98ea-5c352e57325d,Enterprise,2025-10-16,0.85
68edc981-0396-4af8-8786-bc361e5b2b69,Student,2025-09-21,0.15
ce695362-a39b-41cc-bfb4-f0ec44ce043d,Enterprise,2025-09-01,0.85
9491c93a-0f6e-4cde-bef0-e0d7b8196787,Professional,2026-03-31,0.6
63c2e11a-e008-4ae1-ba4f-812a78e8155e,Student,2025-08-27,0.15
724f49d5-5137-44a2-b355-eabefe3f905b,Student,2026-08-22,0.15
5bc37489-922a-45eb-bc6e-fd5747b54c72,Student,2026-07-31,0.15
bd05f9e7-14a8-41bf-a6dd-84862e831557,Professional,2026-02-22,0.6
a8ef951d-3f64-4103-9f6b-30e2a29da813,Professional,2026-04-24,0.6
70a88a37-c09b-4ec4-8d49-50acd4e82252,Professional,2026-03-15,0.6
1665eea2-701e-4b56-b7be-be5fdda509a9,Professional,2026-07-17,0.6
d209154d-9d4e-4a75-8f0f-8a148e948e2d,Professional,2026-02-11,0.6
a9df0d80-9096-493e-9e64-d248c704343b,Professional,2026-05-04,0.6
7717e597-8038-4594-878d-279896caaeca,Student,2026-01-07,0.15
bedd487e-2fb8-4a48-9672-81bf65d298bb,Student,2025-11-11,0.15
cb0e5f14-b1f4-4b2b-906b-277958460088,Student,2026-02-24,0.15
48054c00-0dd7-466c-9205-c1d0393f84a9,Enterprise,2025-09-20,0.85
e20463a6-48a8-4b10-a4ae-c4d3f61aeb29,Professional,2025-12-02,0.6
44553561-988a-43c7-8e9f-639899fd8336,Professional,2025-10-19,0.6
33e321a2-faf4-404a-a4b8-d7a3e3fe7625,Student,2025-12-08,0.15
650b1ead-65d2-40aa-972e-a93210c2fb53,Professional,2026-03-02,0.6
014f35e9-85c2-4fc3-a198-46452a0813d3,Professional,2025-09-30,0.6
9a6fb748-b22d-4f0a-b6c8-f56754fe0474,Professional,2026-02-07,0.6
1e7db013-3922-4fd8-b77f-c4496bd6ac7b,Professional,2026-06-09,0.6
ef7c2ad8-f3f4-4296-8ff8-8cf85a5eb349,Professional,2025-10-02,0.6
104b736c-de2b-4587-8ea7-395ea09d22a6,Professional,2025-12-18,0.6
08475863-2b01-4483-914f-99d6babad00a,Professional,2026-06-28,0.6
ee4acdec-a3aa-4814-871c-947bd30b3db2,Professional,2026-02-02,0.6
8054c2cd-1d58-44d3-bf86-ffe2a812f73a,Professional,2025-09-27,0.6
75611b4e-fe0f-460c-9b6a-ea0337c02aa4,Student,2025-12-16,0.15
608b48f5-2902-401b-96e2-03a8058b9084,Student,2026-02-07,0.15
ec50a7ab-1745-47b4-a6a0-54c6a7f6056c,Student,2025-12-28,0.15
e70ca763-23a4-4390-9e7b-a2aaa3f2b8c6,Professional,2026-07-07,0.6
8762bd46-736e-4046-a30d-055e718af888,Professional,2025-09-16,0.6
fc6cf8ef-486f-4d21-9f01-117910622ee1,Student,2026-08-18,0.15
6efaad61-27de-4b82-b35c-09fd396f0a46,Student,2026-02-27,0.15
a4893a91-48b4-4363-8670-aa65c354e7e5,Professional,2026-03-24,0.6
6768bf07-efc4-43a1-8695-a49fedd907ae,Professional,2026-03-28,0.6
b8195b46-7bd3-45a0-898c-1cd6f67a5b64,Professional,2025-11-30,0.6
32145d2c-b21a-46cc-a334-c145bada3890,Student,2026-03-17,0.15
52705a6d-7236-4b31-a3d8-f42619e1f31b,Professional,2025-12-17,0.6
d8f9da66-8ded-46d0-8d70-0b13606b4f56,Professional,2025-10-30,0.6
d90c001d-f19d-454a-89aa-79d2afd9c09f,Professional,2025-11-01,0.6
9839eab2-843e-4d6d-9a25-c3d3ee33dc8a,Student,2026-05-02,0.15
8040fc61-a1c5-4afc-9028-a4d3c25d3cf8,Student,2026-07-15,0.15
e66f8ed5-4768-4bf3-84ec-d2d992100497,Professional,2026-05-19,0.6
da844619-e3ec-4774-bcb2-f8e96dc5e867,Professional,2025-09-24,0.6
b2373c08-3ec5-462f-abc8-33052b5be2af,Professional,2026-06-15,0.6
ea2fbae7-f8c5-4dfd-bb1a-17f43a2a2030,Professional,2026-05-18,0.6
5a0f2556-b907-4701-a7b9-89dc16ab8192,Student,2026-03-03,0.15
d6b87397-a76a-41ef-9ee2-fd5b2c8081a0,Student,2025-12-11,0.15
becd0dc8-57bd-4b4f-a82b-49c1b5d1e1a2,Professional,2025-09-29,0.6
76cb4394-fe08-49e6-8393-0f999ca27f0e,Professional,2026-06-19,0.6
ea7b73dc-46a3-45be-99f2-4de3fa1d7686,Professional,2025-10-15,0.6
b44e1379-e6a0-495f-bc34-4af362aae47d,Student,2026-05-02,0.15
63070678-939c-4a7f-801f-6b69fc852924,Professional,2025-09-17,0.6
82f588ce-8351-405c-8b72-21afea4dc033,Professional,2026-04-17,0.6
78a75cba-91d2-4bec-bc4b-e134b25df77b,Professional,2026-06-06,0.6
f06ae357-f637-42d1-8a7c-0cac0b27bfe0,Student,2025-10-19,0.15
d70d8207-dcd4-4437-a921-a87f8fce604e,Student,2026-01-12,0.15
cb2628a3-9e9f-4809-ad67-447bfbaeb7df,Professional,2026-04-10,0.6
7a7c5096-c226-424a-96b3-026de1476cfb,Student,2026-07-08,0.15
fae812da-c654-4df2-be80-8f25fb9aefe3,Professional,2025-12-01,0.6
4e12784f-ffaf-435d-9c14-7c035d51d834,Professional,2026-08-06,0.6
8132ec90-f86c-4e8f-8d02-5ec9c7bf109e,Student,2025-09-13,0.15
a5e15bdb-02c8-4e03-98a8-e0ae76e5af1a,Student,2025-11-29,0.15
7d94840f-1f59-4b7f-9e05-563b28c634b2,Student,2026-03-04,0.15
afd7b45e-e778-490b-b23e-3c017c0f02e2,Enterprise,2026-03-21,0.85
0945b7df-cb20-4980-a0db-959436488ce4,Professional,2026-01-15,0.6
a36cdc67-a8fe-4d21-832e-783ab2d59531,Professional,2026-03-02,0.6
633a600c-a0c4-4d48-b6c0-04e59beb2d40,Professional,2026-03-26,0.6
208a541f-e3d2-4f58-b2c5-0677dc411ad3,Student,2025-09-12,0.15
d73cf48a-008c-4942-a0d2-0d3493ef1306,Professional,2025-08-26,0.6
cd93ee38-c01f-4c96-8620-f5e23e8d186c,Student,2026-04-26,0.15
c061e66f-b71c-457e-aca6-be0fe1d49c1d,Professional,2026-08-19,0.6
c4c5d879-c456-4b17-99cf-c954239bc419,Professional,2026-07-18,0.6
018b6145-9636-430c-9cb9-426f4cda86d6,Enterprise,2026-05-15,0.85
fdd7a67b-f713-406d-820e-bcd29a44c25c,Professional,2026-01-30,0.6
d1bd0a7a-76c4-490b-8e16-b34d3b1d7027,Student,2026-07-01,0.15
7122b9a9-0ea1-49ef-b9b9-8800118c0444,Student,2026-01-09,0.15
6314470e-2c12-44e1-b20f-53a826b67d09,Student,2025-10-21,0.15
49f55570-b5be-48c0-affb-aa9433a5ca34,Professional,2026-03-14,0.6
76bb396d-88b2-481d-afbb-a12eee1225ac,Student,2026-04-03,0.15
9b5acfc3-b8b0-4d5b-b9cc-7e5f0ec603e2,Student,2026-06-15,0.15
4038ba25-a6d7-4b23-8c4c-dbbd245414a3,Professional,2025-11-10,0.6
d7067848-96af-4a1c-b31f-691fdc4c1252,Student,2025-12-20,0.15
8384de78-f6cf-4735-81e7-a15afb3d1003,Professional,2025-10-04,0.6
82eed029-58da-4f37-90a9-fe70f5f0083f,Professional,2026-02-02,0.6
fd31291f-9aa6-4b6a-a26a-9a5d56f305d1,Professional,2026-06-28,0.6
aab33ebf-f1ed-44c4-bd2e-05f26dc27ddf,Student,2026-02-05,0.15
2330f1be-bc97-4ae9-a9d1-1740997d57a0,Professional,2026-05-05,0.6
d508e02d-205a-45b8-be82-e9e4ba2eda98,Professional,2026-01-03,0.6
48f0cde3-4041-4d4c-a18b-1d937e873b18,Student,2026-05-02,0.15
a8e4a11a-53c8-4628-844e-31139438f489,Enterprise,2026-01-14,0.85
7ca0c33d-f362-499c-83e2-8d1ebc95c9b8,Enterprise,2026-03-18,0.85
1039766d-8e5b-4ddf-b72d-8094ad7924bd,Professional,2026-05-21,0.6
5d1f11af-a05a-4fdf-9e2b-13cec3b84eb8,Student,2026-05-16,0.15
65970559-f4ec-4098-b63d-e0bd2477483c,Professional,2026-02-20,0.6
40b61a73-61ac-4c23-b984-75b2f4c8dc40,Professional,2026-06-20,0.6
c036cfff-48ef-4265-b4da-80c2fa29832d,Professional,2026-07-19,0.6
0452a685-1313-4adf-9bd6-bef3778badd8,Student,2026-07-07,0.15
4fef5e77-2427-47cc-a1f9-2d1a5310a5e3,Professional,2026-03-10,0.6
6539e448-32ef-406c-924a-6541f06acff0,Student,2025-10-31,0.15
ac2d1a70-8fe5-414d-83ee-941bf032c108,Professional,2026-08-14,0.6
d95cb6d8-5564-49fe-829b-d57a25be768f,Enterprise,2025-11-01,0.85
3594a849-b285-4341-a40d-2d60fe438bce,Professional,2025-11-02,0.6
ed450822-af2e-4ad9-a69e-a44b4cb0c5c4,Student,2026-07-24,0.15
f661821c-1446-4ee0-97b2-aa6094fcc844,Professional,2025-12-16,0.6
ce338527-2d4e-48f4-b5b3-f1b5fbac27df,Professional,2026-05-28,0.6
a3f0ec48-afd6-45da-8c3c-1cb5d34db810,Student,2026-05-09,0.15
6585be36-4826-41a5-a691-4535a51421d0,Enterprise,2026-07-04,0.85
b513e67a-dd62-4c42-85e8-2f552c2b95df,Professional,2026-06-18,0.6
0e9d4fb3-e709-49a0-821b-b43ad89992a0,Professional,2026-01-28,0.6
0f5ec33d-95e8-4907-9854-517658eeca4f,Professional,2025-12-10,0.6
00f61eb0-deb0-4a38-a77e-bd60fadffbfd,Professional,2026-04-25,0.6
a0b49920-2e1a-4486-9f9c-bc340f7464c9,Student,2026-03-07,0.15
9f054419-137c-4993-bc56-dd6aafa05fa9,Student,2026-05-28,0.15
8063b038-9296-4b1c-a252-635eb672436b,Student,2025-12-30,0.15
39315c4d-bac6-4077-a0ac-3b15f1b00dbb,Professional,2025-12-13,0.6
9450a039-28e2-4788-9fd4-343a03d19887,Professional,2026-07-27,0.6
4d02d9d5-d27c-40e9-8ada-20ef02d52948,Student,2026-06-06,0.15
a4415d0f-5d21-443d-9807-8688aac50227,Student,2026-05-05,0.15
7fea0bc5-86c0-41d9-a633-d725d01f7e0c,Professional,2026-05-27,0.6
1f8d4c05-be51-4b85-bc42-865795f4b08d,Professional,2025-12-25,0.6
37038bbe-770b-4182-9617-064a673dbd92,Student,2026-05-28,0.15
bbb99133-9c1a-4c5f-9c41-56143af9cc3f,Professional,2025-09-26,0.6
c8915d35-3d77-471c-bd16-4f365f4aed8d,Professional,2026-05-27,0.6
bdf3e28e-9762-4a26-877b-5c9b67221602,Student,2026-06-25,0.15
2f6e547e-7e6d-4a40-8440-6ba301ffac8e,Student,2026-06-25,0.15
559668f7-e401-41ed-92a0-ffde495b2511,Student,2026-08-13,0.15
7fa6bc39-8e30-44e1-a113-b032b129f6f4,Student,2026-01-05,0.15
2c8d6753-f789-451c-985b-fae7949fca9a,Enterprise,2026-02-24,0.85
ff15b3c9-1e4f-486a-85f6-bc04b2d7d67b,Professional,2026-01-31,0.6
dd272ff5-0fac-488f-a971-e6acdf5f9e41,Enterprise,2025-12-26,0.85
40d9190c-735c-4f67-bfda-ae93592100be,Student,2026-01-26,0.15
def121da-d6fb-45c8-89a3-c54bca00b592,Professional,2025-12-26,0.6
f7072151-72e1-4296-b28b-c5b8c6a6a33f,Student,2026-02-10,0.15
82163f19-306b-4336-ac21-5e56e25f9ef7,Student,2025-11-29,0.15
c694f4fc-9da1-4bd4-b90a-15d8c3ff32b5,Student,2026-03-08,0.15
bbac31a4-38e7-41b2-af66-6820640eb21a,Student,2025-09-02,0.15
18f16dd3-cf43-4aa1-b9f6-44c38660b3da,Enterprise,2026-01-05,0.85
73afcac1-47eb-4be1-b246-9a98e0cdfc57,Enterprise,2025-11-23,0.85
32d07d12-6ff2-41d8-8141-a91c0c14ca4b,Enterprise,2026-07-24,0.85
e1e72ccc-27f5-487e-b1df-c35a671306d5,Professional,2026-06-21,0.6
5cb7a988-7605-4c6b-8f65-78bfd29f29fe,Professional,2026-03-27,0.6
19dad856-c55a-4c89-845b-7ccff650f5cf,Professional,2025-11-30,0.6
f1e54402-8a96-48d3-849c-236facf0da37,Student,2026-06-20,0.15
4d517c50-bc5e-4b89-ba47-faa0cc67eca6,Professional,2026-06-04,0.6
a1a0b3e6-b770-4a26-9efe-1a62da8e8cc6,Professional,2025-10-01,0.6
68f37a4a-385c-4626-9576-d8364d0c8a0d,Professional,2025-10-02,0.6
6d6a8979-0705-4b77-ad3e-7a693f93583c,Professional,2026-01-27,0.6
735cc68d-089f-407b-8487-691f65eae594,Enterprise,2026-01-24,0.85
9d011b2a-6463-4410-b9fc-fc1a87d7c62f,Professional,2026-03-21,0.6
044845f2-dcb3-4a19-b612-e191b7daf849,Enterprise,2025-08-27,0.85
647892c6-4a36-440f-bfab-f97381aef1d9,Student,2026-06-03,0.15
a15b2c6e-0e0c-49d7-be22-979d84bc6bf2,Enterprise,2026-01-03,0.85
ed78d489-2a35-4759-8f4e-e6789581d328,Professional,2026-02-18,0.6
11f1f193-7f3d-4dd5-baba-da69c2da8868,Student,2026-03-16,0.15
1a03d5cd-8f87-4090-a44d-25d2d1f99f99,Student,2026-08-23,0.15
4f34e071-ac0f-45f7-b60c-991e0b4426e0,Enterprise,2026-04-04,0.85
e7e8e977-cc68-41be-bed1-3b1ce581f2d5,Professional,2025-09-18,0.6
bb4f77cf-ac96-4962-9b40-79c3ac60db99,Student,2026-01-13,0.15
12ae349f-2904-43c5-8fd9-9f1a709dc741,Student,2026-02-26,0.15
f5c98ed6-13ce-47a1-a680-43aeff872d78,Professional,2026-07-19,0.6
f9db82e7-d89d-4dc2-b198-339564dff866,Professional,2026-01-08,0.6
2bcea318-6ae9-4ec1-9c7a-cdb274db7eb4,Professional,2025-11-17,0.6
0c221fcf-7efb-41db-8b49-728162e77cc7,Student,2026-07-16,0.15
e187e2fb-d6b3-46fd-aa50-5106965c0506,Student,2026-02-18,0.15
2156a6d3-4ec2-4b78-a46d-9fe24f2b646f,Professional,2025-09-05,0.6
c0a6a294-7b52-4a45-8442-aba7632da94f,Student,2025-10-04,0.15
e8794ab6-3a16-4e9a-9bfa-ec02c04b9771,Student,2026-03-20,0.15
bc614186-d099-4b58-8f91-b1964dc951a4,Professional,2026-05-05,0.6
f4864ad9-1eb3-4c90-a06c-adcaac55c2f0,Professional,2026-08-07,0.6
1f46f9cc-1fe8-4f39-a794-a3d6ab167c2c,Enterprise,2025-11-11,0.85
4bc7237d-f586-42c3-9a75-ca7f3048509d,Student,2025-11-17,0.15
fc05c434-e416-48bd-969d-d2d415a91fc2,Professional,2026-02-13,0.6
59e7c270-ba78-4903-a9ab-737a99230742,Professional,2026-08-18,0.6
64c3ec2b-e986-4b93-8c5f-03f880292d3d,Student,2026-04-08,0.15
4764bb7a-a9bf-4a55-ae86-775bb1aafc0e,Student,2026-03-01,0.15
3dbef3b3-ed75-49a5-85c7-c1e9889c2db7,Professional,2026-07-15,0.6
30ab535f-44b8-4962-88ea-d05662f67b75,Student,2026-02-26,0.15
81129b23-7eb7-4eae-88d5-d74faf8cfc41,Student,2025-09-11,0.15
5bd1cc9c-7939-47fd-aac5-2735c0eb61de,Professional,2025-10-06,0.6
2b3ec8c9-a47d-4be9-9dc9-e92d14e8f578,Enterprise,2026-05-01,0.85
2f43f0fe-e197-40ce-8dd4-8862e40ef1c9,Student,2026-04-29,0.15
6645488e-d51a-4858-9e0a-4ecd6ee0944d,Enterprise,2025-12-01,0.85
2d2733ec-514d-40f6-9890-99a815d78563,Student,2026-02-25,0.15
ac6c2559-be08-4631-b346-4528c981cdef,Professional,2026-05-01,0.6
a9280d58-8d4e-4cbb-ac6b-20aa6824705e,Student,2026-08-12,0.15
cbfdd758-767a-4fd2-bfe4-6b043c92df45,Professional,2025-12-01,0.6
4bd90293-19d4-4656-bbe2-da03e105cf44,Professional,2025-12-24,0.6
7652c439-b730-4d8d-ac8e-c1e0dfa72abc,Professional,2025-11-25,0.6
6c02eb65-cc58-4672-9def-7c1b89f0068f,Student,2026-02-15,0.15
59990f55-5a31-4c71-89d5-2983b26ca279,Professional,2025-09-28,0.6
85eb5336-bb41-43f4-bb39-fa8a50b3d08b,Student,2026-04-10,0.15
8966dda8-6fb2-4bf5-aeb2-2e01f8dec334,Student,2026-07-19,0.15
bbde2f30-d464-4c86-8055-e52d565dfbb2,Student,2025-10-26,0.15
b4920c97-316a-4ed6-aa06-27d1889dec51,Professional,2026-04-05,0.6
a21bd0db-f818-4006-a746-7e9df79b292c,Professional,2025-12-13,0.6
0bff4575-ff95-417b-8e47-7ba693a7d075,Professional,2026-01-29,0.6
64ee2e9d-181f-4816-bdd1-01883ad413a1,Professional,2026-07-10,0.6
b58f8489-9b5d-445b-b935-b577478ddb92,Professional,2026-04-11,0.6
280bc39a-ab25-44db-a027-5201d5254564,Professional,2026-08-21,0.6
a611f1a2-ada6-4ad4-9ce0-c628d00fae6e,Enterprise,2025-11-08,0.85
53a28c78-295c-4ac1-9fbe-c2194709bd02,Professional,2026-06-23,0.6
d238e051-649f-4a9d-93e3-9cc32c7ac0bc,Enterprise,2026-04-09,0.85
bfdf34ba-3177-4ec6-b8d9-248000c97a86,Professional,2025-12-06,0.6
e2c26f9f-8d1f-4176-a1a2-19386b2ccf58,Professional,2026-03-26,0.6
cce9dec3-8ae6-4f50-b7b7-47d1c9cd53bd,Professional,2026-01-03,0.6
1cc0a386-359e-4a66-95eb-2e8dea473203,Professional,2025-08-29,0.6
dec313e4-48dd-4c4f-9af0-f617742d88cc,Student,2026-01-11,0.15
a1514124-d93e-4429-bc37-e7ca25cfd18d,Student,2026-06-15,0.15
055f347c-1da2-4475-9eaa-73bd4db54912,Student,2026-05-28,0.15
d6855bee-0d93-47f3-9531-3663c7b959a7,Professional,2026-02-18,0.6
dd9e0eed-1574-43fc-b1a6-80e90395f83b,Professional,2025-12-29,0.6
fe0df150-5467-46a3-a16f-c7731b729308,Student,2026-03-28,0.15
60f6c46f-0b12-4594-b376-0a1d9387af96,Student,2025-10-10,0.15
9cd436a9-92cf-491d-bc09-8028a615e002,Professional,2025-11-24,0.6
9dce7a6a-5cf9-4d29-b1c4-42c72fedfeea,Professional,2026-04-08,0.6
a704dbda-37c6-450e-bffd-629525045a94,Professional,2026-04-30,0.6
9593d889-2c35-4ad5-855a-8de351ea87a4,Professional,2026-08-08,0.6
46f2586f-6711-41ec-a08c-1794cfda919e,Student,2025-11-28,0.15
f0c3df38-1be5-4edf-83d8-9cfba084943e,Student,2025-09-10,0.15
2da873c8-c5f8-4a4c-86fb-e2807954b3d2,Student,2026-04-15,0.15
59b7f70b-c0b6-49f8-bec1-6a16289cde5c,Professional,2026-01-05,0.6
7a42770f-d9c8-4e24-8eab-7ffaf7407eae,Professional,2026-05-25,0.6
d50df085-520a-4fb3-bdea-7c5fd564e783,Professional,2026-01-30,0.6
21aa7da6-bb25-4093-9a60-20ebafd74d9a,Professional,2025-10-08,0.6
c5f0622d-d69c-48e2-9178-6f3b18990d61,Student,2026-03-20,0.15
5f6c0e40-8144-4afb-a3b1-465a94cd7750,Student,2026-01-12,0.15
47c0aa6d-8f66-4e10-8559-fc9dd68d1993,Student,2026-01-29,0.15
2e3b775c-59de-48ba-891e-a120956ffbdd,Student,2026-06-27,0.15
48d85cb1-4e62-49ed-b7e7-b0acbd55ecb0,Professional,2025-12-12,0.6
8a5d37aa-f9da-4c99-9fc6-bd786a5a670d,Professional,2026-02-08,0.6
69d16007-83f8-4eca-bcba-43df8a19b718,Enterprise,2026-08-18,0.85
81525789-6297-47fa-8947-08fe7cecbe33,Professional,2026-01-05,0.6
3f75cf46-c63a-4a74-9887-53c1b014be8e,Student,2026-05-19,0.15
b437276d-791d-46f6-93fa-5ae82353b793,Professional,2025-10-21,0.6
a66aff95-1409-452d-9641-f3fd072f1dcc,Professional,2026-04-07,0.6
8e3e1dde-7aa2-4cca-9327-675f5416391d,Student,2026-02-16,0.15
9c0df5b2-4c0a-4c50-acec-40970e929d6d,Student,2026-03-15,0.15
69327e1b-31a3-4bb3-9f18-206d1842a809,Student,2026-07-25,0.15
2736caba-0940-4c5d-8f22-dc9493786ec7,Student,2025-12-25,0.15
30dddb4a-7df0-424a-808a-4f5946f7aeb5,Professional,2026-02-16,0.6
96b2534c-6e2a-4d9c-a81d-4d9533ef1bf7,Professional,2025-10-14,0.6
b269bacb-37f6-4c5a-852f-a120551530af,Professional,2026-03-01,0.6
e773a3df-1390-45ca-9769-ccafb9d09469,Student,2025-11-04,0.15
a327078e-296f-47f1-8d0d-dbc0c91df26a,Professional,2026-01-22,0.6
7470342e-7694-47fe-b902-e290d96f510b,Professional,2026-06-01,0.6
862d29d0-6eef-4676-99ba-c7dce151419f,Professional,2026-04-19,0.6
6a9bb862-1672-49bf-9342-cc43a77a7f0d,Student,2026-08-02,0.15
5358d560-19e1-43b0-b625-36fbf9ae4710,Professional,2026-05-10,0.6
f40b84fa-5cee-4565-abc9-0947ab356622,Student,2026-04-02,0.15
2adc2b77-7bbd-491c-9b4b-9b2aa6bdbe24,Professional,2026-02-15,0.6
86bc6117-5daa-4946-a8d5-5c28e4eeb49e,Professional,2026-05-05,0.6
9c7aa6b5-cce1-4399-912b-61102f973320,Professional,2026-02-06,0.6
1c1ef76a-65e9-4acd-9ea3-30ef3bc1cf55,Professional,2026-08-18,0.6
7e3e3de5-cb33-4b2e-a5ff-dba0663591a8,Professional,2026-06-06,0.6
64646d51-acdc-4fac-83e4-53dc341c05ad,Professional,2025-11-26,0.6
c7790970-c620-41ec-9dc4-726dc246f1b0,Professional,2026-03-28,0.6
c2a0c6e5-f446-4602-89bf-6c33585fdf72,Student,2025-11-02,0.15
700cdb8f-495c-4ad8-abe5-1c3ef983079e,Professional,2025-09-25,0.6
3abb8294-87a7-4346-826d-81f507c9a360,Professional,2025-10-10,0.6
c36da184-90ec-4152-ac39-c3f1a884234a,Student,2025-12-20,0.15
3b8f3d98-a99d-4bea-9b26-553618b431f2,Professional,2026-04-10,0.6
c28f38da-71ca-4803-a816-94c4b6851d11,Professional,2026-07-12,0.6
e9957263-3560-4b4a-bac9-95c5ae1f2715,Student,2026-04-28,0.15
64b20ebd-f568-43a8-83ce-6013d6fe9c7e,Student,2025-09-23,0.15
1a0550b6-922a-48e3-9362-4fcae35d929f,Enterprise,2026-06-03,0.85
6a12e6f7-d035-4b5d-b911-ec96232c8952,Student,2025-11-24,0.15
f7148914-2431-4a22-a181-b2579d6510fb,Professional,2025-12-16,0.6
321cd4d7-f37a-4244-a06b-9451ffd01689,Student,2025-12-29,0.15
e30dc7e8-6c4d-4ee8-9e8f-82f8b655d659,Student,2025-10-15,0.15
4c9df133-0fae-491d-a450-ac7b5dfc58a4,Professional,2026-02-26,0.6
b328d012-e28a-4c3d-acd7-553695e816d0,Professional,2025-11-03,0.6
88d570ff-9ee0-454c-9841-ed2ed1e5d913,Professional,2026-02-03,0.6
9f38d7bc-b8a8-4455-ba9e-03c62a0ae9ab,Student,2025-12-11,0.15
47ba34c7-0a01-4731-a83a-6cbc3e7c98dd,Student,2026-02-04,0.15
affa47d2-3b84-45de-9c83-94dde742e99a,Professional,2026-02-07,0.6
f1e87e47-f189-4a81-adbd-94375917ead6,Student,2025-10-13,0.15
f0badd3d-4ab5-4f6a-abef-ff4c352a544b,Professional,2026-02-27,0.6
aedd4e67-1c1c-4ec5-92ee-a6c5e8bb79c1,Student,2026-06-24,0.15
ff4ecf24-1074-49eb-82f5-71c9afee6850,Professional,2026-04-14,0.6
926a4f8b-0144-415d-8069-f1e7fa03abc4,Student,2026-02-17,0.15
21cfff9f-c31c-4bd5-a6bd-4aae2fbd48f9,Student,2025-12-05,0.15
39017465-a008-405d-8836-08a59f4eabea,Student,2026-01-13,0.15
fc5d8f42-a962-4b40-a5c0-8dd24bb82b5b,Student,2026-06-10,0.15
898822f0-fbbc-4a68-9853-81d6c1c73abf,Student,2026-04-05,0.15
3111f61e-f34e-4d89-91ea-1ec58fe8f38a,Student,2026-05-23,0.15
589d840f-6cb2-4acf-b19c-13cde5562d1b,Enterprise,2026-02-13,0.85
d124fbf1-7662-443a-bf3d-44af179a8cf5,Student,2026-08-05,0.15
37825dc4-ad52-4a91-8635-36d8b8501012,Professional,2025-10-29,0.6
f8a20842-27cd-4818-85a7-d7bce170af64,Student,2026-06-24,0.15
afb3bf14-8568-4d30-96e0-189dd4fde380,Professional,2025-10-28,0.6
9df26cd5-e939-4f61-b7dc-dc790204fcb7,Professional,2026-02-04,0.6
3bbd2df3-3aca-4c03-b22d-c470a047a6eb,Professional,2025-10-27,0.6
beac84f5-e0a5-46a6-9d8a-cca37cef588e,Professional,2025-09-22,0.6
e2e8398e-609c-4a90-9780-b7836ac775e9,Professional,2026-05-19,0.6
d53b3c75-0e7b-4268-b0e7-aae37b15741a,Professional,2025-12-07,0.6
cf8cfe23-2930-4c71-b0fd-90064fe83b72,Professional,2026-07-08,0.6
332c3257-bfcd-45ca-a369-5ecdf8c2f786,Student,2026-01-11,0.15
08f93edb-ef4e-4d61-a547-f2af8b889f25,Student,2025-10-01,0.15
445fdc53-27c3-4701-be9b-ca788e7a2827,Professional,2025-10-27,0.6
3a0d679e-f8e2-4f93-89a5-d7ec92ba0c17,Student,2026-08-02,0.15
be0e11f7-4e43-4fc4-9068-c46797ce052d,Enterprise,2026-05-23,0.85
d77892a8-3253-492a-ae8b-57b541b0e79b,Professional,2025-11-08,0.6
a37d1c1d-b9c9-4f8a-b366-62a548ff3475,Student,2025-11-13,0.15
2912fe1f-9faa-4cf2-9846-21118281d0b6,Professional,2026-02-21,0.6
b940a849-66c4-4284-adc6-94feb8777f83,Professional,2026-05-07,0.6
2073736d-e3d6-4627-a521-8f35fb5192bf,Professional,2026-05-21,0.6
cc4ccb1d-a197-49b0-a6d6-a1062fab9d9a,Professional,2025-11-24,0.6
112deaed-b21d-49d3-aa6b-057cd565b543,Student,2025-09-21,0.15
bb02cf3a-a0b6-4860-ada2-29565aea98b9,Professional,2025-12-31,0.6
8cf6c994-6888-4f31-a8fa-c0cc02e76982,Professional,2026-04-09,0.6
7ab3f74f-5789-4be0-a1a7-d029e44ae92c,Professional,2026-07-12,0.6
cceebed0-75ed-4e3a-8bcd-dadda089aebf,Professional,2026-04-21,0.6
d806d9b3-8d36-4b03-9083-46f364dc8284,Professional,2026-06-22,0.6
21c7fbd6-cc5c-41d2-a2b8-7b87977acee2,Enterprise,2026-07-05,0.85
ee066107-22b8-4492-9d3f-4b60f561f39d,Professional,2026-06-30,0.6
ac65118a-d81a-4d89-a8f1-d31187b8d884,Professional,2025-10-03,0.6
d73ee4c7-48b9-4ba1-a7a6-f55bc77a6800,Student,2025-10-12,0.15
d4ebc8a9-d161-493d-acc6-c108dbe6fc24,Professional,2025-09-02,0.6
b7945f17-f9d6-49ca-b3dc-d854211ef600,Student,2026-03-03,0.15
6c312281-1f48-44a2-84bd-1f764462fe12,Professional,2026-04-21,0.6
a76450d3-16dd-4f06-9972-e1499592a82d,Student,2025-11-20,0.15
f139c515-41d5-4091-86f1-6131b7a678a7,Enterprise,2026-04-06,0.85
7bc975b0-5a44-46b7-a7b7-51951fd6801a,Professional,2026-05-22,0.6
fc6cf832-f7bc-4003-b2a0-f28951488565,Student,2026-05-07,0.15
cca6339d-d3b4-4303-8d7f-8407c53b2147,Student,2026-05-16,0.15
6cae7555-352e-4b45-8a90-ead829309097,Professional,2025-10-10,0.6
d78e1850-3a4d-41e7-a49f-53f7edc2d5f2,Professional,2026-01-20,0.6
58064e7f-af9c-498d-a9a9-62d83692cbb5,Professional,2026-07-28,0.6
a440856e-1050-4445-93a4-afc7264d9e27,Professional,2026-08-08,0.6
b1915e75-8bac-4bfe-9c0f-89b9033e0b95,Professional,2026-06-09,0.6
30e4080a-4bef-411d-a482-795a5050d04d,Professional,2026-03-13,0.6
570d1323-a1c4-4f34-866d-d5faf191a7e1,Professional,2026-08-01,0.6
c53d32b3-6620-4070-801a-b2a4fd9aa972,Student,2026-08-23,0.15
39c54146-acc9-4aad-b3fb-7bfe69d74113,Professional,2025-09-17,0.6
df568f7b-c68a-4674-a340-38c97edce83d,Professional,2025-09-22,0.6
40b60fbe-262c-400d-be38-af76c50e05d5,Student,2026-02-09,0.15
1e2c5e3f-9d5b-493a-8d02-901ae8769161,Student,2025-12-03,0.15
bddca17d-1185-45d8-bb63-5cc08fe5fbb6,Student,2026-06-23,0.15
e95ad392-40c0-469b-9f03-8c40cbeb29b5,Professional,2026-07-26,0.6
3ab061a5-5806-4b22-8c5f-a1b4b092cd85,Student,2026-08-04,0.15
d6077148-d26e-4f27-baff-dcd4bc4495b9,Student,2026-04-12,0.15
72b0eabc-47cd-4fa4-a18d-eb7a87cce7f4,Student,2026-05-30,0.15
97d28bf3-792d-47e6-b631-02e8c81ba0d8,Student,2026-06-17,0.15
c872b1f9-a5b9-4fed-a1e0-71f7251bcb1f,Professional,2025-10-14,0.6
604edb10-2c85-4e60-a095-95ce4d408c1a,Student,2026-04-01,0.15
4bf8739d-8b04-4b1f-aed7-9d8264b41ea2,Student,2025-12-05,0.15
78db28cc-2177-4f30-897b-08299d67e0f6,Professional,2026-05-31,0.6
0ae6c8bb-9244-4853-9265-3488369acb48,Enterprise,2026-05-01,0.85
dbeaf8c8-dadb-4629-b068-a6ea23f2154e,Student,2025-09-16,0.15
06dd9d8e-1538-4966-b882-4340ebd81dee,Student,2026-05-13,0.15
251dabe8-e564-4733-acbb-88791475ff40,Student,2025-10-29,0.15
62b667e8-8f77-4533-8afa-48ee883325b5,Professional,2025-11-26,0.6
41f5ed24-7845-43f0-b3db-5b62be2d46b9,Professional,2026-03-22,0.6
7c96fcc5-9a6e-481e-ac72-40deca88a9b0,Professional,2026-04-26,0.6
7e11f49c-3d62-4602-81f2-b1b0748976ce,Student,2026-08-09,0.15
8f2fc49b-600c-4913-b0ed-eaa69c41ccef,Professional,2026-07-07,0.6
9bddada5-7046-418b-b43a-f5435b30bed8,Student,2025-09-19,0.15
9dfed2c6-364b-46d4-a9ee-da5202804716,Professional,2025-09-13,0.6
5013375d-7484-441a-aa16-957adc13fe74,Professional,2026-06-13,0.6
0253d0b5-e634-4ad3-bd5a-f723085d2803,Professional,2026-03-01,0.6
9d5c5769-7b93-458c-bf8e-42e4410cd3de,Professional,2025-10-20,0.6
18e2b981-05ff-44f0-8f88-67e730f185dd,Professional,2025-12-13,0.6
3b84d34e-a102-462b-9922-dad392fe4684,Professional,2026-06-11,0.6
0c1a0500-0944-4aa7-a661-453e00600a90,Enterprise,2026-02-11,0.85
4d56db4b-262e-4f8c-b81c-73570e647b6a,Student,2026-08-22,0.15
d0826fa7-3d71-4b55-8559-b0b949151a13,Student,2025-11-25,0.15
9c3a7442-7c8c-4a72-a36c-e43c0c811a9f,Professional,2025-12-05,0.6
c36450f2-0bc1-4b13-8f25-9396e08c6327,Professional,2026-01-12,0.6
3e69b844-b9ba-40d4-94e4-d45f1c444dc0,Professional,2026-08-09,0.6
a90d04f2-9d39-4709-9794-a18c97e7d597,Enterprise,2025-12-17,0.85
17a26047-161c-420b-a2f3-947b3014b746,Professional,2026-07-08,0.6
d185ce63-33c3-48be-8dd7-c310dfc9d066,Professional,2025-10-09,0.6
488bfe35-7d6e-4b04-a59f-cf2276a55d96,Professional,2026-07-15,0.6
92ff360a-1084-46c4-a77c-b7098fb7d1a7,Professional,2026-02-24,0.6
0c9701ed-c7b6-48a6-8daf-809cdac97a65,Professional,2025-09-02,0.6
ecd06953-5f0e-4860-b1f0-654552531c80,Professional,2025-11-01,0.6
d9768258-5d49-446e-a263-8cdacb1f2175,Professional,2026-01-28,0.6
0c7b5b70-fe9a-4f2f-9199-d92ee523b543,Student,2025-11-20,0.15
b352dc87-7a9d-4209-aaed-e814fb6e6b13,Student,2026-07-03,0.15
7a0edaea-5645-47cb-b9a0-b3ab0bef4ed8,Professional,2026-04-01,0.6
f109cc1b-05d8-4277-a416-9158b2756068,Student,2025-12-26,0.15
2f86daa0-6fce-4f6a-9948-645ff62c84b0,Professional,2026-03-20,0.6
b796cdf6-2c4c-4f27-86b5-e91ddc41c0c0,Student,2026-01-22,0.15
5d60e432-ab20-48ce-9b17-cc1abc49b1f8,Student,2026-08-04,0.15
97578ef8-c92c-427d-a3e7-c842a1043b05,Student,2026-07-28,0.15
5d4f4e35-e3a4-4963-9ce8-c853595285a4,Professional,2025-11-02,0.6
4a15c446-79af-401c-aff4-f44b4c4487fa,Professional,2026-08-05,0.6
5882e788-db2c-4877-83e8-7fee5c69ec7b,Professional,2025-09-29,0.6
68a0c573-5896-4898-98a2-28b3df30a135,Professional,2026-04-27,0.6
8eb73302-ffcd-4c2d-993f-2875e210778a,Professional,2026-07-31,0.6
1c9a04e7-edca-4b2c-a240-70b01974e8fe,Student,2025-12-08,0.15
7bf5123b-32a4-4e09-98af-298dfcf8bc63,Student,2026-04-04,0.15
779c8185-7a40-4b4f-b922-1f2e7ab4cb43,Professional,2025-09-24,0.6
1e35c56a-3b4b-4b75-bff7-0813502801bc,Student,2025-10-02,0.15
f5c37754-bb07-45eb-8b65-9e9400a89b5a,Student,2026-05-18,0.15
dea8ff7a-069f-48b5-96c7-54c7d3ace54d,Student,2026-07-24,0.15
1ccd5da9-628c-41a4-abdf-7d2835592892,Professional,2026-08-12,0.6
08c4077a-d657-4cd9-8ee4-c3fad7aac0af,Student,2025-09-07,0.15
ab993013-6552-4c4c-8788-f4ccef4e4c1e,Student,2026-02-04,0.15
4c452881-3a41-4db6-9a0c-0941984f51a8,Student,2026-05-24,0.15
90983dad-96ed-4ff6-a20b-e9cb97d4714a,Enterprise,2025-10-13,0.85
84e8ed99-b4ff-492d-a61f-ee85817ce60e,Student,2026-01-23,0.15
82bce42a-f25e-46e5-910d-2692de27bf9e,Student,2026-07-13,0.15
aeea8c9e-5e42-4dd8-9da4-ce8d0e6635c5,Professional,2026-02-14,0.6
675c9c5e-821c-47c3-a222-2f5af08a7913,Professional,2026-03-02,0.6
2b79b67b-0cc2-4626-b4ae-87ba3d1ba54d,Professional,2026-03-20,0.6
45045052-8f58-43d8-b511-4a195ed12e72,Professional,2025-09-19,0.6
afa98320-57a4-4fdb-bcac-22b3f28f5324,Enterprise,2026-06-15,0.85
91a80697-5d99-4e71-ae5a-f6a3f292e12d,Professional,2025-11-13,0.6
c34bd972-594b-450b-99de-3fc29ac4bc00,Student,2026-04-04,0.15
9156f955-8b5f-4927-8a99-ed87f7254205,Student,2025-10-09,0.15
f9067c6a-3b45-4852-a994-ea134ae5d163,Student,2026-02-21,0.15
a288943d-5fc5-4600-ab27-04ed3c7dca19,Professional,2026-01-21,0.6
70cd7322-7cf7-4de8-849f-9a7997d238b5,Professional,2025-11-05,0.6
27ce0d5a-2d15-48a0-a7ca-4d477d6b558a,Student,2026-06-08,0.15
041705c9-0225-4400-b125-d9d290c79e60,Professional,2026-02-04,0.6
00a23f6b-9491-4228-80df-850fd07a1567,Professional,2026-06-11,0.6
1457c43c-e054-4fcb-b0d9-670576a9b7bf,Student,2026-03-25,0.15
af1d510e-3558-41b9-91ea-76f6eee9a7a9,Enterprise,2026-06-08,0.85
5e1715fe-b6d8-4464-9953-0c95498f4d0d,Student,2026-02-11,0.15
6e777127-60ad-472e-8cd4-a02757d302ee,Enterprise,2026-07-02,0.85
3663f134-a6ec-44e6-b072-0331a1f585dd,Professional,2025-10-20,0.6
bd1548fe-30f0-46f2-b649-efcfd044b834,Student,2026-03-22,0.15
c2490ab0-0fce-4b83-9e4a-b00a6fc63e0c,Student,2025-10-18,0.15
5bff6e15-e5d4-46a4-aa71-c373afbdd7e6,Student,2026-05-05,0.15
38b855df-0bfb-40e4-bd5a-af21d07cf602,Student,2026-08-05,0.15
bb068b53-0f38-488e-9026-79a71f323ee1,Enterprise,2026-06-05,0.85
2af89922-175b-43dc-a5b2-0ec61576ecaa,Professional,2026-06-17,0.6
0497f3ac-c025-4cf7-8844-edfc8f1ea124,Professional,2026-02-01,0.6
934bb7ea-90e0-404b-904a-caec13fd4ad3,Professional,2026-05-23,0.6
585b4f1f-8d82-4ffc-a2fb-21473e728984,Student,2025-09-16,0.15
b66043dc-8d62-4e7e-b32a-74cf561d3987,Professional,2026-06-01,0.6
113946fc-0eb1-4c32-83f7-1e151b8deddf,Professional,2026-05-06,0.6
f51a967b-b627-4c9f-8a76-4e20ecf16ff2,Professional,2026-06-03,0.6
74b26651-9099-468e-89b5-c0cde9e535eb,Professional,2026-06-08,0.6
b222e338-09db-440c-afd1-c6fece7c38af,Student,2026-04-07,0.15
0b8bb606-4546-48b7-ad39-9f575683a96c,Professional,2025-11-27,0.6
d9bb4898-c414-4029-9750-ac142ef5dfc6,Enterprise,2026-03-09,0.85
de95b2e8-83b6-46d3-a379-120daca49a96,Student,2025-12-06,0.15
7c4f35fb-9eb7-4762-b660-085b83b5079f,Professional,2026-01-08,0.6
2af8e1a4-7907-4378-9438-b9f9582d2436,Professional,2026-04-25,0.6
6a0668fe-fc4d-40c3-ba83-9f1c69654f35,Professional,2026-02-13,0.6
d61ebed8-6445-4083-bf5a-30abbca2dd87,Professional,2026-04-02,0.6
48b4a4a9-d95d-4b93-b013-c4d8b57a4941,Student,2026-06-22,0.15
5809b8b5-c7f5-4f61-b8b8-cabdbf06b2f6,Student,2025-11-14,0.15
2e915fb0-9c52-4048-8423-12bf61949362,Professional,2026-01-01,0.6
e8c57b24-a4a3-4b96-a5ce-12313fd9c1d7,Student,2026-03-25,0.15
2b414b54-a08a-43a1-9326-f0f044322e98,Professional,2026-03-27,0.6
842c28ec-9d9b-4e22-8704-5a5cbb913d6f,Professional,2026-02-24,0.6
e10291fe-e5b7-4e1f-aa29-f200f4bb55fd,Enterprise,2026-06-10,0.85
2df8ec77-d12f-40cd-a1e3-fcb4a14061e8,Student,2026-02-03,0.15
4a5a6ff7-5b01-4f5c-90d8-5fa382cfc0b2,Professional,2025-12-05,0.6
f8399e0a-ef30-4c5a-88d0-14082f75778f,Professional,2026-04-16,0.6
9a13b67d-d3c9-4df0-80e9-28d522a4739b,Professional,2025-10-30,0.6
d2b4afcc-fa2f-48ad-bcf7-5f86f5cb304c,Student,2026-08-24,0.15
c3c71625-6e30-4eda-9cb0-a74e55125ae3,Professional,2026-01-18,0.6
4deb5222-c4d5-4747-a373-a92df959bb56,Professional,2026-02-02,0.6
6a1074bc-bb75-4f01-9795-8af070691c00,Professional,2025-11-18,0.6
b32b2cea-c1db-40c7-99ca-2f76038ddb0a,Student,2025-11-20,0.15
f78e3548-27fe-4e21-97b8-08f14e851417,Professional,2026-08-12,0.6
d9c177bc-6484-4343-864d-e14073a4bcdf,Enterprise,2025-10-11,0.85
153a5e33-df1e-4e00-b6f4-3b9ac541ad1e,Student,2026-06-08,0.15
8b64aee8-6d71-407b-8b28-4b1efd67710a,Professional,2025-09-12,0.6
7a49d0b3-041d-45e4-9b48-3cc665749bbf,Professional,2026-02-21,0.6
e5b30053-9c77-430d-acc1-9e7b9e97d9fc,Enterprise,2026-07-23,0.85
385306e7-eaef-4d45-bbbb-48e46f00a8b9,Professional,2026-02-08,0.6
3eb20dca-2a7d-4f14-835e-1896f2d8abca,Professional,2026-01-09,0.6
7aa56778-a404-4fda-a3cc-857de2e9e659,Student,2026-08-01,0.15
40d90fd3-b40b-4255-91d2-12d1c1d05fb7,Professional,2026-06-11,0.6
c3bea49e-9fd7-49c1-a62e-47aab8794dac,Professional,2026-03-17,0.6
dbd02fae-3ecc-4d6f-a906-b3f28c76b028,Professional,2025-12-29,0.6
0a946aa7-c621-446d-963a-789e026c158f,Student,2026-05-19,0.15
743ed721-f99a-43c4-939c-4341a8f0ca49,Professional,2025-12-06,0.6
bb61465e-89fe-4e7c-b092-273fcfbf195d,Professional,2026-02-13,0.6
e998b91b-39ec-425e-8587-d7e57102c8df,Student,2026-01-15,0.15
a1ac6ce5-2c2f-4421-9148-93f8122e3f5e,Professional,2026-08-15,0.6
d7265801-3800-415f-a706-b166801dbc89,Student,2025-12-03,0.15
4e026202-ca28-4396-a397-e19416c2864a,Professional,2026-04-08,0.6
391bf51a-4a75-4d4d-82c5-cdd49c2b64ba,Student,2026-02-10,0.15
b17ed669-09ce-43c7-aa4c-d717bc03119a,Professional,2026-01-12,0.6
ad2bea64-d249-40eb-a50c-8361fc842ae3,Professional,2025-12-04,0.6
2b20df82-1f88-4402-8057-b36ef94f9484,Student,2026-03-17,0.15
c9dd6d8d-d46e-46b5-8a93-fae5ee36fce2,Professional,2025-11-23,0.6
567a0fd0-0ba6-4882-ad2d-8c88858a53c1,Professional,2026-04-08,0.6
f0281d07-bd6e-4f7f-9f67-9e008c1ebd65,Professional,2025-10-12,0.6
50c2b0cc-567e-4461-a431-baca6a7b2fdc,Student,2025-11-07,0.15
f5a49a60-d186-47a3-8dd1-336c4884e6b9,Professional,2025-08-31,0.6
b83a9cea-8975-42bd-8ea1-3413735c9428,Professional,2026-04-12,0.6
ea8be61c-3bb6-4a25-a361-46ab4c97c325,Student,2026-07-01,0.15
752fb43c-ba04-462d-baa5-480d49d52d9b,Professional,2025-12-16,0.6
626ec65b-9e68-48e4-8485-1497de77653b,Student,2026-03-15,0.15
c39006ab-b4ed-48fa-b24b-137704dbd056,Professional,2026-06-18,0.6
09833f1c-b964-44b3-8ca4-40c7d81c4971,Student,2026-06-19,0.15
8f7744fb-9db6-4b46-a2a0-85e17c21b1db,Professional,2026-08-23,0.6
5ea33ef0-094d-43cf-9fa8-08ea9e21a975,Professional,2026-08-24,0.6
a9a091a8-29ab-4d2f-9789-9a5877eb1d8c,Student,2026-05-29,0.15
3fd449d1-477d-4db6-b290-921e8d505dba,Professional,2026-05-25,0.6
00e6eba0-de11-4dd6-8d3f-c663de15b4f5,Student,2026-03-18,0.15
cacb3447-d88c-4784-bd1c-5d9f1b2593de,Student,2026-06-13,0.15
f75df288-7448-4d2d-8151-fe7d1cb42e56,Student,2026-02-10,0.15
0e9552d4-37ef-4d87-b7d0-8e5c0a4b7350,Professional,2025-10-20,0.6
bbec7a7b-5557-45e6-b21f-a94fc6a22df6,Professional,2025-09-23,0.6
31d787c2-28c4-4991-b6f0-46dbb2754552,Student,2026-04-09,0.15
7cba0d8f-0740-4f3d-9569-8e9b16f6ddff,Professional,2026-07-20,0.6
54f201c4-6bc0-4c3d-bbdd-ca14133bbda4,Student,2026-04-01,0.15
7aa43d4f-7760-416b-9135-802a19eefee5,Student,2026-07-15,0.15
fc2e2b41-5399-4a47-aed7-cf3eff7b9bf6,Professional,2026-04-21,0.6
b4b3bb87-9dad-47e2-a9b1-61251a5d2807,Professional,2025-09-09,0.6
e5750dc3-1d44-4f4e-a55f-9ec01dec81c0,Student,2025-10-05,0.15
67d9e920-39ec-498f-beea-977cd9296ebb,Professional,2025-10-06,0.6
0e6c5498-c115-4422-9c83-f91f1d4ad507,Professional,2026-08-07,0.6
b2de5303-d413-42cf-be3e-b289e4d15e29,Student,2026-07-21,0.15
7ecb01cf-7566-46a6-9e66-78e2e5fe81eb,Student,2025-11-16,0.15
b732ab93-5f21-4cf4-920f-5b2440043ac7,Professional,2026-06-25,0.6
66a71c1d-0ca6-443b-ad0f-72f3caeca304,Student,2025-09-12,0.15
bc10675d-9b05-44e4-a7a8-19db229292ea,Student,2026-04-14,0.15
20f29a31-3206-4d6f-925b-42b00fc9cd6a,Professional,2025-12-12,0.6
69c45372-2aee-42c2-8e4e-fb47050a872a,Student,2026-01-06,0.15
4ec7e25c-f70f-4391-8960-1081424ef34e,Professional,2026-07-21,0.6
cab5ceac-a07d-468a-b510-3de1b497f594,Professional,2026-04-06,0.6
7f1e60d6-2e05-45d7-aea2-32da8f96b6af,Student,2025-11-13,0.15
93dac328-4fd3-40f2-af1a-7f152c00abff,Student,2026-03-22,0.15
7b7298f5-22e4-434a-b431-e2b4e315833e,Professional,2026-05-04,0.6
b7fabe84-a30b-491e-980c-1846aed9da3e,Student,2026-01-28,0.15
0b316e3c-690f-4227-a87c-893594f670ff,Enterprise,2026-05-31,0.85
a415def7-1013-4d31-be71-dc1dd831cfd5,Enterprise,2026-07-02,0.85
5fe5dbd6-48b0-428c-a7f9-69cc0d6e3fa7,Professional,2025-12-03,0.6
5342d166-6a71-4005-9eb3-a92b0871a84d,Professional,2025-09-26,0.6
adf35a6e-0cc1-4701-8f93-838ae18c2654,Professional,2026-02-03,0.6
e95a8851-f1e8-4144-aecc-a8b6732a1789,Professional,2025-12-12,0.6
13269c64-66a2-46d8-8af2-fa88bd86b4dc,Student,2026-02-26,0.15
b250ceed-3aa4-4352-a13f-07faffa8d6a6,Professional,2026-07-21,0.6
43294a3d-a407-40a8-a14a-e99bbeb73bff,Student,2026-03-17,0.15
faea48e9-6198-46f0-b623-dbb408cd6a4d,Student,2026-02-23,0.15
1733d171-2ca3-47f5-8a0a-3bce303e9adb,Professional,2026-01-11,0.6
8ce06db3-3446-467e-a37b-842733fc7e13,Student,2026-05-11,0.15
7347857e-59f4-4901-a07c-eaa15dcf38f8,Professional,2026-07-02,0.6
f1d7d102-2c6c-48b1-acc5-86b7cde45783,Student,2026-01-13,0.15
5db96dc9-d926-4b94-9717-417ebc2ee46c,Student,2026-08-11,0.15
ffce4a00-e5ee-4c6d-b063-fe88bfebea69,Professional,2026-02-17,0.6
07f6ce97-c897-468d-bc78-90d9b7e60685,Enterprise,2025-09-25,0.85
df41f6e5-6ca0-497f-8a09-a5373fa9beac,Professional,2026-05-26,0.6
1636bc1b-b873-4728-ab0c-c171afe73470,Professional,2026-08-08,0.6
e1fcecef-9eab-477b-b299-e07c30a41664,Professional,2026-03-12,0.6
cd53bd8c-1d7a-468b-a933-7165429922b1,Student,2025-11-16,0.15
bfa62788-6ec7-4f7e-9e5e-f9793d02cc4d,Student,2026-06-16,0.15
1e10adeb-32f8-4f30-aa12-81af9c111857,Professional,2026-03-08,0.6
f3c37507-7f77-4978-a991-c18fffd1d309,Enterprise,2025-09-13,0.85
eee27f14-ccdb-4d79-a644-5e6f42cad81b,Professional,2025-11-01,0.6
67ef3d18-83ca-4c11-aaa4-09d584a33be8,Professional,2025-11-25,0.6
9df0c11c-aa6c-4462-9b7e-25e2ba1a37de,Professional,2026-01-16,0.6
9b9cd776-4ed4-4f40-8514-6a4ed8db24ee,Enterprise,2026-03-19,0.85
b4e2aa1b-c70d-48b4-bb12-25795cbce6d9,Student,2026-06-09,0.15
55f08146-4f41-45e6-a399-29bc81900ef4,Student,2026-07-11,0.15
05225dc9-3253-4382-a580-dc7b79d6d19f,Student,2026-02-01,0.15
1c235ebc-332b-451d-9b9c-03d95339b736,Student,2026-06-03,0.15
b7d7a439-d168-4ca4-9f4b-e95c2a699eeb,Professional,2026-03-12,0.6
45201880-2462-40da-9443-bb2f3951e49f,Student,2026-03-14,0.15
3163cf60-69e7-4f9c-a4d2-3ac348b4b05b,Professional,2026-07-17,0.6
44fea809-cd14-4313-9389-aabae606e68c,Student,2026-04-25,0.15
364eb649-2fe3-48fa-8fbf-5f698a9f95db,Professional,2026-01-29,0.6
7ea12a32-84d3-45ff-bbbf-31f010a21dfb,Student,2025-12-29,0.15
f9f8a7ca-918e-4827-b3ec-cda884312738,Professional,2026-01-13,0.6
857698f6-5849-45f2-a180-76eb4387df57,Student,2026-01-17,0.15
048da46f-80d4-4d97-bdd3-12278a747372,Professional,2026-01-04,0.6
f3aa0534-fca8-4fba-99e6-d01f3b276cee,Student,2026-06-06,0.15
1d3d5656-ad72-4c8a-909b-a739b2585ed5,Professional,2026-04-22,0.6
c2f183d7-1214-476e-9e99-4c42e6162057,Professional,2025-11-21,0.6
af92af0c-4c3e-46e0-a039-21e038bc4a42,Student,2025-12-01,0.15
df6940a8-7542-4613-81eb-fcd880ae9e7a,Student,2025-10-16,0.15
98bc111b-79da-4c87-9f8a-590ab55589b0,Student,2026-03-20,0.15
6b45cd28-4a0f-4a9a-b9ab-874fcf081360,Professional,2025-10-28,0.6
10edab72-6ee9-46bb-b20d-ec4573c5dfd7,Student,2026-04-29,0.15
d6519ffc-daa6-462c-9b43-51e7c4ce7c47,Student,2026-02-24,0.15
83235142-d8d1-43ef-854e-1e19040f8c1a,Professional,2025-08-31,0.6
e9d472f8-11d0-4e87-b119-28c1edb5f997,Professional,2025-11-13,0.6
1118d3e2-dcd9-4b3b-8906-05a73f2d0242,Professional,2025-08-29,0.6
52638662-08ab-4b9b-874a-e90d42fa8c68,Professional,2025-09-18,0.6
f0b28abf-90eb-43b2-995c-5c741fef119d,Student,2026-05-28,0.15
e9783a35-a8f3-47c2-82e0-9798f1ac61f7,Student,2026-01-16,0.15
a8b24caf-5724-4179-90f7-17999e6745c3,Enterprise,2025-12-27,0.85
1138deb6-d575-4925-81a8-9ae5f26de8ea,Student,2026-07-03,0.15
62c2aa97-ae65-46a3-863a-8b9b3d8ea195,Professional,2026-07-25,0.6
21367331-3685-44b3-bb73-2813cd00c475,Student,2025-12-02,0.15
b899f87e-d924-4e9c-b238-03cb8bbfd50c,Professional,2026-07-12,0.6
e25c8369-62ca-4e86-b3ea-b49123ef8a44,Enterprise,2025-09-24,0.85
272a75b4-964b-4f03-82a4-23c51a83ebfb,Enterprise,2026-05-27,0.85
f720c15c-ff63-4cee-ad1b-d3a08fd08742,Student,2025-10-13,0.15
84b70f91-ea4e-450a-9422-8781ee11c300,Student,2026-06-08,0.15
f55d77be-8a75-46f9-b7d8-c88ea1302596,Student,2026-07-27,0.15
0f044570-894f-4fb9-96cd-03c144441c87,Professional,2025-11-07,0.6
66297afe-d4f8-4bae-9d32-87390196918c,Professional,2026-07-03,0.6
81d36414-f49b-4d4f-b166-7934132c69f2,Student,2026-01-05,0.15
41f66251-c5cb-4cc6-b1bb-5cbc52fa7ade,Student,2026-04-25,0.15
b47a8d5e-f520-415d-bbc5-e8d97ee8c914,Enterprise,2025-09-26,0.85
2bb781c8-00a4-4ccc-a0fc-043caf39098e,Professional,2026-08-09,0.6
e1ce8335-710a-4216-955e-911a48653fce,Student,2026-03-05,0.15
5b70178e-5e52-4109-b2b7-02612861d1d1,Professional,2025-12-06,0.6
f933bb8d-9476-4d32-ba16-f710e7546d90,Professional,2026-08-10,0.6
a1a874ce-c084-4942-8a7a-d6a14a717eb0,Student,2026-06-23,0.15
d76659bb-b2aa-4e59-a0b3-1c4a5c205df4,Student,2026-04-26,0.15
35053144-2ce3-42b5-a222-3e446966c8b0,Student,2026-05-10,0.15
47c0b1f1-7477-48ca-b3e9-6f10989156b7,Student,2026-08-09,0.15
0d716463-017c-4a47-92f8-e663aefcac50,Student,2025-10-20,0.15
0dd0602b-13d1-4dbe-8fe2-dcc0dbb2c294,Student,2026-01-12,0.15
0c2134fb-d75b-47de-ae91-3e7c26204211,Professional,2026-03-04,0.6
b2f09dbe-ae94-4f23-bb66-c2bfb6504bc8,Enterprise,2026-01-18,0.85
299a4459-ec26-40c4-899d-8523ad251633,Student,2025-11-16,0.15
69656355-176c-4ab4-b3b7-7b68cb5232fb,Professional,2026-07-09,0.6
88834a45-f9a1-4ec3-8d15-3c6142e87510,Professional,2026-06-02,0.6
7c0fdf7b-2fd5-465d-951e-f408ccdc3826,Professional,2025-09-23,0.6
3e34c001-5eae-4695-8021-8c05025d10a2,Professional,2026-07-12,0.6
f606ea8c-eba6-492d-aa61-cc1febc7bb50,Student,2025-11-28,0.15
fd777c76-de87-4807-91f8-dce9374b24bf,Professional,2026-03-22,0.6
57caee2b-abe9-4f08-8ced-b5dc8dcb1a3e,Professional,2025-09-01,0.6
03ab4ba2-9197-4339-aef2-1219473ca490,Student,2026-01-23,0.15
2fa653a9-d62b-4cf4-afdb-5beee6ae1816,Student,2026-05-19,0.15
a11f05e1-2cc9-45f0-924a-7c3c4188d330,Student,2026-02-08,0.15
d6e8d98d-f091-4d62-9b54-a8ac9a6aac51,Professional,2026-07-06,0.6
e4917eb5-07fc-4f13-a72e-c5ddb7217c65,Professional,2026-08-15,0.6
f24829b4-d69b-47d3-a07d-a1bccf875fd7,Student,2026-03-16,0.15
00c495fa-4f87-452e-8a20-976838111cc1,Professional,2026-05-10,0.6
2479e87b-2446-4ff5-99c3-20ab830f9134,Student,2025-11-09,0.15
ca2263e8-603a-4b59-abcc-b7090f12e903,Professional,2026-04-18,0.6
c154a5c3-d804-4762-a735-660f3511164a,Professional,2026-05-30,0.6
d437c14f-1724-4518-af5e-ec8a6bd45839,Enterprise,2025-12-11,0.85
dfb32c3d-0057-41a6-838e-6c8ba0a34253,Professional,2026-08-21,0.6
da6bd629-99a7-49cc-bd30-a610a5484f14,Professional,2026-02-04,0.6
3927ceed-56e2-44c3-9182-cc47edd72e2e,Student,2025-12-24,0.15
3160cb26-1eb6-41dd-bfca-92a451d0eb19,Professional,2026-02-26,0.6
024d0688-d435-421c-b9c4-751f821af991,Student,2026-05-06,0.15
fb4626c8-8d99-496b-89cc-5089f6e7ec61,Student,2026-03-25,0.15
780ea44c-20f3-43c7-a1ff-64462acc2a77,Student,2025-09-03,0.15
2930b940-4417-4331-bb27-0235b0cb2c59,Student,2025-12-28,0.15
3161a412-3fc3-4e71-9f1a-28cc4e0aac2c,Enterprise,2026-07-08,0.85
b1efe9ec-6a80-4baa-be0d-4bbb32218bfc,Student,2026-01-29,0.15
24bf8b5a-c388-4f3d-a9ce-c690448475b7,Enterprise,2026-04-03,0.85
4119d0a4-99d0-4124-bff5-b8d7d60001d8,Student,2025-10-11,0.15
b8c299ba-662d-4035-b7c3-439b5951a038,Student,2026-04-15,0.15
75dd1f1e-d109-47a5-8f7f-a17e54cab3c0,Professional,2026-05-28,0.6
c07eefb5-682e-4ebd-a526-8c9adfd7f57b,Student,2026-06-11,0.15
fe1c64cc-d574-4878-8528-9177c0ff6dab,Professional,2026-08-18,0.6
f861b4c5-c171-4a38-a7a2-121b38bd6141,Professional,2025-12-02,0.6
57a297f4-7bb7-44de-b72c-a3d0c2f9c20d,Student,2026-01-14,0.15
7dbbec69-1478-442b-bb11-647c8498c839,Professional,2025-12-27,0.6
cf096169-349c-4cd2-bdaa-93a89690a9a5,Professional,2026-05-15,0.6
bbc54f53-f854-4b7b-b9ac-940fb6a7ef8c,Student,2026-03-09,0.15
4818bce8-719a-44c7-8e5a-5b8e0e9600f1,Student,2026-02-15,0.15
45d18792-04fb-4806-977e-36b1e13ce0c7,Student,2026-07-23,0.15
ee6cbd01-717a-412c-8447-6f8641cf4fef,Enterprise,2026-08-19,0.85
22c43ec6-146d-443d-b153-475936a2d54d,Professional,2026-01-07,0.6
f9423d85-cb3d-4be9-b440-6a21c5cc8e84,Professional,2026-01-21,0.6
0912ae11-c508-46d2-8080-fe138d18119b,Professional,2025-08-26,0.6
601a9286-64ca-4f26-8eb5-ff59382e78bd,Student,2025-11-16,0.15
de0979c4-2ccb-4715-a8a7-3be987b68241,Student,2026-04-05,0.15
81593f58-c840-4816-8af3-2954b9fa2c54,Enterprise,2026-05-14,0.85
b487fa69-cf7f-403d-b98e-953f7f5c19e4,Student,2026-07-14,0.15
6634b35b-09ba-4759-a8f8-da41d6c5b8d1,Student,2026-06-20,0.15
8b246903-3fb4-489d-b138-9f364b247898,Professional,2025-10-31,0.6
37fc6129-4632-4372-a6ba-1480966a250a,Professional,2026-04-06,0.6
a25d99f8-94e1-4921-92e0-87c630907006,Student,2026-03-26,0.15
022cbdd2-087a-4a8f-abfc-b1c746bc2d93,Student,2025-10-03,0.15
9429cacb-373c-4065-b9c7-d1014c8226f0,Professional,2026-05-09,0.6
1dda93ed-4859-496a-bf8e-0fca0803a053,Enterprise,2026-06-12,0.85
c319d86c-6554-4d7b-99ad-72ff86d8c474,Professional,2025-09-24,0.6
9087dd69-b0a0-4697-9d78-0c2093997158,Professional,2025-11-06,0.6
cfb310ad-07f8-446d-8f6a-e7f710771365,Student,2025-12-14,0.15
866e0ff1-05b6-4e88-b650-2f860fe7057e,Enterprise,2025-12-09,0.85
ee0d2e66-0cfc-4aa9-b583-da17d437366e,Student,2026-07-22,0.15
ef9d133f-3dc7-4b86-b985-2921341a8eba,Professional,2025-10-04,0.6
e7041a66-b6cb-407f-88e7-c8d6de08f6b4,Student,2026-05-13,0.15
27cfa75c-765e-4deb-85ac-e673d47b3807,Student,2026-01-05,0.15
edefd180-f75a-443e-b945-1fb511b7e9c7,Professional,2025-09-24,0.6
1cc3c43f-dd58-4ef8-aa22-d6c921fc556c,Professional,2026-02-21,0.6
e220bdd2-077f-4f24-897e-cd11cfba5e91,Student,2025-10-06,0.15
14d73de7-7675-4297-bfe1-3089c574d41b,Student,2026-06-11,0.15
12096ac2-f53e-4b26-b282-12adfabd1f98,Professional,2025-11-14,0.6
f45ed192-c3f5-4aea-918c-835630fb6e60,Enterprise,2025-12-13,0.85
0809c93f-80d8-45be-9a3e-5c4c4a97a33b,Professional,2026-02-03,0.6
9fbde3ce-a426-461e-812b-c7fedb4c7293,Enterprise,2025-10-24,0.85
e5d9f85d-bbe8-4bf9-805b-16e853e329fc,Student,2025-09-27,0.15
2c834e3e-b59d-44b5-b6ae-bbda77c02c0b,Student,2026-03-02,0.15
1cc89182-e235-4bfc-b72f-ac84af1d8423,Professional,2026-07-23,0.6
4fb59dfc-1bb9-4541-ba28-c73eb9ab58c4,Professional,2026-03-21,0.6
09c8c196-3ce0-4b1a-a772-5d9a092439ac,Student,2026-02-04,0.15
d79be50c-9e76-48bb-b8b0-8d064c50d292,Professional,2025-12-24,0.6
d033eb9e-8c0a-4f2a-b54a-a7cb5d629755,Professional,2026-06-12,0.6
0b5c35a7-b1f5-47c8-bea0-d88b1c3e4c04,Professional,2026-03-05,0.6
2a75a237-dc2a-4600-8348-2ba327abccc5,Professional,2026-03-23,0.6
121048a3-9d44-4225-b392-596deb8e9e85,Professional,2025-11-09,0.6
c3861baa-92ae-4e57-9661-fb6a3765bf89,Professional,2026-03-04,0.6
1d62eb30-e014-4e91-ba1d-122b180b7581,Student,2025-12-21,0.15
c67feb90-f3c9-4b34-ae18-296f81ce6dd0,Student,2026-02-20,0.15
7159f78a-4f30-45c0-ae77-c0966717a4b4,Professional,2025-11-16,0.6
72b4f9ff-98a7-496a-80d7-c13614937025,Student,2026-03-12,0.15
1c2fb143-9130-4c3b-959b-35bde10a8f98,Student,2026-04-12,0.15
a3259140-812b-49f5-b01a-e64d17b4500f,Professional,2026-08-04,0.6
d6e954fa-62da-4e87-82a0-071c4b889a26,Professional,2026-05-23,0.6
08e30298-9058-4af9-beca-068d3019dd73,Professional,2025-09-20,0.6
e5475d04-84d5-42e9-8d05-73619c0ffa81,Student,2026-07-20,0.15
7a24e30b-e2dd-4571-8c28-0ae5066cfe35,Professional,2026-07-14,0.6
c63eac2f-39d5-455c-b7ed-07febdde86a6,Student,2026-04-01,0.15
60aaf66d-ab10-42b8-b357-dba5aaa20fbf,Professional,2025-10-23,0.6
e3d3943f-b8b3-4e05-967b-b081184bda6b,Professional,2025-11-03,0.6
7fcd3856-75f5-4c1c-9624-ec555c0d233b,Enterprise,2026-01-11,0.85
ad3efc24-e945-4c50-adfa-648df40b252f,Student,2026-01-21,0.15
f46f7c96-3343-4ea1-8349-5bdc57837870,Professional,2025-10-25,0.6
ddba245a-aac8-4104-8ab6-432f998de270,Professional,2025-10-24,0.6
aa18cc6c-c151-4733-b4f5-3f04650a083f,Enterprise,2025-09-26,0.85
e2c72b06-333f-4ff9-8908-ebe0d7e0c8f6,Professional,2025-08-29,0.6
18d33795-0656-4ba8-9283-b09dfae4e3d7,Student,2025-11-26,0.15
0e2435e7-0547-4339-9f8c-29dcd7d42533,Professional,2025-11-14,0.6
f693bb00-ba1e-406a-a8ad-6fd2d4e0a392,Enterprise,2026-06-06,0.85
f4abbfe7-8e70-4ebd-a698-d0e9a8931082,Student,2025-10-21,0.15
a7c9c1b4-d74e-4d53-8c79-f5be4c59d540,Professional,2025-12-30,0.6
62e606fb-ea07-4262-843d-2b88b8690051,Professional,2026-06-02,0.6
b8e5df30-6846-40e0-8d1d-d66d64da5ba2,Professional,2026-04-20,0.6
a1fce561-2f13-4665-b970-86848c1e1c7c,Student,2025-09-10,0.15
4fa1735c-7849-4b0a-81c5-2b53d40f29fd,Enterprise,2025-09-19,0.85
df27257e-0074-45a4-9369-f679bc31b72b,Student,2026-03-18,0.15
c5e45335-1fea-4729-a92b-5a0684cca5d2,Enterprise,2026-03-10,0.85
df17ce1b-8747-46be-9091-64afd27897ae,Enterprise,2025-09-06,0.85
504f1332-543e-49d0-be3d-86b1f68ac2a9,Student,2025-11-24,0.15
e5ed797e-bcd8-493d-985a-12bf5673a38d,Professional,2025-09-14,0.6
6e590bec-cb96-41de-961f-a496ec32b6db,Student,2026-08-21,0.15
b044de11-5c40-423b-9f2e-af4ac665f4ea,Professional,2026-02-13,0.6
16b387a1-dc19-4850-a681-7b5fb365e8a1,Student,2025-10-29,0.15
b735dc3f-d534-49cb-9204-e692886b9b89,Student,2025-10-26,0.15
d9bead0e-b981-4068-99eb-a5ce0d3c5f43,Professional,2026-01-19,0.6
b2bcff3f-a565-4943-8994-5503c4cb8207,Professional,2025-12-26,0.6
f4c41755-ff47-49ef-8405-725a47122007,Professional,2025-11-26,0.6
37a5f36d-e870-4d29-9161-c6c4ebc1889c,Professional,2026-02-26,0.6
da6fe247-6bf1-4938-ad1f-42c7d4e597b1,Professional,2026-07-18,0.6
1fccd656-929d-4e91-a953-781fff9ae992,Professional,2026-06-12,0.6
26671a26-0476-4520-956d-978886669bb7,Professional,2026-01-11,0.6
a8ac1359-e19f-44d3-8cc2-113fe33b4d72,Professional,2025-09-11,0.6
111edde4-5da2-4f8a-8b4e-6afc95a4aa41,Student,2026-08-12,0.15
692e900c-fc49-4366-9454-691b05f99551,Student,2026-07-06,0.15
e8fc6abd-53b6-47ca-9a0e-f8c328d272eb,Student,2025-12-19,0.15
376049e9-0707-4ee4-b8cc-a1b9fffdb9b7,Student,2026-02-24,0.15
6ab2cb65-7da9-482a-91dc-43caa2016c90,Professional,2026-05-11,0.6
7b150787-55fe-4a3f-8c81-41c3d2910c4d,Student,2026-02-18,0.15
50c3f8dd-081e-4472-b03d-a67ba28569f4,Student,2025-10-10,0.15
3778e23b-63c3-4e54-9984-5395fe431092,Enterprise,2026-04-16,0.85
f9e15d81-676b-44bd-864a-2aae321fa5fe,Professional,2026-07-04,0.6
b9884e4d-ccdc-45b4-b3f0-2e61d3051e50,Professional,2026-04-28,0.6
eb06dc56-92f0-4806-95af-34ffe19a2746,Professional,2025-12-29,0.6
5079d051-9215-43a4-8766-26bb365f4dbc,Professional,2025-12-13,0.6
b373ebaf-97cf-436c-b0ae-f2e00fab1a95,Professional,2025-12-31,0.6
64c729dd-cebf-447c-92d9-d3cbc650b5bb,Professional,2025-09-22,0.6
53103aa0-b866-4256-9449-d578de28ec14,Student,2026-06-19,0.15
362d78ae-1248-4db3-939c-66c94a7026e9,Enterprise,2026-04-09,0.85
7ce7ac7c-ea37-461f-b634-e8bcc77c478a,Student,2026-01-05,0.15
76ba2713-5c62-4544-9ef2-6fdcd9a66804,Professional,2026-07-07,0.6
822453a9-8ceb-433f-a844-17d6dfb66737,Professional,2025-12-01,0.6
604a7a00-ca58-4d6d-9412-7b28f53e1215,Student,2026-05-29,0.15
40670f81-c7ee-4efd-a002-50bd71ee1361,Professional,2026-03-25,0.6
56e1d039-2c25-4877-b5bc-da3bf783a9c8,Professional,2025-11-30,0.6
3e2ad5af-6069-49de-adfc-f8931df05749,Professional,2026-03-12,0.6
69acd4f0-9d1d-4391-9012-0cf95a696196,Professional,2026-02-04,0.6
6f4ed6bf-29fc-4899-918a-164659e33de8,Student,2025-11-06,0.15
28baea68-9ca6-43ec-9a2c-f3e214121672,Student,2026-05-10,0.15
d85ecc16-4d5b-4439-b1de-95cbb879e307,Student,2026-02-18,0.15
4d5926e2-ed0f-4ab7-9124-2a0e0cd009b5,Professional,2025-10-20,0.6
bef6834a-e7bd-4259-9976-67a8cf11f3c1,Professional,2026-04-02,0.6
b9cd07a3-b006-4e94-bb43-624af5349483,Student,2026-05-03,0.15
44b52222-a377-40c5-bd92-26a04236ea7b,Professional,2025-11-23,0.6
435795bc-7c06-479a-a70f-333a2452330f,Enterprise,2026-06-16,0.85
2de622fe-9e24-41f4-8a7e-ac3f5f6d2610,Student,2025-08-26,0.15
8d223cac-2e34-41ec-b855-148cc301a6f8,Professional,2025-11-22,0.6
1d330e21-72a5-4b36-b199-dc08adfb68a4,Student,2026-04-17,0.15
5dec68a3-cc31-4bce-950a-128d3601ff4b,Student,2025-11-06,0.15
cbefe409-661a-4d93-9db5-4d53e361683e,Professional,2025-12-05,0.6
b1a1f2d3-e19b-4725-b8e3-b803ab3caf71,Professional,2025-11-20,0.6
e7db896b-3dd7-4d41-a89d-87f05ca60a08,Student,2026-03-10,0.15
9d60f0df-3627-4ffc-9702-9ea698f5bb9f,Student,2026-07-10,0.15
dda7db63-e2de-4698-afb1-417335f3104e,Professional,2026-05-30,0.6
5332fdf7-c95f-4ecf-93f2-831c65987a38,Professional,2026-03-21,0.6
d3ae5378-b6cf-49d1-b480-a1ff8d1f5010,Enterprise,2026-08-03,0.85
8be8558a-ba3b-4cae-9f0e-f7e6832fbdc7,Student,2026-01-05,0.15
05bd6735-e841-416e-ac09-050bc0d40e73,Student,2026-02-23,0.15
7bcc7469-2d6d-4cf8-b0d2-869e554effc9,Student,2026-02-04,0.15
c704b818-3143-4cdd-ba55-b0a46dd2429a,Student,2026-07-13,0.15
83517ea1-a46c-4819-b5e6-ba1e242589f9,Enterprise,2025-10-05,0.85
3e5ebbbe-6b59-4822-b593-89a1f4de652c,Professional,2026-07-12,0.6
20b9e1e1-b8e5-4067-b0a9-acff2bbaed5a,Student,2026-02-18,0.15
55b70a55-5a3f-496e-8f50-39ac06ec320f,Student,2025-12-05,0.15
b222d5b5-7d37-4835-be37-ed1139d68a1d,Student,2026-07-02,0.15
31102bdc-c0d8-459c-8ef0-39c29b8ea533,Professional,2025-12-08,0.6
9cc023a1-9866-4097-b7ab-3592b96a04d5,Student,2025-09-12,0.15
85f59895-c8f3-4648-813a-f44cf416c5dd,Professional,2026-03-12,0.6
478c2d1d-7e4e-42c9-baa3-c10184b47486,Professional,2026-05-06,0.6
d24ed68f-c7c5-4cb0-8c9c-ecea10b2a35f,Professional,2026-08-22,0.6
653e14d6-4aa0-4927-88c0-f6203d6c3e6b,Student,2026-03-16,0.15
e8a119e7-6c9d-45c4-9568-2efa5c6e8ef3,Enterprise,2025-09-27,0.85
44e87ecc-b0b5-4642-9b08-62ba69ce6a0a,Professional,2025-12-03,0.6
eb46cb30-df91-4f20-8a0b-222c80c1757e,Student,2026-01-18,0.15
41e75afc-cb2c-45b5-b5c6-7151487c21b7,Student,2025-11-01,0.15
8d6945d8-d7c0-48a4-9a92-54b9e2fb463c,Student,2026-01-08,0.15
ca568ca2-557e-4240-9715-68ae3f8a3e95,Professional,2025-09-26,0.6
01aef979-3da7-47e8-acfe-ffce6f89bbbc,Student,2026-05-20,0.15
ed101c09-ac94-4b03-960a-c124759916ea,Student,2025-10-17,0.15
aa29d11c-878d-4f4c-80c7-005b0a335315,Student,2026-08-15,0.15
8950f12a-f41e-460b-9428-40b49d9ce7bb,Student,2025-12-17,0.15
e6ffc29e-d2ee-4d09-851e-da317c101da0,Student,2025-12-19,0.15
89e1f828-f6a3-451c-9a5c-1cc13fdcd9e8,Student,2026-03-09,0.15
1e0ad797-ec39-44f2-80a9-e3233202336a,Student,2025-09-23,0.15
54283833-55c0-4fda-bd52-98a97a9db488,Student,2025-09-14,0.15
295f53e8-62ed-4c24-86cf-e6701ef33813,Professional,2026-07-29,0.6
387062d5-c072-4446-ab28-e735dd46ec24,Student,2026-01-15,0.15
94aeab10-1179-49f7-b7c4-f34bdb3e5050,Professional,2025-11-23,0.6
5c48af44-d2c0-4f94-9767-19dfd2acb132,Professional,2026-04-06,0.6
423decb6-166b-4e35-bdf9-f2717c8fbdcc,Student,2025-10-17,0.15
f0957278-ddbf-47fb-b80d-0a7c1770f744,Professional,2026-05-22,0.6
d1a2fc3f-4531-47e3-8877-4180220ec589,Professional,2026-06-29,0.6
de169559-04ac-490d-81f8-9a8fe0ecf067,Student,2026-03-09,0.15
75ea406a-7e23-4d71-9c57-f65ebb45e9e0,Enterprise,2025-09-21,0.85
003ce0b1-566d-4c4a-86f4-65740307135f,Student,2025-09-12,0.15
73e15732-58ab-42e8-ac05-a99fcb411144,Professional,2026-02-04,0.6
b4e4bea3-a507-438d-8a4a-9e4b0ed7c5b8,Professional,2026-06-29,0.6
f7250167-87bd-483b-91ce-9e0d890713e0,Professional,2025-11-06,0.6
f0642709-b8c6-4bde-aedb-8d2d2fc15b83,Enterprise,2026-01-10,0.85
73d157cc-8a73-4476-919e-16b78b519616,Professional,2026-03-30,0.6
b7d16fd8-58cd-4a6e-86c4-777fc412fd20,Professional,2025-09-11,0.6
ead22715-4db2-47fb-936f-220a0bbaf330,Professional,2025-10-28,0.6
b3620abe-c7b1-4a24-a616-582806cdb11f,Professional,2026-02-21,0.6
a1b9f374-6571-4eef-8c31-c9102be0e9da,Student,2026-01-26,0.15
002167f8-573f-4c17-935d-9a01d8d94866,Professional,2025-11-28,0.6
5b9fd63f-d520-4242-aae8-fee19b7c7122,Professional,2026-01-09,0.6
bc2ae4a2-5ddb-4930-a4a1-a3484bf75400,Professional,2026-01-26,0.6
03fd5c93-2dc6-47ab-99bf-82f1f41a687b,Professional,2026-08-02,0.6
345cb48a-10c9-4713-8b15-3db7e057b122,Professional,2025-11-14,0.6
312b7f87-414f-4347-ba99-d4ea64332cb6,Professional,2026-02-18,0.6
4764e127-231e-4a28-9c54-27ffd185fc98,Student,2026-07-07,0.15
55fcd8bc-ee37-44e8-9f81-7772a7b994ab,Enterprise,2026-07-17,0.85
d51d164e-8c2f-4913-9899-7fa69eadcf52,Professional,2025-12-06,0.6
8d9f8a03-f2ea-47ae-b856-3de556b60fb2,Student,2025-11-17,0.15
ae8ef571-9b69-4ca2-b0d0-370bce599a68,Student,2026-04-14,0.15
bf138bfd-4fd1-4593-a537-94892c885316,Professional,2025-11-03,0.6
0c8272f6-5497-4ba8-82c0-06e3791bd2b7,Student,2025-09-21,0.15
e9894a57-498e-4d6a-9b37-9a1d64951744,Student,2025-12-21,0.15
8bfea494-52d6-4e58-9f7a-35fc4256d47c,Enterprise,2025-09-10,0.85
a4164ff7-cecb-4c6a-93d2-83abc18d42f7,Student,2025-10-17,0.15
afa640ad-de37-4e78-b619-b8c7c4cf84e8,Student,2026-08-22,0.15
708eac7f-704e-4250-a2d2-08c859bb597e,Professional,2026-06-30,0.6
d4578c76-9eb7-4018-ab7e-738dede9baf5,Student,2026-03-02,0.15
42d2e493-d76c-4f75-9864-d6e7d9993d65,Professional,2026-03-19,0.6
37ef1ce9-4a3b-4b37-9df8-ac6dae7eb6b4,Professional,2026-06-20,0.6
1955b881-e4bc-416f-8654-80943ca573b4,Professional,2026-02-07,0.6
655baa6c-c099-433a-b701-7df8f865a132,Student,2025-10-22,0.15
c63f2e6d-c96d-48e1-84ef-f88a0f73cfa0,Student,2026-07-02,0.15
049f7606-dec7-4564-9e5d-f028104432f2,Professional,2026-08-16,0.6
6a3411fe-55aa-48eb-8474-e1d7926daeff,Student,2025-11-03,0.15
dce04d59-2d54-4cb3-b1b8-03e52a9960df,Student,2026-03-25,0.15
cf5352f3-b281-42e4-91c5-7ac30f504a11,Student,2025-12-02,0.15
c0553fd6-20e3-4237-a561-911bfc5776cf,Student,2026-06-03,0.15
c2414933-dcb7-4fa3-98a7-1b3bf12e033b,Professional,2026-04-13,0.6
d8050754-1d6f-4317-9a28-b51468443cd9,Enterprise,2026-07-17,0.85
e27b605c-36ed-4077-a867-9ed6299d1fc9,Professional,2025-10-14,0.6
87e3dc78-c5a9-47a5-b48c-36effc46f5a1,Student,2025-12-20,0.15
587ed440-8cc9-48bc-8e23-52252d8fd2cb,Student,2026-07-21,0.15
4f67c13f-dd66-4590-83c8-1ca8150fb5ff,Professional,2025-09-22,0.6
1a903891-b0a8-4e77-b3d6-2b3b12efaa7b,Professional,2026-06-10,0.6
e189409d-e45e-43cd-8f7f-31ded2c2ba38,Professional,2026-01-03,0.6
87c00dc1-3f64-4cb4-b7df-de85114b2ddc,Student,2025-11-15,0.15
be27e3ce-9a14-4b7f-b2c5-3fb3d9d11a9e,Professional,2025-11-24,0.6
020944a3-6827-4c03-8d36-bbae2cc17c29,Professional,2026-07-01,0.6
0602e285-1f9a-4948-b6c4-1d469f50eac3,Student,2025-11-21,0.15
a7cf04ed-3b85-4657-9e7c-ca71d00f3fe8,Student,2026-04-27,0.15
d03c8033-08f6-4645-8f57-765aa0110196,Professional,2025-12-13,0.6
c914dea7-0eef-4156-b412-9aad46d89ca3,Professional,2026-04-01,0.6
44442d71-e8d9-40e9-9493-b5821d4ea8cb,Professional,2025-12-06,0.6
306e24b6-d770-4889-baec-0c21cc767428,Student,2026-03-07,0.15
355e4e51-84bd-4b38-9cef-82cbde27b0ce,Professional,2026-02-09,0.6
e7afcc69-11d4-4abf-8193-742ae77acbf5,Student,2025-10-26,0.15
b3a36971-7308-4179-8ee6-0a1ca2fbf2bf,Student,2025-10-27,0.15
cf8199c6-3c5f-40c2-8c19-71cf94dfa439,Professional,2026-01-21,0.6
6f37177a-1eba-4b37-83f1-09b676fd11fd,Professional,2026-06-25,0.6
0675c503-d6a2-4e5d-a185-5779478072ba,Professional,2026-08-05,0.6
1a256c29-877e-4e8f-8e80-a59ee224e5cb,Student,2026-03-16,0.15
ace7920f-29e3-4570-a341-f53055b9017b,Professional,2026-05-23,0.6
6f560bac-4374-4487-b034-f290514b9f06,Student,2026-05-10,0.15
44156c7b-922c-44e3-9c70-53be69c19700,Student,2026-06-02,0.15
f349bc78-9bf8-4465-b7fe-8ee55490e624,Professional,2025-12-29,0.6
18b88941-bd27-4e57-ae1f-48b8c197d721,Student,2025-11-16,0.15
c56625e4-f349-40ca-abfa-3afd9f1f6c03,Student,2026-01-31,0.15
66b0acf6-b390-4f6a-918b-7cf092b8849d,Enterprise,2025-09-12,0.85
c8a86e6a-2963-4c0a-9f2a-24119929ab81,Professional,2026-05-03,0.6
63cb77ed-c615-4094-9350-146e5e17a5e9,Student,2025-09-17,0.15
ea85226d-da19-404b-a80a-1be1fc983d0c,Student,2025-10-09,0.15
ead62bc2-7329-47fb-9806-3561211d2a22,Student,2025-09-08,0.15
831d5b4b-d4b5-4bf8-8c0e-028b19bf26ff,Professional,2025-09-29,0.6
ed30bc79-8e86-4f12-bfc7-12b40dafd728,Professional,2026-05-06,0.6
3070fd2e-0f24-46c0-b0f7-42c42e3594f3,Professional,2025-11-28,0.6
19af6cf7-4e84-4dda-a96f-650543c5953a,Professional,2026-07-29,0.6
107c4abd-dd20-40e8-84f8-d11379acc91c,Professional,2025-11-22,0.6
3077e441-0c9e-4e15-a95e-566af7c50407,Professional,2026-06-07,0.6
b615014b-a238-43b2-a9f7-9d0876f5d892,Student,2026-06-29,0.15
0ece66ec-6b06-4b4d-ab5c-3d6775c1c647,Professional,2025-09-28,0.6
a528cfcd-21b0-4cae-abf4-ffa76d9a8ed7,Student,2026-06-19,0.15
8aca6418-630f-4820-8ae2-8046d455a791,Enterprise,2026-05-12,0.85
6b22ab85-f49d-4959-a2d6-d8ecc76e3deb,Professional,2026-02-18,0.6
79694d99-834b-43f4-9b10-3c9677b62dcf,Student,2026-07-05,0.15
2dca5db0-c1cd-4797-9297-8676c26cb604,Professional,2026-02-23,0.6
f07503d4-fd2e-4f72-87e9-0c96ff0d0eda,Student,2026-03-08,0.15
eeba805d-dee8-4079-885a-ef75d2cff83b,Professional,2025-10-25,0.6
6b64ac14-cd7e-425a-8c15-76e4a78894fb,Professional,2026-02-08,0.6
98e1a716-365b-4154-b8f2-310f9259c6b1,Student,2026-08-14,0.15
81a43820-6ea8-4976-aad9-3a7c4be6b07d,Professional,2026-04-14,0.6
cfd9d895-8d41-4ba3-a90c-cd444dd9723a,Professional,2026-03-30,0.6
05ccfbfd-c65c-4575-9f0f-dde48a6af13a,Student,2026-06-07,0.15
bf418ed4-d18d-4721-bd18-f998d60f63e2,Student,2025-12-19,0.15
89eb81bf-a432-49ef-8b6c-e0d419734ff1,Professional,2026-08-01,0.6
9700c544-aed7-4612-ae6d-8a86fff565be,Student,2026-04-16,0.15
494838be-921d-4053-af79-bdaf4d13e5cf,Enterprise,2025-10-02,0.85
17d8474b-5ff4-4b65-b264-6b3903667e2f,Student,2025-10-25,0.15
ebf33c36-450c-4165-8885-3ac3af2ebc1e,Professional,2025-12-28,0.6
04c323c5-6ae4-4a0d-bfc3-3554452f3e35,Professional,2025-11-15,0.6
a99b14a5-5632-4964-847b-7511d8a2792c,Professional,2026-03-22,0.6
09e2e4ef-5335-4260-81df-4f010cb5868f,Student,2025-09-23,0.15
bff3f1a6-7865-4827-8bfe-8e6192c93d24,Student,2026-06-05,0.15
f7565532-1822-4f51-a1f7-b0b7e2c244cf,Professional,2025-12-10,0.6
19c41a47-2ae5-499a-b6d4-3053bb8e17c1,Professional,2026-02-26,0.6
ddd09f2a-9733-44fb-8e6b-409d45f723e5,Enterprise,2026-05-21,0.85
1cfdb50f-28f4-4bfc-8354-1c15067501a7,Student,2026-08-23,0.15
95728fe8-d28b-4e80-8c3c-c6d40caaa72d,Professional,2025-10-24,0.6
c2f62af7-7016-4c3a-a5c3-794c777de246,Student,2025-11-13,0.15
4e715d9e-c715-456b-9fe8-fc60a3ef8131,Professional,2025-08-29,0.6
680a698d-32f8-4c71-b5d8-f85ef6c037e2,Professional,2026-06-24,0.6
3d603ec2-3f33-476e-8495-0b1bc42c0be8,Professional,2026-07-25,0.6
12edd19f-f675-4a1c-a1a7-dbf371373999,Student,2025-11-30,0.15
09988894-400d-4e3c-83fd-7010fdc5fdc3,Enterprise,2026-07-31,0.85
7f2afd7b-317a-4101-8efa-1063f8d4fa9c,Student,2026-05-29,0.15
a5867f8a-8804-4b99-85be-27d2e3c16f28,Student,2025-11-24,0.15
782c34f3-5c5d-4c04-b60d-fcaf9a1fdd7f,Student,2026-06-06,0.15
24302230-8935-420b-b3e5-1512bee20528,Professional,2026-01-23,0.6
b4c9f083-ca7a-4ad8-bba4-4770d8f41866,Professional,2026-07-02,0.6
c953ff4a-685a-46e8-b663-e049cec5c57b,Enterprise,2025-11-15,0.85
643aa7e4-78c3-4178-bfcb-0ddb23d3b0e6,Student,2025-12-28,0.15
9b865c19-5396-4896-9530-fa0ba6cdd44e,Student,2025-09-15,0.15
be1f23d3-9de6-4349-8c66-4a35584b4c8e,Professional,2026-07-02,0.6
e2cb1e3d-ae1c-4e67-a13e-5509c13d3e8c,Student,2026-01-01,0.15
ae8a1bac-7a84-4c22-b61f-1b2e95ee7347,Student,2026-07-02,0.15
69478688-dd78-447a-a1f7-111e8e11742a,Professional,2026-02-09,0.6
833375b5-3b3a-47a8-9c37-424a57b19287,Student,2026-01-09,0.15
0013d40d-a7c8-4f53-8543-576654760646,Professional,2025-09-29,0.6
cae33fad-f9f6-47fa-bcd5-bd15096d1e41,Professional,2026-03-10,0.6
18b34001-8123-4dbd-b565-84fccc456d0b,Professional,2026-06-19,0.6
cdd17d33-4518-4ac7-af0c-726add1cf9f7,Professional,2026-01-18,0.6
9d82aa42-d3e7-4b63-b102-d38843eff208,Student,2026-05-30,0.15
08357752-e46c-4fe5-acca-ad8f1d651396,Enterprise,2026-02-27,0.85
e43d9a2c-eb62-491d-b3e4-5b604869a26f,Professional,2026-08-12,0.6
b9f68ade-e3f3-4871-9779-5c0b0f4affbc,Student,2026-04-22,0.15
032acdf7-1d97-4251-b5fb-40c18fa9f8ef,Student,2025-12-17,0.15
bba2fd97-029d-4e6e-ad58-000da09467ec,Student,2026-01-02,0.15
50ce5de7-a8ca-4482-ade3-0c7619041630,Professional,2026-07-07,0.6
903c5b0b-6464-485f-9f67-d862ca3c452a,Professional,2026-02-01,0.6
f70cea57-2b5f-4ad7-bea7-674b40cd9c23,Student,2026-02-12,0.15
6de8d26f-35b5-45d1-906b-622de7c14764,Student,2025-11-11,0.15
1173f714-b7b7-422a-8f48-b83e14b70e13,Student,2026-01-26,0.15
4094e9be-5150-4881-8864-09fcac7f0b0c,Student,2026-02-05,0.15
e7c14f20-abe7-4dd4-a7bc-26f109120e05,Professional,2025-10-29,0.6
2758f061-f32c-448f-8e92-b56e93fabf4e,Student,2025-11-01,0.15
6c4406dc-81d5-42a9-a323-5c8a9157a5ee,Student,2025-10-31,0.15
46568687-28a1-4061-811e-a2a657263077,Professional,2026-07-16,0.6
848c1f40-7fee-4efe-bbef-96615b4f0b6c,Student,2025-09-19,0.15
39b2d125-f00c-4977-91ce-0fd4a8375951,Student,2026-05-09,0.15
4eea8c8b-a099-4462-998f-6e5893b7acf6,Professional,2026-03-11,0.6
a612a9fc-f5ff-4733-810c-f69fd97de2ec,Student,2026-01-13,0.15
1a11bb8a-c2b5-4dc7-b407-803a216ad124,Student,2026-08-11,0.15
7b03a515-4e1a-4f79-8e42-b96c6fc2ac8c,Professional,2026-01-31,0.6
8e1e220a-5536-4670-93ba-e58862154bd4,Professional,2025-11-15,0.6
f5b77985-0efc-4aa9-b988-a036bea2a9d5,Professional,2026-08-13,0.6
fe2b0969-b3e6-49c9-8a85-051e9018a5c1,Enterprise,2026-04-03,0.85
21d13bec-d064-400e-9379-3c4baa68a2a4,Professional,2026-04-11,0.6
ae767187-b97d-4e23-839f-faee4aa8c64d,Student,2026-01-16,0.15
b53aeb0c-00ea-4f47-ae59-7ac8a789fafd,Professional,2025-08-31,0.6
ead437b9-b8d7-4d4c-8c0a-441fb03a5aef,Student,2026-04-24,0.15
d8b8ac31-08b6-46f3-8c9e-32212d16649f,Student,2025-11-28,0.15
dc967bd8-e3e6-4e7e-a640-83c27778debc,Student,2025-09-10,0.15
a3edbf38-f0e8-4e52-b581-be0384f17895,Professional,2025-10-10,0.6
7e22e0b7-bb0c-43ce-9fc9-4e5856dc0e42,Professional,2025-11-13,0.6
a6198229-5979-41fe-91a4-fa2a8f9a5821,Student,2026-01-26,0.15
c23ed294-1098-4ea5-b329-b37c0de65a39,Professional,2026-04-05,0.6
c128d88e-3e99-443d-aeb1-e12ffe625665,Professional,2026-04-14,0.6
8c6e33f1-208e-46e0-8c90-2831cffcd3e0,Student,2026-05-29,0.15
cff1baca-6c26-48b3-b071-b1fc587ce5ad,Professional,2026-05-22,0.6
60ade4d5-6cd7-416a-8c36-d9b58482cf76,Professional,2025-12-12,0.6
29edc8cd-fc3c-4e0c-99aa-795e3a9e8676,Student,2025-08-28,0.15
112a3c99-c7e8-4a45-9aa0-60c9ec8314f8,Student,2026-03-14,0.15
8e6a3e74-2401-4a7e-837d-aa64d49ef3bd,Professional,2025-10-15,0.6
4c378933-3b0a-4a64-a2f1-10c9b7b8c57c,Student,2025-09-10,0.15
63c00930-e320-48c7-bcf0-954611d49db3,Enterprise,2025-10-02,0.85
9f0b362d-6ce8-45fb-97c7-4482328fe3ed,Student,2025-11-09,0.15
9a88982f-767e-4228-8ee0-8816752c86f5,Enterprise,2026-04-28,0.85
70b13382-4d63-4c39-9124-c89a966c8f6a,Professional,2026-03-14,0.6
21a046e4-3ffc-41fb-b3c1-27cdd91f5e2b,Student,2025-09-01,0.15
946062fd-9738-47cd-834f-d3445d255e26,Student,2025-12-06,0.15
c93ee313-64e3-46a0-be5a-a68cf3bc0c6b,Student,2026-06-25,0.15
116df27b-3161-4623-bd7b-bf0d13b3ece4,Professional,2026-04-13,0.6
22dc1234-2b1e-4937-b530-adb008831443,Professional,2026-07-11,0.6
9e7f379e-a65e-4372-8f60-4e4dbaa706ae,Student,2025-09-01,0.15
2509fdd3-b118-49c1-976e-2ff3155e64ac,Professional,2026-07-27,0.6
64462ab6-e6ab-4c58-831a-a7f7a74f3336,Professional,2026-05-21,0.6
53c5918b-b77d-4082-bc39-f8417e5f0911,Enterprise,2025-11-07,0.85
f0fb448d-22f2-4772-8c77-ea60cf292865,Student,2026-01-18,0.15
bd2726f2-5f0b-449f-9ecb-355610ad46bd,Student,2026-04-24,0.15
49e47e24-92d5-4506-ad9e-a96bc5099cb0,Student,2025-08-28,0.15
129b020c-6da2-488e-8232-e95a4983b2ba,Student,2026-04-02,0.15
0c9c0fe5-7555-47a0-b804-057c5ade4f4e,Professional,2026-06-21,0.6
7d4c805f-a110-4b32-a8e7-4a724bf0cc4f,Enterprise,2026-02-25,0.85
0958e9a9-7a0f-4f4a-922a-c66670862909,Student,2026-05-12,0.15
9c1af5ee-e235-4e1e-8ac2-76be993d0424,Professional,2026-07-28,0.6
7b88fb39-40af-4523-b790-b7e90334f2df,Professional,2026-08-09,0.6
c6b65a0f-1120-4a57-a98f-2f8c8fc4911b,Student,2025-10-31,0.15
a53f58cc-178d-4e2f-8799-0db638124eae,Student,2026-05-03,0.15
8987185f-8473-40d4-b570-72ea2e05c954,Professional,2026-01-07,0.6
809dd8ea-01e5-424a-89f7-c0e171a7dcfe,Professional,2026-02-01,0.6
a268fd81-a3be-4104-8ecb-3d8060e21ceb,Professional,2025-08-31,0.6
cf94b5da-1ff8-4bae-84d2-ba02cb1fa47a,Student,2025-10-20,0.15
0dbfc132-a9ac-47c7-afd8-8142eae1eb37,Student,2026-04-26,0.15
d9082712-e2bc-4404-a61d-8c55a0661677,Enterprise,2025-10-19,0.85
5766d8db-9d47-4157-8643-cb82a0f126f7,Student,2026-06-18,0.15
d503a72a-c83a-4ccf-9230-cbd21618a601,Professional,2026-01-17,0.6
0a3b25c7-2136-4f0f-a8f5-7e4d4cf8fe63,Enterprise,2025-12-31,0.85
ab4e7f6a-8883-46e6-875a-67b6cf4a4bd1,Professional,2025-10-31,0.6
7cd921d0-c27f-44fd-a985-267478476955,Student,2025-12-15,0.15
f583abcc-631d-43c5-ab87-847d25dd3c54,Professional,2025-09-02,0.6
7a4d5e52-9d1e-4665-9707-5adc34bbab23,Professional,2025-12-10,0.6
b8bb7480-ff2e-4352-8f0b-28748ae23829,Student,2025-10-14,0.15
627cd248-2075-4995-a22f-4ad95b812006,Student,2026-08-09,0.15
53fcba85-e4da-4191-b905-332b185c1e47,Student,2026-08-09,0.15
2f284f8b-9b4f-4dcb-88d1-3a003c79e77c,Student,2026-05-09,0.15
f87b03da-425d-4588-8c8f-69e4a22cb1ae,Professional,2026-07-19,0.6
445c8b4a-b838-4845-98ed-6207a7dc4f9b,Student,2026-03-13,0.15
8a4a80e1-c157-4f0a-bb3d-f8437456a793,Professional,2026-08-19,0.6
6db553c8-6f97-4950-96c4-89f057931da5,Professional,2026-04-02,0.6
f79cd1ff-ae26-409c-878d-a877696c2efb,Professional,2025-11-05,0.6
5c8ee316-facd-4186-a1a0-1f2d2a4520c9,Student,2026-03-01,0.15
4b7590e2-9893-4f1c-bb99-6c77c3686c61,Professional,2026-05-31,0.6
a3897bd7-9860-4ac7-9410-618bb17d6761,Enterprise,2026-06-01,0.85
c9bcfeae-e017-430f-995e-4560a061aa39,Professional,2025-12-09,0.6
3d700399-a508-44ea-9989-2286c5b3f084,Student,2025-09-18,0.15
05c811dd-14e0-49ea-a5e4-5ee3079d6b56,Enterprise,2026-01-13,0.85
6d22117e-5faf-4561-8372-de7310adcea0,Professional,2026-04-18,0.6
22f39dcf-29bd-4758-88c8-0adc9d8494d3,Professional,2026-01-08,0.6
271e1eae-7e4c-4230-aee4-566ac53cd566,Professional,2026-01-09,0.6
65fa3464-0817-4725-b097-0c942c4fb5f5,Student,2025-10-18,0.15
82a816d7-fb38-48a9-94b1-91becd797273,Student,2026-06-20,0.15
81520b57-eb3e-4f5f-b6ad-f3eed1b5d148,Student,2025-10-09,0.15
7e499e09-64f4-403f-aebd-045874b03414,Student,2026-02-15,0.15
4e4005e5-c176-4b18-ac74-e31fc9079da0,Professional,2025-10-26,0.6
653c318e-2d43-4549-9eac-b8a79b8b2169,Professional,2026-02-04,0.6
809e29c9-bd41-4bde-80cc-4517a8067f73,Student,2026-01-12,0.15
b7fa4773-8a3b-49d8-b207-284fbc36b4de,Professional,2026-05-28,0.6
ed492003-4bba-498a-bb6a-0aba18398150,Student,2026-02-17,0.15
7e172b39-202c-4c0e-b16c-0f6810a599ae,Professional,2025-12-11,0.6
02586808-cce8-4695-ba90-289f59f99afc,Professional,2026-06-25,0.6
94944717-8fce-4827-b657-c614253a7d53,Professional,2026-08-11,0.6
c1acf11e-fa01-401c-9b5b-25b2f894bb7c,Enterprise,2026-01-07,0.85
12e53a4c-7f82-4460-9539-1b27b9c73c74,Professional,2026-07-24,0.6
0cbe820f-f983-41ff-b5aa-7f59643d9e98,Professional,2026-05-13,0.6
410ffe20-345d-421a-b1fa-274aa4f3831f,Professional,2026-01-20,0.6
e66b0336-4511-4d05-8d1a-adc6aad25050,Professional,2026-02-28,0.6
7f69a722-9bc1-45fd-8a65-0366942594c2,Professional,2025-11-04,0.6
5675f284-233d-4d10-8f34-bbea13d0855d,Student,2026-05-05,0.15
9437efe0-06ae-4e38-a9e5-2fcecf9c2615,Professional,2026-07-02,0.6
f0f605cf-f860-482b-8d83-194a7bd2572d,Enterprise,2025-12-28,0.85
d313450d-6165-41f9-847d-0c05e4c64937,Professional,2026-05-29,0.6
dce7200d-4693-479d-8080-bd28bc6ddd15,Professional,2025-10-25,0.6
9c2b49cd-9f87-4371-9c2b-0fedf779bc6a,Professional,2026-01-29,0.6
3a705e17-3849-4e85-8386-915048bb5ce4,Enterprise,2025-11-24,0.85
bfb27d55-5fa8-460a-8a55-0f4656eab736,Professional,2026-01-17,0.6
6abaef1d-24e3-490e-8167-b7697f0c5216,Student,2025-10-22,0.15
4406b1a0-47ed-4cf9-85e9-ce4ee3ae60b7,Professional,2025-12-13,0.6
fbe4132b-9c72-4c1d-808b-47464fc68cbf,Student,2026-06-17,0.15
f21abd93-d7ca-47c0-9f2c-d749eb0e9db2,Student,2026-04-11,0.15
bf929d24-2ad4-498e-9282-0563e6790e56,Student,2025-09-20,0.15
ee87ea9f-e3eb-4602-b812-9cb111cc1901,Student,2026-03-30,0.15
892d478c-5c08-4e80-8f09-ce0b6cb65ffc,Professional,2025-09-21,0.6
f12c359c-3f5f-4fae-b177-6554fce16b14,Professional,2026-07-18,0.6
01bd8ac5-bdbe-42eb-92ab-86d60fd74aef,Student,2026-01-27,0.15
19eb0454-7e99-4c9d-8372-e463302bdf18,Professional,2026-06-21,0.6
49709fb0-549d-4744-82b0-aad936e3f7d2,Professional,2025-10-13,0.6
73f730d3-e72a-4cc4-9ed8-41a20854b2e2,Enterprise,2026-07-06,0.85
816831a3-e429-42d4-a5fa-2619c5e381f7,Student,2025-12-27,0.15
30b77e4f-9696-4dcc-943e-1501c906d7e7,Student,2026-02-06,0.15
1041aa44-f7ca-4d1a-83bf-c13d5fc6ac2f,Student,2026-07-14,0.15
fc6c4c58-65fd-4822-aef1-58c64538e6b4,Professional,2026-07-15,0.6
d99d02ee-067b-4552-8ff3-9c31a5e406fb,Professional,2025-09-04,0.6
de9e129b-fbce-4581-b6c7-da4baa7a1ccc,Enterprise,2025-11-11,0.85
70af2ca5-d0dc-4721-a6c9-550289b19d40,Student,2026-02-24,0.15
00f56f31-0d2b-46de-8486-0088bc73cc55,Student,2026-01-30,0.15
31067efe-5a21-456d-8c5e-c20bcc639d39,Professional,2026-07-08,0.6
d5173963-9f8e-410f-b569-f6caf16f4a63,Professional,2026-03-06,0.6
fa2f7b12-3bb8-49f5-994c-37c6aa54fd37,Student,2025-10-14,0.15
d596c2f8-00ac-48e6-ae18-edf1ca67e19c,Professional,2025-08-27,0.6
380f63f9-9674-44c8-a62d-5e099702dccb,Enterprise,2026-08-15,0.85
50fcd6ef-260e-4fb1-860f-2405ef5f4ecf,Student,2026-04-14,0.15
bd32a498-d5b0-4e67-8c49-e996231531e9,Enterprise,2026-06-06,0.85
887bdc26-6d03-4a08-9545-dba5616ee3df,Student,2025-11-13,0.15
1e3364f5-10fa-43b4-9121-68bf732727c9,Professional,2026-07-03,0.6
47cda1f2-7bf3-4901-b4af-84b07390c09a,Professional,2026-07-14,0.6
4d3e2b5f-f6ad-4cc2-88dd-9e70f33aa2f2,Professional,2026-02-22,0.6
b886ca02-23fe-4c20-bfc8-7e763bc9fea1,Professional,2026-03-24,0.6
b64201d4-97c0-40b0-852c-5a28e22c6b70,Professional,2025-09-20,0.6
c34e1d74-20e1-4830-ae99-8db08f0d74a6,Professional,2025-11-15,0.6
12f9536d-0d78-44b8-b462-af3b38b8b8d9,Student,2026-03-30,0.15
57c2b541-0057-43f0-8f56-8fcd5ccfd526,Professional,2026-05-14,0.6
107a2ca6-672b-4e56-8c41-3791f749dade,Professional,2025-11-12,0.6
fee89aca-bda5-44be-9204-6aee15f4c1b9,Professional,2026-07-27,0.6
aa34aa6b-ebab-41bf-9275-e84a6b579fb5,Professional,2026-07-26,0.6
3a2ca9a9-c758-4d71-a89c-8988d680ed54,Professional,2025-11-10,0.6
9bc10c84-4971-4676-9621-794dec2eca22,Professional,2026-07-05,0.6
637de8f3-997b-491c-a63f-5bca97abe561,Student,2025-11-06,0.15
ae9e65fc-9c59-4996-9691-2c857c3995d0,Professional,2025-11-06,0.6
4a6ebd03-738f-49fd-b402-dec747fe22b1,Professional,2026-07-20,0.6
6cca96dd-d31b-4133-ba81-0244589d6427,Professional,2025-10-11,0.6
ac54ced4-5a1d-4bb5-a066-b59778fdb14c,Enterprise,2025-12-23,0.85
9b2b2cbe-1392-4b7e-9f1c-3e0796b4aba1,Student,2025-12-28,0.15
a87b0d53-ab2c-4b77-a5c7-392cd3cf9ae1,Enterprise,2026-06-29,0.85
b9928796-8ae0-4d34-89e8-45b135997fc4,Professional,2026-06-16,0.6
3be87fbc-1af7-47a2-b892-2afc4d5b8390,Enterprise,2026-02-26,0.85
4d620ac0-c374-413c-807a-4bc65380f613,Professional,2026-01-05,0.6
38f6f4f4-ec09-4fcb-925d-34c03c6f1f14,Professional,2026-07-02,0.6
ccf5c9cb-776d-4c52-b5d2-ddd34f6aa63a,Professional,2026-05-27,0.6
e99dba2f-25de-41bc-b8e3-445c54032941,Professional,2026-03-27,0.6
ec18537b-92b0-470f-848c-a9c0f51e69fa,Enterprise,2025-11-29,0.85
f517256b-59e2-45fc-8aff-45ea798418a4,Student,2025-09-12,0.15
611d59f4-ad85-4f98-af5e-45f6be49f962,Professional,2026-03-19,0.6
f455eda6-927b-4caa-bfe1-283aa14616c0,Professional,2026-01-12,0.6
68641aa4-5c04-4dc8-92ef-18810a2c7e1d,Student,2026-05-08,0.15
b8da668b-3265-4efe-a1cf-e815763dfba2,Professional,2026-05-21,0.6
96ec0db0-4177-4f21-a010-edd85d906b10,Professional,2025-09-07,0.6
3e1ac694-4acc-4c98-9db2-b65a3ec57330,Student,2026-06-22,0.15
2922c7fc-348a-4ec6-b9f6-78659cec6e6a,Enterprise,2026-04-26,0.85
62c65f23-fca8-457f-bab1-af8383382258,Student,2026-01-23,0.15
fbb8c472-536f-412a-80d2-0f80a3935405,Enterprise,2026-03-31,0.85
ac3a4abc-a378-4aba-a47f-78a848459f9f,Student,2026-07-19,0.15
46ca6ca5-2efd-4025-a185-7185222d75c4,Student,2026-08-21,0.15
7492a939-295c-406b-8fda-90aa0f15eb4b,Student,2026-07-05,0.15
f11e74ba-9918-493e-a3bd-b002a92208ca,Student,2026-05-30,0.15
45aa2f8a-b82f-4625-932a-d7e3f85c5fbf,Professional,2026-01-20,0.6
a6ecba83-ac16-442a-a17d-fc917bcd9c67,Professional,2025-09-07,0.6
271a2a64-1e02-4ed1-8642-74fd6d3b1f80,Student,2025-09-13,0.15
c88b510c-0367-4310-993e-612dddfa6987,Professional,2026-06-13,0.6
ab37491e-4613-4700-b349-ff3503bc57f4,Professional,2026-03-23,0.6
d5ec87b6-8dc6-468c-9798-a93965351f62,Professional,2026-01-19,0.6
0f02b2ae-72bf-4f37-8954-e888774959ad,Professional,2025-12-15,0.6
609ac259-9e48-4794-b702-2c6efdbe5f98,Student,2026-06-14,0.15
f1103944-b17c-4a76-a783-972317dee4a2,Professional,2026-02-20,0.6
d35a95ec-1e39-4cd8-9079-905bc4048fa1,Professional,2026-01-17,0.6
753bbc40-6471-4269-86c9-316760059c7a,Student,2026-05-05,0.15
7f08fae5-3919-461f-8969-54ceeab53fcb,Professional,2026-08-08,0.6
47aee7e9-05dd-4563-b13f-1913ccb87218,Student,2026-05-31,0.15
23981b79-3ae3-4312-b522-b7fe7aacac33,Professional,2026-04-25,0.6
6e451f33-4b9d-4b4b-bea6-0d7dfb4c0e4b,Professional,2026-06-16,0.6
ea97af80-69da-4ca2-ae1f-558ac8106a71,Professional,2026-07-04,0.6
f1fa8068-0802-4899-8895-b135e290cfac,Professional,2025-12-09,0.6
2ccb1664-1646-42c8-b744-27453df8c677,Student,2025-10-26,0.15
64d2c521-3fff-4c77-a14f-988e09028857,Professional,2026-07-14,0.6
16d3b4fc-dbd9-4c93-96bb-c31d3babff1a,Professional,2025-11-28,0.6
59759fea-3f1b-4e2e-a142-3bfd924341f9,Enterprise,2026-01-04,0.85
8ee1f253-bda9-4a12-8f6d-6660a869ab46,Professional,2026-08-23,0.6
f1191aa0-0594-440c-9f3d-6ac71aebecbf,Professional,2026-08-24,0.6
20cc9dad-c970-4f7e-ab4b-f651e90d4ccf,Student,2026-06-21,0.15
cc4b3e3d-9ba9-4892-83de-c8cf038f839e,Student,2026-04-22,0.15
6f024468-524d-47c9-bf52-55f1f847b9b9,Professional,2025-10-07,0.6
8075dfc9-4c21-44a2-9157-a69058dbf7db,Student,2025-12-22,0.15
7b11de01-6d68-4de8-97f9-ca498757b96b,Professional,2025-10-26,0.6
4b6c2861-cee0-4653-9fe8-af08787d07dc,Student,2026-07-14,0.15
afb44864-9d4d-4d0c-b1a5-f8d3f1be58b0,Student,2026-07-15,0.15
555a70e0-21b0-4a2b-b645-7965cb405843,Enterprise,2026-06-29,0.85
dffd7da9-191f-45fb-81e4-b6cf0f9994b1,Student,2026-01-02,0.15
72658b72-d2ea-4440-a890-1caa5087e523,Professional,2025-10-10,0.6
450a5c21-c1c3-470c-aac1-0dc8a38bd10d,Professional,2026-03-02,0.6
c92f63d0-eaf1-4916-a7d5-8b4a21b333d5,Professional,2025-09-16,0.6
d829770f-dfa0-44e6-9c8a-2f96abe2fa66,Professional,2026-04-27,0.6
ca31fa60-25ef-4ef1-9347-045d66741b4b,Student,2026-01-28,0.15
2c611215-20d7-43dc-a3f9-89eefef6dd88,Student,2026-08-01,0.15
9b8fcf42-3332-46b4-9233-b4e68cdf1b6b,Student,2026-01-11,0.15
a2faf2d4-a822-4dbd-a281-9bc2b5974bd7,Student,2026-07-30,0.15
d827c4ed-195d-4bcf-802a-f6322448b58e,Student,2026-08-23,0.15
c43614d0-da0e-4304-b30d-28e67d92ca74,Professional,2026-03-28,0.6
a2531bf2-2246-44fa-ae7a-fd9494e37fbc,Student,2026-07-18,0.15
a60564de-0c30-4813-aabd-a33686662bed,Student,2026-06-16,0.15
25e8d2c7-a62c-416e-8fb0-08f8e302e1be,Student,2025-12-16,0.15
e9cbc9cf-d337-4c66-a7d2-a7a6dbf705ef,Student,2025-11-06,0.15
60200909-e40f-40e5-b6c5-e9a47d5284be,Professional,2026-04-14,0.6
acdbabd0-5324-40a3-82ee-0ad74520ca9b,Enterprise,2025-11-24,0.85
6b102936-fc3a-4ed5-bc23-8033fe503893,Professional,2025-09-06,0.6
a6591903-1bb5-4051-9721-c70aa634c44e,Student,2025-08-30,0.15
02a211db-d1da-414b-81b3-ae77b762a733,Enterprise,2026-08-10,0.85
713c5591-50c5-4b85-8dc9-c86df48d8053,Professional,2025-12-15,0.6
509267b7-1347-4f9c-9e14-db2c55a664de,Student,2026-04-25,0.15
1d3fad48-5496-4f57-95e6-b7ba75f96f23,Student,2026-01-23,0.15
78b887d7-d4c6-41bf-b13c-45429e30d4be,Professional,2026-01-28,0.6
5b43a7dd-bbba-45f9-87d6-a2032a143c65,Student,2026-02-10,0.15
9f8df4be-9595-4074-a11a-877d1aa8d089,Enterprise,2025-09-14,0.85
47a81c30-2f66-4dc2-979e-98ea3a35b5e0,Student,2026-03-10,0.15
100c0154-749e-43ef-bdea-9e63768f1346,Student,2026-01-26,0.15
c311a00d-00b6-49bc-a8ba-66e0fcd801b3,Student,2026-08-02,0.15
aa45c2d3-d1a4-47f3-aa0a-c610634d1762,Professional,2025-12-24,0.6
3c2e4679-712c-4fa4-a854-0ac78d369704,Professional,2026-05-05,0.6
1b2678a1-6f88-4b1d-a549-07f510793cb1,Student,2026-05-31,0.15
3bb61881-fede-4178-9b6e-8d662e3bf67c,Student,2026-02-14,0.15
7a73acaf-0fcd-4e8f-b1c6-1fc64bc61930,Professional,2026-05-13,0.6
3ea13f0e-3a28-4e2a-b071-70678bf30500,Professional,2026-04-25,0.6
f77d6a55-e64b-400e-b5f1-40f216268cf9,Student,2025-10-17,0.15
d32793eb-ea9c-4b65-be28-e95c65742cf4,Professional,2026-08-12,0.6
27f2f56e-82cd-4c74-ba4c-ee508a086e7f,Student,2026-05-15,0.15
991c85e1-3213-4273-a63c-a9d226ad77e7,Student,2026-02-03,0.15
4b8e3e8a-70e4-4b40-afe1-5da9d7f0d2f2,Professional,2026-01-15,0.6
fd6f2f3d-9db6-443a-bc2a-ddbc5c06f6f7,Student,2026-06-17,0.15
fb4d62ab-62e3-4ab9-a829-420ae89d779d,Professional,2026-03-10,0.6
4ba3c587-3013-4563-b529-82ad9cf72e8b,Professional,2026-07-07,0.6
aa7f0208-a691-4966-a8f2-35f1925aed81,Enterprise,2025-09-28,0.85
0229ab3c-6641-497e-98c1-8a56aac64632,Student,2026-02-05,0.15
21f77789-370a-40bc-acce-13b6339cc3ce,Student,2026-07-22,0.15
f677fb45-b7e5-4f6b-a61b-e030d3f7f13c,Student,2025-09-07,0.15
b9bd88d5-d1f7-44ab-b855-97367de59249,Professional,2025-12-31,0.6
1cf4b02b-0bcd-49e2-8e06-17eb481f3a80,Enterprise,2026-04-15,0.85
ae3d09be-0f3d-458b-9eed-c3475aea0369,Student,2026-07-13,0.15
20a1d8da-e501-4005-8c1c-7b659dfc395e,Professional,2025-12-03,0.6
fec0d2cc-81bb-4652-946f-524ba6506f89,Professional,2026-02-27,0.6
ceb6a32e-7bff-45e9-b28a-f3e794562843,Professional,2026-04-22,0.6
12a3c7bc-0c76-47b1-8506-cd17d5f6734a,Student,2026-03-27,0.15
e03b4d6b-3831-4efe-ad85-3f486348a213,Student,2026-07-21,0.15
5e00959a-c9b4-49b4-b8ae-4aab0940f0a4,Student,2025-10-15,0.15
7643e5e4-0b02-4cd2-8ad8-cf9723533c7d,Student,2026-01-22,0.15
4cc76a06-2d5f-46eb-8195-efd7b901b8ac,Professional,2026-06-29,0.6
39d0a09f-699e-439c-9940-6aea54d4baf3,Professional,2026-03-22,0.6
9811fdbd-5315-42a4-8ebd-bf3225605778,Professional,2025-09-20,0.6
17035fdd-94d6-409a-81bf-ff038752a824,Student,2026-06-24,0.15
e169acd9-faac-4d35-9385-951730c82098,Professional,2025-09-18,0.6
961de4db-be93-4cca-9475-09b44a0f3656,Student,2026-04-26,0.15
5f4a2423-6b32-48de-b095-f9d5a0e3cc37,Student,2025-12-16,0.15
93a70461-ee38-4edb-a4be-08d097f2be79,Professional,2025-11-09,0.6
75551e95-a09d-4c36-a205-2f07979dcaa7,Student,2025-10-05,0.15
f74d3da7-4377-483b-87ae-17dfc5825af0,Professional,2026-02-12,0.6
29f0ab5f-70b9-47eb-8559-5a711c6492c3,Student,2025-10-03,0.15
645d1fbf-02a9-4c81-81fe-e27cef67c421,Student,2026-05-07,0.15
a5c4d417-99a3-4918-86a7-2916ac5a71e5,Professional,2025-12-03,0.6
5ef8a2cd-2f56-4891-8722-50ef78c2028b,Student,2026-04-18,0.15
e4b7c897-87e5-4ee1-962f-cd84f490ec8d,Enterprise,2026-06-18,0.85
f3e8b512-d669-4cdb-8893-e1c3999447fa,Student,2026-04-03,0.15
a51bdf50-fe92-4830-bd53-aae73e691d7c,Professional,2026-04-19,0.6
f5475aad-90d5-44ab-8717-ded09788020d,Student,2025-10-08,0.15
b1efa5ac-4d50-4217-a91c-3ec237918cd5,Professional,2026-01-21,0.6
85ea2a49-6a2b-4d61-adba-ce8a48de07a0,Professional,2026-06-24,0.6
4241d92f-1b76-4fa6-96c2-b0c0cfe1002d,Enterprise,2025-10-02,0.85
68551550-cfb6-400f-93c6-c89285aa384a,Student,2026-07-04,0.15
634f74f4-49c8-4f8b-a05f-eecb0cdc0ed2,Student,2026-06-21,0.15
a64bb8ce-5da7-41ea-b805-bb061f484afc,Student,2025-11-20,0.15
9dc9c615-458b-42a5-8a3b-7f6b4cd8a6ef,Professional,2026-03-15,0.6
dbd72b26-4db2-4672-8df3-36fa72294778,Enterprise,2026-03-26,0.85
3cf3ff33-2431-4534-8843-185dbc348a8a,Student,2026-03-20,0.15
0af60019-173a-4dc6-920d-3df96e442624,Student,2025-10-02,0.15
93d57630-561d-42ef-8a08-aec39b102d8c,Student,2025-12-13,0.15
eb9848ad-7687-4165-875e-8a9e7684767c,Professional,2026-05-04,0.6
de3a0a84-52df-4d7b-89dd-962cbc484013,Student,2026-03-01,0.15
259c9954-6f25-46af-b4d1-be829449b6f1,Student,2026-07-10,0.15
986c9cb5-469b-4f60-b1cd-1bca04b33681,Enterprise,2025-12-23,0.85
240634f0-ae93-469f-b9bc-19c2271b6dd9,Professional,2026-01-11,0.6
ce6e20eb-11cd-4b30-9d00-6aa8324fe43c,Student,2026-07-21,0.15
4ef438fe-eda3-4377-bd5e-bb90f27ee4d0,Student,2026-06-02,0.15
13f618d5-c181-4d82-b6e2-f977215514d1,Professional,2026-07-30,0.6
eb904835-b924-4419-8170-abb3cacff4e2,Enterprise,2025-10-12,0.85
cf601fc7-079f-452b-9e05-bd365717d754,Student,2026-05-22,0.15
d630d551-fa7c-49b4-b52c-8247c384214d,Student,2026-07-15,0.15
b78be9ed-8b14-49b2-8eb0-fe57278443a2,Professional,2026-01-27,0.6
ff1c5fc0-c92b-481f-b296-1e501e09549d,Student,2026-03-06,0.15
1a7a4b15-a27d-46f3-8df0-2793c084c41b,Professional,2026-06-27,0.6
dfcc2a3d-7746-429a-ab46-cf2ec6d1a824,Professional,2026-02-26,0.6
2e8520b3-e2e9-44a9-a0e5-4d6b6da9239f,Student,2026-08-13,0.15
f7849848-980e-4f0f-b3a4-eebc9c2659e3,Student,2025-09-30,0.15
a8cad72d-9d63-4118-a156-b73fc182ab13,Professional,2026-08-19,0.6
294cf626-4ea8-443a-b976-3bd386deef4f,Student,2026-07-25,0.15
61a129d5-bf38-4f25-9ed2-4d2f1f14fc1a,Professional,2025-12-06,0.6
397ebfa6-24fe-4674-bb09-c8c00551b746,Student,2026-08-04,0.15
d8aaa4c4-f9ab-4746-af8d-f5641a4b6b4c,Student,2026-02-22,0.15
30524ed9-b188-48f2-ab9f-3f32d23dfc1d,Professional,2026-03-29,0.6
320feb9e-02dc-4d5d-88b1-03af6a85564e,Enterprise,2026-07-01,0.85
1ca972e7-d9b6-439e-8609-254fab0817f4,Enterprise,2026-05-31,0.85
55c21929-a78c-4318-8e41-3e8b4d3919b8,Professional,2026-08-03,0.6
4f6503d4-dda1-4d2e-a80c-a4101fa6c153,Professional,2026-06-26,0.6
ee2db382-42c9-41a5-8dce-bceb3f826030,Student,2025-10-26,0.15
a5e8d897-a0d4-44a6-af40-5f25604b3975,Professional,2026-01-05,0.6
341b5e8f-3fab-418e-b517-c5d53fd3867d,Student,2026-08-03,0.15
cd998645-9db3-47a5-9ce4-013996e71acf,Professional,2026-07-18,0.6
c6e27d4b-89a4-480d-ac06-dd417a386ab4,Student,2026-04-04,0.15
35f5e1f3-65f1-4f74-bdb1-49b48a485819,Professional,2025-12-01,0.6
0be49bb0-6a27-4143-b8f3-b7652c7ef616,Student,2025-09-02,0.15
daa572b4-dc67-44f1-9e8b-cb917a747643,Professional,2025-11-03,0.6
b96647c4-cd0d-4be1-bf12-df06ef5e4cde,Professional,2026-03-18,0.6
50db1b42-c7fa-4be1-b36b-b557102e821c,Student,2026-07-25,0.15
912fe771-fc99-428a-97a1-35ae37f0f23d,Enterprise,2025-09-14,0.85
858996bf-1f3f-4c4a-b304-d6d7c3174afa,Student,2026-01-27,0.15
112fe305-7281-4f0c-95b4-ed9e17854dee,Student,2026-05-17,0.15
9dcf89b4-e271-496f-b1dc-0df9f8ddfbb7,Professional,2025-09-06,0.6
324ae84e-02ec-475c-bd41-2f2c3b100d1c,Professional,2026-03-07,0.6
a4b0fab9-205c-4806-9bc3-b5c323fa46ea,Professional,2026-06-29,0.6
ca784a53-7ce8-472a-940c-7a8cda88c9b2,Student,2025-09-24,0.15
cfaebaf7-f63f-4fbe-92c7-b927427dd847,Professional,2026-03-05,0.6
73aea971-bf56-4179-ae5d-d7df375124ee,Student,2026-08-01,0.15
d39bbf53-18eb-4de3-a9cf-278dace2e352,Professional,2026-03-08,0.6
01cb5b0b-51f7-4457-9549-1196bfc2f3b6,Professional,2026-06-26,0.6
bc99b4a5-4bdf-4a89-9199-19c43cdd8565,Professional,2026-03-13,0.6
734a7ac1-d4a4-4469-b344-4aa11e36ffc3,Student,2026-06-02,0.15
82f6cc33-c246-4824-ab2e-3a92fbed40ed,Professional,2026-05-27,0.6
e567adde-836f-4919-9c23-b67489a9427a,Professional,2026-04-27,0.6
a617878f-95cf-4ee7-aa6f-16d4a7950518,Student,2026-02-18,0.15
bab9becc-d82f-4c91-987d-64dffa0bf518,Professional,2026-07-04,0.6
89b538bd-69f8-4981-a038-374baa3eee92,Enterprise,2026-06-11,0.85
499b4152-b5a5-43c2-bea9-ad7a41b61cd5,Professional,2026-04-17,0.6
01fec18e-f801-476d-b605-6a108a08f15d,Professional,2026-05-17,0.6
2abdf011-2676-467b-b066-8c892677fd11,Professional,2025-10-30,0.6
264ab7c0-68cb-4540-80e9-db6f1c96fe44,Enterprise,2025-09-05,0.85
eabf0366-3e4a-47bb-94ec-a01931b4706c,Professional,2025-09-29,0.6
54c44e65-8449-4a98-9c8f-d07ddab0c726,Student,2025-10-06,0.15
516f0d7f-b54e-4a30-9350-1c3e20244254,Student,2026-01-08,0.15
551d670b-7fa0-4c73-8d08-71c737e819dd,Professional,2026-08-20,0.6
fc92c42a-964d-4921-992c-654979819002,Student,2025-08-26,0.15
65bd177f-2af6-4d53-b3fa-08b023c5ef9e,Student,2025-09-02,0.15
9cc86355-94bc-4388-bc0b-97892a1412c2,Professional,2025-11-27,0.6
f3b4f5c2-97b6-45a1-938f-745dbb526d84,Professional,2026-07-10,0.6
a32fd8a4-2706-4195-a67a-224f4aee2998,Student,2026-01-05,0.15
fb39d19c-90f2-4356-bebf-6053683448aa,Student,2026-06-04,0.15
e377f882-4315-4b4e-a10e-c63953b868ed,Student,2026-02-20,0.15
a736ac64-0c4a-4b32-892f-8b6620cafe07,Student,2025-10-18,0.15
33d27930-382b-47d7-a43f-28ba307769fb,Student,2026-02-19,0.15
2156fe96-844f-4775-8d8f-21924c1caa42,Professional,2026-01-19,0.6
731c4efc-6fb4-4a4e-8a9b-dcc93c2192d8,Student,2026-07-18,0.15
29dfa9c0-2b8c-42af-8916-e3c53d83475f,Student,2025-09-10,0.15
0c129f7e-aab2-4f1a-b3ff-ff81dae2008e,Student,2026-07-30,0.15
578f9659-4a35-4ad6-91a9-a75548ccafc1,Professional,2026-08-11,0.6
1a7f32c0-e395-473b-9e89-34d34bafd33c,Professional,2026-08-13,0.6
71720f29-7d53-498f-bb1b-4795aebe0461,Student,2025-11-19,0.15
4a33a323-9854-4a7e-ab92-da02a3a7eb99,Student,2026-03-11,0.15
0c237e98-71b3-48fc-8b5c-1cea0c6a7b1b,Enterprise,2026-05-22,0.85
fa7051e5-42c3-457a-85a7-0c6a0b6b5efc,Professional,2026-07-27,0.6
e0ef708d-23c0-4dc3-b910-2255ff0fad20,Professional,2025-09-18,0.6
d19a3fa7-5da9-4995-b85f-d4dbba8c3456,Student,2025-11-28,0.15
56f7fe81-a57a-4502-a5be-f1c8a32fa100,Professional,2026-04-03,0.6
3a063216-d261-4c11-8884-abfd99f35d91,Student,2026-06-11,0.15
4cc266cf-0494-4b77-80e3-9eae26c8854a,Professional,2026-04-30,0.6
b8f7a257-8da0-4aba-8f44-405312cfb5ba,Professional,2026-03-05,0.6
3765c0b7-b9c1-41b8-ae07-d2e4a5799aec,Enterprise,2026-03-30,0.85
ec47b1a1-4868-4786-b374-478be18f1ea0,Enterprise,2025-10-08,0.85
689913c4-ddf4-4859-b7ee-c8bb84440590,Student,2026-03-11,0.15
a3c680b4-f768-4812-b93f-fb9338ac4965,Professional,2026-04-29,0.6
d85f9bde-b8a4-43dd-876b-10eaa8731f0d,Professional,2025-11-24,0.6
136d3aa1-1902-4dff-a9b0-b0f32718cf40,Professional,2026-01-10,0.6
edba45c3-1368-4f15-9c8b-1081f15a8116,Professional,2026-02-08,0.6
edb78445-04bd-4e10-ae2e-94bd0adba9fd,Enterprise,2026-02-13,0.85
127a1b73-aa42-4a0a-be10-013fdd54d5c6,Student,2026-07-01,0.15
a913f414-8480-4a9e-a2ac-72d3245e50fb,Student,2026-05-08,0.15
786145e2-1c0c-44a1-a487-0117c21c759e,Professional,2026-06-15,0.6
859a3d03-7ec6-4fc1-ac5c-e48a655070ff,Professional,2026-06-27,0.6
d9a9d07c-b4be-4f2d-8766-205aa3f0992f,Professional,2026-07-12,0.6
368136b8-47f7-4575-b010-85eddae54d8c,Professional,2026-08-11,0.6
4793ed7f-39de-4d1b-b5dc-38197cba1150,Student,2025-10-15,0.15
49844bfd-7a66-468d-9696-da41e6e5739c,Professional,2026-03-09,0.6
9665073a-a5a5-4c14-ad36-5ac2d2a584e6,Student,2025-12-22,0.15
92b31921-682d-4140-93ce-d96972fb520a,Professional,2025-12-25,0.6
b9af5a42-edc8-4544-9b3f-3f433e836580,Professional,2025-10-29,0.6
f685ef6a-f71f-4d89-9c83-7f23a56fe861,Enterprise,2026-08-07,0.85
c5aa53c2-23e1-4b38-8d0a-fe4205c88743,Professional,2026-01-06,0.6
11349dd5-0f87-4c50-a53d-26d44129f01e,Student,2025-12-15,0.15
3c9455cb-f5c7-43cc-8c4f-f2523404f0af,Professional,2025-12-19,0.6
52a09f17-1b32-4fe8-8fcc-6b821674982a,Student,2025-11-12,0.15
c391b856-29ac-44e3-9840-48193f339183,Student,2025-09-07,0.15
14d10c07-99c9-4b90-8cc4-82f0942b8d65,Enterprise,2025-09-14,0.85
02e5ad52-d539-4eb2-9e8b-d53da8401089,Professional,2025-10-23,0.6
070ca8ba-49f8-41b1-bf53-c07598235ca8,Student,2025-12-28,0.15
cf3a12d8-cb8b-43be-a73e-5ef78960d785,Student,2026-01-18,0.15
3879f884-8b90-4de2-97d7-77e21d5eec97,Student,2026-04-14,0.15
910b3e1f-435e-496a-a62c-23c923f96793,Professional,2026-05-11,0.6
844dc65f-b25d-4f41-9058-cba5f4701ac3,Professional,2026-02-05,0.6
43f83cd9-ca4a-4f4f-82cc-f805048a1f29,Student,2026-03-28,0.15
c6cd50fd-e0d9-44a6-b232-2a46cb697561,Student,2026-05-21,0.15
bfe5a837-0f22-44f9-b133-17246b5faf51,Student,2026-04-04,0.15
e6aa0eaa-103e-4470-b55c-b43692ffabf9,Enterprise,2026-07-10,0.85
f5098625-d5a3-464e-b4b2-d1ad4327ae69,Professional,2025-11-20,0.6
58a7ab2e-e12e-4f2c-8df4-63bc53f9f6a1,Enterprise,2026-06-25,0.85
09400247-f64f-4706-ba4b-ed81a57fc96a,Student,2025-11-04,0.15
62096af1-ff87-489f-bec4-2518a1ac88e6,Enterprise,2026-03-08,0.85
7c9c3dce-dfd2-41ea-a2be-534e714ad174,Professional,2026-01-06,0.6
9b98e29a-19f2-4600-ac08-064e0f7df12c,Student,2026-04-08,0.15
3866ae34-b5a9-4552-804e-5a4a136c66b3,Professional,2025-11-01,0.6
f40d3e43-77d7-4793-bbd1-1030d44f9f9b,Student,2026-04-24,0.15
d7f86a12-243f-4661-96d0-12bfd8b93b4e,Student,2026-03-02,0.15
80c13cfd-e9c0-4805-925e-a3e7b70c583a,Professional,2026-04-09,0.6
a6d3cea2-5fcb-4de3-bca6-9d4c2f70cbf8,Student,2025-12-27,0.15
f9d3cee9-8d45-44c9-8181-46d431b1682a,Student,2026-01-31,0.15
5da86a49-0a11-4923-8bb1-5b9daf9c49fb,Student,2026-02-23,0.15
35dcaf52-402c-41c7-a1d0-bce0426a7e8a,Student,2025-09-22,0.15
52eeea6b-9e0a-4406-bf6f-698cad534834,Professional,2026-02-17,0.6
611698ba-1a03-436f-b8dd-239b333731db,Enterprise,2026-03-23,0.85
0507d5f3-5cfe-474e-a0ed-12e6d256ada0,Professional,2025-11-26,0.6
0728eee9-911a-4828-a95d-a9c925c2c753,Professional,2026-02-22,0.6
682e7dfe-9288-4bc4-a62c-e5941bade7a6,Student,2026-04-25,0.15
1799c6b7-6e87-48d5-b45c-549ac7a4609b,Student,2026-06-23,0.15
5b3c92e4-3656-4371-acab-2a0e868acb36,Student,2026-03-28,0.15
fa2e9e33-0ecb-42c9-ac3a-89c9df498fa0,Enterprise,2026-06-06,0.85
33e42515-2207-49bb-9fe2-97725a9bd033,Student,2026-03-25,0.15
6f60cab6-628d-4af1-bf3b-5de7a54cd506,Professional,2025-09-26,0.6
0351b0b0-333a-45fe-80f3-2606a5d562f9,Student,2026-02-04,0.15
3e6bf7f5-c9e3-4e00-8279-d8e0b82763ba,Professional,2026-05-29,0.6
4d5b99d4-ea10-41dc-a8ae-7887468b9702,Professional,2025-10-29,0.6
6b9070b6-a231-4414-a80a-de07d7ebafe6,Student,2026-06-16,0.15
fc3e9bf0-0733-4be5-8cea-41b3c26f03ef,Student,2026-06-06,0.15
5d41f842-7809-42ac-893a-b0c513b17693,Student,2026-01-04,0.15
68b72a02-4e0d-4a39-9539-d84280fb2c98,Professional,2026-02-26,0.6
ced5e279-0343-4344-94d4-e6befe7069ef,Student,2026-06-01,0.15
dd6feb5c-dcac-4a00-b7e9-60f5927b6c6a,Professional,2025-10-06,0.6
b67a5e96-1537-412a-8c8d-1b28013bb1bd,Enterprise,2026-07-16,0.85
0e3f04d4-7785-4cf6-bf92-0f80438192a3,Professional,2025-11-01,0.6
6d69bfca-c335-41f2-96ab-57d745bde4b7,Professional,2026-06-05,0.6
adb6e23a-18a1-40c4-8250-7dd7b2412d63,Professional,2026-06-29,0.6
319794a1-ed5d-4a81-8679-fa9d05cb8140,Student,2026-07-26,0.15
edfc1fc0-eb80-4f43-94e9-6d260e8550f8,Professional,2026-01-10,0.6
4f05b142-b3b0-4e48-8f16-b24e0c122bd0,Enterprise,2025-11-06,0.85
9b6cd191-1e9c-4eb1-8623-7bd48c636f4f,Professional,2026-08-21,0.6
39cd7d74-da9a-48ec-ad71-dca802ba8e7c,Student,2026-05-26,0.15
7d38d3c9-b312-4687-987f-e858eb9a0b29,Professional,2026-05-25,0.6
412160c1-48f6-47d9-84aa-c8d05a2eeafa,Professional,2026-01-03,0.6
51a49b04-c240-4a53-9d30-f8dd6760e950,Professional,2026-06-27,0.6
36e50079-a33c-4920-8e8e-2786627855b4,Enterprise,2026-07-12,0.85
ccc6dd12-e20b-4fa1-b651-4b0c346da7fc,Student,2026-04-03,0.15
ae985806-681d-46fb-9503-02fbf5eb0d22,Student,2025-11-26,0.15
8c2618e2-777a-4dd5-9a39-9c8bf07b5a6f,Professional,2026-02-17,0.6
c277f9e5-ea5b-45b5-b45c-539b47020dc1,Student,2026-06-09,0.15
6d61c0b3-7d90-4284-8e3b-be9e44bfda9e,Professional,2025-11-21,0.6
52b0c19a-2def-46e5-9f28-b4ba7770512d,Professional,2026-01-03,0.6
4a87caea-1a46-43f6-8656-8a0b07714bac,Student,2026-07-13,0.15
04cd4daa-5be9-441f-a74e-29e56125eb09,Student,2026-01-10,0.15
822db68c-e253-497e-acde-3f434dbd0236,Student,2025-12-18,0.15
641a2104-16d2-47de-8d07-81980ed2460d,Professional,2025-10-22,0.6
d279d06f-82f1-4741-a2a4-9d7e7d79284a,Professional,2026-03-07,0.6
77260c12-fbd0-40c4-9d29-08ead093482e,Professional,2026-07-22,0.6
4dbbb428-d2cc-4d27-90f4-975adc9811b6,Professional,2026-04-17,0.6
652348e6-edac-480c-a8f3-9e91f477f154,Professional,2026-04-04,0.6
90ae98cf-ec0a-4431-995f-a313423e2c83,Student,2026-01-02,0.15
7ef257f5-680e-49bc-bffa-ddaf3ea297a7,Student,2026-08-11,0.15
9279174b-da6a-4c56-9a7c-8a1e8e8b620b,Professional,2026-02-02,0.6
6fb616c0-6b83-4347-b2a5-53a23ddaa6f8,Professional,2026-07-24,0.6
9bc00d1b-60f8-4e6f-a305-ae6f3b9fcda1,Professional,2026-03-16,0.6
e49a8499-b78f-4a02-8479-2df281e97877,Student,2026-05-13,0.15
3bfb0c8c-b959-4a1b-abbb-de21df6de7b5,Student,2025-10-05,0.15
66151dcf-8290-4b41-810c-6f9ecb599146,Professional,2025-12-24,0.6
672a27e4-d981-4d2b-ad18-1f267c99295b,Professional,2026-04-22,0.6
5e272f2c-d5f4-4797-a053-00208a436ef0,Student,2025-09-28,0.15
0014129b-33bb-49b9-bcc9-063f2f57d26e,Professional,2026-02-14,0.6
32a2bd19-bd21-4c91-bb84-2b4e44a1bf91,Professional,2025-12-26,0.6
8bc82d96-3376-49c6-8066-53907d8054d8,Student,2025-08-28,0.15
bcb705ec-04bc-42bd-af29-b332b1e2e536,Student,2026-03-15,0.15
59beef16-eef3-4ba9-bd9f-85ae82ec5481,Professional,2026-03-26,0.6
cf2cd8b7-e1bf-42df-a727-29a970efd699,Professional,2026-01-23,0.6
e3732711-5622-4fc7-9d0c-c15888966bc4,Student,2025-11-28,0.15
58eab191-e7ea-414b-aa24-7f64fb09c432,Student,2026-05-17,0.15
6e194afc-3749-42cb-95f6-4af7bcd03ace,Student,2025-10-08,0.15
dd6fb37b-dc3b-4688-9ab1-dd75b7af601d,Professional,2026-01-12,0.6
3118f32a-6d0a-4823-a995-0e0e03c9721e,Professional,2026-01-11,0.6
278d4213-38f3-4460-ba5f-ef0282412264,Professional,2026-08-10,0.6
71e30fea-0dd7-4a4c-82dd-f80f584a83af,Student,2026-07-22,0.15
1c3c4c5b-b25b-4e81-ad44-f671dee964fa,Enterprise,2025-09-04,0.85
715bb6b5-085a-4e02-b5d3-84444ba6c640,Enterprise,2026-08-06,0.85
e3fb0225-9999-4762-8b4b-2370ae7ac66a,Student,2025-10-03,0.15
9eda4549-6831-445d-af56-60ce37e41ce6,Professional,2025-09-07,0.6
94c5f829-7176-4130-afb3-1d17ba25da9b,Professional,2026-03-28,0.6
8d39e2b1-7f03-4bb9-8073-cbc9942615bf,Student,2026-03-27,0.15
28cdadac-4cf4-437b-99df-bbc500f04008,Professional,2026-02-18,0.6
f731a32c-f8b4-4f28-9094-413a1e7d3d0a,Professional,2026-08-20,0.6
8bc78930-8c1b-4d9e-98df-31f2c7eacd59,Professional,2026-07-31,0.6
385d0018-c4b4-414b-9ca6-94bd192aaef8,Professional,2025-11-30,0.6
788bf428-5e09-409e-a34e-308e82423c0d,Professional,2025-12-16,0.6
09816701-567f-4edb-8023-0bd35f177d84,Professional,2026-03-06,0.6
bb663f90-2715-4cb5-ae51-c8d3494d1b9d,Student,2026-07-29,0.15
13e1d772-631f-4a1e-9e64-368b8f7d8164,Professional,2026-04-14,0.6
baa1b0b4-b0de-464d-ab52-2c93c62887a4,Student,2025-12-15,0.15
f9ecf899-9289-485b-a7e1-b86fae2a4410,Professional,2026-06-07,0.6
c220ef31-c875-4f83-8b9e-ce4eb2f8cb76,Professional,2025-12-10,0.6
c1754176-1bd6-4f7c-a6bc-183f3397307e,Enterprise,2026-07-09,0.85
3c787724-9b4e-4bf1-a5bf-e66cf4b47ee3,Student,2026-05-28,0.15
6f4e3210-2984-4c5f-bb38-26f1304ed9ea,Professional,2025-12-28,0.6
d76e4f1b-d42f-4f59-8169-6c3c899d10c8,Student,2026-08-12,0.15
4d669cd0-b1c3-4e90-b25d-7c971c587bd4,Professional,2026-03-05,0.6
89515b12-1200-4f58-82c0-28c20055f684,Professional,2025-12-25,0.6
5ac9a5af-9e0c-4c77-9fc7-c014901ce8c8,Student,2025-09-29,0.15
57755a0a-d4b4-411e-8ea5-dc5eb5535439,Professional,2025-11-19,0.6
d65e034a-7367-4d45-98f9-821e614de560,Student,2026-03-16,0.15
29482778-14b6-47b2-9014-062d06268b8d,Professional,2026-05-08,0.6
fb2fcff7-56f4-40b8-8252-d5eaf014a5d4,Professional,2026-05-06,0.6
37126559-a238-4136-93c5-3ae5e49039ee,Student,2026-01-05,0.15
af7b3221-1695-4a76-9567-fcf338ae7d44,Professional,2026-02-09,0.6
3945507d-73f3-4b6e-b942-6024321d1a37,Professional,2025-11-03,0.6
4b8cb839-ebac-462f-a55f-34392fb8b5c1,Professional,2026-06-09,0.6
6a01508a-820d-41ae-b19e-6e7b6cf0082f,Student,2025-12-11,0.15
a84dfe09-ba7a-4868-83e4-d034e8d16b6f,Professional,2026-08-06,0.6
8cbd2b44-f08f-4593-b063-fda407289514,Professional,2026-02-10,0.6
60336564-36d2-4d18-b384-5bbd4c207c87,Professional,2025-11-14,0.6
b7be36f4-50fe-4d0b-b846-9aabd2d474ba,Professional,2025-12-17,0.6
dc71f1fc-a0c3-4f9c-a1ef-765086e2b031,Professional,2026-05-11,0.6
59a6a26e-fde3-499b-8cd4-911ee1132003,Professional,2026-05-07,0.6
030b5895-5859-402b-925e-53ffc388ccb4,Student,2026-05-10,0.15
aa98190c-3422-4aea-a217-9562374fa6f0,Student,2026-04-02,0.15
4f729d13-b9cc-440a-b463-8b510cbf24ab,Student,2026-05-10,0.15
3be648e5-7d1c-4059-8ec2-d99e4303359b,Student,2025-10-27,0.15
476c9b47-1df2-43a9-8163-8af229533e02,Professional,2026-05-24,0.6
73eead81-7ee0-41f3-9b64-89cd1fa1758a,Professional,2026-03-15,0.6
5a65c7c1-cc45-4c48-a9a2-995a95174ec0,Professional,2026-06-10,0.6
c26a12fd-090c-45a8-a533-d507e9961968,Professional,2026-07-08,0.6
3ed08ca6-cce4-4444-8e25-a5e11e270193,Enterprise,2026-06-12,0.85
f63b8e35-68c5-4d7c-8459-283fcd6c9e62,Student,2026-07-26,0.15
346913d7-0d09-4e15-9478-f2b4fadb327a,Student,2025-12-02,0.15
1b2921d7-8f51-4aa3-8735-895f896d9547,Student,2026-07-01,0.15
ffa2af8b-9799-4730-bc47-5cd9da9f14b5,Student,2026-04-29,0.15
8aaa0b7b-cc5d-4a59-bf52-873d0c6d7adb,Professional,2026-06-11,0.6
2c72441c-1ad0-4dee-81a1-7fc9a9b87570,Student,2025-09-03,0.15
1e07a74f-b642-4220-8554-08b5d643e6a9,Professional,2025-10-13,0.6
38c4e30b-cd02-4635-a751-062fd9d38e92,Professional,2026-03-22,0.6
79595df8-c1e1-4604-93fb-4bfcc7b6d89c,Student,2025-12-09,0.15
836bbb44-322b-4d2b-811c-12373e31ffe4,Professional,2026-02-08,0.6
544c0fc6-de4d-4ef9-9249-d9b70306faa5,Professional,2026-06-28,0.6
7f3f167e-532c-450a-83f5-abe4a02feb1a,Enterprise,2026-01-08,0.85
555e3ab9-bd9e-4d35-a18f-b4a8507c8bb1,Professional,2026-05-12,0.6
bd9db627-d42e-4c99-9f5b-c91e9b78a7c3,Student,2026-08-08,0.15
6f1089e8-1d9c-4bb2-bdd3-062d05376925,Professional,2026-03-06,0.6
a82fee40-e949-40c5-b5b2-b3357013ed8b,Professional,2025-10-24,0.6
671c9bb6-b9ac-4fba-b8c1-ac2c5f1238ce,Student,2026-06-01,0.15
8dd5cbb8-907b-48b7-acf3-97dfe0b21089,Professional,2026-01-21,0.6
8e6a6f51-68d7-44ce-9475-008d6d56ae7c,Student,2025-10-25,0.15
145a9100-0279-46e8-95b9-a9fd52986b3b,Professional,2025-09-23,0.6
cb753059-1f28-469b-b35b-9b2a6cba8c5c,Professional,2026-04-04,0.6
23551589-3313-4449-ab54-c6e6c8ba9ffa,Professional,2026-01-30,0.6
3d07ef2c-d643-4343-87fa-816900d6189f,Student,2026-06-24,0.15
a5fe634e-649b-405c-8460-b5dd7b740bb8,Professional,2026-04-15,0.6
0ac53b33-6ff6-4332-a195-a73a9e5e1793,Student,2026-05-18,0.15
73bd4af3-0c0f-4454-9760-229599683d1e,Professional,2025-09-02,0.6
3805ee12-5462-417e-a4d8-c5f5d50a1c3b,Student,2026-04-10,0.15
027ade95-8c9a-44fc-b746-50e83af28f32,Professional,2026-04-30,0.6
0bbf5142-79d8-467c-ac98-aabb36bb1a3e,Professional,2026-06-17,0.6
b791fae6-b838-4651-8843-9b0e7db91783,Student,2025-09-24,0.15
1687ccc5-7039-4a19-a316-c7aeff40c0ef,Professional,2026-08-09,0.6
0cb5679f-06c8-4fd0-b874-0796a8832c84,Student,2026-01-28,0.15
1162a0cb-401b-45d8-8ba0-f0fe7a7ab999,Student,2026-01-10,0.15
8d73b79c-ee11-432c-857e-5ccae7add7ce,Student,2026-06-28,0.15
e689cd0e-3d36-41dd-8608-7882e2fa36af,Professional,2025-10-24,0.6
ce755391-6072-49de-8a33-3e4b426f6ef6,Professional,2026-01-20,0.6
2a718d5f-5463-487b-b0bb-aac96e70a8ee,Enterprise,2025-12-25,0.85
d1f5c2ab-486f-4bdc-8de2-f20d18e98e58,Student,2025-10-03,0.15
e3b68310-9914-4702-9ea5-b28e93460122,Professional,2025-09-01,0.6
177708b0-a95b-4449-9ffa-d75d6ce3a35f,Professional,2026-03-20,0.6
4c04563f-f9ba-43d2-9559-a63bd8d7a352,Professional,2026-01-21,0.6
bed022ba-b949-4345-b3cd-dae8814b82a8,Professional,2026-06-30,0.6
b00ae497-cc58-4c46-b018-8f48a23e8bf9,Professional,2026-03-23,0.6
da441f19-858c-4cf0-ae86-454e3b4b5985,Student,2025-09-18,0.15
fd56bca7-820e-47a6-aa5c-6f1deec437dd,Professional,2026-03-27,0.6
6b358ef3-18e1-4cb8-808b-5f44d7910889,Student,2026-05-09,0.15
6d657d8b-32bf-4763-b93a-d578317f89d9,Student,2025-08-27,0.15
ce4a1f51-5bfd-4ad3-8652-fbe7ef3d204f,Professional,2025-09-19,0.6
6c12170a-ca76-45ff-9b3d-8e7283b30937,Professional,2026-02-21,0.6
c7695062-fe4b-4375-9c20-8b6e1e0ce34a,Professional,2026-05-20,0.6
2382ed2b-11aa-4805-873c-21e2deaecd31,Student,2026-04-07,0.15
148b0ff4-ddbc-449c-bb15-39f45f54481d,Enterprise,2025-09-19,0.85
269c41c7-52e0-4c78-aac5-fd62dd3c080b,Professional,2026-07-07,0.6
8d2a949e-4417-4fa7-8eb7-898f5a2206f4,Professional,2025-10-13,0.6
662b74e1-3fb9-4c93-bc26-ce274e0fbd38,Enterprise,2025-11-16,0.85
e13a81d8-a1ab-4189-9386-0c4b93502b0b,Enterprise,2026-06-12,0.85
f80010c2-09a7-402f-b2cc-381448cad6ce,Professional,2026-06-10,0.6
1c347342-f483-44f8-9b8b-d73b3cc1960a,Professional,2026-07-25,0.6
efb8de75-eac5-4c7d-a522-31ef70c86c14,Professional,2026-01-25,0.6
c3863680-ee12-4295-9581-12052dee6365,Professional,2025-09-05,0.6
a27e16a6-b0c9-46c2-bbbe-592d9dbf401c,Student,2026-07-18,0.15
94cb5522-07a2-4fd0-8ee8-e03f42b24579,Professional,2026-06-09,0.6
f69cf0d6-b7b7-455d-8e18-31345a50ccc4,Student,2026-02-06,0.15
aef7a524-794a-4573-9a24-5c1ca8ef45ac,Professional,2026-03-05,0.6
711ceb44-1658-47e9-8039-0938a85792ee,Student,2025-09-14,0.15
5a5156ca-031b-446e-b3bd-c7e959beb5d3,Student,2025-10-28,0.15
fd643274-f134-4526-bfa6-8eb02eed5dd4,Student,2026-04-20,0.15
4a5c3e2c-ba30-4377-9a1f-70ffdd037ac1,Student,2026-02-07,0.15
57008c50-ceaf-49c5-ab61-6c0d45193d1a,Professional,2026-03-26,0.6
65983f77-09b5-4814-9165-eeda75fa7abb,Enterprise,2026-05-21,0.85
ea361527-455e-4ad6-9d33-c239d427ee19,Student,2026-06-11,0.15
9b751b6f-3377-4b44-afd9-1be81de94719,Student,2026-04-19,0.15
e785d564-cef3-4651-8b60-bdaba08d2d16,Student,2026-04-08,0.15
f9fd1924-54ac-48f8-9d9c-f0b9d7f6ef0b,Professional,2026-05-05,0.6
fd2e5aed-7883-453a-893e-c774728b6bf0,Professional,2026-05-30,0.6
b8b507e8-14b6-4729-8a60-59d03b9b9da1,Professional,2025-12-28,0.6
c4983b2d-ec74-4189-9ce0-50361133685e,Professional,2026-06-04,0.6
e29f7ae8-2d02-4443-8739-d292f410770e,Enterprise,2025-11-16,0.85
fff4a003-1203-4f0e-b38b-88e90466d3b1,Student,2026-05-01,0.15
25cd7791-f641-4949-9b35-d4c0b28b1b36,Student,2026-02-05,0.15
800fe1d4-66f4-4a81-8d83-fa4dc3268cfe,Student,2026-05-19,0.15
16a24b15-2c47-4d4e-bdea-dfb98987f94f,Student,2026-06-13,0.15
84952453-40ca-486a-b8b6-040f18f978cd,Student,2026-04-17,0.15
6bc54ab4-5f7a-455c-a2c4-ff9bb5704aad,Professional,2026-07-29,0.6
14d7eeac-b5b6-48c3-89fc-4e54c33b9a37,Student,2026-06-18,0.15
54fbf7b8-501e-4cf3-90bd-75a3f2641ab7,Professional,2025-11-19,0.6
b16b749c-3b44-4ba3-84bd-7320d5076c27,Professional,2025-12-21,0.6
130cef9b-2d9e-4c8c-966f-35d2d31a8769,Professional,2025-09-07,0.6
852f47f3-6f55-432c-82c8-cb286730defa,Professional,2026-06-25,0.6
5d2908b8-d95a-4fc3-bc6c-4f3f0e75a853,Student,2025-12-29,0.15
f44f2a8a-9dca-4cb4-94c6-19727b2dc246,Professional,2026-01-09,0.6
b0972f4d-6eb7-4d2e-bb10-ae19c217fea8,Professional,2025-11-27,0.6
4e52c552-5027-4511-95f9-2ff67057d334,Professional,2026-01-01,0.6
c7da91cf-299f-4883-9801-e4e6907a76c5,Professional,2026-01-31,0.6
eb18fad3-8422-46f4-a8ea-a86cb1116809,Student,2026-04-14,0.15
1d4985c7-520c-4639-9262-af86b613d60e,Professional,2025-12-13,0.6
2e40751a-d82b-4481-804d-7ebd81799b6c,Professional,2026-06-12,0.6
27219a58-f9f0-4510-b72c-6aec591f4d06,Professional,2026-01-01,0.6
2bdb029c-16c6-4f8c-84b8-5bbe17bbbdf1,Professional,2026-08-03,0.6
f9e784ad-dca7-4f19-a7bf-bce3a1ae2a19,Professional,2025-09-08,0.6
28bcbe0e-df69-4cdf-9c78-015e97a03a7a,Professional,2026-08-22,0.6
0da4186a-fb53-4bc3-a098-78b036ee470c,Professional,2026-03-18,0.6
4945fce3-ee92-4cb4-b85f-719bdb3177d4,Professional,2026-06-27,0.6
ec1174f5-e694-4dae-9d8e-ff3b25075659,Student,2026-02-05,0.15
53994b87-983f-458a-af0f-c95820ad6668,Student,2025-12-21,0.15
a387f649-db95-4575-a918-faeea0a474d4,Student,2026-04-08,0.15
1eacf987-3995-4c49-a6e1-2a59686ab303,Professional,2026-08-15,0.6
37dffa16-c6d4-4e3a-b78e-e0fa7c446b3a,Student,2026-04-23,0.15
593afc08-5c16-443a-95a6-d667cb82c194,Enterprise,2026-04-26,0.85
54032a48-bbd6-448f-a49c-fea6e3539f53,Professional,2026-07-03,0.6
05b86ffa-da2f-4b02-9086-b238b240b86e,Student,2025-09-01,0.15
05537b1d-8935-4afd-a2d7-a489f56550fb,Student,2026-05-19,0.15
429bbf47-a964-458f-939b-6d96dc555755,Professional,2026-07-11,0.6
4ec07d95-a1c5-4b6c-a52e-069d680ddd5f,Student,2025-11-07,0.15
789aa781-b244-4d54-81c4-757795927ecc,Student,2025-11-21,0.15
0de8a246-61ef-4dbf-bcee-51afd5b696e2,Student,2025-09-07,0.15
26f6de46-6d48-4cf9-a7bd-b787ff1e4555,Student,2025-10-17,0.15
7f0745f2-4428-48ff-9ee9-18851e13d10e,Enterprise,2025-12-26,0.85
30d0184e-1692-43b7-ba22-acaa2e77bd42,Student,2025-10-18,0.15
0417e240-fae5-49f6-b9d5-fd62a90f30f0,Professional,2025-12-06,0.6
8e883537-b76b-4582-8a23-0a5a1d5793a2,Professional,2026-06-24,0.6
dd4278ef-5845-474a-88db-9db0e5e78f07,Student,2026-07-25,0.15
e30c8ed9-4ffc-44ae-be5b-92a78cc2dcf3,Professional,2025-11-08,0.6
8cc9fcc5-8bec-4af0-9817-c8c7e673f701,Enterprise,2025-10-21,0.85
918480d9-37c8-46fe-b3ee-881e736e9d4e,Professional,2025-09-25,0.6
bacff991-cb6a-4dfa-ad63-243d446b8ed4,Professional,2026-03-17,0.6
c9af4627-8569-4580-acd8-20816dc0e355,Enterprise,2026-07-08,0.85
160a2ad3-483c-4e38-99f8-c74c0234e409,Professional,2025-09-24,0.6
196fd69b-8ff2-4b8b-8068-bc30386c592c,Student,2025-12-08,0.15
2ad010b9-a328-4db9-8d3e-70378b5fd7ef,Professional,2026-04-28,0.6
7d284aca-7f92-40f2-9360-b5f5c1570449,Professional,2025-11-25,0.6
9430af80-80fb-4095-af04-271252fc665c,Professional,2025-09-07,0.6
3b5b46e7-8bf3-4b08-b0df-c41912dc8f44,Student,2026-02-24,0.15
868bc94a-cfd6-4bd0-91db-e4870f1c3e58,Student,2026-02-25,0.15
