customer_id,segment,intervention,converted
3ebe701b-ce62-4aef-8b4c-a872f8890b21,Student,5% Discount,1
3863cbaa-c354-4615-a328-8e59a3d184e7,Student,10% Cashback,0
4e2a3aea-d36b-473e-a779-cd948499976f,Professional,None,0
d025903f-52c0-4492-a687-a7d4034f563e,Professional,10% Cashback,0
83be80d2-3a7a-4958-8774-489dbbce0685,Student,None,1
5844be18-47a5-46fc-88ab-33d9a6ee31b1,Student,None,0
b17057e2-08db-4e85-ac0a-56b8f36b2d0e,Professional,5% Discount,0
46f36f68-ba9b-426b-9668-4e5285151ab2,Student,None,1
256abe0a-bbdb-498f-9c36-40cd46fe3535,Professional,5% Discount,1
fb9c1997-2009-4078-8ba4-b68f2d65a643,Student,None,0
6844cc56-772a-47f2-bcbb-15b59fb9eb2d,Professional,None,1
aa9577bc-4687-4ecd-ba41-3244320f68b6,Professional,Free Shipping,1
72d50a46-a8ec-46dd-af4e-1533c7e3bff8,Student,10% Cashback,0
d1c57bb3-3502-4554-bce8-a86f183dfefa,Student,10% Cashback,1
f3005721-a80d-4d0d-8f34-ccf28ee4d059,Student,10% Cashback,1
957ee5c5-e544-48c6-b177-e7d211c24cae,Student,None,0
ebb45bd6-e36c-43b0-bd2a-1f4f4bf62dca,Student,10% Cashback,0
d25483a2-dc79-40c2-b31e-03eda31a506f,Professional,None,0
8edd186b-7338-417a-bde4-a7908a94eeaf,Professional,10% Cashback,0
b40e46d0-eb5f-4383-a669-3cf4a3c77b94,Student,10% Cashback,1
f2e2fdae-2f1f-4db2-b456-7cee98054622,Student,Free Shipping,0
08f08eb6-ce6a-4aa0-b03b-2c978932a732,Enterprise,10% Cashback,1
d40ef98c-62e6-4a37-abe5-756f2973d3f0,Student,None,0
7c52d293-b25b-40fa-af96-3734847b643f,Student,10% Cashback,0
e01c3069-29ac-4341-8173-0325dd1742d7,Student,None,1
0053c14a-441e-493c-9176-70ebbdf4a781,Student,None,0
421ba554-54f3-4fa2-8780-c47fe1d47d37,Student,None,1
ac390cfd-79e2-468e-97a7-76aa27674b71,Professional,10% Cashback,0
68b9baff-a56e-4b49-b4af-e9f969618768,Professional,None,1
873e91a3-eb7b-4743-bc73-6273d58ac94a,Professional,None,1
aaf9d3a0-a483-4f08-96aa-531b44562dfe,Student,Free Shipping,0
8d2c13e6-d719-480a-b657-5d93cf7e1d41,Professional,10% Cashback,1
fac4ecdf-d87e-4ced-a945-775af02657c7,Professional,None,1
a82785be-ed8e-46b0-a590-672498eac06d,Professional,None,1
8fbb3893-357a-4d24-acac-4e85728da49b,Student,10% Cashback,0
c4f5e2bd-e749-4c0f-98f5-819bac72e900,Professional,5% Discount,1
125f9352-c0c5-4b8e-8ca4-02c059412b0d,Student,None,0
9300a760-5c3f-4727-aa70-b5d1eea885fe,Professional,5% Discount,1
667f0d40-d70b-4d7f-914d-3d65b26cd490,Professional,10% Cashback,1
9dd80775-d8e7-4f35-b9b8-87c5be5f07ec,Student,10% Cashback,0
1dfbba63-3830-4414-965a-1d279267baff,Student,Free Shipping,0
af6349a5-b1bb-4a0e-b876-3a6fbe547440,Student,10% Cashback,0
92de51b3-3af7-44b9-a307-1f87b4812fd1,Professional,5% Discount,1
e087f0e4-0daf-4aa9-a07f-79b4fdb4d82d,Student,None,0
92f633b7-cb71-40a9-9f16-0b17b76dfe05,Professional,10% Cashback,1
9612a8a3-b9a4-4d3a-bafc-560c7ad5c956,Professional,10% Cashback,1
b5e9d8aa-6e5a-4b14-b577-657a06948eab,Professional,None,0
846c35fa-bb4e-420a-b319-3d48110d4ada,Professional,10% Cashback,1
2f916b18-ea30-4b28-9274-038968b199e4,Professional,None,1
2c194a13-bc03-4d9e-9375-d6963acf0735,Professional,None,0
4ace0027-c76d-4b8f-8087-998c8daefd49,Student,None,1
5feefc5b-a452-44ca-a10e-e6d93593f0b7,Student,10% Cashback,1
9a80e110-0ead-46c0-a7e1-8d37bec13cc6,Professional,Free Shipping,1
56bb4115-2dc3-4d08-9844-e732c940897e,Professional,None,0
f909fbc9-0452-4e1c-a409-5f94487714ae,Student,10% Cashback,0
0eb3f1b5-cea6-4a2a-b96f-27945c56786a,Professional,None,1
ef5e7a78-90e4-4d73-8411-b62e6bc358ad,Student,Free Shipping,0
be804ec6-d33b-4463-bc8e-12bcf5c3722b,Student,10% Cashback,1
33e47127-13d4-40de-bab1-067accad93a7,Professional,5% Discount,1
efb30902-1f5a-476d-ac47-3ad9f8b0d749,Professional,5% Discount,0
e84cad26-3294-4490-8e88-7898b6eeb51f,Student,None,1
8ddda33e-a506-4253-91b7-d2895c8974e0,Professional,10% Cashback,1
2355a73e-e096-4f45-9045-1d573f884b99,Professional,Free Shipping,0
72759b05-00c2-4a56-bac1-fed06c2fbbc3,Professional,None,0
609638fc-0c40-4a95-a0f2-e5ba84260d26,Student,10% Cashback,0
286be6de-93c5-44ba-a718-0968ed6d1858,Student,Free Shipping,0
49b52206-bc41-46c4-b2e0-27212ab2fc9e,Professional,None,0
7628623c-6d1a-45fc-a28e-e7d62feb876c,Enterprise,5% Discount,1
b5858d65-8bf0-4c5f-b518-7579541af862,Student,Free Shipping,0
73e053c7-2ca9-4262-8011-8a4ad111e479,Professional,10% Cashback,1
c648b31e-aabb-4033-a372-e5f45d7d950c,Student,None,0
b111bc3a-3006-49f9-bc95-559ca55fa293,Professional,None,0
1fb4d6c4-f7c3-4f0b-8d71-04627f87ee27,Professional,None,1
a05edfad-d452-4c98-ade2-ade38fcbeb85,Student,5% Discount,1
fca97b2f-d43c-4c0d-a58a-2781b324f7f4,Student,5% Discount,1
2772c83b-ce70-4361-a917-101060192969,Professional,10% Cashback,1
6a08bda0-c94d-48d0-b510-acb08664e851,Student,None,0
84810e13-83a5-44a0-9fb0-726080aa2d28,Student,None,0
fbffadda-2946-4345-b9f2-a3e8258cc89c,Professional,5% Discount,1
c3e26cbe-eff2-4e0f-9daa-5f25864ebab2,Student,10% Cashback,0
5af79ec6-477c-4888-a0dc-b6ec61b3db8f,Student,Free Shipping,0
e979416b-b760-4c0e-ab38-3861a48fc1b3,Student,10% Cashback,0
36480a9a-33e0-42fd-9a13-855bc711220e,Professional,5% Discount,1
786218d5-d4c7-4c79-b6f7-9d69daa6d3ce,Student,10% Cashback,0
6ae3cd6d-a5bb-40e2-b8b0-4e285293eb04,Student,10% Cashback,0
fc89f4d3-14f3-427e-aa04-8e6f7916273b,Professional,None,0
b20887f3-c0e2-4a7a-b332-0aac10b72735,Student,Free Shipping,0
d4b1ec8c-76ff-4b13-a3e3-e634d665e3ec,Student,10% Cashback,0
5c6766b5-808b-4f0f-a8fa-517034085fd6,Professional,None,1
f410ea3b-8a50-412f-bce8-491552aebf59,Student,None,0
43448489-9cd1-4f15-8666-7af925b3295d,Enterprise,None,0
980197c3-5fdc-4d89-bf6e-1c689a52a2fc,Student,10% Cashback,0
ffe8cc17-57ba-4ad5-b50f-a247464cce79,Professional,None,0
eacdfd04-a7fc-41be-b33a-720e110f18b8,Student,None,0
2ed385b7-01c7-4e1a-8082-ce7c0b46e87a,Student,10% Cashback,1
97204721-367b-48b1-8ee7-12c47d7be420,Student,None,0
4df3adc4-a26f-4ea9-83f9-5fc5ded97b23,Professional,5% Discount,0
e7308ddb-54bf-4767-b373-444d020c43f2,Professional,None,1
3a8b66df-eb78-40d9-a486-6064a4c7329f,Student,10% Cashback,0
16524853-1afc-48c0-824b-04701816a9fd,Professional,None,1
5421a1be-592b-40a9-9294-51e4291a336a,Student,None,0
8d1357b0-c048-43c7-853b-91cb5b34ca58,Professional,None,0
dfc2f1f5-0eef-459c-bc70-276ca8bfa6fa,Professional,5% Discount,0
a3ffa89c-9168-41a0-9f3a-6d3e8562d010,Professional,5% Discount,0
d6a23eb5-fd20-419b-835f-9e53123ff86d,Student,None,0
c48324c3-38b8-4f18-ba1c-28f60a8e934c,Student,10% Cashback,0
d5f86e5a-cb51-4442-a463-cd14bec70640,Professional,None,1
6a2a88c1-400e-487f-b6d0-efcb0e7b7169,Student,Free Shipping,1
bda79b58-8708-43e0-99bc-b8ebbeb0ca79,Professional,Free Shipping,0
26c200a9-67a7-4518-a67d-1db9718cee9f,Student,10% Cashback,0
f8615bed-be3f-4c6c-8315-35ecb363ef05,Student,10% Cashback,0
3617bb9f-6fa6-46f2-aaa2-3687fc046fc6,Professional,5% Discount,1
dc4b05f5-1d58-4364-8e41-38c30d75af03,Student,10% Cashback,1
b89208ae-7abb-4f4b-829a-cf3756867eee,Enterprise,10% Cashback,1
05cb34d8-1860-4550-a740-19171ed991b2,Professional,Free Shipping,1
a13e25de-5f1d-4c17-a199-2e7147bf1031,Student,10% Cashback,0
55c650e5-7c5f-42e2-83e3-41e14ba08ddf,Professional,10% Cashback,1
eefa2c11-2c64-4f53-8d70-c1fbb15a434c,Professional,5% Discount,1
154deb81-1e81-4266-a5ac-1d5d190a7149,Professional,10% Cashback,0
9e24ca23-1851-40b8-ad18-3866e50dc792,Student,10% Cashback,0
bc6141b1-3c1a-474d-b88c-82200b2c1aa9,Professional,None,0
d4f4f8a9-7377-41c6-a81a-04d207054078,Student,None,0
1531fc93-1f81-432d-9a46-75ccdd3a9b1f,Enterprise,None,1
01326f2b-fbb1-4f21-a464-0e57088500a6,Professional,10% Cashback,0
b20d7a22-dc5e-4fee-a6c2-655c581a9069,Professional,None,1
f00a225c-7fc2-4508-a79c-57c7f09d0475,Student,Free Shipping,1
ddd4ddba-88f3-4c80-940d-cdc95697976b,Student,10% Cashback,0
7d67d42f-84e7-40f8-9a21-3299943e05e8,Student,5% Discount,0
373d1cb9-65d7-4af7-b0cd-657b45b6af59,Professional,None,0
4b2af0da-6222-4741-920d-ce9f4c605466,Professional,5% Discount,1
4d4803d2-3b53-4429-b038-c99793092017,Student,10% Cashback,0
cb4357e7-d573-443b-a1de-3cf70821e9ca,Enterprise,10% Cashback,0
28037b03-2aaa-47bd-8eb3-bea1caf23271,Professional,None,1
1bcc9aab-a0e3-4f14-95c8-df95452390d1,Professional,10% Cashback,1
7cbe16f0-5184-4e87-8f63-4de5b22bee36,Professional,10% Cashback,0
f1bc71d9-8ae0-44af-92ef-658ec0f4728b,Professional,10% Cashback,1
eb8577d4-7211-4a6c-b47b-8691995a0e69,Professional,Free Shipping,1
ee257f1c-e237-46d6-a336-90a99472f84b,Student,5% Discount,0
dd3b1d2c-dbad-426a-b644-c832c2a07d31,Student,Free Shipping,0
e13c9ee7-1745-4693-9641-e8607a15e0c1,Enterprise,10% Cashback,1
53c266b7-0724-4f6d-9c22-177cc3ed2299,Enterprise,Free Shipping,1
55025c64-848b-4820-8678-814e43b00b0a,Professional,5% Discount,1
14d6310b-4cc2-4cf2-b99d-52f23fd64b04,Enterprise,None,1
6904b346-2737-4f20-ae5a-78e808b6a508,Enterprise,None,1
90c0bc91-645c-44b7-9e83-8d44e2cbd10a,Enterprise,None,1
6c01b7f7-7ba0-4365-b09a-a24a19f8920d,Student,None,0
77fcebb8-48b1-4094-9057-9a0bfd3e83ff,Student,None,0
584f90c5-10bc-432b-b044-8281526612ac,Student,None,0
c8dfb8a2-1e61-4334-aee4-1d0076e787d5,Professional,10% Cashback,0
bdd0e161-9935-4e0f-8679-0b81302f7ed1,Professional,None,0
ca144c6d-3f6c-46e6-8af1-a2df95549001,Student,None,0
cb63a269-2e5b-42c7-9f24-0892b8367a36,Student,5% Discount,1
0a813e65-6409-48f0-81c8-bcf232c96277,Professional,5% Discount,0
e332eeb2-c97c-4625-a415-026ff2f2eedb,Professional,Free Shipping,0
8c1a8161-2e3b-46e2-8554-e70b1639bd02,Professional,10% Cashback,1
2f6a0b8d-4daf-435b-83fd-4d2798149c16,Student,None,1
244c5ea1-242c-4dad-acaa-c3d5e3df9b22,Professional,None,0
1b0ee96e-76db-4575-aa69-1109801b1bb3,Professional,None,1
29e3b099-faab-4b45-9dfe-f54e1f5785de,Student,None,0
1f220872-e94f-4b4e-b7fa-b4ab42f37304,Professional,None,1
f5e088ec-5d90-42d6-93f1-e5320eb32ed3,Professional,Free Shipping,0
f8bb7223-4d62-45a3-ae6e-8307b548ae6d,Professional,None,1
cb84db81-40c2-462b-9c30-590a54f5d2e8,Student,None,0
fbecdc4c-e340-400e-a6c1-51d794d114f4,Professional,None,1
7f2f1722-41fb-4d9b-b460-d279e92c3996,Student,10% Cashback,1
81bb84af-9a6d-4333-8c00-22230bb2aa47,Professional,None,0
bf47b346-efa6-499c-a957-1f3a7bb668d1,Professional,None,1
c9e9bc19-b6d9-4584-9613-e7386f4fabc3,Student,None,0
eb6f901f-d7c7-462c-ba13-fe8a5a77db11,Student,None,0
b03c1913-f5fd-454a-91e3-8ed7e855e51c,Student,None,0
54e5c6aa-ad8b-437b-a99a-a8a6e5264d91,Professional,10% Cashback,1
d5872f34-d238-4051-8e76-6a47c68fa335,Student,None,0
695f1a4b-2c4e-483d-a750-037356c3e817,Professional,5% Discount,0
cc1dff9e-ca7d-4940-8b6e-f74a7a253101,Professional,10% Cashback,1
22c92f43-566a-4703-b639-1af5b3bffd12,Professional,10% Cashback,1
18bd8fd0-a891-4516-b1b2-b2f828a863f5,Student,None,0
bb33bc52-ed8c-470a-b17b-e017e9a66eb5,Enterprise,None,1
73a6d0d4-e712-407b-be5d-4809d0057487,Professional,None,1
293386b5-81ee-4937-9019-070cd8c5e59f,Professional,10% Cashback,1
fc6ddd39-0098-4a02-8ac2-45c76cba19ec,Professional,10% Cashback,0
47034662-079d-4370-91f9-f6c7a76b8ada,Student,None,1
810d0205-cb93-403d-99a0-52b666d927e6,Student,10% Cashback,0
d0b06bd1-096d-4c77-9c60-25bfa48048f4,Professional,5% Discount,0
8fe6818f-8e14-454a-82ea-1c80e4433bc8,Student,5% Discount,1
d6e6c5bc-8590-49cd-8c1e-5d6c55f5390a,Professional,None,1
35656862-c0b8-45f8-9f2d-febc3ea9407c,Professional,10% Cashback,1
7087eb2b-5471-44d7-9b35-2e3d5aea3924,Student,None,0
9f76d681-6604-4bdb-91ae-6858d803aca6,Student,10% Cashback,1
a0691ecb-20ed-429d-8f97-e3f2b5e840a3,Professional,None,0
b5be1561-0da7-4e00-affe-fa9cdc165aa2,Professional,None,0
55c914b6-f196-4950-a8b2-1ca1c4f167fd,Professional,5% Discount,1
362e37bb-0b7d-4663-8880-a31f7254b713,Professional,10% Cashback,1
cb56e2d9-13e9-4883-8db2-5fc47090a891,Student,None,0
a1a2cf26-4134-4cdc-9f49-ffdbd6473646,Student,None,0
d63bec05-e2c9-4bc9-8776-aa4bb839d44d,Professional,10% Cashback,1
470aa461-1c88-4204-aa1d-5343f2b8c8c3,Student,Free Shipping,0
322163a6-ca96-41c6-bcf9-22f4ee376e24,Professional,10% Cashback,1
19c4ec64-c207-44d5-9301-8a4015b8186c,Professional,Free Shipping,1
5051135c-f024-46b6-ac16-35997a784cd2,Student,None,1
f9bcdda5-c036-488b-8e01-a8614acf3fef,Enterprise,10% Cashback,1
331e121b-dd5c-4159-bd74-b7895243c40a,Student,5% Discount,1
e1bb5936-a2da-41c2-a140-aa38ff75485e,Student,10% Cashback,0
6b7f39a3-bf8d-4e96-a27d-447996512b6a,Professional,None,0
765af59b-dc48-4c17-96de-31c8eefeb599,Professional,10% Cashback,1
1a304ef7-74e6-4d42-844a-2f3798c1c886,Professional,10% Cashback,1
53e8adcd-65c7-477b-bbce-4c0150fe5743,Professional,10% Cashback,1
5c5adbe8-14d3-4db4-8fd1-0b8bceb51cfb,Enterprise,5% Discount,1
327bc075-14ff-4349-991b-b8001a3a0a0e,Professional,5% Discount,1
c1ec86b0-1897-4c5e-b32d-ffa99aa1a347,Professional,10% Cashback,1
409d5273-860f-43ca-b889-9b61dd98e5df,Professional,None,0
6c6ac061-1da0-4866-9e1f-d9d2f8ac1c7b,Student,None,0
7437b09e-cc2b-4864-80a7-5ad48098a238,Enterprise,5% Discount,1
b3f2eeac-2f7d-4faf-9da8-5ee92a73ad3c,Student,Free Shipping,1
ff3eb250-a29d-47da-9591-5225c741b140,Student,None,1
2560b970-34e5-47a4-8d36-3fd15c475c12,Student,10% Cashback,0
eb2c3313-e2f7-459d-a48f-52a7dbaea9e2,Student,None,1
d43f2d54-ebc5-470d-a49a-038ad99730dd,Student,None,0
9a5d1030-5cae-4b99-b4b4-907df81c6267,Student,10% Cashback,1
3029a22f-37f3-466f-98b0-7a24fe776595,Student,10% Cashback,0
22a723e2-02ce-444e-be31-c8b1fc51f8ba,Professional,None,0
1ff6b61e-b293-4abf-b2b5-6b5b51b7b8e0,Professional,5% Discount,1
e065f328-0003-4420-b238-5068e8cf6a21,Professional,5% Discount,1
35b38243-cb0e-4110-9e76-6aef6e787298,Professional,Free Shipping,0
12126c2c-1947-4614-9351-5b49ea9bb8b9,Professional,None,1
a2c294b1-f178-48ce-8ce4-52fb7e5f1d3f,Professional,10% Cashback,0
23c73be6-9a65-43e4-8174-e9bf42bd3c55,Professional,None,1
4692de5f-5210-4cdc-b9cf-be2475e52e17,Student,None,0
4d3c44f2-1221-4134-92f9-cdeef2789209,Professional,10% Cashback,1
cb67a012-761c-4564-beb8-bfce95919b16,Professional,5% Discount,0
267667b4-f897-4d49-9717-a79006133626,Professional,None,1
47b58a16-5b9b-4eec-9b61-e300076412ef,Student,Free Shipping,1
7d297f3c-341f-46a4-9a15-65d6117bf942,Professional,5% Discount,1
1f3f5ff4-b9f8-40c3-a7bf-43f609f77b28,Professional,5% Discount,1
c81fb3fd-689b-4cd6-8568-5426b95157b2,Student,5% Discount,0
c5b3dde5-231d-4537-a254-0670c97ccda9,Student,None,1
5f131476-f83c-4c86-b921-a3d69e7f418e,Professional,5% Discount,0
1f3346ff-fa8b-4a56-ba7d-689e26086da9,Student,None,0
a783f68a-5559-4f50-a2a4-abfe1eac49c7,Professional,5% Discount,1
5842c665-a074-4ead-b2e1-f833f8d21144,Professional,None,1
6df33b28-3648-45cc-a430-21f84f63b651,Professional,None,1
0c272293-4df7-48c9-9bba-b2baba29aa83,Professional,10% Cashback,0
4867b79b-05b3-4aa7-9d49-4c7569bb2365,Professional,None,1
dcd7ae99-8d13-45fd-b1f0-b8e725c84259,Student,None,1
58bf2c4f-cea1-42e4-979f-1c547ee35012,Professional,None,1
45788626-0562-40db-b6f9-7e84124a487f,Student,5% Discount,0
234e7f5e-f822-4e87-a3f6-33b53857b929,Professional,10% Cashback,0
e6aabd59-a037-4f13-96ab-70cfcac09c5d,Professional,None,1
74901dc4-13f3-4b02-9894-1a85114ada88,Student,None,0
39078463-3ba1-4f7b-b3ce-a7707ab7f7e0,Professional,None,1
590e3b7b-f640-4300-beba-03c77a0132a0,Professional,10% Cashback,1
26eef8bb-2e36-4f7e-8246-3ca68ddd915a,Professional,10% Cashback,1
d961cb07-2f76-439f-b631-fcd2c5714c57,Student,None,0
dea03c04-2f18-4779-9e1f-d4227d55d1f4,Professional,None,1
49ad1b72-cc10-436f-897a-6795d437634c,Professional,None,0
14a3c10d-eb8c-4bbd-b2d7-673b072df71a,Professional,None,1
8c806ea8-7070-4255-9a59-a67d41a27db7,Professional,None,0
5dfdc60e-154a-4788-ba7c-82693f30a058,Enterprise,5% Discount,1
f77e8505-c8bf-4473-8ce7-2d0acfde1552,Professional,None,1
a5f2a02f-80ab-4718-a693-57d6fcc7d616,Student,10% Cashback,0
c057a329-c917-4c41-8ac4-bbb8c54a169b,Professional,10% Cashback,1
80f4760b-26d5-4930-b783-0fbaf851157c,Professional,None,1
2d4b7b68-a8f0-4401-8db9-6b6d20c2f673,Enterprise,10% Cashback,0
9a780aa8-fe79-416d-b925-6cd0e0b896a5,Professional,10% Cashback,1
a8152d72-f19a-4a6a-97be-77693dfcbfed,Student,None,0
1be0e0f8-13fa-4226-87bf-22503e6eef60,Professional,5% Discount,0
75b978e7-0c7a-4d8e-a0b1-0e64d4a67527,Student,None,0
79004d65-d030-490d-bfcb-9f2999493fe2,Professional,5% Discount,0
8ae41e1e-9cef-4e11-b75a-1a1ab5b99962,Professional,10% Cashback,1
c0ba0d51-2665-4ef6-b901-c78e7f2490e9,Enterprise,10% Cashback,1
9dca6026-58de-49b8-b3c6-0367016d997e,Professional,5% Discount,0
6e64629c-4a9b-475c-b438-2a4fec2073d3,Professional,5% Discount,0
a74cc046-bde0-46a0-8fc9-0d66d66eb6b4,Enterprise,10% Cashback,0
75f7a3a4-532d-47f7-b4c1-65107521d07e,Enterprise,5% Discount,1
54936c14-35fe-491b-bbf1-8810a1c732bd,Student,None,1
5b81c6bb-87cb-4634-91c6-05a153ffcc75,Student,10% Cashback,0
c555dbdc-71b2-449d-b377-29760f97d75e,Enterprise,None,0
26bfc837-ea6a-46d5-aefd-f39431f751d6,Student,None,0
497c811f-05d0-4660-b9a1-e6b079ce49bd,Enterprise,5% Discount,0
b535d6a0-18be-4bc9-800b-3e4a268ae265,Professional,None,0
37f6132d-aeda-48c6-8a5b-bd46568088fb,Student,None,0
acc518c1-5a06-4c09-8184-ffbf48d7841a,Professional,5% Discount,0
fc0fc3a3-c960-472f-bfcf-ef0d4551ed5e,Enterprise,None,0
891eaf9d-040f-4d53-bf7d-e3e0c6783b51,Enterprise,None,1
360543c0-a9a3-42c4-a56d-353e2350e628,Professional,10% Cashback,0
93e7acd8-913f-4fbe-915c-ec3f661aa87a,Student,10% Cashback,1
9fbf8fd6-d7ae-4dd2-96b4-d1afd6b696ce,Student,5% Discount,1
52a2d98c-7a85-4646-914a-97afed3c6b72,Student,10% Cashback,1
79c02a47-c610-4e54-9cf7-ac8bde878619,Professional,10% Cashback,1
0dcd5157-7843-4370-9308-b2ec3631880d,Student,10% Cashback,1
7353a3b3-bc5e-4596-9b3b-f319b34283f4,Enterprise,None,0
b7ce0cda-9ed1-4708-9885-c113199042a4,Student,10% Cashback,0
59fa22ea-919b-42f3-8188-3949eafa9501,Professional,5% Discount,1
e4108b75-07a7-4b93-a50c-7089bbd5b02c,Student,None,0
4f018be9-af84-42b0-be98-857810b85223,Student,None,0
007f8ed1-4c10-4072-b7b3-926e3cf7f567,Professional,None,1
52ba61db-76f3-4cda-b1f5-a3a4b0ea7775,Professional,10% Cashback,0
f87e8f1b-3add-47cc-b05e-dc9cacb3cfc2,Enterprise,None,1
232dede1-5a70-4cf5-b6e3-6a1063343a65,Professional,10% Cashback,0
07564a74-fa3d-4810-9509-14fdf26c4c1b,Student,5% Discount,1
593ad411-2f2b-41f4-99b7-649cc639d3af,Professional,10% Cashback,1
36623865-2e7b-427c-b45a-29683139b137,Enterprise,None,1
1c984f33-72e1-4c40-831a-b50c313aca6c,Student,5% Discount,1
bc5b4755-98ce-4245-85b4-9bd441bfd8d8,Student,None,0
a8c58211-4005-495d-900e-e5279d8835be,Professional,10% Cashback,1
f13e037d-5558-486f-9b65-0eda9605221d,Professional,10% Cashback,1
7fd61a91-510d-4080-928f-a5886dc5bf17,Student,None,0
4b5cb666-869d-4a09-a948-256c12187fde,Professional,Free Shipping,0
c1cff855-7a42-48ef-8410-b8dc37e487ca,Enterprise,None,1
45241012-11f1-4d26-9151-e100173e31ac,Enterprise,Free Shipping,1
909ebecf-598a-4082-85ae-f3302ae299a2,Professional,None,0
70c384c1-84f2-49d2-ba34-adbaf9f435eb,Professional,None,1
2432cff1-54f0-442a-88da-232f86971345,Student,None,0
f385b8a3-1f92-424f-816f-7ccc33d3afd7,Student,None,0
cf50a229-db61-47b9-bba6-27cda6f57972,Enterprise,10% Cashback,1
8034c263-4097-471b-9fd2-79240189793f,Student,10% Cashback,1
21d5cee2-817e-4aba-b22d-3a17ef1851fe,Student,5% Discount,0
6b2a1c9a-a47c-4436-98e6-b974e3567225,Student,None,0
970c5252-0c84-443a-bc3a-6a73848e77b1,Professional,None,0
e70dd907-c3b9-4ad8-b6e4-47197e6bec2a,Professional,10% Cashback,0
bc05993a-195b-46cf-b1bb-31bd84224d61,Professional,None,1
016e221a-47f9-4263-9892-eb1bb8e07177,Enterprise,10% Cashback,1
0908a93b-b3b7-463f-bcc3-8a65cd211e64,Professional,10% Cashback,1
d209b79d-a394-41d2-bc3d-8a7e49d1bc22,Professional,None,1
76fdb097-c959-4d1d-96eb-7ee7fb4d1968,Professional,5% Discount,1
3022c86b-203f-43cd-97f2-ab1f545643a6,Professional,10% Cashback,1
c4f3f7e9-a3f3-42af-9ba7-a4e013975006,Student,10% Cashback,0
8579fe5d-b818-423b-9457-5d2e4495ff39,Enterprise,None,1
fa39d89e-0365-4dbf-9cca-4e8b92054506,Professional,None,1
b6ef8e70-2c00-4a3f-ae23-844af591af5f,Professional,None,0
e9a0305f-ecca-489d-b7ad-d267b2e21a17,Professional,None,0
c375654e-37f9-456f-9ac1-179190449b06,Student,None,1
23deb4a8-e4e5-4399-9427-19e438a858e1,Professional,5% Discount,1
02363e92-7549-4b90-8833-260ac4a66afd,Enterprise,10% Cashback,1
8e9533c5-b665-4a03-b734-69fdf38645ea,Enterprise,10% Cashback,1
695d836f-3f34-4737-abee-2acd13f247de,Professional,None,1
9a89ccc6-1115-49e9-a93c-ef035edea82e,Professional,Free Shipping,1
1b44124c-eb7d-4fd9-a947-fc2981a8fb00,Professional,None,1
32d6dcd2-ed38-43a7-8f93-93e9f9764292,Student,5% Discount,0
90f963cc-5766-47d6-9b09-97b7163cfd80,Student,Free Shipping,0
a0e9471b-4797-4ec7-854b-c3b4e06238aa,Student,10% Cashback,0
44047422-b03d-4f76-a759-d3dd70858c2e,Professional,Free Shipping,0
91329304-1479-49c8-b865-38885c105ade,Student,10% Cashback,0
18b77811-96c0-4767-bec8-48e5f68db9cc,Professional,None,0
8d3b826b-b1c7-4463-adde-f6c3e41ee52e,Professional,None,1
3bdd5a78-93a2-4bdf-a2f2-8f10edb1df43,Enterprise,None,1
86e4741c-2116-4a00-b922-18030f0c3cf6,Student,None,1
6731f762-16d6-4ba3-9b95-207d27e10fee,Student,10% Cashback,1
a6f50700-c66f-4165-b92d-f4d7189e2afd,Student,None,1
eabfa023-075c-42c7-916c-546dfba001b9,Student,5% Discount,1
994c4af5-8582-4e3b-9960-5f53f0c8cb0f,Professional,None,1
ad1f5b7e-9966-421f-b7ae-b224dce02962,Student,None,0
5753d88c-f35e-4cf6-8145-9e6ae21325d7,Student,Free Shipping,0
1111e5d0-53aa-4f34-82d3-1739f096314c,Professional,None,1
4f951762-edfb-435d-8257-64b1cf7ce523,Student,10% Cashback,0
b58b7f71-d585-4284-820d-d53609bf3936,Professional,5% Discount,0
8cc21245-031e-4c3d-8a8b-43a1290efab0,Professional,None,1
b278754c-e03c-4d8a-a71b-3bb4d8b39c0e,Enterprise,10% Cashback,1
115953ae-5ad9-43a7-9057-c73f353e28b8,Student,None,0
44f673e0-3597-4871-b303-5fe079d874ab,Professional,5% Discount,1
f8029afe-6d3a-4a26-a55e-332aab177802,Professional,10% Cashback,0
fec89832-5f87-4730-bdb5-813eaf4fa8e2,Student,None,0
a8b190b2-0244-4150-9a5a-c1e919c697cf,Enterprise,5% Discount,1
e17c09a5-7d5f-440f-864d-bc564791abb6,Professional,None,1
53a84d33-7393-48a3-b992-2cbf00bf87be,Professional,5% Discount,1
772a34b5-44a8-40fb-ba3b-de517ee23516,Student,5% Discount,0
e33df0b0-972c-4312-bf4f-1fa4966ab546,Student,5% Discount,0
107ea97d-5bb4-447d-ba0c-eba25e305afa,Professional,5% Discount,0
9d36820f-3521-4487-9a0f-193a77c81f4d,Professional,None,1
ca5d0db2-ff75-41c3-94b7-2aa85ffb04df,Professional,Free Shipping,1
ee71fd9e-c1bb-4812-a69e-c9964a68751f,Student,None,1
2a2dfcb0-8c0b-4043-be63-a219d009a76d,Student,10% Cashback,0
990a3012-8e90-42c2-8c23-209c0414e421,Student,None,0
1085df53-1420-4ffb-b8b5-5aa84ce23e1f,Student,Free Shipping,0
3b377481-2b58-416e-9ea7-a68d23922ec5,Student,10% Cashback,0
b453b889-09ca-4507-a8a1-a5db98be7afa,Student,5% Discount,0
cd122db4-d064-4676-b630-156ea0312ab2,Professional,None,1
d15577a3-a721-4890-b30c-4568ebf29503,Professional,5% Discount,1
7a403094-7b1c-484f-b00c-15df0addd047,Student,5% Discount,0
ff1d877e-9b50-4d60-979d-e2130d337ee9,Professional,10% Cashback,0
26da84c0-3d7f-4087-ba73-69493921125e,Professional,None,1
e9b7d6ad-e905-49e5-a3b2-dd10a403b5e4,Student,None,0
96450ba7-8ae2-4cde-a3b8-3a15a2ef3fd8,Student,None,1
e5f2e64f-a7a1-476e-9cbb-86c5b7634e75,Professional,None,1
d952c413-e8e8-49ff-9cda-009da208c1da,Enterprise,None,1
9a9c87c1-a6a8-42ea-b8f2-3dc97d2a312d,Enterprise,None,1
95f5778d-8937-45c1-851f-3043eb6c787c,Student,None,0
04503a5b-fd58-4c87-a455-cc68bc0fbc9f,Student,None,0
3cba41bf-ab9e-4923-9508-b8738ee77c67,Professional,None,0
2619a0ad-c220-4faa-99fe-bc124da8e0c9,Professional,Free Shipping,1
cb28c6cb-2a5e-4db7-bd0d-3b5646ec63e6,Professional,10% Cashback,0
d0e3551d-cbf1-4626-8d2c-5da3de1d10a2,Student,None,0
836b98e4-83c2-49dc-b785-24e5da9097d1,Professional,10% Cashback,1
c57a67bb-73e7-48d2-8151-fdecfdf87bb6,Enterprise,10% Cashback,0
14e4ee3c-2324-4a96-bd4b-8a53b0d4ae0b,Student,Free Shipping,1
d69ab115-39bf-4e70-8d9e-477b61cac004,Enterprise,None,1
36a9315d-6544-451b-a614-c91b96f0f98f,Professional,None,1
adcc3ede-6a2a-4d2a-b4b8-0fa5c65f39dd,Student,Free Shipping,0
7f2d7b99-89f4-44c4-a5b2-1685c41acb80,Enterprise,None,1
96260ff5-434c-48d5-bf16-107af06f3c65,Professional,None,1
b5c00a31-fc9e-4236-917b-76d10898e33e,Student,None,0
721d531f-0926-4ad7-9e21-840499edf011,Student,None,0
59bcb927-4bf7-49d5-b90a-227a0fba04b8,Professional,Free Shipping,0
31c2dfc2-901d-4c14-801f-281c51618e8c,Professional,None,1
24ae81d3-a65c-4d20-9b60-a27dbba7b34d,Professional,Free Shipping,1
183601ce-c558-4fb6-bc8b-a22d9ca4597a,Professional,Free Shipping,0
ae973c29-06c1-458f-afec-ae6bf4bc8d3e,Student,10% Cashback,1
5a0ed5de-985c-4bcb-99e7-ae55488be3ca,Enterprise,None,1
ae8edab9-ab6a-4fa4-b4e8-0422b14899a1,Professional,None,1
abddd9de-09e4-4d2c-968d-e711e56d365b,Student,None,0
cc36d567-b68c-4dc1-8dd9-1e77e4414611,Professional,None,0
dbc32898-44de-428a-b0b2-419a916931ef,Enterprise,10% Cashback,1
f3eb89db-1b25-4a4f-8e5c-77212665af49,Professional,None,0
05b8c2f8-979a-47a9-986b-262d74d14cc6,Student,Free Shipping,0
2d568b18-95e1-433d-b6ef-81e02b3282b7,Student,10% Cashback,0
5fc2069a-ccc1-4ca9-ae01-2af14b054777,Professional,10% Cashback,1
f3942641-e333-44d8-bd71-3167e2e92063,Professional,5% Discount,0
5a44cd92-e373-422c-85cb-d05120304c35,Student,None,0
cb284345-35e7-483c-92eb-3178a572e7ce,Professional,None,0
43eb193c-54ce-4705-a485-56192ff08f02,Professional,None,1
a46343b5-3572-488b-ac84-4cdf6b8caad8,Student,None,0
74054f60-ffa4-47ed-9e52-dec5df36043a,Enterprise,10% Cashback,1
2e72c6d7-35ce-4900-ad41-4a62f722d335,Professional,None,1
bbbf5fa8-052c-424b-979f-d2730e60c961,Professional,None,1
6eb651a0-2201-4649-ac49-0320521b955b,Professional,Free Shipping,1
3c4a48f6-4833-4c92-9fbe-1568ed442450,Professional,None,1
6c23d66e-ec82-4229-aa5d-08503c7cb3b9,Student,10% Cashback,0
f4a44199-0d53-43d9-8b8d-48a631031c4a,Student,None,0
1329989c-036f-4fc7-aa16-422ac659b1e0,Professional,None,1
b855fded-f94b-4e1c-8206-e9635668fe46,Student,10% Cashback,0
f825dce6-645a-4c2d-b68b-e919b8f9d870,Student,Free Shipping,0
3ff9e5e7-2f3b-4de2-80ce-e4a8f8385686,Professional,None,1
7cedca61-d72e-41c5-877f-3e2cc7a8831c,Student,None,0
4f84dc95-38cd-48f3-8b23-c6efbf0b2734,Professional,None,0
4b14780c-f6ea-4a67-9a61-51c26d427a68,Professional,None,1
5534059b-f477-439f-b3da-3346a56a67dd,Professional,None,1
4119aeb1-0c17-4282-aa56-7e816d1353cc,Professional,10% Cashback,1
e1299993-85d1-440f-bff8-153483f543d8,Enterprise,None,1
07bb1a4c-06a0-4be9-95d2-94f78e30568a,Student,None,0
ba1aca66-ede8-4704-a8f1-c0fc0eb3b098,Student,10% Cashback,1
6cf1d8e0-c29e-41ee-98fc-c8df9ee802a6,Student,None,1
8ef72f16-cc38-4e3e-858c-5df65efc8bdc,Professional,None,0
36286df8-43b7-4907-97d0-2bb167f29e1c,Professional,Free Shipping,0
641d664c-6ce9-4daf-a0fa-3105f8569580,Professional,None,1
0e039468-2008-4614-89b2-40aa0cb968ae,Student,5% Discount,0
c322addc-0540-414a-87f4-9b84d738f21b,Professional,None,0
4c583f02-46de-4d31-b918-dfa2ceec0557,Student,None,0
89afc4b7-f17f-4a22-b64b-d1c5caf0cdd2,Professional,None,1
d32fb4e2-66f7-4cc0-82ea-535e2076507d,Professional,None,1
cdb60c45-85e4-4161-8d2d-e10c7486020d,Student,None,0
55efddcc-37b0-4b4a-8482-46267da5da4a,Student,None,0
92d09c86-a883-4419-926a-b664ea011fbd,Professional,5% Discount,1
2112cd6c-47e4-46c4-955f-703e988001a6,Professional,10% Cashback,0
bf1d52db-1501-4361-a7a2-f6300e782e0f,Professional,None,0
dfa84788-10a8-4c29-9720-bf6e8ed588bd,Professional,10% Cashback,1
6777c855-2e6f-47c8-82af-ec5111db57fa,Student,5% Discount,1
03973c20-0249-45c8-9bc2-98375bede1a1,Professional,10% Cashback,1
4839abb2-77ee-467c-89e1-5d2c6e1dc68e,Professional,None,0
88a0299a-b30d-4a60-9ead-d3485d3d34c8,Student,5% Discount,0
d18b36fc-e22f-45bf-8d29-1549f8d75b9f,Enterprise,None,1
1aeeed55-27ad-4d5e-8420-c8d75dbdf523,Professional,None,1
221baf65-cd7b-4dc4-bea6-100c8d91a159,Professional,10% Cashback,0
3010a960-7c1e-4767-9961-a80f26ae83d8,Enterprise,5% Discount,1
8fd2a859-b783-4d02-bac3-ec0cf3b6a8c5,Professional,Free Shipping,1
e06cdec3-3c1d-45e3-8c24-96b237d62825,Professional,Free Shipping,1
c67cc3c5-7b90-4c18-970e-8453e0d4fffe,Professional,None,0
f6bb8d33-9d73-40c7-8d8c-dcac33fd9ada,Enterprise,Free Shipping,1
154c68ca-66c8-4afd-ae37-666cdc7da9f7,Enterprise,None,1
c9ac0dd1-2162-466d-bf25-e319e4b3a251,Enterprise,None,1
5fb01f3d-5c4d-480a-918c-7e01d3ae993d,Professional,10% Cashback,0
f0a9e659-ad81-4eae-b193-d51920a51bad,Student,None,0
12691411-dfab-4553-bb44-f59e2f87e119,Professional,10% Cashback,1
b65742c6-5bfd-4846-9d88-01a0023bcb07,Professional,None,0
39727fd2-5dab-4046-a57d-472f6f2b2a53,Professional,Free Shipping,0
01b47ebb-4c72-4e45-a018-496cdb272fd0,Student,None,0
f006b2a6-addc-45d2-9fa1-af2487e8b8b2,Professional,None,1
e3c267c2-7204-4d63-ac34-db382939d92f,Professional,Free Shipping,0
41647e4d-2cf5-44e0-857b-f3136095584a,Professional,None,1
113e6fdf-4b51-407a-ba9e-78db710c4833,Student,10% Cashback,1
203c87bd-684c-4e05-bb94-bb9ea057e5b0,Student,10% Cashback,1
d17d74a5-4ea5-473e-b905-eca04f44a464,Student,10% Cashback,0
13b4b2a2-7b5b-4d9c-b64a-54d327771ad6,Student,10% Cashback,1
0f42a4a9-558a-48dd-bc51-5d26b6cb01cd,Student,None,0
60efe31e-73fa-410f-b9c4-3fd3605b781b,Professional,5% Discount,0
618e38f3-d229-49e9-b5ca-8cf8acaef454,Student,None,0
dd873985-11b9-4af1-8964-850d6593a32f,Professional,None,1
be79dbe8-5fb8-4904-af25-2ee3d3e86d87,Professional,None,1
c3d553d5-4652-4c94-ba93-f7439c3cc9aa,Enterprise,10% Cashback,0
ffa8eca5-15ba-4c4e-a1bf-c24d799b3ec7,Student,10% Cashback,1
bc593b5c-86d9-4551-a556-4ba86960b758,Professional,Free Shipping,1
3d2528ae-adc7-4a67-8cf3-5d010af12f2b,Student,10% Cashback,1
74494a5b-fafb-4e29-a04f-bb0d2128a4d5,Professional,10% Cashback,0
2aa12b38-749d-4c64-be96-585db31e9107,Student,Free Shipping,1
622593ad-febf-4b6d-b6e1-d0c7b8e76525,Student,None,0
e500c512-28e1-4496-93f7-10535047fe37,Professional,10% Cashback,1
10a49254-3490-4e5d-b621-cc0ae003cc9c,Professional,10% Cashback,0
ea64e5c3-8a61-40b4-a987-717c51e18ef4,Enterprise,None,1
ecc8f61e-3805-4463-b3b2-1fa2d68de12d,Student,5% Discount,0
3e16c6d9-f025-4292-b2ac-86d4b8dd4df4,Student,None,1
1cd69086-01b9-4849-9a5d-c19f2ee41f57,Professional,10% Cashback,0
cf4ab0e4-9b22-4c2e-a5b5-1918aa6527f3,Student,10% Cashback,0
5f1e4143-c38a-4379-84b4-b7e4b82177d7,Student,Free Shipping,0
d5925ff9-f3da-442c-905e-ab1304f7fa7f,Professional,5% Discount,1
a8eef49e-0bd2-454a-b14a-6ed87686dfd6,Student,10% Cashback,1
0751c2fd-2f25-4280-b1a2-20bc93b0a37a,Professional,10% Cashback,1
47825fdd-3001-42b4-9ea4-e8c8f160b6af,Professional,None,0
7b02934d-9223-4b4d-be08-9a11238de328,Professional,None,0
56cd9eb5-5e57-47f1-98d6-55157bfb62e5,Professional,Free Shipping,1
d72bbe5e-d540-4aa9-a074-a20ed9ad03fc,Student,Free Shipping,0
a6e23c4e-59f5-42aa-9176-0ed6acca59a4,Enterprise,5% Discount,1
c3351377-cbdb-4e9a-bb66-dd739fa3b777,Student,None,0
8e993278-d5ca-4afb-8bc0-06dba7589dad,Professional,5% Discount,1
52037876-5523-4a90-9787-da925e0e510c,Enterprise,Free Shipping,1
816bcaea-aba4-4d22-9484-1b5898ba8120,Professional,None,1
3680214f-2650-4d6e-b118-2f0d8b65c8db,Professional,10% Cashback,0
755f42a5-13ba-4231-bc6d-3367dc77d3f4,Student,5% Discount,0
f3a6ad20-b929-4768-bb72-93145b421433,Student,10% Cashback,0
5b3482ac-e944-43f1-a98d-c18d2c96c51b,Student,Free Shipping,0
4a585830-34b5-4629-b0d0-71b5828fdd7c,Student,None,1
cb1bbe3f-2553-4a7a-9b4c-704042e720ff,Professional,10% Cashback,1
fd958875-4d8d-4f65-a4b4-6433c11c8741,Student,5% Discount,0
5b2ad40c-800c-4653-86f6-8274ed0dd21b,Enterprise,None,1
bc0e2cdb-14de-4d95-8035-d08b5ec16c12,Professional,5% Discount,1
4bf4ebaa-79e0-4c6f-bffa-03b27ee5a417,Student,10% Cashback,0
d579e1ec-7840-4d1f-8e8c-3c1ce5ea966c,Student,None,0
9db23193-c56b-4f5e-be47-64bff04cf60a,Professional,None,1
6393ef60-91d5-47b4-b575-d5e136940fca,Student,None,0
e27fc00d-c345-42f3-a05d-aeadbb8d764d,Student,10% Cashback,1
e9770edc-206e-4e8a-b6ca-039b7aad29f3,Professional,Free Shipping,0
5a4d02c3-bf08-4f9e-b226-ddd2074e9a05,Professional,None,1
de05f157-f672-41bb-86a0-9975171c076b,Professional,None,0
d4da801a-3d77-4aed-8735-0bea59acb91d,Student,None,0
f39c05d8-0ae2-43d9-99ba-b909cb7dd9f9,Professional,10% Cashback,1
498ecff0-251a-4096-8d1b-0c74435469f4,Professional,Free Shipping,0
136a791e-e9ef-4ffe-ae43-cb8629ec3b2d,Professional,10% Cashback,1
cb807368-9451-4fa7-9154-2f1e683edb08,Professional,10% Cashback,1
d8ac83c1-7901-4fa6-b592-02156eb0c753,Enterprise,10% Cashback,1
ae953cee-a9d2-43f2-834c-4724a10a764c,Professional,None,0
30c2039f-8f03-4f93-b849-27c00b15e8f7,Professional,10% Cashback,1
635cde33-ca3c-4d34-a389-4afc9d94e341,Enterprise,10% Cashback,1
58afb3f6-e813-4dd9-bdcd-dd29f5f4d916,Professional,10% Cashback,1
dce8e600-311b-4d53-b60e-20a3c61be225,Professional,5% Discount,0
463287e6-edd5-4711-a5a8-7915bd3f37bf,Student,5% Discount,0
40680e80-4234-4a0b-bbcf-8924c1d0c04b,Professional,5% Discount,0
3111a76e-c3ca-48c7-9847-29be9c8a793e,Student,Free Shipping,0
667d0963-2525-42c8-a87a-cf709a02a40d,Professional,Free Shipping,1
089aa233-4d8e-4b3a-a957-f25e1d5e2af7,Student,10% Cashback,1
9b809396-45c3-46a4-86e3-0e38b44bcc8d,Student,None,0
c27ba535-374a-49ea-b9c2-74c8ea0e9349,Professional,None,0
cb17e687-68a5-4e83-a6b7-dc21e3241608,Enterprise,5% Discount,1
761dae87-acdc-48f6-a32d-4cc2449e0813,Professional,None,0
e9b38a7e-d011-476b-b3d3-7f66654868cf,Student,None,0
eea8e58a-116d-43cc-8c95-a276bfbe3f54,Professional,None,1
ee57b1b1-1428-4487-88b6-0784d65f8f2b,Student,10% Cashback,1
bf9694f1-d48c-4f0b-bc92-945076a70a4d,Student,10% Cashback,0
b9da1540-d34a-4d29-bff3-e6a3e0c165fd,Enterprise,None,1
34e42d72-ab7b-48e0-bce6-b56b6599fc9e,Professional,None,1
fc4c91a1-b2d4-4079-9607-ad21d7d4033f,Professional,10% Cashback,0
b74e400a-b324-41ee-8e33-20ac7921be12,Student,None,0
eef1a5f0-0933-447f-b416-c88abb89f29a,Professional,None,0
5b9a842f-c47a-4814-9c57-36dabee87c5b,Professional,10% Cashback,0
3d94f166-2d57-4db5-8956-2911fd44ff1b,Student,10% Cashback,0
d828f735-7d3a-4f88-a409-6006057ceb0e,Professional,None,0
d7c26015-13cb-4122-a057-5506e634a5ee,Student,10% Cashback,0
375d225b-c646-4493-9118-31d30456886b,Student,None,0
cd98bd2c-ff38-49ab-baed-d629e9e65536,Student,5% Discount,1
1f0c9ff6-d891-4de8-a7d2-9c4b4549df29,Professional,None,1
6c964a05-2193-4901-ba7a-339f45b3a67f,Professional,None,0
97e255df-3d66-462e-bdc1-7159b1f7a009,Professional,5% Discount,0
7afe1b1a-8c3b-4cb7-a1d9-157cda753781,Enterprise,10% Cashback,1
ae270028-a8fe-43ad-93fb-437615542307,Professional,None,1
62b1b663-84d9-40b8-b754-6c41841d8690,Student,None,0
37e24040-5247-4044-9870-9d2fb0716ea4,Student,5% Discount,0
0d7646d6-ea6c-4f9e-91e9-e9955175fa6c,Student,5% Discount,0
7a66744f-7478-40f7-bfc1-a948f27d49c0,Professional,None,1
d5e8dbeb-1e54-4376-a71c-4d036ffdf182,Student,10% Cashback,1
1a2e1205-3ce7-46ba-843b-1c7ebbd9779d,Professional,None,1
cf4a79ce-5cb3-4151-9dca-2eaaa310290a,Professional,10% Cashback,0
2a5edd5a-241c-4b45-a325-db5d3457d8f2,Professional,None,0
adef9d65-3eee-4d60-98fa-195e1821884b,Professional,None,1
6f7bd695-4ba1-4c74-a26f-1a50dfe84e78,Student,None,0
23651c8a-9a93-444b-b476-a7b1b8544795,Professional,None,0
bef03009-15dc-41de-a8e9-906b0895346f,Student,None,0
ff0e5c06-5463-41d9-80ad-5e8a303cf7b3,Student,None,0
000ac02b-7c74-4180-be1e-afd90ed96327,Professional,None,0
5448e9de-5d44-4ba9-9978-44e5624e5444,Student,None,0
4626f0f9-dc90-403e-a5e2-847235178403,Professional,5% Discount,1
0a430366-765b-4e52-a91d-db1c2072bb1d,Professional,None,0
71c5cf1d-2c99-46f5-bf8d-5ddc05feea19,Professional,10% Cashback,1
6dfff15b-b65b-4553-9315-3b9db2175011,Enterprise,None,1
922802e6-94f0-4e11-9b17-a5ecb8ade43e,Professional,None,1
5404fa9d-f717-4eb9-8378-c170a1a4ae13,Enterprise,10% Cashback,1
985c0c16-5299-4053-baf0-e4d334b013a2,Student,Free Shipping,1
43c4a291-3bb6-4951-bd05-8a043ceb9129,Professional,None,1
ffa6507f-a675-477d-8692-6b5d7116a18d,Professional,None,0
e2ef08a6-0dbc-4d80-b884-5740aa638cbc,Student,10% Cashback,0
1b662c8c-a0e7-48fc-9c48-369b1ede15cf,Professional,Free Shipping,1
c39ea26b-f4df-487b-b344-9410eebe76f5,Student,Free Shipping,0
a94c6386-62b6-48c9-9a56-90bd44083eb7,Enterprise,None,1
9bcd4a69-ead4-47ff-b4a2-2fc1bab6e525,Professional,None,1
fa60c897-2d81-4639-a2ec-b7dc556ca87d,Professional,10% Cashback,1
ae88756a-e432-41e3-9a1b-74dc683795a5,Student,10% Cashback,0
f435f8e5-4671-4dc8-a696-97f3e5bb3b81,Student,10% Cashback,1
288d5b68-68d7-4f57-a47d-4796b793676c,Student,5% Discount,1
afeca8af-7a70-4f43-a08e-3bffec4d8407,Professional,10% Cashback,1
143f8385-9878-449a-ad04-f9d847558efb,Student,None,1
49088bb6-f22b-47b0-9682-8b6a4cefa20b,Professional,None,0
97456c24-a603-4de9-a486-13f26fc8e645,Student,10% Cashback,1
7d12d3b1-33e4-4167-a41a-8c5c274c2589,Professional,None,1
3c233f81-9b92-4ce4-b77b-4ee32cdfbc07,Professional,None,0
fd900417-1299-4f96-8b0c-3c19bfd4f9bf,Student,None,1
45d56c32-5446-40af-a2a4-2303eb782606,Professional,None,1
07918e31-6c52-4fd6-9399-08faa7158ccd,Student,None,0
78a58667-bb53-4e17-8c43-54ed9328d528,Student,5% Discount,0
bd78880d-a4c2-4e23-870a-d2cf72c52cbd,Enterprise,None,1
b0e6e8da-2181-4342-a5cb-24c1f82a843b,Student,10% Cashback,1
7831ec13-eafd-42f8-9022-3e8aef6a79c4,Student,None,0
b3d61201-9e96-4b09-8a61-e25b61b3579f,Professional,None,1
993af9f7-9afd-4dec-9e4b-90d0062d7277,Professional,Free Shipping,1
6c62bf85-8e6a-4b89-aa6d-4b39d0d3def7,Enterprise,5% Discount,1
2ae53129-8eb6-4e04-8f9b-2470fd9be9d1,Student,None,0
5831f810-3100-4ae3-b558-34c9bf937ff9,Professional,10% Cashback,1
e3c9c06b-0deb-4ce1-b092-105aba7b87a8,Student,None,0
86a09e60-1ac2-4625-a4f4-d74cb27222e0,Professional,Free Shipping,0
af351e18-cb3c-4f5e-bc35-e75cdb5b1e2c,Professional,None,1
6e953409-6ee2-4d9a-b820-cbfa0472f6fa,Student,None,1
f4b9161e-8943-4a23-88ac-a3a22ac09a8f,Student,10% Cashback,1
2de8983d-087a-49ef-b492-91cdf180303d,Student,5% Discount,0
9c60547f-054f-4765-9ea7-207d7e49523c,Student,None,1
0373c450-f3ff-4f0a-abaf-5c72f721b00f,Enterprise,10% Cashback,1
b409e6cd-7577-4207-884b-3fbfb04352f2,Student,None,0
980cc009-8c41-4bd8-92a7-7d0551b9c6b5,Enterprise,Free Shipping,1
f94cb6a6-0ef5-48cb-8e95-8325f91cc7e6,Enterprise,None,0
e1a4fab5-6454-4083-99fe-408e71690355,Enterprise,Free Shipping,1
2106989a-1e3a-4c27-862f-92ad302a8f03,Student,None,0
4fdefb14-0c83-4dc9-afbc-25eaf7e87f56,Student,None,0
4f537706-db30-4b6d-b36f-be670e10c398,Enterprise,Free Shipping,1
9fe5318e-5dc7-41e9-9a41-f114f738b135,Student,Free Shipping,1
91bd618d-fcdb-4ca5-ad57-89af69c13918,Professional,10% Cashback,1
13a9b531-ed1e-4bc7-b131-7509c5cb31f8,Student,None,0
3456e320-4774-44a6-baae-cb3247ee0c8d,Student,10% Cashback,1
6435c795-335e-4378-928e-02e239a1120c,Enterprise,10% Cashback,1
6c58e1a5-b42e-4db2-868b-3020246a44b4,Professional,10% Cashback,1
413a286d-48e2-4dcd-b2c7-328a192200e1,Enterprise,10% Cashback,1
423cd972-4734-4779-8e09-d598c256667d,Professional,None,0
dd54b96f-ba20-4adc-a445-005c6d5b64d9,Enterprise,10% Cashback,1
ef97a9fc-2519-465b-9ca3-181c0ca8f2f3,Student,10% Cashback,0
722bdc97-bd69-48fe-9ca8-7fff0ab2e950,Professional,None,0
0b59d2d2-d817-41cb-866f-9474ab0f640e,Student,10% Cashback,0
cdba36b3-455e-4fcb-b927-8b724c50c435,Professional,10% Cashback,1
de7253d8-5db2-4176-b6e7-881cc9c5f97f,Student,10% Cashback,1
8c7f98aa-a644-46ef-8f4a-df04ed89d241,Professional,None,1
35da9b9f-e062-4533-92e1-dff94e8d3d0f,Student,10% Cashback,1
fe31aae8-0fb4-401e-a6e8-698cfd08c473,Student,None,0
3ec11a77-7c41-43ef-af7f-299779158310,Student,10% Cashback,1
3586d44c-f10c-4108-a667-256c7ff138b6,Student,5% Discount,1
0f7c782d-3bce-48c8-a1c9-49e72a94507b,Professional,10% Cashback,1
aa0a7cfd-016e-4599-bf2c-7764405dc0da,Student,None,0
8a58eb29-07c8-444e-9423-ceb37af11c6d,Professional,10% Cashback,1
f4a03ac8-c400-4a3d-8b9f-f870f340bd9f,Professional,Free Shipping,1
391c689c-e46a-45ff-8cc5-191577c4740f,Student,None,0
e93bb0e8-aeb2-470b-8533-57801fa45277,Professional,5% Discount,1
25e02b3f-6ce3-467e-9702-b76c00332be3,Student,10% Cashback,1
d46b8576-9f7c-4e64-a674-691c32fd4d9a,Student,5% Discount,0
abefa7dd-e522-4e32-8ed4-d6722a0ec09e,Student,None,0
d756a6a9-c5f7-4269-be40-fdde599b6903,Professional,None,0
76783d5c-566e-4b9c-a293-37a2af64f6ea,Enterprise,Free Shipping,1
57ec183c-7e3c-4c39-b131-eacff8945c36,Student,None,0
a291ddb8-c43b-40a2-b822-d081b9fc2997,Professional,None,1
f7269388-bd7e-46a6-8ff0-b35d4312a80a,Professional,10% Cashback,1
663b9942-ec38-41ed-a46f-341f73c14517,Professional,None,0
3a95d298-2b7f-47ae-9c03-9a2dc2830d88,Student,5% Discount,0
f28adad4-517f-46db-b872-ac202a7c2d02,Professional,10% Cashback,1
3d52a2f7-2e50-46de-a81f-58b9172b049d,Student,5% Discount,0
fd0a1d4f-850d-4332-87b2-e3e7b7524060,Professional,5% Discount,1
708ae862-2fc3-478f-92f1-ddc87335205a,Student,None,0
9c86eebb-47b9-42cc-85a7-861ed32adeba,Professional,None,0
2a32a21a-83a0-45fc-9032-eae6133af2b3,Professional,5% Discount,1
e1791bab-ae3d-497d-b9f8-eecaacc49462,Professional,None,0
235672f7-466a-49cb-aee8-ace75b1f7b7d,Professional,Free Shipping,1
dc182ef9-ef0d-4033-9a7f-27246df87b55,Student,10% Cashback,1
e75a040c-e15a-4020-930f-706d03eabaf3,Enterprise,None,1
2bd957a2-efa3-4ce5-bfc9-69835a2cc76d,Professional,5% Discount,1
a480a7f0-e903-490d-9db4-ac73bd1ff1dc,Professional,None,1
788a5870-1838-4361-b5fc-50d09bb4e5cf,Student,None,0
4321b3be-f9b9-4acb-9f8d-0612bfaf7462,Student,10% Cashback,0
883f0ae9-5ab8-4346-abaf-5ee9ae83087b,Enterprise,5% Discount,1
dca0e6f0-5f24-4250-b353-fbceb669ef00,Student,10% Cashback,1
4b739159-50bf-42fa-9c86-a1ac75624e9c,Professional,None,1
0759c7f9-96a2-4238-aec7-1fb1e2bd59ce,Professional,None,1
378d7058-7568-4e79-8063-72e0518f379d,Student,None,0
fa40b9f2-e8bf-4c1d-8beb-9025c93450a2,Professional,None,1
c37da5ad-a9cc-4804-a960-e975c1120efb,Student,None,1
5639f903-8ee0-4967-9d50-f73dc0e5bc49,Enterprise,10% Cashback,1
babe28bb-43ca-4e2c-b4af-754a2ece01db,Enterprise,Free Shipping,1
3d56f73f-dfa8-418a-8de0-90bb84017797,Professional,None,0
e38b7a2f-c1c7-43c1-a092-e8827acda1cb,Student,None,0
d4ee2445-1afd-40d0-8190-1bd8198aa9d1,Professional,5% Discount,1
8e36dbcb-8ec3-4ca4-ba58-beb31329e496,Student,10% Cashback,0
bf0838e7-c3f9-42d0-bb90-4a17ccabbf0a,Student,Free Shipping,1
c5f69574-b543-4ee0-a54e-160f2e476f8f,Enterprise,None,1
1afc98e4-b94f-423e-a44e-d879accc6412,Enterprise,None,1
3d573c09-19a4-4000-a4c5-1a1b09d85d8e,Professional,10% Cashback,1
d535bce2-fb4d-4a84-89fd-a19ae1c5b454,Student,10% Cashback,1
55d986aa-69f7-4c35-95c1-769c4ee0cb9b,Student,None,0
98391c5d-e3fb-4fd0-9e58-75376f377f95,Professional,10% Cashback,1
799ee0f3-d343-44ee-a135-d20e1c021162,Student,None,0
c6bf5586-02b8-4477-bcbf-d48755b6f6e0,Enterprise,None,1
0127fc00-feb4-40c3-98f5-37dabff5df77,Professional,10% Cashback,0
da75ca2d-dce2-4910-a7bb-ec3ea216894f,Professional,None,0
e8be4d3a-3701-42ee-8877-3765b1833542,Professional,10% Cashback,1
ffe12a1a-0b53-4d1c-83df-29a560fcea66,Student,None,0
236dee3f-297b-4c2c-be5b-7473ab51ef38,Professional,None,1
830d9e9c-9597-4b26-aaef-f0ad0344070c,Professional,None,1
1b4038d4-bc6d-4539-aff3-3a1f04f668ba,Student,None,0
4d10fca4-9ad5-4509-8f05-54a2ce2c6f26,Enterprise,None,1
4624951b-a184-4548-80cb-4d8be9916783,Professional,10% Cashback,0
0f360f15-be8e-466b-9b6a-d1e07df291b9,Professional,5% Discount,0
5d493f1b-3347-409d-953d-22dba843d79e,Student,None,1
f769e014-52ee-429c-9f0c-2c60d0c85e4e,Professional,None,1
7cc504ac-2642-4943-86bd-0563833cbb59,Student,Free Shipping,1
dd1403f0-abcd-446b-835f-d1a3c3c4dc19,Professional,None,0
6763b1db-7139-4b9e-b58e-a2addd2036f9,Professional,None,0
d4d67742-7317-475e-8e60-5598a883a0e6,Professional,None,1
22a95b77-b665-4f25-9553-ac73ea817f2a,Student,10% Cashback,1
ff2d9ba4-fa38-49c3-8dc2-8be16ddfa5bd,Student,None,1
d82b91f9-9ef2-472a-ad1f-57c49d6315db,Professional,10% Cashback,0
69db5226-1703-470f-b837-91bc4263ebad,Professional,None,0
fa03a00d-c52a-40bd-bfac-89db6a405acd,Professional,None,1
1d60c98f-5ee3-4631-a4bf-4452b1381092,Enterprise,None,1
b95a3bd3-9177-48dc-b684-c6b86d7e52de,Professional,10% Cashback,1
f63e3281-0f10-4e00-a9ff-2b01ed1d873d,Student,10% Cashback,1
97b3fa3d-af16-4841-b7f2-cff32bc3d699,Professional,None,0
a35705c2-a76e-4943-88b6-e231c944ee93,Professional,None,1
05fc3d9e-25a2-4a65-9784-cbc43091766b,Student,10% Cashback,0
1831bf90-9379-4040-8bda-0b6e05503232,Professional,5% Discount,1
35c38e2e-5f7f-4039-a6ca-5f11fba41af2,Professional,None,1
23e1cca2-6993-4b76-86a1-e981bd3d5b1b,Student,10% Cashback,1
9404ce72-8408-4b1d-8703-04ca4879121d,Student,None,0
4bb0c53a-f573-4544-99f1-a190517a6859,Student,None,0
245ac6d2-0228-46e5-9cdb-84d26db50c89,Student,None,0
0bebb9f0-9f19-4755-aa8c-5b388bdba90f,Professional,5% Discount,1
5bdb77d5-32eb-4a2e-8cbd-ac5c5d34a30e,Professional,None,1
3bd23eb2-19f5-458e-b9c3-4e1990087e59,Enterprise,5% Discount,1
6145babe-f8fd-4ee7-84f9-ee9e2b3fbc73,Professional,10% Cashback,0
5f9679b3-24f6-493c-8eb4-8a779b195b41,Student,5% Discount,0
9c6e7521-13ea-4991-b8d0-e90cb21d186a,Enterprise,None,1
93db3d5c-a1d4-4bb3-b351-352d92848a0e,Student,None,0
dc29673b-711d-448e-90a1-3edc32dc76e7,Professional,Free Shipping,1
becb64ec-3f92-4d0f-9ecd-4736a9d54c62,Student,10% Cashback,1
3f08da98-c459-426b-a219-61f6149abb27,Student,5% Discount,1
f357c957-7aa9-49b6-b5f6-a86f3154530d,Professional,None,0
ccba2a86-9fb7-4d78-9741-d07e4620413d,Student,None,0
fe0df4a9-b5c5-42dc-822a-b41b2537a874,Student,10% Cashback,1
aca550b8-de1f-441b-913e-0df87ef2fd79,Student,None,0
b212b7e7-fe97-46ac-ac6e-751e297228d7,Student,10% Cashback,1
8ee96224-0e8a-4cf1-8ac8-4a5ddd415768,Professional,None,0
f18f1976-d4e8-474a-8a58-8728d770398f,Student,None,0
e4c7cf10-dc5f-42d7-9b4d-501593ee2e57,Enterprise,None,1
50e74d15-05d9-4aec-8cb0-81397610ab58,Professional,None,0
de57515e-4473-43c2-ad5e-b5ea9971d978,Enterprise,None,1
c74ff1c1-ecf1-4f2f-bbbf-3f0e51a3a195,Professional,10% Cashback,1
d9e5c5ca-8ec2-4b40-9282-cd1916737927,Professional,None,0
0d1e4c28-bb65-4a1f-b1aa-d4ab4be9fd70,Enterprise,None,1
0aeac1a7-90e2-4742-900a-680b1712a200,Professional,5% Discount,1
65600152-3e6e-413f-8174-08a71e8fb0f3,Professional,None,0
40c0c956-c604-462f-bc42-1afa89d7e0c5,Professional,None,1
b5787562-4a91-405c-bb4a-63945a6be1d2,Professional,10% Cashback,1
ad4871f0-0c5d-4e92-99f2-253b9a6fd2c8,Professional,Free Shipping,0
ac28dfd3-0a23-4e5c-a82b-7e8ae11709cb,Student,None,0
43ebf71b-0ed4-44f2-935e-31799f64a906,Professional,None,0
189cbb70-241f-44a1-b39b-0dfdb62e8a9b,Student,10% Cashback,0
40ba5e57-1b37-40b3-8cd6-9b96871efa8a,Professional,None,0
b00400e5-a826-4aaf-ad40-5e8e90a1fdd1,Student,5% Discount,0
25f905bf-1d83-45c0-a942-5f90f3c22b4d,Student,Free Shipping,1
cb3a802a-ba0d-4a94-bf49-6badeb1219dc,Professional,Free Shipping,0
871ee126-f874-4c83-8004-a3b8fb71410b,Student,None,0
7ce0cbd3-17b0-4de4-bc6c-12c871759680,Professional,None,1
70f32aec-6bb5-42a4-a497-29eaa6163086,Student,Free Shipping,0
b2b3e489-d605-4d8a-ab67-e335cabfc78b,Professional,None,1
39dc7a75-7794-4da7-8729-6913d547d790,Professional,None,1
9266b019-86f6-4c81-9276-b9b0f4c2af25,Professional,10% Cashback,1
9ed0c436-20e5-41f1-b89e-2e541f07d082,Professional,None,1
51ddc2f7-dd1f-451f-b169-f4abe1a9e9a8,Student,None,1
eada938f-2589-4838-95ec-a90759a8eefe,Student,5% Discount,0
196565e2-d700-44c7-bda1-ff3b415f5a23,Professional,None,0
15fc2039-f2d0-4210-8666-fcd5e8f0fe32,Professional,None,0
84a94c21-0679-4a4f-83be-3365d1215739,Professional,None,0
39ded31d-50e4-460e-abfb-0d2e5f0fc2c5,Professional,10% Cashback,1
56815ea6-b0f6-471a-a0ea-aa1316bb940c,Professional,None,0
49a8ec45-28f5-4026-8b18-09f86bea49bf,Professional,None,1
2ad1c7d9-b8c9-461c-b672-632a458922c6,Professional,10% Cashback,1
ae53a9fd-2467-4a29-b63a-4e140348f984,Professional,5% Discount,0
67b3d51d-d4b7-4561-b335-0390925e166c,Professional,None,0
0e3ee2c4-f72e-45c0-a69e-b9b6a006dc33,Professional,5% Discount,0
1fb852f9-0a5a-4f36-a4f8-1cac928a381a,Student,None,0
64719747-57f4-45fc-ac34-3909accdcac6,Professional,10% Cashback,1
255848d9-3b0b-471b-b4de-c4e3c72b77c0,Professional,None,0
9c517e9a-8a99-432b-bd0b-0fbb282e092a,Student,None,0
99adb9f6-f3a8-4d75-8cd5-d6589b3dfa15,Professional,10% Cashback,0
41368603-f9f4-4ca4-a155-073680b13475,Professional,None,0
8834a214-68a8-4015-9970-d4be1fb98db2,Enterprise,None,1
c5449f70-f3a1-46ca-9a74-62e58c4cc295,Professional,None,1
905b0cfd-e9d0-4302-82e3-c8f90ee5cd98,Student,10% Cashback,1
684d3dfb-eefc-443e-9e7c-170c417c703b,Professional,None,1
3a0374e8-d0ff-412b-9acc-1df8e76288a7,Professional,None,1
e083efdb-941c-41bb-a785-71f66592f930,Professional,None,1
8b0e3db7-dd3f-4506-8679-bee93b342464,Professional,None,0
24d4de88-cced-441e-aebc-cec95f834dae,Enterprise,None,0
ea606c23-ffc1-42e2-a9d9-6aa964207e2a,Professional,None,0
98094176-b2c8-4a0e-b6fb-78072e3b8f92,Student,None,1
9f735566-763b-48f2-be3d-a2145021c798,Enterprise,None,1
21d67bc7-4146-484e-b29c-3ac5c75b0364,Student,5% Discount,0
ceaf4d14-761a-4260-b8e5-c9e5f0410e7a,Student,10% Cashback,1
3ccedcd2-5dd1-4bd2-9f70-8f8cbc52daa4,Student,5% Discount,0
bf841bae-4a26-4585-9e1a-9dbc81ff8b57,Student,None,0
9ae85fef-f73b-4153-b5ac-8b4b1955dd4d,Student,Free Shipping,0
0f326b5e-0570-4626-a8ae-a22b93d1b60c,Student,None,0
7f614bc1-023e-4af2-b2f5-346c165339b8,Enterprise,Free Shipping,1
7efc653b-baac-424a-8da9-7fc8d679a8db,Student,None,0
c1eea4f5-2b48-4639-b318-00c870ab5457,Student,None,1
dcd0464e-eb04-49a3-8ef5-3f40b1c862c7,Professional,None,1
85e663e2-2608-47f1-9550-9bb6b4722525,Professional,None,0
5caef5b1-d53a-443a-a67e-04e63d3a5592,Professional,5% Discount,0
d1481e8f-2ae6-4f06-a41f-0f560ff0cfe7,Professional,10% Cashback,0
1d6c1b52-87ce-4381-a607-b263b931bd45,Professional,Free Shipping,1
633988d2-ca7e-4d8c-b379-33fa35ea6b68,Student,10% Cashback,0
7df044ea-cfab-4566-a311-08490b08c058,Enterprise,None,1
2df92f2b-d9aa-404d-8227-d5479da119ed,Professional,None,0
f0452e6d-8030-4ec1-a3de-1a985e1a237a,Professional,Free Shipping,0
46da0f32-0e05-49b3-a51e-49f85d0778eb,Student,10% Cashback,0
304772d4-1b3c-4133-af90-f2381dfe2c31,Professional,10% Cashback,0
9986ebf5-1f92-43d2-8065-528e4c16b969,Professional,None,1
65a86e9c-25b7-4942-990a-c921297ff0d8,Enterprise,10% Cashback,1
dd677a7d-639a-47d8-bbac-56063027441e,Professional,Free Shipping,1
98be4481-36a8-4200-8ad6-0885f76924e0,Enterprise,None,1
af49fb80-81bf-4b60-86c3-65fae402e108,Enterprise,None,1
fb02de52-2442-43ad-a91c-e89d964e2d18,Professional,None,0
1537b397-b735-4799-9de2-f92420ab1cc9,Student,5% Discount,0
3d9eeb01-3592-47d7-9df6-064a3459fe31,Student,None,1
9866ca27-86f6-4008-823e-42b5162925f4,Student,None,0
e6381d00-4c9c-4d26-92ff-08057bdc3724,Enterprise,None,1
7c737abe-b759-4f48-87ec-3259603a4a6c,Enterprise,10% Cashback,1
ddd57566-986d-4e60-9350-04988b056708,Professional,None,0
ce515bef-b106-4e2c-8de3-1315c63fe962,Professional,None,1
589cfa0a-1bb4-4061-af5e-88df4c255468,Enterprise,Free Shipping,1
88d4a8bd-dfca-48dd-aa96-7c2d5ec8182b,Professional,Free Shipping,1
f0c0a84c-fe2b-44a1-954d-12f73902460f,Enterprise,None,0
a692e5cd-c2b5-4610-89f4-3987e4fffcef,Student,10% Cashback,0
86271f88-da52-4f76-b75b-52a0827c45cb,Professional,10% Cashback,1
fdc78fac-35fd-47d0-af12-03e9d0b85ee6,Professional,None,0
dab71fd0-3825-4f23-9284-73ac4c25bf8e,Professional,None,1
9e3821ab-61d1-430d-93c6-ebe03a478a2c,Professional,None,1
286f8d7e-b4b9-4bef-a9c8-55cbd0b42eda,Professional,None,1
60c9e063-2433-4f7a-baf1-22f904b52a42,Professional,None,1
480449a6-b25c-4d2f-b6e7-9cce16b76547,Student,5% Discount,0
2fe49d42-151c-4752-b0a0-72b4ebdf886a,Student,None,0
32e1524b-1dd7-4ca1-8345-da8bda4bbdf2,Student,10% Cashback,0
7ae1ebc8-8aaf-4721-9960-ad6c230776e4,Professional,None,1
5f503374-19e4-4e10-8bfe-f07f492a78d2,Professional,10% Cashback,1
a7fa743f-6d08-487f-86dc-3156452e4a3d,Student,None,1
e367baed-8a9c-45ae-b722-338d8abac622,Professional,10% Cashback,1
e9cd2157-3fd8-416b-9a41-0b84332be1ce,Professional,5% Discount,1
a72fc82f-9c84-4e88-a770-538295d6d124,Student,5% Discount,0
363e8882-8215-4217-a850-174eebbe5969,Professional,None,0
41287826-172e-4a11-a25d-0d15ee58bb54,Professional,10% Cashback,0
8557b299-8874-4b8f-aa15-6e4d5d46c7f0,Professional,Free Shipping,1
5158751c-a0c6-44f9-9b0f-bfe5dec40c5c,Student,10% Cashback,1
0b3a69f8-8fa1-43fa-bca4-389623efb7e8,Professional,None,1
a9470ecf-0ef1-48b2-b640-0e8ec78b6fbc,Student,10% Cashback,1
367a2342-fa69-4083-ba62-13d2835a57a3,Professional,None,1
7e8e8b1b-8821-437d-a484-3152797b02a8,Professional,5% Discount,1
391c06e6-8c8b-4d21-a880-eb45a2d1d58a,Professional,10% Cashback,0
47abb796-d900-4621-825a-e7a0a2d65d9b,Professional,None,0
20517d42-8afb-4d26-a923-218f171f15a9,Student,None,0
11a8ac73-c16a-4e3f-8723-dd52363c72d2,Professional,None,0
c7b73c07-d01d-4648-af42-ab025963d23e,Professional,Free Shipping,1
534400ec-033d-457d-8fb9-b935a78f8c47,Student,None,0
21ef672f-d386-4613-a857-a60fff52a79d,Enterprise,None,1
10d86893-ac74-4bbb-bf23-922bbcd0a226,Professional,Free Shipping,1
338171e5-7f4d-445a-b695-8eb5cfa1eb57,Student,None,1
0e5a1eb9-607e-4187-809e-ca2b8422356c,Professional,None,1
226a499e-6d02-4419-be63-461b55c82290,Professional,10% Cashback,1
c33d89f1-7457-469e-9e4d-03b3bb9ebb59,Professional,None,0
578c882e-4dc9-4364-b369-50c6646c1ada,Professional,None,0
914243a1-2b5b-4177-a95f-3b2c9749149c,Enterprise,None,1
0ad4ab8d-2253-481e-b787-2dec01abf6bd,Student,10% Cashback,0
59427549-e278-4a45-a5b5-e869f1c8ee8e,Professional,Free Shipping,1
92537669-3c51-4e15-9a21-1659b287f0e0,Enterprise,None,1
0b761b79-f906-4c49-8ae2-43080d3404be,Enterprise,None,1
e3cd5466-ddb0-46f8-a1b0-13be8d45b886,Student,None,0
bd400cbb-771c-4c51-9a7b-51f9ad348a06,Student,5% Discount,0
fe7c1211-4f18-49ab-8fe6-d763c377bfe4,Student,None,0
52af585b-8ebe-46af-a52d-c3ad1915e13f,Professional,5% Discount,1
3c6530ec-8c17-4b70-9980-ec41b559d36e,Professional,None,1
f8f5e53c-422a-4abc-a891-d0fc30f53067,Professional,Free Shipping,0
858d4caa-cab5-4162-8f71-c8a56b9f175d,Professional,10% Cashback,0
bb424307-c71f-44af-ae3b-7493507d7fed,Student,10% Cashback,1
74b8d04e-2e6c-4096-a3cc-99ca2054fcb5,Professional,None,0
7392c6d6-6248-4de0-9131-0cc46159067d,Professional,5% Discount,1
798366b9-0cb0-468c-84ba-3da6eb7771e8,Professional,None,1
1b2df0ff-ec99-441f-bffe-c66ada35b086,Professional,None,1
eebf9253-07db-4074-b6b9-81186177a738,Professional,None,0
7ad97fd7-10f3-42a8-8f17-a1cad3cc8b80,Professional,5% Discount,1
cb447cb7-00bb-4bbb-9d6d-310046ac882d,Enterprise,5% Discount,1
536e14b8-d25d-4636-aecf-8fd769fd062e,Professional,10% Cashback,1
6c4ebcbf-433a-4c96-aade-8fdfd9ae703e,Professional,10% Cashback,1
30cd860b-c659-4aaf-9d57-d786a929fe54,Student,None,0
39bd9820-f4de-4f66-9a33-2ee2775fc8c5,Student,5% Discount,0
aeedfd71-ecf6-41ed-9ec1-5f1b6b852b95,Professional,5% Discount,0
8e2a1409-c630-4795-8c69-b8f6e4900bfd,Professional,10% Cashback,0
55545b1d-17fb-46f5-8110-5918802fd011,Student,None,1
70b76fb5-68dc-4e2f-a380-716bb3e82056,Professional,Free Shipping,0
69ede086-f97c-46cb-b830-05e5feaa71a5,Professional,5% Discount,1
8d7eb85c-7789-4130-baad-53135a0bf6be,Professional,10% Cashback,1
8bba4085-b2ff-4e59-b21f-cecf04824c0f,Student,None,0
a93c14cd-8ef6-416d-bd34-383a78be650c,Student,10% Cashback,0
a902b028-3f8a-40b8-ba51-2f7719b14b17,Professional,10% Cashback,1
f524f2c4-9280-4b7e-9570-5096045f0f71,Professional,None,1
3ffe15ae-9c76-4ab3-8682-015a67e22ed7,Student,None,0
512e5dfa-3111-4e46-b5e4-af3ba2202aac,Student,None,0
6df48943-520f-44d5-9978-552e66357f1d,Student,10% Cashback,1
515e8c7e-5653-42fa-873e-b97948ec0176,Professional,None,1
7368b81c-e11c-421f-90aa-61b494a0d406,Professional,None,1
3b5f7ac5-7d9b-4b7b-a7f5-c31ae5c0b9c0,Student,5% Discount,0
3d67249c-364a-4097-a6b6-226f934d8e78,Professional,10% Cashback,1
09892878-1548-479d-aab8-c81d16e41d3d,Professional,None,1
f4329660-ce01-4bdf-996e-aba4bdc2b8bd,Professional,None,1
d02ee992-072d-46e4-8437-0bf60e17e1cf,Student,5% Discount,0
0a9a00a6-66ff-4916-a326-9c44ba3cddb1,Student,5% Discount,1
48cf4a6d-c6d9-4cad-a954-90da9a6ff21c,Professional,None,1
83a0314e-d492-4301-85f3-d5f5cc80174c,Professional,Free Shipping,1
73f71565-4513-4215-9cf2-a938fb678bd8,Professional,None,1
eb636e34-b564-400b-a687-a3b8ff1b6347,Student,Free Shipping,1
955243e5-5952-4a4e-bddf-7a57dc9f73ff,Professional,None,0
ac58c741-9357-4fb2-a31d-6fd4d5823195,Professional,None,1
4a6da73c-c34e-4094-83a8-274a7c66b5ff,Professional,None,1
4d26d92b-251e-459d-b189-4e5fcfa44972,Student,None,1
c9d6e4f7-6c60-4d6f-b586-3f73812e37ce,Professional,10% Cashback,1
2a7630ef-ab45-4bcb-8df5-f1915c5a4faf,Student,5% Discount,1
90e04723-d8e5-440e-add4-e851f2a32f02,Student,5% Discount,0
406fec60-93f5-46ed-bc90-365ef087c5de,Professional,None,1
f097388d-f911-49fb-b828-2e25ed13e0ba,Student,None,0
2c09c5e7-3c81-4116-83d2-332fa93a7772,Student,None,0
6a64bc43-9c16-4310-9c73-144b0747784f,Professional,None,1
4da866af-0c6d-478b-9b4c-02b3aaaa2933,Professional,10% Cashback,0
874d02cd-7530-4d26-a916-5643cb2f17d5,Professional,None,0
e4b3d7d3-3a10-4db9-8e0c-92a8aaee0dda,Student,10% Cashback,0
39840294-f803-4bab-923d-12bf7d195fe3,Student,10% Cashback,1
741bf37f-dd0e-423a-b25f-186d6726e9b9,Professional,None,0
8c11c161-102b-4caf-9bda-1be2840825e1,Enterprise,10% Cashback,0
92984f94-52bf-4426-a370-d72d37049e7d,Student,None,0
c0f78d69-fdd8-412c-86e9-681b9c268d62,Professional,None,1
118f877d-214e-444e-ba65-3c5adcc0ba19,Enterprise,5% Discount,0
33cae147-f17b-4f81-bd70-7c28f4290f73,Professional,None,0
808b81d1-f46d-4e80-9f61-65e38b9ac40a,Professional,None,1
c2008e23-7f3b-41f9-8765-c720fce7e882,Professional,10% Cashback,0
88c2b661-4716-4656-84e9-2afc9ae410fd,Student,None,0
8dac4219-a79a-45c4-a474-b91b58cde423,Professional,10% Cashback,1
6a738c62-bf90-46e4-9a3f-47286e85d536,Student,None,0
70e83e38-de6f-4b3a-90cd-3ea0f1b2fc37,Student,None,0
de405ad9-c887-410e-8dfa-b41bde60d877,Student,5% Discount,0
f89c226d-4d3b-43a9-8f94-c6dc47765386,Professional,10% Cashback,1
df361de5-0370-4b68-8313-d7adf5ca3d21,Professional,None,0
e826eb57-5466-46a3-ae23-d30338cc4cde,Student,None,0
4730eb2c-50e3-4a3c-a2fa-e87a7f4fe84b,Professional,5% Discount,1
15a22aa7-44c6-4860-b742-31797db6cf06,Professional,None,1
e7266a48-732e-40cc-aa93-799c10f05bff,Student,10% Cashback,1
955d512a-a7a3-4e36-9d95-de209abb687c,Student,10% Cashback,0
7691aae0-97c3-4ec7-95f7-856feb3d9376,Student,10% Cashback,1
27e04a92-1fa7-44f2-b993-af6668f6fd31,Student,5% Discount,0
f932a5bc-0c98-4811-8383-5f25204513a5,Professional,10% Cashback,1
770bd471-1f5a-49e9-a4d6-e59180fa9c9f,Professional,10% Cashback,1
57191cba-6baf-4b02-bc8c-fe43941eae89,Professional,5% Discount,1
15662477-7085-4a50-9769-561a77d3da4c,Professional,10% Cashback,0
a48b9271-7d88-415f-92b3-3a4e7bbbec70,Enterprise,None,1
b5569293-812c-487d-85a1-3d731c1fae38,Enterprise,None,1
d29b1b76-dc03-4f19-b119-d773651e8fe2,Student,10% Cashback,0
23acd199-d09f-4a2c-9a5b-7e21fd35f99f,Enterprise,5% Discount,1
3c8b2549-a891-4465-86bf-2740a21e363d,Professional,None,1
173eb1b7-46d3-476c-a150-bb40cf24403f,Professional,None,1
8ab2e88d-ab0f-4eb0-91e7-08ffaa76a7da,Professional,Free Shipping,0
80396b6e-396d-48cd-9dbc-6b57248f4fa0,Professional,10% Cashback,1
f4a45c2e-bdff-477e-b988-ff30ab952b08,Student,None,0
c7aa16af-bbff-4f34-840c-e8999c544fa2,Student,10% Cashback,1
83d0eec5-07f9-476f-b5fe-d42f1ebcfe8f,Student,Free Shipping,0
544a0f78-004e-429a-8da8-3e6955b38cdb,Enterprise,5% Discount,1
15c506a2-a60e-4b66-8b9a-eb43a2c2c3c5,Enterprise,10% Cashback,0
b32ea2fd-ed81-4ac4-a2b3-26061fcd884d,Professional,None,0
9da828d1-1ebd-4754-a4f1-62b53f424d93,Enterprise,5% Discount,1
30662c5e-45dc-4964-9363-636d268eb6af,Student,10% Cashback,0
5dbef202-417a-4b88-84e6-5d91bc5445e9,Professional,5% Discount,0
f36a2d6d-4d37-4d9a-b27e-bd7bea3e9fd0,Professional,None,0
83a2599a-1324-45af-a0c1-605c6c4f17d5,Student,None,0
752e8da6-d92d-4e46-a5a7-09d240c415d0,Professional,None,1
bb6de824-65c4-45b2-9bbd-06f71c91af99,Student,None,0
64f22650-27f6-4c47-92c2-55f0ffa3776a,Student,10% Cashback,1
91c8e7cd-08ca-4064-8edc-1fe62f178dbb,Professional,Free Shipping,1
79003218-ed9f-4e19-b9bf-643f0bb7d3f1,Professional,10% Cashback,0
b5d86f76-21ae-40da-b532-e93551ad4c57,Student,5% Discount,0
b6cd138e-49d3-4ab1-90ee-6157daba8a9d,Professional,None,1
dd584926-3069-4dc4-9a40-bbcb3786397b,Student,5% Discount,0
3f7180db-429a-45d9-bc44-ba094966b6fe,Professional,5% Discount,1
d5d59509-f634-4b5f-8dd4-533a72481f5f,Student,10% Cashback,0
199f7c8e-b976-40c2-864c-77a9ad451c12,Professional,10% Cashback,0
8a0cb163-9f72-4df7-8889-fda6745fa4ea,Student,10% Cashback,0
31552b5f-30b8-4d04-8931-f5789a49849c,Student,10% Cashback,0
a4ee6dee-d560-437a-9f51-303c31f9e629,Student,None,1
bdde0148-cb68-4b3f-9fc8-1ac96b303877,Student,5% Discount,0
fd4b6b7a-d8f7-4013-828f-47049f86471c,Professional,Free Shipping,1
a08bab55-115d-4282-903d-7586debe0577,Professional,None,0
cb81f052-96ac-4168-8a88-0f4cf2b18a94,Enterprise,10% Cashback,1
ce27479b-ddc2-47af-978f-7deff157f78f,Student,10% Cashback,0
31ee9bcd-d524-42b9-a483-54b3cca64a67,Student,10% Cashback,0
cb84e0c9-0e69-46a7-8c51-19d3fdd5e287,Professional,10% Cashback,1
31cfe7d1-61da-4e77-9a41-4f5270895b1a,Student,5% Discount,0
e9dacfed-858f-4278-9ba0-5a8f5b74683c,Professional,None,1
dcfecf33-abef-49e2-9370-4108b7a3ea3d,Student,None,0
c94b98e8-4d54-47bc-bb66-5ddc2f147101,Professional,5% Discount,0
6ed030ff-f16f-4f48-b9c6-9ca7427a0126,Student,10% Cashback,1
4e091ef6-fa39-4682-b0d4-02970f2331ac,Enterprise,5% Discount,1
485d9a6c-d3ef-4c39-ba99-7ce1642a1c61,Professional,None,1
bd5c7d81-702b-4b00-81f6-fcf0cb9d7d47,Professional,None,1
6770c08d-5789-422f-b86d-ee779b457e58,Student,Free Shipping,0
979f5b0a-2d38-421a-8060-3c60cd42f1a0,Professional,None,1
ccdb7a14-fb7d-4526-b986-01475e543862,Student,5% Discount,0
49b47b29-958b-4929-82a9-11879b8bd2f6,Professional,5% Discount,1
2319f510-c647-4af9-9668-1735bde6c504,Professional,10% Cashback,1
043c86a4-67c5-47d7-a5e2-f532e25d8b79,Student,None,0
8a38c344-bafd-41c1-a047-79a1965fe2d7,Professional,10% Cashback,1
a1f9bdbc-c3b5-4f26-ab7c-0b385271d530,Student,5% Discount,0
d7f10cdb-b018-4e30-aeb6-26b6fb53a7b9,Professional,None,0
1aee2290-edb8-49ca-9a54-e34883d0ee33,Professional,None,1
05ad1286-1994-4dce-8dc7-4c3fab18cc8e,Professional,None,0
df4eecfe-e8a7-450c-8e31-9320b8a178fc,Professional,None,1
00953f6f-a85f-4925-9ffa-0bff2f9efd75,Student,5% Discount,1
90bfd6a2-efea-41ea-9812-34207f97086f,Professional,5% Discount,1
a29676b6-05c8-4820-b330-9cf3a4981662,Enterprise,Free Shipping,1
456664be-c562-4f30-b95c-5a3a17af321b,Professional,10% Cashback,0
6d45e32d-8074-4795-83d6-a487d2c25132,Professional,5% Discount,1
711a3889-f823-4918-8557-1db9a99228b2,Student,None,1
98153635-9b6c-4399-81da-34d4548c9cb6,Enterprise,10% Cashback,1
443f6669-c7f9-4964-a057-d3a8d5ac03ba,Professional,10% Cashback,1
21fd9192-40c5-4184-88b7-cd0fdd39c35c,Professional,Free Shipping,0
bce93682-9aac-4f35-bb50-5f3b74bbd74d,Professional,5% Discount,1
455bd12f-cbff-4a09-a564-35729a71757f,Student,Free Shipping,0
387b4ed6-8c5a-4891-8fe2-0f80cd1a25b0,Professional,5% Discount,0
75213143-16fa-41f9-9e10-7121ffdab392,Professional,5% Discount,1
afc74bfd-c9dd-41c4-963e-55f7972259b0,Professional,None,0
3d69d6a7-eef7-44e6-b9ae-66c048a15905,Student,5% Discount,0
fab20728-d39d-4e4f-b185-64fb208cad32,Professional,10% Cashback,1
148d4e5c-60e4-4865-98fe-b451b1a5f59b,Professional,None,1
272177e6-b060-4675-86d6-0a56c94a9d53,Student,None,1
fb6e5289-491b-4d4f-92a5-69673ee24f19,Professional,10% Cashback,0
99736158-795f-4e1b-9133-b63f5c3b1f5c,Professional,None,1
651db108-64e9-4fa7-8ca2-0a1d62caf277,Student,None,0
2a10ff9d-0e74-47ea-99a7-7c74870a85b2,Professional,10% Cashback,1
9e1a2870-3199-47ee-b9f7-f5570b285d06,Student,Free Shipping,0
b6deaa56-15ec-43ae-a760-a599e7b49457,Professional,5% Discount,1
656c96bb-0b2e-4f29-8d7e-e3a32228395f,Student,None,0
cf47e122-2f2f-494d-b411-ba709030364d,Student,None,1
e2cd8ffa-87e2-4c4c-88c0-dfb779a54928,Professional,None,0
5c6fc8ec-f5aa-4f3c-bc85-3a88f88f8fb1,Professional,None,0
66b266a3-0a32-4f79-8347-3a642e21a6a5,Student,None,0
9096fc12-1153-44fa-9ddd-8d1abab6dbe0,Student,Free Shipping,1
de632871-715e-42e5-b408-805c4fad2652,Professional,10% Cashback,1
bdf62a34-191a-4390-a8fb-e6153c549f33,Enterprise,None,0
5e2cf736-bd64-4368-98eb-c5734a9e6f17,Student,None,1
5e1f591b-8d71-4544-94d1-d04d45baced1,Professional,10% Cashback,1
0670686e-a4bf-48f6-b17c-5f2ef41b5952,Professional,10% Cashback,1
79e9d7a6-bebe-420c-a26b-df6335829109,Professional,None,1
f2416e34-8ce3-4c85-a487-e806902b67ee,Enterprise,Free Shipping,1
c79c5c89-8966-4d79-9c8f-722cfa8afd0a,Professional,None,1
3712186b-8b60-4eb0-85f4-423bcfc4eed2,Student,None,0
df292455-1739-4364-a99b-6374c37ba1e0,Student,None,1
a827ae6d-9774-448a-a8d1-1719390dac88,Student,10% Cashback,0
ce14913c-899f-49cc-a319-6017b7e5505e,Professional,None,1
9819525e-f84b-4f13-8890-a07a4578d503,Enterprise,None,1
652d2c3b-3f5a-4745-b7fd-a173f5617ae6,Professional,None,1
663e6d0a-b92e-4baf-9103-91986feb4aa3,Student,10% Cashback,0
396c2102-37b0-461e-8a70-cded6a6ffab8,Professional,None,1
fffad04f-9913-44dc-be2e-66f8699ba3f7,Professional,None,1
bf34beb2-18dd-42ec-96ed-26b10f9fc743,Enterprise,None,1
4a55784d-7ebf-4c44-b1fd-889db2ca28ad,Professional,None,1
7d0890b9-b3a7-4ce5-940e-6b2b64dcae5d,Enterprise,10% Cashback,1
db4f9131-d846-4db5-879f-b06509e414f4,Professional,None,1
fb5d5bef-7c75-45d0-9cde-d6cd19297e1b,Student,None,0
bff0b7bd-daad-467f-894c-ca93cb07256b,Student,10% Cashback,0
42afc9dd-0454-4aaf-9bd3-e42a461e1882,Professional,None,1
8d1f9849-cbc9-4165-b308-c7f009f96ebc,Enterprise,None,1
691c2000-831f-4147-a98d-eff51120b1ad,Professional,None,1
a64d0c64-56b8-40ba-a46b-1e002e1a93ae,Student,Free Shipping,0
d40ce0e4-2e7c-4eae-bfa0-9b297a88bab5,Enterprise,10% Cashback,1
7c5b3581-a466-4bb8-a767-b369e9f6eacf,Student,5% Discount,0
68513178-dfa1-4cab-84e5-05b65134e543,Professional,5% Discount,1
e2378e88-b262-4186-ab5d-c42ee1f80b20,Professional,Free Shipping,0
7afe7827-ab0b-46ec-97e7-7ff6fed2bad2,Student,5% Discount,0
b5efcc71-ab35-4caf-850b-2b42edc5d0d9,Student,10% Cashback,1
c3c65b63-dc44-4378-8764-70ec3ffe9fcb,Professional,None,1
c0eea833-94bc-422b-9879-5f162726fccf,Professional,None,1
b94be62f-b72f-48c4-b36f-d17ccb0ffee7,Student,10% Cashback,1
ad8d6321-1b52-4523-befd-09cc92a57e5c,Student,Free Shipping,0
33e0aa56-c93c-42b5-9647-9a23dd2219f8,Professional,None,1
00a3b84b-834c-4358-89f6-314c1db582bc,Enterprise,10% Cashback,1
8049f75d-1560-4e91-92fe-5bad3df733de,Student,None,0
b08d23f6-41ec-4c04-bd8c-8ec01d6d9eba,Professional,None,1
ebb225b1-c0ee-41a2-98ce-c30adcb04f10,Professional,None,1
28c6cd2a-e3e0-4723-b809-278ccec925f0,Professional,10% Cashback,0
fe8e8e42-6858-4cb6-860c-70e316c536e9,Student,None,0
3e7f1f2a-ef4b-4af2-8ef2-264346390447,Professional,10% Cashback,1
a4a82a01-f387-421d-bb7d-999601de86ab,Professional,5% Discount,0
881669a6-0044-42e8-9c2d-f1c7d789767d,Student,5% Discount,1
27740c98-1e39-42bf-8600-21474c7d8213,Student,None,1
ef4c42f2-f703-463e-9a1e-db821edac1aa,Enterprise,5% Discount,1
120c04db-e5c0-477f-92fe-eb32b9eb9907,Student,None,1
9365db00-f497-44e5-b198-ba8ed6423f02,Professional,None,1
06487c9a-f979-4a1c-bc37-e5c4bd06cffa,Professional,10% Cashback,1
09d6b279-b2d4-4c35-8d38-f0651b7d4aaa,Student,None,0
79a063a1-8302-46df-af9f-692eef6d50ac,Professional,None,0
f410e54d-73c2-4a5d-b0b3-cacff97e38e6,Professional,None,1
ba784714-e9b5-45b5-a6cb-96c6ee7dd2e8,Student,10% Cashback,0
b29d2cef-7c70-41ac-a6db-92911c0e53ac,Professional,None,1
0b84bf83-3181-4d1f-ac5a-c261b81457a4,Student,10% Cashback,1
9447a2fd-906e-44fe-809a-5dc31b3f131a,Student,10% Cashback,0
bd83b31f-25ed-4ee4-8444-55878814461c,Professional,10% Cashback,1
56f1baf9-0de4-4107-99cd-b22af237baa1,Professional,5% Discount,1
2827f30b-6355-4da3-a812-ed198836106e,Professional,None,1
39964910-4951-4ae0-a7db-58dfbc254a39,Professional,None,0
df35f614-633c-4313-b70f-6c75d8493ef3,Professional,None,1
07a475a5-d52f-4eb6-bd95-e2497a4b1bb6,Professional,None,1
669b7f43-18c3-4e5b-8d93-4c6cbefb52cc,Professional,10% Cashback,1
5d5ef1b9-ad66-436b-a22d-5dc120368b01,Professional,None,0
f4f5ae0c-e61a-4d5b-aca4-0403422ccc9c,Student,None,0
7c54a8c3-98f9-4d92-ad83-7da971902268,Professional,5% Discount,1
4719310b-9ee1-4e7b-ba02-4021244c4a9b,Student,10% Cashback,0
f573725f-8847-4450-a199-674f64e7d2c0,Professional,10% Cashback,0
9a4e0ed8-eebc-4c2d-97bc-d2ca95cadd5e,Professional,5% Discount,1
c3c30eff-b86d-4ef6-87dd-7ab742cfba05,Professional,5% Discount,1
9ce13419-12aa-45f4-99f2-c10e33ea39e0,Student,10% Cashback,0
9c093eb8-f2f9-4f04-af7b-4f841d017709,Professional,None,1
a5155541-649b-44c7-9204-1ebe6fdd7dca,Student,Free Shipping,0
e7240ef9-238a-460f-a1a9-aa2722bb5849,Professional,10% Cashback,0
91ce31ec-7b27-4191-bf97-61f3eb723c16,Professional,None,0
58bbda52-2447-4a2f-85cd-82fe3a8ba422,Enterprise,None,1
65759957-9a2a-42bc-874f-cf99af1e41b5,Student,10% Cashback,1
392a784f-9d92-460e-bb76-4f75524667c8,Professional,Free Shipping,1
f076d015-81a7-47ed-904e-3b083cc99915,Student,None,0
b37aee25-2670-46ff-a917-e19b016d7b28,Enterprise,None,0
b848a8dc-a97a-48a0-85bc-96ef47893f08,Student,5% Discount,1
de1e1223-097f-4fd6-9ac2-5b35cc09b1c4,Enterprise,Free Shipping,1
7e534d5c-d5af-4bcb-a382-e6d43e37b68e,Student,None,0
a6fea23a-6d62-43c4-9619-f4447e05f5d9,Enterprise,None,1
c7038936-b612-4673-a084-38460f37abeb,Student,10% Cashback,1
d22f9880-fc49-4122-8be5-09e8956d891b,Professional,None,1
7401bb74-f277-484d-833a-65ac4fed0b3e,Student,5% Discount,0
58a566af-4636-4557-b0f4-158f73db5c81,Enterprise,None,0
c3db40ba-017f-4c9f-8821-1f835eb2dfa5,Enterprise,None,0
e0a6d3be-2235-4f7a-bac4-ee7b641930ff,Professional,None,1
b2b7f161-64fe-4f50-98a3-741ce8933ef8,Professional,None,1
25b6ad88-180f-4cc8-b558-85b0d41c0f65,Professional,None,1
ce1f29b0-3626-48fe-9a5c-57cb317c8543,Professional,None,0
9614dcc1-fc38-4af1-ae80-e6c6650ddafe,Professional,5% Discount,0
a31e644e-d1c4-4d78-b73c-dea56c6040e7,Professional,None,1
00c803dc-43c7-49e3-bece-3c07d02f1c63,Professional,Free Shipping,1
f444dbbd-f89d-4b9c-ad1c-1153e521cf1f,Professional,None,1
15813d18-6019-4235-9ef6-67a8e6cd9780,Student,10% Cashback,0
e354e24c-d94d-4b97-b839-3f8830bd366b,Student,None,0
3316c3f0-f533-4b40-82a2-f3b12c6b05c4,Enterprise,None,1
b2a845e3-1fee-4cc0-9d86-5e26a8c063b5,Student,10% Cashback,0
ba5ef600-b9ef-45ac-b65c-5b41f599c04f,Student,10% Cashback,1
ce372cc1-fecb-4979-90eb-a1b611ab14cd,Student,5% Discount,0
8367b316-fa6f-437e-a9a1-7d76ae042612,Student,5% Discount,0
30b1048b-22bc-4a94-8859-50ce97d6e284,Student,10% Cashback,0
9d50bc5d-3067-4177-849b-620f347936a9,Student,None,0
d9c455d2-b5f1-4118-ac8c-7763d47a5034,Professional,5% Discount,1
051eed77-cd32-48e1-98b3-f35808d8374e,Student,10% Cashback,0
243eb2af-c929-4b15-bb14-b7e6a41410e6,Professional,Free Shipping,1
ec7c30f9-aafb-4cce-a0c0-d225ae0d726a,Student,5% Discount,0
a0631fd8-efbf-4b47-a7c5-f3d8933563c0,Professional,None,1
16df4330-6a24-4376-b714-0b84015f82df,Professional,None,0
4471cf13-bc59-4b86-bf49-9137f36afc37,Student,10% Cashback,1
6201e7bb-d001-4f89-8264-b2799d4bf57e,Professional,10% Cashback,1
828849fc-496a-40d4-85b2-06d2fc75da6a,Student,10% Cashback,1
c8cdb380-2481-4503-b5a0-be4e0a14cc17,Student,5% Discount,0
30bea1a3-5126-403f-bc63-912069d195ac,Professional,None,1
996e2a33-c1bb-494b-a07f-6aae31d08a48,Professional,None,1
901afc01-8f15-4849-8d48-78d6651ad90a,Enterprise,None,1
ddf50da3-84bb-466e-ade8-fd697762993f,Professional,10% Cashback,1
7d6eabba-4ef0-478e-bce8-36942d31a061,Student,10% Cashback,1
4ea19b0b-6617-4a50-a321-e2ac48d2c2e7,Professional,None,1
afc0599d-2bac-4bed-b673-3edaae482b54,Enterprise,10% Cashback,1
dbef80b9-6c02-4faa-8f85-09b4644f6a0c,Student,None,0
2526b7f3-1627-4016-8660-dac66564dd40,Professional,None,1
9dfe43bf-05ec-41dc-bedb-d97061836f98,Professional,10% Cashback,1
564eac21-a160-4f68-8d6d-0f8b3e02450f,Professional,None,1
3242ed70-a223-40ae-b7b9-030e9ebbb30d,Student,10% Cashback,1
766b3120-a130-4ea2-83bc-dbbfb4be2be5,Professional,5% Discount,1
0b0f2df3-db5d-474a-b297-201b873c37a7,Professional,5% Discount,1
27f02534-be36-4a3a-a9af-e043a72fa1c3,Professional,None,1
5fe020a8-074f-4c1a-bfb2-cf28717029a1,Professional,None,0
b8a86bff-f162-4959-8489-21cb52fb8a03,Student,10% Cashback,0
88802751-e8f4-42bb-86a8-8079e4498b44,Professional,5% Discount,0
07c9b19e-9466-42c3-b778-ae9ed15818b5,Professional,5% Discount,1
50b8c956-a4f2-490b-b9dd-3b862e573d1a,Professional,None,1
9ec8b7a2-4caf-4722-a429-5b5e7238af66,Professional,None,1
0c10d23c-50a4-497c-84a5-f13ed6e4865b,Student,10% Cashback,0
10366b4b-a081-4530-bb5d-0337191528bb,Professional,10% Cashback,1
a039e4d2-2144-44ce-9073-ff154ff05115,Enterprise,None,1
9949c5ef-4caa-43a5-9a6d-c8753b7ce6f2,Professional,None,0
c0f3dd76-8f14-4e57-817d-b99e7f858350,Student,10% Cashback,1
8eaeeb1b-c065-44ce-b6cf-17adfe06aa36,Professional,None,0
9900702e-2c28-4e5a-8605-e632c00ba938,Professional,None,1
2e29ef0f-1dda-4983-b159-e6bf7fd8bebf,Student,None,0
3e53cdfe-6ddd-4d6d-a949-333b3069e99f,Professional,None,1
6809e320-4fa9-434b-aa07-27dafb39b791,Student,10% Cashback,0
dd4dfeba-5e81-45fa-b8a3-4c4cbe5d8bf7,Student,None,1
2ba26549-bf43-4b3c-baa7-ad29b63167d2,Enterprise,None,1
1326426e-7203-4966-a5c9-15823512d221,Professional,None,1
7d095f58-ba2b-4fc1-9c41-7f85339fe2e9,Student,None,0
fc18ebad-f694-4c07-a27c-e05d37c14dc2,Student,10% Cashback,0
495b2f3f-1958-4f0f-af3c-55c197a6173a,Professional,None,1
39a09e43-98e6-4789-84dc-ec14960b3bc7,Student,10% Cashback,0
6d5bbde1-0a0b-4f34-8c0a-270fd7c3ce40,Professional,None,1
407053e0-92ab-4700-8d9b-3e7dcd0a2e3d,Student,None,0
47f313a6-0bff-4bd9-989c-1961bf226b2f,Enterprise,None,1
01c9874e-85f6-4cea-822f-ae1dfc88a777,Professional,None,0
f1a04983-4b5c-41ca-b22f-52f3354427de,Professional,10% Cashback,1
ce2ccaab-e6dd-4a0e-af7f-6a162f5fb842,Student,None,1
e49aebb0-1f23-4296-bed6-b17d1a14027f,Student,5% Discount,1
671390ee-15fd-4499-a858-21d7fc6c4a25,Professional,None,1
6a4a7bf0-f4c6-4b17-bf35-fea1e8636545,Professional,None,1
6deb183d-2f32-47f4-8a30-d96b3b1914e3,Student,None,0
3bfd72f8-9b72-4fa9-985d-54e94b2ac975,Professional,5% Discount,1
c7699cdd-7f94-4095-992d-bc5c6a7f3d9a,Professional,None,1
b3648033-4f7e-45ee-8638-656c93b4b187,Enterprise,None,1
fceca260-6e06-48ec-b41f-147f4a60403c,Student,None,1
9c4a3274-af9e-4aee-abed-516657861ddd,Professional,None,0
6c9a4822-e984-49d4-b2d7-67a223c381cc,Student,Free Shipping,1
409e7611-002e-46fa-9d77-afa948ac3cc2,Professional,10% Cashback,0
de511cf8-1fbf-4970-96ed-e97b57185078,Professional,5% Discount,1
faf9d39b-640b-4f7e-8ac5-737d47b18cc1,Professional,10% Cashback,1
363ee416-3370-4a40-956e-c4eb4d19fd25,Student,10% Cashback,1
5dca2b2c-1d85-484e-95d2-28e895d14ab3,Professional,None,0
61e10d0f-d8f8-42c9-b09c-5f6f10622057,Professional,10% Cashback,0
5fd03d24-d1c5-400c-81c8-302811c80b11,Student,None,0
5ce64b07-5166-445b-aab6-9c198af49684,Enterprise,None,1
c8e9a590-053f-4d12-aeba-ff7763ce28db,Student,10% Cashback,0
511b5277-7c78-46e5-b1a6-12bf0fbbb347,Professional,5% Discount,1
54c9ec33-fa7d-4052-a27f-e217eddc9065,Professional,10% Cashback,0
8e46fbc4-db9d-4f52-9c5c-2069301d2825,Professional,10% Cashback,1
43d1bc07-4b7d-4303-a07d-c647d5bfa372,Student,None,0
8d21604b-d725-4726-8fcf-f5697d189cec,Enterprise,None,1
a10d8567-eee7-4263-b90e-b95b40150639,Professional,None,1
61fe920b-2510-4c92-8026-a640453d2505,Professional,10% Cashback,0
d1f9454b-00e7-43aa-8df0-0684711df9a4,Professional,Free Shipping,1
891dfee5-fc54-4b1e-9085-c6264e25128c,Student,None,0
ddcb144b-1add-4103-9833-0a1306bd00cc,Professional,None,1
bf6fe415-02bf-45bd-9756-fc7cc7aa21f6,Student,None,0
85f9554c-f34d-4a3a-8661-ad36c35f6862,Student,5% Discount,1
7e21e89a-1e1f-487c-a5aa-96cfbb1f6ad3,Student,10% Cashback,0
85da311f-2c1e-4bfd-af79-884c399ef6e4,Student,None,0
37b2c4de-b0e5-457b-8034-caa75018e6a3,Professional,Free Shipping,1
0496f141-37f3-4386-aa1b-c7baf11516a3,Professional,5% Discount,0
abb35709-f01a-4fa5-9dd3-b1babc972927,Professional,None,1
895af4cb-0224-4f5b-9b2b-140d0b1f5553,Professional,Free Shipping,1
52ff8c73-e933-46ed-87ce-40f76249a48c,Professional,None,1
c51b6b91-8576-4cb5-b119-95543a07ccc7,Student,None,0
119b6982-0206-48dc-9fc8-d00f0acf0e69,Student,None,0
eecf7830-a53f-4ab2-9df6-7db9acd49a22,Student,5% Discount,0
8323c242-f9ad-4f25-ab7d-1fa02f7a139b,Student,10% Cashback,1
f0417ef9-0668-428b-a32f-2a9f7965d8bd,Professional,None,1
997d3c12-c6e4-431d-ac10-ef9e2d08e9bc,Professional,Free Shipping,1
bb97c2bd-1046-4421-8498-78f0275da945,Student,None,1
bb2ff8c0-4542-4f0e-ae23-a8943c257606,Professional,10% Cashback,1
2bd1ad98-73e9-47a0-91c1-aa078d448e3c,Student,10% Cashback,0
49c7b547-a621-40a0-8110-060abc867a19,Student,None,0
50a6f76e-ef10-42e4-8614-bf0d2092b8b6,Student,None,0
c7f77bdb-7b68-4da5-b1ff-32c434e7d47b,Professional,5% Discount,1
f9ded0a5-32d2-4bcb-bb76-e94cc2e2db77,Professional,None,0
e2b1eade-66c9-4cf8-a988-7a9944e36ab3,Professional,10% Cashback,0
6eed2ee4-8db8-4bd3-9015-6b5b5f05bc4b,Professional,10% Cashback,1
9ec67fe7-c3e3-4b0f-bf2b-c72fe6b30431,Professional,10% Cashback,1
55e9515c-dea8-4f25-b2ad-7cc9278897d3,Student,None,0
6c108a74-e45c-4190-970d-e9ab5d1919d4,Professional,None,0
3b2abbce-cea8-4636-8ffb-19cf906f20f1,Student,None,1
fedb26c1-b394-41ad-b967-7903a6663965,Student,5% Discount,0
63066780-e757-46e2-a1ce-30660847771d,Professional,None,1
864e3506-8aac-49ac-bcab-b2a781bd43d8,Student,None,0
2bc8cb72-9b92-458d-a9f3-a7d87b6a6da9,Student,Free Shipping,0
aefa2ec7-f92b-4833-9c44-4af505fd7d20,Student,5% Discount,0
df7f2b4a-435c-497c-8236-0c3f8ce4e852,Enterprise,None,1
5a786b92-7f65-4be7-87b9-51fe9cd42dfc,Professional,Free Shipping,1
8156c165-2cce-4794-81b0-6086aae2f2a4,Enterprise,10% Cashback,1
4dc9b100-0b39-4298-8b7c-4100d5090eb3,Professional,None,0
68c901b0-f48e-4ee4-b274-a02c2627b5ee,Professional,None,0
f5e64f01-fcf2-4745-96a2-818e8c4c59dc,Professional,10% Cashback,0
a3d8412e-eef4-485b-ba15-023bd2167610,Professional,5% Discount,1
85c8f397-fd43-49bd-9db7-1d72f5a255b8,Student,None,1
1c7a988b-9e7f-4abd-9919-8e5c94018bdc,Student,None,0
390c2e2b-0d85-4a08-a71d-15502bb696b1,Professional,None,0
60f3cdb2-84c8-429a-9bb3-3bff0925b4f5,Professional,10% Cashback,0
70649f16-9039-4553-b0f7-192e5ae7b335,Student,None,1
6bfdbdb3-dda1-4056-9651-3bcdde70bea7,Professional,None,1
588908fd-91f8-4a4d-9558-578748e97df8,Student,10% Cashback,1
cfd8864b-d1de-4823-90a6-91039ebf2e65,Professional,5% Discount,0
4878acfa-b2bf-4ee0-b878-2cb18282bc8e,Professional,10% Cashback,0
a3f7f57a-579e-4998-bb29-780c3d84c266,Student,None,0
84c17394-ee5a-4ed4-8f5c-f4682dbee444,Professional,None,1
8ee584ad-aac3-4c96-a76e-2ec566c354ef,Professional,None,1
0f598a22-d2c6-4760-b5d3-154f2cd1ce42,Professional,Free Shipping,1
862986d2-6d43-4810-94c7-65724cea362a,Enterprise,5% Discount,1
ba9f8045-783b-405c-8d44-719b3bf1ec63,Professional,None,0
7e9a3222-2f5a-41f4-a753-ff95e869e377,Student,None,0
2156b5a8-161b-48e3-a691-efda071497c8,Student,10% Cashback,1
d0cd7708-03e2-41d8-a9ec-2d0d956f538f,Student,10% Cashback,1
9dd0a275-765b-48f3-a13f-36561fd609a4,Enterprise,None,1
f037e75c-38b6-40cc-bac7-547687450db1,Professional,5% Discount,1
19a02a2b-838c-42f5-a586-976015e28cbf,Enterprise,5% Discount,0
725c1418-1e30-4cfb-8750-299d30b018b0,Professional,10% Cashback,0
85b543f4-cb4e-4f04-9d78-806f2ba90af3,Enterprise,5% Discount,1
979fa439-7257-4489-a303-0a540872bd04,Professional,5% Discount,1
038bb0e5-efd5-4913-8ea8-24317fedbed4,Student,5% Discount,0
78b76d80-e3b1-4855-a8c2-6ff7aad66405,Professional,Free Shipping,1
1aa44aff-8f71-4bf4-af0d-a01fbc1e1e58,Enterprise,None,1
c43a2185-f805-4ed4-80a8-361a1a9875ab,Professional,None,0
cdea5bca-e58c-4e4f-811c-9c63f08cb994,Professional,5% Discount,0
c00c902f-cf7d-4c31-908e-52b3947d7027,Professional,5% Discount,1
31bbfb48-ae73-4c45-8ac6-efbfd82f7713,Student,Free Shipping,1
226ab1f1-4335-442c-99d8-b5f729d69f73,Professional,None,0
ea2d2bf9-2550-4701-bdd8-4bb9d99515da,Student,10% Cashback,1
daaefa0f-4fdf-4543-9d73-362c679ea93c,Professional,None,1
aa2b9766-3f0a-4deb-8f27-e7f09a3345e6,Professional,10% Cashback,1
78f88dcb-66c0-4747-a151-e7b511f9537a,Professional,None,1
812fc414-0ebe-40a9-97bc-ac9c3957d579,Student,None,0
c0ed0489-c571-400f-ba33-176480cdcca6,Professional,None,0
76dbb9e3-a4c1-44d7-a16e-d04ea11614e9,Enterprise,10% Cashback,1
c1e2af75-6e04-437d-99a1-ad06eab339b2,Enterprise,None,0
6c0608d7-acf8-4a4c-8a71-7543189a5e4e,Professional,None,1
1c640ff7-5f8d-433d-b7b8-dffad826416a,Student,None,1
f9f80018-2ff5-4e6b-bcd9-cb2b2b9e9a3b,Professional,None,1
f51d83a6-45d5-479e-8a41-fc13f5d2991a,Student,Free Shipping,0
f13165ab-828c-4379-a724-48ddafa343e4,Professional,None,1
9865a611-1273-404f-a7c6-82bd80e9163f,Student,None,1
4c563115-7666-4778-9209-f498cc4dd025,Professional,5% Discount,1
844a95fc-08ac-45f5-92ea-f31f9869eb91,Student,10% Cashback,1
355fa8c1-1fb5-492a-ad40-0dfeee420ac4,Professional,10% Cashback,1
b90f2c43-5552-4a88-be62-4d7d376bf67e,Professional,10% Cashback,1
41957c7b-1537-48a5-bf70-5ca42f724a1b,Student,Free Shipping,0
a95b4a19-47a7-498a-8ba7-11796b0af175,Student,None,0
2aba1528-b1ea-48b4-9491-ca0f0265b699,Student,Free Shipping,0
db9ea49e-d108-4589-98a2-dfde9b00a1c2,Student,5% Discount,0
72d9286f-9461-4294-9d46-2968ac0505df,Professional,10% Cashback,0
6f910cd5-49c0-4d56-9684-385c25260648,Professional,10% Cashback,1
5a48ef3f-e953-4a64-92a4-e9af76cba46a,Professional,10% Cashback,0
d4e68798-7a73-4716-9293-3b0ac603eadb,Professional,None,0
4a94d6c5-2dde-43b5-bc07-770086104155,Student,None,0
86d8ae20-4d76-41ba-8f01-4d46e4e90594,Student,Free Shipping,0
fbe1cbee-cb37-4316-bd5c-a1ef3b1404dc,Professional,10% Cashback,0
bec3684a-f9c6-4e3f-a643-45f37a830222,Professional,None,0
26d65347-9b6f-4dfe-b9aa-f6f6d9d1c577,Student,5% Discount,1
07e65848-1711-4051-b42c-3bc65c19221c,Enterprise,10% Cashback,1
530a1112-cd00-44e3-8524-881ca76df9da,Professional,None,1
be0e60da-2abb-45d4-abc1-96eee4dbcd9e,Professional,10% Cashback,1
84fe938b-b1a7-43b9-b5f5-360c164839d9,Professional,10% Cashback,1
91f115bf-28cd-4f87-9c75-ebd741949687,Student,None,0
eb78f1e0-d5fb-42d7-90df-8842bd9a7210,Professional,Free Shipping,1
a3b7815d-38e8-4e8f-9ff9-27d93be13343,Student,None,0
41aacb16-7302-4324-97c6-fdeaa7760171,Professional,None,1
8d8c1228-b69f-4c38-b715-16e49b1a3df2,Professional,None,1
83a14cab-6aaf-44ed-8155-85e1ac0be1ed,Enterprise,10% Cashback,1
5542a1ac-ad6b-418d-a310-f4037822f98f,Student,None,0
5558ae85-3662-4131-a012-40f7ad45fd32,Professional,None,0
37684d00-5d1e-47d7-8fb8-ea7c4f7de88d,Professional,5% Discount,1
8c336b5e-05ca-4efc-a9e9-d19df038e857,Professional,None,1
f50a8893-21dc-4a91-9d9f-570f755905ab,Professional,5% Discount,1
5b7605ee-bd82-49c7-bd30-3ad37a18ff5d,Professional,10% Cashback,1
917ec5aa-8c43-484b-8532-e57a9ce65046,Enterprise,Free Shipping,1
480ab3c2-4b91-4fd4-bc52-3823e2968df7,Professional,10% Cashback,1
7dd5c374-58b4-424b-8a71-93869d610dfa,Professional,None,1
115d64f2-8fe6-44ca-8537-56cb9bf15905,Enterprise,None,1
b2947ef7-4638-4f75-a990-e8f041537ddf,Professional,5% Discount,0
f5042f16-8276-4892-bf39-6d6cb98da8d7,Student,5% Discount,1
ac5f44a8-aae8-4f7e-8d6d-97f77158b2eb,Professional,None,1
95e6346a-cadf-4dfc-ba92-67684269f13c,Student,10% Cashback,0
e4d677d0-628e-45c1-b90a-7e6a577ebc43,Student,None,0
a1078af5-706b-4590-9101-95e3ef36a726,Student,Free Shipping,1
d0188b3e-25c4-4d9b-910b-acadd6cf08c0,Student,Free Shipping,0
92e62a37-841f-4dc7-b6ae-dbd046f5857a,Professional,Free Shipping,0
3361acd4-8279-434b-a673-482cbe4a79d4,Professional,5% Discount,1
5f378f5b-af8e-4580-a4de-509a9984da59,Professional,Free Shipping,1
8948e563-db50-45da-88ed-eeeca3270a65,Student,None,0
9c4b4eda-fd2e-450b-8f7c-746b6ecd3bf0,Student,5% Discount,1
3a154f10-d15d-4d3f-9441-990b7ff9df03,Professional,10% Cashback,1
393aa23f-6d12-4882-a47c-85568e1741d1,Professional,Free Shipping,1
9ecd949e-08fc-4b28-ae82-837ebbddd3d5,Professional,10% Cashback,0
d9bb68cc-5d90-4f36-b8b1-db845d9aa9fe,Professional,None,1
ade9f615-ee0f-46b8-8cd4-34b84607f239,Student,10% Cashback,1
a99bbcff-5f74-4f6a-9fee-96accaf93d6b,Student,10% Cashback,0
0931c559-866b-43cb-9a32-1185e5701b2b,Student,None,0
cea2c543-30b6-4403-8557-86bea7ebd6f8,Professional,None,0
f6aba82d-4758-4952-9746-80bb60db4a54,Professional,10% Cashback,1
0fd37ce2-c45e-43c9-8cc7-cf5723716d59,Student,None,0
23f79235-2764-4abc-9670-b645190cc274,Student,None,0
0eefde1e-8d8e-4d31-9b88-85a78d2d5417,Student,None,0
ac27cda9-0804-4b17-9bce-38423df0c52e,Professional,Free Shipping,1
0e0dd071-5f5c-48f1-9dd6-5b39b451d74f,Professional,5% Discount,1
1ccab383-d692-4464-a81f-cd2e938ba754,Professional,None,1
b0a857f0-3812-4f72-aad1-b84a3a26d17e,Student,5% Discount,0
dc3c3d88-11b6-4f96-a27f-72c08eb1fe49,Professional,10% Cashback,1
978ccea6-4c65-4f39-87ea-4d0519340e7a,Professional,None,0
4e89be89-39f9-45ba-ba92-91fd380b63de,Student,None,1
817e1257-72d2-4849-baca-94ed53c09ee6,Professional,10% Cashback,1
8f340180-7a15-479e-9de3-392cd395ef6f,Student,None,0
729468e0-094a-4e91-a0bc-5a8dcbd37acf,Student,5% Discount,0
89c0173b-dd8b-41b5-80e5-369fc117ea8e,Student,None,0
3afacb49-1561-4a60-b983-9f8b7b5392f5,Student,None,0
9852eba3-b5f9-40a3-8c5d-07e91ff1b1cc,Professional,Free Shipping,0
2f00c877-2f4e-4650-b4f1-ee5924a3156d,Student,None,0
029fa2b3-02b7-4fe7-9c66-0a0722a9b31a,Student,10% Cashback,0
802bba38-e214-4b56-8de9-195da61d96b2,Student,None,0
8edf176f-3019-49b9-98e0-6764ff1829f4,Professional,None,0
996cf851-5d41-4734-b4fe-28aaed661e08,Enterprise,None,0
c541f8fa-e609-494d-9006-b0dceb17904a,Enterprise,None,1
6b073208-92e2-45a0-af9f-733538cd2609,Professional,None,0
5d2deda4-745f-4805-ae07-5d5568d2a7ed,Student,None,0
4cf57735-dcca-406e-91fc-8b1d85334bdf,Enterprise,10% Cashback,1
ee969691-a3b5-48a0-9a79-58c418b49857,Professional,10% Cashback,1
8d1d283c-9540-4fa5-859f-c0e77164b7ec,Professional,None,1
f8364bc6-37e0-4f0c-9251-beca3d2bd161,Student,5% Discount,0
be4fd6ee-8a24-480a-85b0-9945b4b4e053,Professional,None,0
4211994a-1237-469b-a261-e59156ed5501,Professional,None,1
024fc8f8-1a87-4ec5-b285-89c21a82ef23,Student,10% Cashback,1
fd7c28df-676c-408a-b015-7eaccb8d042a,Student,None,0
f3b615e2-4bcf-40a1-82cd-5f6e4bd9b8ed,Enterprise,None,1
f3b437bb-57a7-4c62-a335-493ca9cf320c,Professional,None,1
ff4544dd-2410-4f0e-805e-50439dde5ac8,Professional,5% Discount,1
54eb2ac8-b5a8-4dec-8fb3-f83ce1bd3d78,Professional,10% Cashback,1
0d530ce6-aac6-40e6-91ae-f47feaf476a9,Professional,None,1
afd5d81c-ac1e-4328-aba0-a6baf9c9d837,Professional,None,0
f82e8d63-17cf-4463-b27a-9773c676d59b,Professional,5% Discount,1
b110d8e2-b185-4e41-826a-1fcab73132e0,Professional,10% Cashback,1
cff158ff-198a-4b4e-88a9-d06f7b2356c5,Student,None,0
349c2015-383c-4581-bace-aa1fe9f139ef,Student,None,0
748180ad-cfce-4e69-af4d-1f133bb951df,Professional,None,1
fba675d1-4aaa-4f67-8588-6cb89bddd40a,Enterprise,10% Cashback,1
56d37a2b-c192-486a-9585-5c63079d0daf,Professional,5% Discount,0
ddc46d19-761e-4f0b-9ba4-f83c3d3b7213,Professional,None,0
585f4681-b39a-4f84-8a73-be9903284147,Professional,None,0
58d69a3b-fa0f-49f8-ac96-779d66ed4848,Student,Free Shipping,0
6a29621c-7f7f-4d3f-be7e-643693d90f57,Professional,10% Cashback,1
d0bbde2f-081a-424d-bcb5-9e560ea84c16,Professional,10% Cashback,1
3a0f14c3-24e9-45c1-9b52-c60a55f729d3,Enterprise,None,1
a3bf2efa-8eb0-4ee3-8e3e-f07ca3c8013a,Professional,10% Cashback,1
8ae7d10d-236f-4f65-8cdd-6f2663d5562b,Professional,10% Cashback,1
a10e47e3-2c09-43d2-a9c5-7a1aa940a5a1,Professional,None,1
efd427e3-6464-41f1-901e-702ebbc91d8f,Student,Free Shipping,0
83ead6a2-1b32-44c7-b0b0-a185c924635e,Professional,5% Discount,1
ace456d6-9549-4da0-9321-b8a59b99efc9,Professional,10% Cashback,1
52931e60-5c8c-411e-9b65-833e915e8c3b,Enterprise,10% Cashback,1
beaa1555-b91c-4638-884f-262d57499f0d,Professional,None,1
8e803c2b-b791-4632-8052-878f567eb4f7,Professional,None,1
db5f6b29-2986-49a4-a473-39705da8bf98,Professional,None,1
b67efd55-f248-45f0-a3fd-eff2c713d295,Professional,5% Discount,1
3642bc05-458d-4605-b09a-0611cca726cf,Student,None,0
4593c3d5-9f43-453a-a960-1b65db07cddc,Student,5% Discount,0
1d9c60ab-66ce-4915-95e8-590dc96ff3a8,Professional,None,1
ba342166-25e4-4dd4-874b-986cceebd28a,Professional,10% Cashback,0
6cd9d273-e3aa-4a0b-b5f4-702268397f51,Student,10% Cashback,1
03697211-eba9-4500-a7be-6e08dc9985d7,Professional,10% Cashback,1
13d2a147-d2eb-42f4-9554-9b9c5d6b9eff,Enterprise,5% Discount,1
1b6d9a19-7d2a-4c8a-b053-9fb58545f18d,Enterprise,Free Shipping,1
8b4ef54d-4cad-49a5-9374-5bdde2c01dc5,Professional,None,1
386d3019-2bb8-47e3-892c-c7e7d29242e0,Professional,None,1
54bba2ea-55e7-4726-b198-6747c50dfa0f,Professional,None,1
968ab44f-70c6-4bbc-891b-c27bd9449f50,Professional,10% Cashback,1
84c3893a-211d-45bf-addd-7984e7f5f009,Student,None,0
9d13028e-5a3a-49ff-99c3-e3b547f086e1,Student,10% Cashback,1
0f971a41-096b-4cce-a5a0-74d847435195,Student,None,0
16f6ace7-f0f0-49f1-a794-1ca2112a4b66,Professional,10% Cashback,1
80265fa7-b3ee-40be-a587-b63a9d18c7b8,Enterprise,5% Discount,1
94799d95-99fb-4183-883a-7ffa379c764f,Enterprise,10% Cashback,1
deecf62b-7387-4c6a-8175-db78991fd97a,Student,10% Cashback,1
73f54c9e-2e8c-402a-aaf4-4061c4a4a9dc,Professional,None,1
05aa38f8-1508-4c26-a6e4-6b46ecbcae66,Professional,None,0
48547fd1-6a8a-4e88-b0ae-8ac6221e8d63,Student,10% Cashback,0
7daeebc6-99bb-4208-8fca-94593a3175f1,Professional,None,1
77b55c18-7e7d-4978-8313-c7f1b624e22d,Professional,Free Shipping,0
37988843-671b-4aef-861b-5dae48a90158,Professional,Free Shipping,1
85102149-7aaf-45c2-977b-2a0ae8ee4e3a,Student,5% Discount,1
88ea9961-2d20-4260-bd3e-c76919d33b95,Professional,None,1
c31fa7b1-3d29-481a-a78d-0875d2295b33,Professional,10% Cashback,1
6e75a005-88c2-4aec-92b1-27d2b9860382,Student,None,0
d4a1fb42-09f7-40b6-b448-421bd4fc52ea,Student,None,0
dac77bc1-eb1a-4390-a228-46cc058516ac,Professional,None,1
45889b8c-4be6-45e0-a68a-8feb3cf2c4d9,Student,None,0
4393eadc-a144-4965-8f89-0f3b3f2c9868,Professional,None,0
b1446a76-5cb4-411c-8470-6546d842c99c,Professional,None,0
65bed457-8839-43f3-a6c5-03713181a013,Professional,Free Shipping,1
66b8beb1-af7e-49fe-b2a1-8592d3adf121,Student,None,1
e6a486e3-5615-453f-8349-9feee3e632df,Student,Free Shipping,0
2d6976ee-a86e-4f9c-aa8c-36eadd3d06d8,Professional,None,1
825bba61-9630-4e11-a621-48743fd5f4d4,Student,None,1
42681967-dc9b-4a34-af31-81ffa7d69442,Enterprise,10% Cashback,1
87fa2373-6c6d-4fe0-a9c9-dd1aa81da967,Enterprise,10% Cashback,1
634341be-e2c4-4eec-bd5c-ee8c98159183,Professional,None,0
2c27635b-7f75-4067-bc06-ff9b67684d77,Student,None,0
c79cb0fc-4c98-4ef7-b285-97db9b8cc562,Student,None,0
e313379a-c0de-4702-9f15-aa104c2416bd,Professional,None,0
d9dd3db9-51f0-4ba8-bc08-f6f8687d2e42,Professional,10% Cashback,1
5f58ef0f-1413-45fe-ba78-819eef4f52ef,Student,10% Cashback,0
5e2eca16-30e3-4f58-8533-bdc9586b18f9,Professional,None,1
8aa67ede-c22d-49ba-b51b-70060cae0330,Professional,5% Discount,0
771b7e6a-2039-4bc0-af8b-eb4fcf8e8653,Professional,None,1
305ee280-aa10-4cb1-b776-b024913ebc89,Student,10% Cashback,0
6058469a-8730-4086-ab4d-299eeaccb3f8,Professional,5% Discount,1
2122ffb2-fd41-4c19-8d04-356b33207492,Professional,Free Shipping,1
18e9d5d1-ae19-4d30-9d50-f67cf7df569b,Professional,None,0
b029ca69-35fb-4d63-bb8d-185a13f5ec42,Professional,10% Cashback,1
d3229aaa-8a43-43db-b2b9-82c5db12fd52,Student,None,1
d023b50a-49eb-457c-b23c-1de117fd9fa6,Student,10% Cashback,1
df61831a-9fb3-4f10-8bf5-190028ab66b1,Student,None,0
6e9258bc-e3f3-4429-a94e-42601681cf4a,Student,None,0
84141b8e-b165-4976-9466-93caf8bf6ff5,Professional,5% Discount,0
d5e5f439-2c65-4ac0-95da-393461e542ce,Professional,None,0
b58817f0-477b-44b6-a76e-f2ce5737eac5,Student,5% Discount,0
d018368e-446a-4459-b8c5-01958d3013a5,Professional,5% Discount,1
627a10ff-3aa1-447b-8e85-b088b048ff52,Professional,10% Cashback,1
9eca087f-8aa2-4f49-a2fe-1f986bb6a22f,Professional,None,1
d9dabcb3-4637-4e03-8d5f-75bce0771cdb,Professional,None,1
ff6564e0-aef6-4d40-8133-122169c84261,Student,Free Shipping,0
f6113a74-4254-4d82-bb34-8eb45200454c,Enterprise,None,1
1d4db815-e72a-4300-8862-5857e11cc0fa,Student,10% Cashback,0
6877e109-bf4f-483a-b6b1-78a75af0834a,Professional,10% Cashback,1
3f2dd13a-20c1-40e3-b5ef-09281ff7d245,Student,Free Shipping,1
8884a59e-a841-4c19-ac91-b3af965155f5,Student,5% Discount,1
fdff78ef-128b-406c-8584-86c6478f4cba,Enterprise,10% Cashback,1
b42646ec-c3f9-4337-9123-215acda55719,Professional,None,1
b5af31a4-3497-4d1b-a216-9f228dacd219,Student,None,0
bcf8a6f4-d71b-4b6c-9350-2e861a2231c1,Enterprise,None,1
330df2cd-6721-41bf-96ce-2d732b802516,Student,5% Discount,0
17281b56-2ce0-43f3-938a-e1fc787fcefb,Professional,10% Cashback,0
df5f04be-2e9c-4971-af2a-0b76311dba44,Professional,5% Discount,1
e75cbca4-4dad-4fe1-aba6-72aba5cf3515,Student,10% Cashback,0
d16f1817-ea12-45d5-826e-4742d9c2aacb,Professional,10% Cashback,1
afd611ef-7c84-4f28-aa10-54c39c5f2af4,Professional,None,1
d201a260-21bd-4cb4-8920-8fd54ef4d82e,Professional,None,0
43d19882-f95d-4184-ab2a-9bde040baa25,Student,None,0
68f4a844-4ef1-4118-b122-894346e5b83d,Professional,10% Cashback,1
816d945d-d846-4d0a-a29c-e952f1b80d2f,Professional,None,1
6cf3fe0d-3770-41ba-aa91-f30b780fa36f,Student,10% Cashback,0
8b50c1aa-75c7-4cdc-8848-1689d8bdc425,Student,10% Cashback,1
4531ae9b-9919-46f7-af24-069e414b1ffe,Professional,None,0
073bfd57-7b0a-4e93-9640-e28795685716,Professional,None,0
5f484338-ef99-4d82-9e63-92cafd7a9d5f,Student,None,0
92ad4648-8d42-4db5-a54c-812e672f6a0e,Professional,None,1
def58ad8-027c-41b0-9ccd-c71cedeadf29,Professional,10% Cashback,1
9096e39b-c512-40b1-a316-5fbc6d394922,Student,None,0
b5d47d05-0700-4c97-8760-8fa03e1eea49,Professional,5% Discount,0
4d60b861-f4d7-45fb-9017-1c902249e9e1,Professional,5% Discount,1
7ab3650f-8d6a-4429-85ea-037ac6ea30d0,Student,None,0
702002b4-2eee-4e02-8907-c90584d14478,Enterprise,10% Cashback,1
f5553497-9e83-4bc0-ac2f-48f958ab379f,Professional,10% Cashback,1
c532110a-79ba-4783-8dda-977e06bb7ed2,Enterprise,10% Cashback,1
ae8585c9-1019-49c0-ad24-6cb7d8fe5fd6,Professional,None,1
6b0d1c9e-e57a-486c-827a-dcc51f2cf854,Student,None,0
176f0119-eeb3-490d-aedf-d5a837c8d7db,Student,None,0
088d0179-e29c-4264-b37f-0874d856fe03,Student,None,0
bc36aa00-0344-4f87-a154-3563dac892e1,Professional,5% Discount,0
d1ca1742-29eb-4309-aca7-9c93383c7e9c,Professional,10% Cashback,1
eb664f0a-91aa-457f-b07e-fefe2887f12c,Student,Free Shipping,1
3184f801-02cd-4dcc-bacc-7dd6a9d3651f,Student,None,1
9a851edb-3712-432d-8535-ddb10100c547,Enterprise,None,1
15f9300b-f95b-45ac-9f6f-e46084b27c1d,Student,10% Cashback,0
a04a8d79-e051-45e5-a3c5-d8e4cf9f1c3c,Enterprise,None,1
1fa18a27-0127-4f6b-87f7-86b21d2135ee,Professional,None,0
88bf8c87-0ab2-4399-860a-7aa829791b56,Student,10% Cashback,1
9a160ebd-e1f3-4159-baef-988a7dfe7946,Professional,None,1
b92d5725-aad6-4c5b-bb24-b2e659b15aa5,Professional,10% Cashback,1
d892cd59-675f-46c9-ad78-18846f0ba544,Student,None,0
e1963042-9d2f-4207-88f3-cc68c9ba1f7d,Professional,10% Cashback,0
718f926d-424c-4875-8531-b0d7467d1e8c,Professional,5% Discount,1
d4a4d5df-b413-4c2c-98cd-b65e42f24b5a,Professional,None,0
bfbf0e3e-288b-4693-b1a3-cd3073454f02,Student,Free Shipping,0
816ab01f-da8e-4145-801c-748d9a582945,Professional,10% Cashback,1
103febf0-f5a3-421b-9669-3c5ebd454c33,Professional,Free Shipping,1
2ddb1422-80e9-423b-9cdb-42f451d7685f,Student,None,0
1ed8c00a-bfeb-4263-abf9-6e06b20b51ef,Professional,10% Cashback,1
d019c1fc-e71f-444e-9aac-bd3b9a18be5d,Student,None,0
6670e6c7-7e9b-4da3-807e-7aa7b6314769,Professional,5% Discount,1
0c9913ec-d434-4444-bc75-43fdf9087473,Student,10% Cashback,1
b1f51a7d-3009-43de-ae9d-f227413da30e,Professional,None,1
fd0d8e9a-13f2-4229-a8a3-ae3756372ad0,Student,Free Shipping,0
506caf29-5f07-4519-b294-75c47566218e,Professional,None,1
203353db-abd4-4fd0-b8b4-40f3999c6e6f,Student,None,0
87b9f40e-901d-4ac3-9415-82a5010944d1,Professional,10% Cashback,1
f0776768-76ce-4c02-afbf-be8681dc3492,Student,10% Cashback,0
74d6b95f-ec8c-4db9-a726-08f952bcc8b3,Student,None,0
be68e65b-5fe7-434b-9551-a0520bc1069b,Professional,None,1
efbbb2ea-20c3-406b-8566-cd589aedf3d1,Student,Free Shipping,0
1ca10a81-6c2d-4fc7-a0e6-773d9dd1ae66,Professional,10% Cashback,1
6f74da33-36ae-44c1-bb7b-3f218bf0c06d,Professional,None,0
2f786769-a2bf-4c84-82bd-75e19965c59e,Enterprise,None,1
8e65cdb2-94da-4327-9668-f3fe2651b720,Professional,Free Shipping,0
fa938fdf-e509-45ee-b91f-c68c0ee2e963,Enterprise,10% Cashback,1
749d4138-461a-4fd7-bb2e-7abaf5e3ccac,Professional,Free Shipping,1
405bce5a-7312-4aa9-ae9b-87e541ed289d,Student,None,0
5c6f167c-6b32-4749-8925-94ce3afd3c9c,Student,10% Cashback,1
ef787c62-f9d0-42f5-8407-30adbf09f42c,Professional,10% Cashback,1
2d436699-d6c7-4ff8-8c54-5deeaed463f2,Student,None,1
a116dce0-0e7f-445b-bfdb-7f93c6f048e2,Professional,10% Cashback,0
b7e1ad6e-e44c-407e-9b9d-7f7f2de82c99,Student,10% Cashback,0
4439251a-a1db-4430-845d-7a8bd78553a1,Student,None,0
70bdf5cb-cefd-48b5-b9f2-a37723f2911b,Student,5% Discount,0
6201bd1a-65bb-4570-bf2e-cba83c78830f,Professional,5% Discount,1
c05aa38c-af20-4c47-ac9d-da144b3c1551,Professional,5% Discount,0
9826c1c0-8f7c-415b-bd4e-5eb5559a82c6,Professional,5% Discount,0
84ffeb27-5f59-4622-a8cf-ac16740036ae,Professional,None,0
a1a46dca-1ffa-46a3-977a-cd817f30dbc0,Professional,None,1
e647b3bf-5ad0-40d3-b055-f911d5e21750,Professional,5% Discount,0
3c3ec2bf-5f5e-4976-ab24-9c3b9fa14656,Student,None,0
70de86d9-bc7e-429f-a568-d211c96db68b,Enterprise,None,1
d74c6e8a-0577-4d00-9f47-61849219f0b5,Student,10% Cashback,0
630aba66-5da7-4595-9c6a-3dbfee865205,Enterprise,None,1
e9e6477d-4c52-4aa7-974c-37721df70cce,Professional,10% Cashback,1
9d45a219-e9f8-4bd5-a6b6-93ef54d80a8c,Professional,None,1
2166ea19-029c-4f30-8e57-1123ec566453,Professional,None,1
deee9437-0970-496e-a34f-d87ad5ba9660,Professional,Free Shipping,1
b1b66f26-8cd6-49d8-b4dd-127fd4ceef97,Professional,5% Discount,0
c3b398fe-c249-4c3b-ae92-e343eee9915c,Enterprise,5% Discount,0
4b94cdbb-bf49-49b3-b054-f38162fd7aeb,Professional,10% Cashback,0
b6abe254-231b-4c35-8a92-b41d85df14c0,Student,5% Discount,1
5bb8b918-4f41-4569-972a-3d722aa8bf24,Student,5% Discount,0
223c5458-b84b-44af-8f45-e2c7a7aa1fde,Enterprise,10% Cashback,1
87ba0ea8-90fd-45ae-899f-1ad15b3255ec,Professional,Free Shipping,1
804ddcad-1b33-458f-b730-8afc6dde5735,Enterprise,None,0
ad79894a-87b8-4c4b-aca7-8a9db133a5fa,Student,Free Shipping,1
60c1000b-2081-4d27-bbb4-6c2322c8016b,Enterprise,None,1
20de740d-508a-4e44-88e6-b00b57d99a15,Student,10% Cashback,0
d37149f6-00a5-4787-8153-92fec9c35488,Student,None,0
39e25bbd-9124-421d-bb81-5e3985b11b45,Professional,10% Cashback,1
0cc54ca5-acad-4f18-a1ae-7b6b6551a9de,Student,10% Cashback,1
f66d43e5-1eae-4c4b-9d00-a189260be0c9,Enterprise,Free Shipping,0
6f58518d-ce9d-4fd7-b1d8-7314de9a427a,Enterprise,Free Shipping,1
389b935e-fb5f-4dbe-9fac-3dd8adfb2e64,Student,Free Shipping,0
901b6d74-5c04-48cf-9a2b-457bb213ea0b,Professional,None,1
2a1908ab-9570-4585-b076-e30b25304be5,Student,Free Shipping,1
0e547155-5307-4087-b0cb-0d35e67f6b47,Professional,None,0
fb8d3a38-632a-4d8a-b04d-6f5606ec918b,Professional,5% Discount,1
f3ea0024-8c8c-4ac7-9584-0e7f366f24d9,Professional,None,0
fdd3b7a4-f6c9-4b44-8f98-7d20704a6a96,Professional,10% Cashback,1
fed9a327-3adb-4a44-843e-8c675e09b631,Student,Free Shipping,0
face2522-97af-4015-aeb3-03df7ec9664d,Professional,Free Shipping,1
1a102c4a-fea1-4cd9-9de4-2b14deaece21,Student,10% Cashback,0
28a73748-ea5a-46b7-8ca1-a5f57707f69c,Student,5% Discount,1
29aad92e-a803-4b80-9f1d-f6f5f5248073,Student,None,0
01ad2e81-4613-43e6-8905-343d41cf4a80,Professional,10% Cashback,1
8aca0826-71ba-48ec-a000-a7b0ee1d953f,Student,10% Cashback,1
0d887633-1f19-4031-aca8-7c291ce890ca,Student,None,0
ad1d7ae6-5cc6-4244-a47a-4a8f9a850f2b,Professional,None,0
3a20826f-e393-42ef-ac48-f028f8cca254,Enterprise,None,1
871a15ea-ea99-4879-8c61-ae3c72da625d,Enterprise,10% Cashback,1
8c0a0414-b8be-479a-a8c9-7e4b59f6a1b1,Enterprise,None,1
82a348e0-4ae7-4cdb-b3e5-ff9dada81300,Professional,None,1
569e4dd7-e515-4c5b-b541-a56ab3b16021,Student,None,0
7145eef6-3982-4d2c-ad7d-dfde491a910c,Student,10% Cashback,1
7810c709-7bf6-4581-8b68-644f6a93d8bb,Enterprise,10% Cashback,1
7c662f5d-4476-4218-b1f8-8e2123528af2,Student,10% Cashback,1
4755077d-d5da-48a9-b960-1488eecd1fe4,Professional,10% Cashback,1
5e3d0aa6-8be7-4164-8f1c-e37f3916395b,Student,None,0
d2781e30-6cb9-4a5b-8216-6befd2adef8c,Student,None,1
354b2d2a-e371-4cf6-b6a3-4c6d8017d79d,Professional,5% Discount,1
ee90c302-1bd5-4b2f-80b9-82b57de70bde,Student,None,0
ef64f1da-4530-4b1f-a3e1-633b183b423b,Student,None,0
4be086d2-e549-4d1a-aa14-b7874b6be341,Student,10% Cashback,0
a58af87b-4cda-422f-816e-6d0549bac99a,Student,None,0
32043ae8-14b7-4fa3-9b9e-259f4973c1a8,Student,5% Discount,1
9925147b-057f-40f4-b46c-a4883363f9e2,Professional,None,0
78589b7c-c17b-44bd-9d84-86a95262a448,Professional,10% Cashback,1
004e7e44-216d-4479-a8cc-5720bbde48cc,Professional,None,1
7e689f57-8282-4d7c-bb74-8adda43db0b2,Professional,None,1
e36d6594-a708-4345-9d4e-2c0073c9ccb2,Professional,None,1
6661d8d4-a693-4886-baa4-dea5f49eabf6,Student,5% Discount,0
01fba1eb-0186-41f9-a933-f841650d4285,Enterprise,Free Shipping,1
78fba7b4-8643-4f37-bbaa-f316cfa3f80e,Professional,None,0
69bf872a-7c37-4bb7-9b9b-e7ef6f071bfc,Professional,5% Discount,0
fa825f3f-ff76-41ee-8978-70a7f54ae6d4,Professional,10% Cashback,1
e4bea59d-a9a1-441e-b7ec-30fcfcb2602c,Student,Free Shipping,0
15d17154-b0bf-4f46-a80f-1d50b5724677,Student,5% Discount,0
00b95885-e347-407b-ac94-c65277dde665,Professional,None,0
57c42b8f-fd4e-4eee-beb3-87b8de561533,Student,10% Cashback,1
cc1af427-3b9d-4f36-a77c-39e9082b91d1,Student,10% Cashback,0
3c78122b-bf69-4c9f-a4cd-1cba4c155e5a,Professional,None,0
20fa400a-6516-452f-950e-2eaf5fd1ad18,Professional,None,1
3c21e1a1-01c7-48e0-a863-17ffee1c1693,Student,Free Shipping,1
ca40c9d4-b8f7-4912-b9ea-99d1f7205eb7,Student,Free Shipping,1
7413be58-9ccd-4654-8eb1-b9a120e5916a,Student,5% Discount,0
cb4120b3-2dc9-4b3f-a406-f4eb33efaabc,Enterprise,Free Shipping,1
23908f5a-2307-4bef-bd5c-6c9afdba059f,Student,5% Discount,0
ded7fdd1-4134-4355-89b6-3fcfc0c0f6e1,Professional,None,1
c05df723-8a32-46a4-9112-d1828746a353,Student,None,0
1ae6ec0d-a2c8-440c-968e-26a13b09edb8,Student,None,0
8dc09beb-9944-441b-9d1f-52e9e58c8364,Student,None,0
192461ed-f978-4583-a888-7b65ae16f732,Student,None,0
8cb5f0d0-14d1-4851-bfd3-551be8579309,Professional,10% Cashback,0
36b39010-a02b-4665-87a8-552a53718845,Student,5% Discount,0
7e55b6ac-82a3-4628-ab74-9208c7071cc7,Student,5% Discount,1
52d01f83-111b-47f6-afc9-cb86f4a9ff48,Professional,10% Cashback,1
aaf4c6fc-5af4-4313-b50b-f728fa514a54,Professional,Free Shipping,1
20a8e758-d59c-4860-a866-462544cc5262,Student,10% Cashback,1
27614a39-196b-478a-a6ca-b7d86e5e7d1e,Student,5% Discount,1
37faf1c1-1243-49f8-b600-e287f0506dab,Student,None,0
eb8b25c2-ba71-473c-a416-bd5cb476b67c,Professional,None,0
fd505f32-3a7d-4ff3-b8c2-414dbcb10d61,Student,Free Shipping,1
bda0a4ed-389e-4362-bad2-5ae18d21f170,Student,None,0
b14a92ae-0b13-4650-a212-e06ccf5c382a,Student,10% Cashback,1
73d548ca-aac7-4661-b713-5c45c85f8bce,Student,None,0
16b9388a-8397-4d12-bb4f-dbfe47411038,Professional,10% Cashback,0
fe84d639-9d8b-4f5d-b6f3-e5fa88f585f0,Student,Free Shipping,0
06fd1f1e-f292-4951-bb23-456080a48f4c,Professional,None,1
4d20c0b3-db94-40d7-9e34-f04ebd51f177,Professional,5% Discount,1
ddb05eea-c152-4273-836f-fefd1f66309a,Student,None,0
591ff92d-d1a7-4161-ae1b-6cd64028535d,Enterprise,None,1
320bed0f-24fb-49f9-be0d-2e5b9c5ebca8,Professional,None,1
c0208621-3b49-4127-82dd-164bda5f6f7a,Student,5% Discount,1
1102911d-dba5-4098-bde1-1b3af7895f7b,Professional,None,1
8b597f7d-410d-4c09-87e7-81cbace7af54,Student,10% Cashback,1
65ec68cd-cf94-48fc-8509-369b6d7a631c,Student,None,0
61587214-661e-4128-a5f5-d9b4eb989f15,Professional,None,1
c98edf80-8dd2-43fe-a95c-fb6046abe148,Enterprise,5% Discount,1
5a5d1ffb-13db-47b4-8109-0504bfd19d70,Professional,None,0
b5efba6c-3eb9-456d-a79e-bfe592117c11,Student,None,0
b82ae6b6-0ace-4e1a-aa94-7b9e436a80e0,Student,None,0
498b7479-a637-45f0-b8f7-153a8b61fd38,Student,10% Cashback,0
6aee842d-fc5a-4e54-9ffb-11e0ce9f4d3a,Professional,10% Cashback,1
e5b9bf78-a42f-4ca9-aee1-4be8cd30b0a1,Professional,None,0
e8261dc2-680d-4e64-9ae8-3a1973cfe75f,Professional,None,1
7e2dd35c-f8eb-40f1-95ea-888218c4b71f,Professional,None,0
71ffb386-00a6-4909-b3fb-0ab64ae6e40a,Professional,None,0
bd430596-51a4-4614-b154-60579c531472,Professional,5% Discount,1
2551b81c-bd99-4955-9796-010227292544,Professional,5% Discount,1
0ff3bb7f-beac-43d1-a78c-914bcb26a3b4,Professional,10% Cashback,1
f39a5cf4-dbed-4401-be63-959cecf3d97f,Professional,None,1
cc9f5ea6-aec3-4bbc-a5d7-2917f77b0865,Professional,10% Cashback,1
bc338200-f3a6-4e36-afc8-c8eaa0db0845,Student,5% Discount,1
bcd58e19-962c-4f4f-bfe5-91bfa737e647,Professional,10% Cashback,0
49fd70a6-06f0-4186-9ba7-f4ea0627a66f,Student,5% Discount,1
9a2f42bc-b5f3-491f-91a5-8a3b630ecbd0,Student,10% Cashback,1
45352260-0477-4c0e-a618-e4d297569b7b,Professional,10% Cashback,1
1b70be6e-3440-4bf5-96fd-4cbc8ca610da,Enterprise,None,1
41e253b3-5262-4c6a-8001-c1030c3f7c58,Student,10% Cashback,0
0f9a8875-cd65-41c6-96c8-be9de8165397,Professional,None,0
f2c4f345-fb53-4bd2-a91d-72020c1fb883,Professional,5% Discount,1
ce7a246a-058c-4f2a-9aa1-f2a088b163f4,Student,5% Discount,0
f2567ce9-997c-491e-bbe6-e74f4314d916,Professional,5% Discount,0
e315301d-41d9-4ce9-a478-34d5111886ad,Student,None,0
942d7068-7299-4cd7-903f-7284b45aa809,Professional,None,0
231bdce6-6f2d-4dfd-83c2-0701e122773d,Professional,None,0
e743782f-e117-46c5-a5d8-99128f585cb3,Student,10% Cashback,0
ff93bdc4-e032-4496-b2d4-c8c7f5e04943,Student,5% Discount,0
b6fd9bde-8e73-4b72-8dc0-8da81e933957,Student,10% Cashback,1
a17970ac-28d2-4cf8-ac73-02d1a612c83d,Professional,None,1
aa0721c0-2f8a-4f3c-8deb-9c0817910066,Professional,Free Shipping,0
b76dceaa-8878-41e7-a0fd-366997caae26,Professional,Free Shipping,1
f62ea93f-6ccb-4433-8f9d-4f6ebfe31973,Student,None,0
d3f49690-0f3f-4566-9865-36e3e12be080,Professional,10% Cashback,1
8aff03c3-5416-4a12-a56b-af417467d05d,Professional,5% Discount,0
fb3deffd-f660-48a9-b30d-27a49061fa08,Student,10% Cashback,0
3e8c9863-6191-4b78-bedd-04804734b556,Professional,Free Shipping,0
7a53da00-4e99-4ae2-8587-8c8715ec22d4,Professional,None,0
2cd6e9bb-bb01-4f5b-be2f-dc29ce82ea5b,Student,10% Cashback,1
fdca18c9-4138-4d0f-9e6a-2e835e5f2fe1,Professional,10% Cashback,1
ff1512c8-0ab8-423e-871e-e6b81ea07e69,Enterprise,5% Discount,0
522f7ef5-17bf-4ffe-8cf1-29fdf183facd,Student,5% Discount,1
44b5c89a-82a7-43db-b7bd-946b28fba163,Enterprise,Free Shipping,1
eaab7760-7029-4a0a-bd91-9daa7ed0da5d,Professional,10% Cashback,1
f2912e02-4ed2-45a7-bfe5-8005f57865fc,Student,5% Discount,0
f83a31c2-4f25-489e-bebf-dc6a3fa52c69,Professional,None,0
95ac71c9-948c-4dfc-93ab-910594bd38d3,Professional,None,0
50ec148b-e757-443e-a1ef-5128cc4e23f2,Professional,None,0
49397f78-947b-4fe1-a370-c405c90a3754,Professional,5% Discount,1
e9a7a5f1-eb16-4799-9d3e-722f357dcfce,Student,Free Shipping,0
adb36c3b-0267-491e-ad3b-16e7d09de0c1,Professional,None,0
92719e90-d4d0-4630-b3bd-249e659ca741,Student,None,0
0bfd0493-6822-46c1-927b-ccf9e2723d83,Professional,5% Discount,0
809484cc-86e1-421a-837b-6c77e78c07e2,Enterprise,10% Cashback,1
fc99e613-48e7-492c-a030-e41cc1153291,Student,Free Shipping,1
f79a996f-5791-4de8-b14e-a8baa86aa76b,Student,None,1
9640b6f4-bd1b-4424-95c6-f04b55e0622f,Student,None,0
ad1dba15-e2ab-41f2-81ef-58f52838985f,Professional,None,0
ca89d706-5e42-405f-9e06-ada1fad533ed,Student,None,0
4b4f9d8f-a272-4e6f-9782-b1566d0f2cc8,Professional,None,1
720fe0ff-28c4-40f1-bcec-fb7bfe1e9f00,Student,None,0
e439dcbb-96e3-4f2f-b74f-40cde08f9d0a,Professional,None,1
7bef9540-2a3c-499a-a3b8-9f1a375ec03a,Professional,None,1
105e7d32-afbb-43f8-8b62-cd6c5b823a2d,Professional,Free Shipping,1
1b1e0a96-e045-4b0c-88ec-2a7a0ef9f4e3,Professional,None,0
9f55a85d-143e-4886-97a2-170e955e7150,Student,None,0
4b1256c4-b3cd-4b28-be87-b78cdeee8e6e,Professional,5% Discount,1
96507e20-790f-44fe-bcdb-922790b46eac,Professional,10% Cashback,1
747e65da-4cb3-4696-b598-97c8406e194c,Student,10% Cashback,0
2763ab6a-7ea7-40f1-b02c-d8f8eecfe08e,Professional,10% Cashback,1
8118ed11-36fd-4b1b-ac1d-2a9ea19f089f,Student,5% Discount,0
890e295e-cc35-4e7a-9287-1af045b335b1,Professional,5% Discount,1
15ec6b8b-e404-4e23-b2c7-d30bcb7a7b14,Professional,10% Cashback,1
909356b3-0593-4ab5-96e6-c549cfdcaf92,Professional,5% Discount,0
6dd243ae-4e0b-4576-8096-1915d3a2bb7d,Enterprise,10% Cashback,1
5ef5bd36-5698-4f2f-bc55-aead6f7178c7,Professional,None,1
0f262712-e5c1-466b-80ef-4175e2b31e7a,Professional,5% Discount,1
d1d7889b-8df0-4513-b864-75e516a3dc93,Enterprise,10% Cashback,1
282a44b7-5796-4f8d-aa53-49f3b4a88f4a,Professional,Free Shipping,1
0a58243d-7477-4e48-b69e-c920c5e317a3,Professional,None,1
a7cf8296-64e3-4de6-b5f3-53c1eb144338,Professional,None,0
1cd02700-1ab5-4df3-8356-693eae9c5835,Professional,Free Shipping,1
d3d73df1-f01f-49ec-8cd2-21b49d25334d,Professional,None,1
693cc772-75f1-422f-a88f-f1abaa32e5f2,Professional,Free Shipping,1
1d31ac6d-94c7-4b76-b26d-a99ac5ee5eb3,Student,Free Shipping,0
e577948d-94e7-4bf3-84ff-21b2ca4f3da6,Professional,5% Discount,1
99adee80-f449-4236-917b-7797d1b5e30b,Professional,10% Cashback,0
22114472-6093-414c-a4b5-e259bfc9620f,Professional,10% Cashback,0
dbbcd93f-4bcf-4452-b236-38cdfee79509,Professional,5% Discount,1
8fe9d81e-eaeb-4f00-9528-8ea5712cac0e,Student,5% Discount,0
0920bc07-19dc-4920-b7da-8a952cd978b2,Student,10% Cashback,1
263cd4fb-1d65-4a8b-9aa2-9f3910e0e1f5,Student,Free Shipping,1
67d2dece-c940-4fbf-afae-5ebf54677d62,Student,10% Cashback,0
8f7e7060-e34b-4af9-b546-3734ae204c5c,Professional,Free Shipping,1
0eb8939d-523f-4e15-aa16-7042e145a753,Professional,None,1
7bdae477-715d-4b0d-8852-06dbb94c8de7,Professional,None,1
9ff73476-b8b8-469c-b6ff-babc5a1c5ff2,Enterprise,None,1
70791884-378d-4748-9094-17e897d0c348,Professional,None,1
73098b95-8f5c-4e12-96a8-453f5a5d61cc,Professional,5% Discount,0
f1eb1c06-7235-4eea-8b31-781321c864aa,Professional,None,0
eec291d7-ed94-4d2c-ae98-b10d0e113125,Student,Free Shipping,0
339800e7-5946-4afe-a218-04f6e7939880,Professional,None,1
6ed04b4b-b1c5-4c75-9a17-ba6bc265ade1,Professional,None,1
11fa9e09-e6e9-4a58-8ecc-eff414931c3a,Professional,None,1
86b8988b-c266-4e37-ae29-cf65d943f0e5,Enterprise,10% Cashback,1
13ad19f1-b536-41bf-8ea6-d8fb116f288f,Professional,None,1
0f436827-29f1-4846-a5a1-a8b927f024a2,Enterprise,None,1
6bb1ab0f-5412-4798-a240-28c3e1d13d4c,Professional,10% Cashback,1
99dd5619-0b01-40df-b640-c27df8e755b8,Professional,None,0
be03bc3f-e6a2-452c-87fe-b5c957585c07,Professional,None,1
11ceea59-1606-45d1-b7dc-27220a6dd8fd,Professional,5% Discount,0
499398f6-d570-44e9-8529-070a23136ba9,Professional,None,0
e58142d0-b42a-4e7f-8b33-8d55960bbd25,Professional,None,0
86a82330-62bd-43a5-b9ee-1ad1979752fa,Professional,None,0
5c3f9e51-3ad5-47f3-b2cb-ef29ec6990d9,Professional,None,0
dcba360d-de62-402c-896c-8f51300272fa,Professional,10% Cashback,1
607b9652-5808-48e7-b7ff-e05812cd6bc6,Student,None,1
0c780f4c-0195-4ca6-8819-fe75e8c01197,Professional,5% Discount,0
40c0049c-af25-456b-b61f-bd8953c72c09,Student,Free Shipping,0
e60bc07b-92cd-4930-8538-4b586cff4bd9,Student,None,0
22d9a13c-3559-487c-9288-365fe8fa98c0,Student,Free Shipping,0
064e2af7-d04b-4638-8c1c-6c224b718303,Professional,None,1
65d93d93-29a8-4d4b-81c7-e13779c282d4,Professional,None,1
1012e605-48ed-471a-afa1-afc0d67db1d0,Student,None,0
2b34fe46-e382-4fe0-a100-602595b440c1,Professional,None,0
ea860c78-e03a-48e7-bb81-25cc25c03228,Professional,10% Cashback,0
1bf62457-0d6d-4f7c-9fee-9aad25bb792e,Professional,None,0
8c082e6d-efa0-4933-ab5a-d0a85e16a8c3,Student,5% Discount,0
07b97dc8-d684-4348-b8a7-ee2a0fd9ac3d,Student,10% Cashback,1
652c1b36-df8d-4dae-9a1a-8e356f2e0162,Student,None,0
5ab6913b-776e-433d-8290-bc54289fe840,Professional,10% Cashback,1
42155899-b828-457d-a24b-479a2305f193,Student,Free Shipping,0
42f100a4-f604-433b-b71b-dd7ef75c3314,Student,None,0
56fb25ab-d854-47ad-be19-b9984cec9bde,Professional,None,1
90db8266-7deb-4f69-b057-819d03c62946,Student,None,0
8e0ddebe-304d-403d-9104-57b5329a6111,Enterprise,None,1
5a5a5575-eb26-4c7b-9935-58b8919370d1,Professional,10% Cashback,1
d8a4b549-7ff9-4952-8949-ddbf2d458eeb,Professional,None,0
1750ddc2-148c-40ae-b3c0-bea2208e443c,Student,10% Cashback,0
084bbebb-583f-4327-95c9-a4a7d7741477,Enterprise,10% Cashback,1
504bd0d1-c8ff-423c-97cc-69edbd3e7680,Professional,10% Cashback,0
469c705f-fd49-4034-9b5f-e3e2595846a0,Student,None,0
251f240d-d223-4534-a833-a824c89b6051,Professional,None,0
fd944565-03da-4ab6-a566-8366d8985332,Professional,None,1
c88add33-d451-401a-a704-417de6290856,Student,None,0
ccd09c92-1501-4268-a6bf-8ebe060e5e69,Professional,Free Shipping,1
591790e3-6ebc-4cf2-af97-f6d41fb377b4,Student,None,0
8decb620-6185-48ba-829a-2b851abe2c3e,Student,None,0
51e62402-e24f-447b-aeb7-842183a59db4,Student,None,0
8043edd0-e2ff-45d6-8fa8-7e1d3e3be3e2,Student,5% Discount,0
33f3a3d6-c5bb-4165-8449-add6343c5b9c,Professional,5% Discount,0
ee6b3590-6db5-4cb6-8732-f7b75958073a,Student,10% Cashback,0
2efc7fb5-c15a-4862-8021-18884a0b0b4f,Student,None,0
84f933e9-be9b-4b1c-b2f2-5cc2925025b4,Student,None,0
0878b0a3-02e0-494c-83b6-057dc11c9319,Student,10% Cashback,1
bd05aa28-3031-476e-8ff2-f79249db36ed,Student,Free Shipping,0
b263e1eb-1096-4c65-ae28-2512b9ca51e1,Student,10% Cashback,0
b737eb64-e7d9-404d-b67a-cca08a6b6b2a,Student,10% Cashback,1
bb28c27b-4449-47bf-b211-d299f86ddddd,Student,None,0
bb1dab03-9063-4e0b-a759-004b430d61b9,Student,None,0
59d31fcb-6522-4209-973e-901b08108aab,Professional,5% Discount,1
17c33a43-5bb3-4131-a45a-55df7fbaa262,Professional,None,1
f3e8ad35-0143-4841-9415-356fd616ff6c,Professional,Free Shipping,1
b8c72a84-6c03-46b8-a8c5-619162b44bd6,Professional,None,1
0d6bbb89-518f-47c0-b871-c185baeda7d3,Professional,None,0
ab272378-7050-45f8-850f-ac02cf62206a,Professional,10% Cashback,1
8e516214-3bc8-4cb1-80c0-d932da1a08dc,Professional,None,0
9379c131-fc23-4759-bdb7-feb629e4b041,Professional,None,0
89a733fc-e5b3-4c7f-86f6-16a57dcc29b1,Student,None,0
241ed745-12c9-4134-b1aa-3d30c06157b6,Student,10% Cashback,0
66a8e54b-933d-492b-bacd-b49d4d79124f,Professional,None,1
56c52730-3361-4c45-b8b3-d1f84f628043,Student,None,0
c5d86171-182e-49c9-a926-86004e751a0b,Professional,10% Cashback,1
a22fdb2b-9d3a-4db4-9131-49a44ad0ade8,Professional,None,1
463850c8-d7f4-45ca-89f5-8076d1f8a8f1,Professional,Free Shipping,1
dd7b559d-46d6-40b1-805b-8c846d20d7f5,Professional,None,0
6b702a14-a5d1-4b9d-bc65-d1f198fee76c,Professional,10% Cashback,1
ac37cb57-9163-46fa-8cbc-4e5cd56467fb,Professional,None,0
6c57976e-f125-4407-937c-653eb5049f70,Student,5% Discount,0
8a16c948-4d82-4a4c-83d6-c936b3d7eb43,Professional,10% Cashback,1
212037a2-4d4a-4277-a810-6460e85b7ec2,Professional,Free Shipping,1
94a05bf7-eaef-46d3-84a5-f284b1fc3d32,Professional,None,1
d01ca487-0029-40ea-b325-04b6938eba9d,Professional,None,1
e87aa291-fb85-472b-a1c0-016227bbdb21,Student,10% Cashback,1
88bdff78-8f1a-453e-b941-9bb9497c021e,Professional,None,1
ac80852d-8875-475b-a4df-e55a0101c73a,Professional,None,0
3297f864-cc06-4d75-b7c0-a122998d1481,Professional,Free Shipping,1
297b9156-37e6-4508-a2a2-071915dd1dc4,Professional,None,1
d96203f2-9ae8-4bcf-bc83-383605d4d719,Professional,Free Shipping,1
81ffa8f7-c038-43e2-adcd-e031e4d1d2d7,Student,None,0
e7672964-24df-4ac5-8864-68818473fa09,Professional,10% Cashback,1
7f953a07-681e-401c-a240-8e988704fe14,Student,10% Cashback,1
a9a0dfd8-41ea-4efb-bef2-326f8a71f7ef,Enterprise,10% Cashback,0
e33888c1-2cc5-4477-9a18-5630539ce740,Professional,Free Shipping,1
cbbdc5fe-a0c6-46e9-b611-ce5375c0d121,Student,None,0
2f84796d-5c1f-4cc5-89af-d3b3e8a66ca3,Professional,5% Discount,1
3be1d3f0-33ca-4f2e-bcbf-fa841477e9f4,Student,10% Cashback,0
e4c68348-5f8c-4a81-a059-030cd26b8c6d,Professional,None,1
876fa3d0-e665-40e6-bcad-2ea79d63a1b4,Professional,Free Shipping,1
e75bde59-87bd-4273-8337-18f3c3296d39,Student,None,0
8182450d-3f40-4a2c-bd5b-4973382c4957,Professional,5% Discount,1
56c5c06e-f02b-4fc6-9b3e-c4fdb07deab1,Student,None,1
4830dc4d-3049-4970-977a-f699fa2f75c7,Professional,5% Discount,1
f86cac40-ac23-43bc-9a01-70a100362f3e,Student,10% Cashback,0
5168d349-dfb2-41ca-9546-7f05c9f4b163,Student,None,0
9d2c6517-1e4a-4446-8b12-3c42e83b6b33,Professional,10% Cashback,0
603794f5-0fc3-4e0d-a559-761a0b4f9232,Professional,None,0
3fe827ae-048d-4dcb-8156-be2503d38909,Professional,None,1
0bdf73f7-b7ce-4cfe-95aa-6e5d623d60e1,Student,None,0
988f04a3-0c3d-4385-8020-6f99d9a67eca,Student,None,0
cb2a8f88-cc5c-4a96-a724-4dbd21fddb44,Professional,None,0
27113823-876d-4a9f-9614-bb350390c313,Professional,10% Cashback,1
e82340c1-9f98-43fb-81a5-c84a3758e417,Professional,None,0
db34e4c7-4c3f-476f-afae-fa5d028aae1a,Professional,10% Cashback,1
766fc2de-c1db-4e1d-adc0-a8738dc1006a,Professional,None,0
d5618d69-714a-4881-9adb-6cb6b31c5c73,Professional,10% Cashback,0
d2a4f398-a120-4843-9f98-6746712946df,Student,10% Cashback,0
a9019c26-62c8-4570-99ef-17d0c689a646,Student,None,1
33f5a939-3516-4acd-9d69-d27b9e4f327b,Professional,5% Discount,1
70542551-a9d5-4c67-a236-22016d999079,Professional,10% Cashback,1
9c7eaa96-919c-4a9d-9115-ff2029ab7f86,Professional,10% Cashback,1
c1d69849-7cd1-4bfa-8763-3886ff2b9318,Professional,None,0
b5dda611-74a1-4654-8377-ac1f607330bc,Professional,None,0
de89331e-930f-4386-9b3b-49ed44ab5d9c,Professional,5% Discount,1
70f80c7b-2b10-484c-85e2-1d94adeff723,Student,5% Discount,1
2ffe5898-ce5b-4571-a2c2-f95a82db1b8c,Student,None,0
378f29b3-d036-4e7e-b5da-813172a05c9d,Student,None,1
3142ab7a-0935-4da2-9dc7-c3d015c21eff,Professional,10% Cashback,0
415538d0-e0fd-4586-ac78-1ba8ec3fbcda,Professional,10% Cashback,0
13cf4cdb-1e27-4b82-946c-8f52113714be,Professional,5% Discount,0
76c25630-bf50-4f69-ab2d-ed95d975d30a,Professional,None,1
7b4f5756-447f-410b-a619-8e2c71757dfa,Professional,None,1
cc32edf2-be40-49e5-b96c-dfb52d19a914,Professional,None,1
da32acca-d424-4262-9b4d-4f1cc10f260f,Professional,None,1
8bab8dc2-bdc8-4823-b91e-faf722494772,Professional,None,0
905c5466-4c92-475e-9ce8-00722fdd3390,Student,5% Discount,1
bc1c12d0-0b60-4224-9fac-230f2183c09f,Professional,10% Cashback,1
ed85aa13-c9ef-42a9-9dbb-109e7ca7d58e,Student,5% Discount,0
45d247c1-4ad6-4566-a27d-7992422d3965,Professional,None,0
78e088ad-8ece-4c5f-8960-b12c90abe0fd,Professional,None,1
360ea718-700a-44ef-a128-e728606608d7,Professional,None,0
f6522105-05ae-4b9c-b7a7-9a841650fd86,Enterprise,None,1
e4187360-9673-42c6-8678-8ec64378644a,Professional,5% Discount,0
3ed9e6f5-e3fa-4d1f-8562-21bd37130649,Student,None,0
68f805c0-0689-4c7a-ae6b-7cf0060eba8e,Student,None,1
75b784e5-783b-4112-a89e-249617594f98,Student,None,0
e3817846-d091-43c3-8433-0bd814314083,Professional,None,1
c4f432a6-1084-4034-bd06-81dae9824c10,Student,5% Discount,0
3ac200d4-a56e-48d2-be32-91bc8fb280e0,Professional,None,0
8a6d929a-38ce-418e-a089-5b76de70c576,Professional,10% Cashback,1
37414392-82ba-48e5-b7ae-9a4b83a14832,Professional,10% Cashback,0
8cfc92a8-5047-49d9-acde-9b07f3c36b55,Professional,None,1
a9b288c4-fee3-4d4f-ad45-e067e3fc2d83,Enterprise,None,1
1e4f27c4-2170-4220-8b95-aeadb15f6f00,Professional,5% Discount,0
0e27b168-0b2a-42fb-9062-42aefb05b5ff,Professional,10% Cashback,0
0e65e353-ff51-4c07-aa25-f4422237b8d3,Professional,None,1
9fe1e09f-2ec2-45e2-913a-ee26d945c6f7,Student,None,0
d08eceba-6df2-4fe8-8985-265bd9b96c24,Enterprise,None,1
39b9397b-229a-4c5f-9e74-be914b301a56,Professional,None,1
063d0b6d-0d3f-4633-a5ba-4d9cd856a54f,Professional,None,1
9a3e66f2-d4cb-4c02-814e-67c963e3ce62,Student,None,0
2189459e-b5a7-4dba-be53-e39199661587,Student,None,0
6e391243-bbd7-4319-9bab-22f32942735d,Student,None,1
4fdd7ef3-de07-4a0e-9fab-97eb6c46e69c,Professional,None,0
8a038545-f965-44d1-a5d6-31851c3854ba,Student,5% Discount,0
578a4b42-4256-4426-a62d-ed6162b60c56,Student,10% Cashback,1
4b6b470d-ff77-4d34-b8c0-b5209b611083,Professional,Free Shipping,0
8b140fe4-7a80-4f5b-b494-54e9d303a31c,Student,None,0
d28cc933-e2e2-4b2d-a13d-2b78dfde1a71,Professional,10% Cashback,1
17497eef-72d8-4788-b4d3-bef1b73f72ea,Enterprise,None,0
6707915c-1a3c-4247-8f2b-a843b52d26db,Professional,10% Cashback,0
21038d43-9f6e-4ed6-bd48-c139f3700e75,Student,None,0
3c527745-88ec-4520-b719-9517f86b7c6b,Enterprise,None,1
4526e3dd-3cbd-4616-89ac-914e45fc3ad0,Professional,Free Shipping,0
ead8bf74-fa0a-4635-ac3b-18f11f4502e0,Student,10% Cashback,1
86a020a5-ac73-491d-937f-b161f2153489,Student,Free Shipping,0
1352981a-6a96-409e-927c-cd71c3c021d5,Professional,None,0
659f15c9-6dbc-459e-94eb-dda2a3f6f42f,Enterprise,None,1
8751819f-d6f9-4dc0-aba5-0fd274b5c4bb,Professional,None,0
e1615bdd-f204-4d65-9556-79c081f1204d,Student,10% Cashback,0
58790e71-9f35-4541-ade9-57bc6d6ab05e,Professional,10% Cashback,1
47cb008d-de46-494c-a380-3415ba551441,Professional,Free Shipping,1
58d251d3-d7b5-48b8-9dc2-a1232e67a2e4,Professional,None,1
c2665093-f521-4f91-94e3-22f1b623626d,Professional,10% Cashback,0
8ef450cd-8e48-4830-80de-2bf9644749ea,Enterprise,None,1
15c7a661-d311-4d18-8156-a00f10a260ba,Professional,None,1
7289c6b7-4da0-467c-b4f8-2b824248d2ea,Professional,10% Cashback,0
aed9e8d9-2c26-4d5b-81bf-565f95a0c09b,Student,10% Cashback,1
a6a84778-0927-4ddc-9da2-7242bf33e1c1,Student,None,0
974e4da2-f38d-47d6-98dc-a69f382adc04,Professional,None,1
00669630-ef59-4274-9aa1-78083061f7e7,Student,None,0
72159a84-ebc3-490a-8036-b6e9527b223b,Professional,None,0
0cfed63e-15cb-410a-9058-e58f2db3b45c,Professional,None,1
9067a9c7-4547-4e45-8fea-ce23a855107c,Student,None,0
b82f8a48-a3bd-4412-8579-27e1f0c53dbb,Professional,None,1
1bc98de5-b4b2-4d8a-b222-d35d746f4ad6,Professional,Free Shipping,0
fba3227b-3a12-437e-bf4c-efb0b44afa87,Student,Free Shipping,0
2f567647-2883-46ec-85e1-e1f39e354fff,Student,None,0
060b1d6b-aefb-4b72-b3be-e5047ee84bd1,Professional,Free Shipping,1
985a4108-7df1-495d-9866-b5d6e7083c73,Professional,10% Cashback,1
1948fa78-032c-44b1-aa48-db663d43ec4c,Enterprise,None,1
21db2e88-0755-4c6b-9053-eeb629769f49,Professional,None,1
4dc857ce-7b8b-4c20-81ca-bc287ef1d806,Professional,Free Shipping,0
961c369e-949e-46b1-9685-cc3cbb1ee15c,Professional,10% Cashback,1
7ca917b6-4997-4459-8c23-dc7c1819bc1d,Professional,5% Discount,1
6725313b-3747-40e6-8719-d1dde7ab4d58,Professional,5% Discount,1
63c5cfda-1ac9-4a9c-8bca-b95cf31106b2,Student,None,0
f98486f4-0293-4172-bd77-81796770e39c,Professional,None,1
33d3db8c-18b4-499d-832e-11b971091455,Professional,None,1
c792e111-a196-4211-acd7-8db36622da72,Professional,None,1
231e001f-7e3f-406a-8683-e9e0efe6d5b2,Student,None,0
e32dcf23-e2cb-4f0d-a209-b4505d60bdb5,Professional,None,1
6d54e803-cd7b-450e-ab28-948c40215a67,Enterprise,None,1
75706f95-28b9-4a19-9830-582059580843,Professional,None,0
9284ec41-39dd-489f-a7bc-01060f6a20b5,Professional,None,0
a1bd4435-09e4-4bb4-82ac-f98a881551ff,Enterprise,None,1
f058a26c-5c6a-4acc-addb-6e6ff73c8dd9,Student,None,1
17dce58b-bd8c-430b-a1b6-f68a29dd0e24,Professional,None,0
a7e7d8ff-66eb-42b7-9f61-7e32fa0cf60f,Professional,10% Cashback,1
6e988e32-6b5b-4b13-b428-0b487cd70460,Professional,Free Shipping,1
27e1ff46-a35a-4548-a9ba-c0d052ba8510,Student,None,0
fca8567d-34f1-407f-8ab0-33225d8ea60e,Enterprise,None,1
8f4b2e13-c4ee-4305-93f2-358554a1c98b,Professional,5% Discount,0
f2c77a78-03eb-4a72-98fb-cfcd788a8519,Student,10% Cashback,1
e955b650-0ad1-481b-8b69-1a50a3b3c7b9,Professional,5% Discount,1
f3ad42f7-287c-4f1d-a3d9-ba975452ec3c,Student,None,0
a31017e0-22f1-4fe2-9fb1-103838c6a2b0,Professional,5% Discount,1
e21028d8-b712-4dda-8562-2be28b45bd54,Student,Free Shipping,1
bd22d917-e5ee-42d6-8e02-bdbec11e36b1,Professional,10% Cashback,1
da5f9791-a5b2-4716-bf17-001017b7e147,Enterprise,None,0
d678da0b-83d3-400a-9ee9-3886a651a27f,Student,5% Discount,1
67cc0581-7a62-428b-9f8f-62d14d5029c1,Professional,5% Discount,1
ae7d9ea6-c9cd-481c-9b29-5bc299cc1459,Student,5% Discount,0
741869ab-f044-4974-83ed-1b1065c65b68,Professional,None,0
4864e6d7-138f-4ff3-8b54-cc99b50dfac8,Student,5% Discount,0
ec141933-9569-451c-9a4b-d8eca22fe630,Professional,None,1
ffe1cf61-1a34-4e4d-9a7c-f67ac83cacaa,Student,None,0
1d63e5d1-b82b-4e30-a680-0de5a98623a9,Student,10% Cashback,1
4b10a1ef-647e-4354-b790-96d9b6c2677e,Student,None,0
b268808e-15a6-403b-a981-67b62c67ded4,Professional,10% Cashback,0
88379cf5-4a18-4e9f-9366-22feb808ea53,Student,10% Cashback,0
e2ed1311-51c2-4f8c-a3b8-8d876bfacbfc,Student,None,0
7ad0d95d-bb1f-4e3e-b476-4c111cf843c7,Professional,10% Cashback,1
2990f199-c885-4776-b3f2-7d4867a5db31,Professional,Free Shipping,0
b9af8998-7801-4e0c-9d8e-36a2ab559c76,Student,None,0
152c169c-160b-4c64-8ee3-273e35d17b44,Professional,10% Cashback,0
5b8d9757-556f-412e-8427-80ff1585e9b1,Student,None,0
d36ff3d7-6c21-484f-9fac-eca8fd2738a6,Student,None,0
a193c460-701e-4b91-8059-00c56348f0fa,Professional,None,1
5f45bc1a-9c61-4a17-a472-6a16c9edfe54,Professional,None,0
ee683463-42a1-4d84-b03e-af80954bdbec,Student,None,0
d9da5626-9766-437d-8341-245b429e4f0d,Professional,Free Shipping,1
223db041-a67e-4d1f-b17b-9ca813f5571e,Professional,10% Cashback,1
a9b9e740-bbb5-46f2-975e-8e411993bcf9,Student,10% Cashback,1
e630e8de-3e35-43e8-bdda-e65b384de846,Professional,None,0
7bda07e3-9863-4808-a19c-2fe5d48fe7ed,Student,10% Cashback,1
05496b63-e472-4700-be01-b931f483235c,Student,None,1
44a4b972-c090-47ae-95b2-40ac41ab8a57,Enterprise,None,1
70110f55-f599-4c1b-8fdc-a11bbc6f238d,Student,None,1
772ca24a-993e-4550-af11-a751c767ace1,Professional,None,0
a7a48351-d7ba-443d-bf30-7bac1511ef52,Professional,None,1
d4c24704-de46-4fa7-970f-b07d38e3182b,Professional,10% Cashback,1
3b2327c9-709f-42c1-adab-feac5cf876a2,Professional,5% Discount,0
f659847c-a692-4268-ac51-62513d1782ce,Professional,None,0
12d96205-373c-4c9f-824a-6935dddcfa83,Student,None,1
17ea2549-5719-4ae1-b8e3-1b6111e09cf6,Professional,None,1
59a1acac-208c-43e9-b510-1ef6a59d4f78,Professional,Free Shipping,0
1a0ddd31-68cf-4d0e-a0c4-e97945d62b96,Professional,5% Discount,1
5ca6191c-cffe-45a9-ab90-873cb0a97040,Professional,10% Cashback,0
df4afb97-ab23-41cb-b6c3-eed5e54ba992,Professional,Free Shipping,1
065227fd-d062-4990-89d4-063beb3560a0,Student,None,0
2444b729-90bd-4740-832e-6d6162b37da6,Enterprise,Free Shipping,1
c28d5ddc-6983-4a15-b59c-d152fed65774,Professional,None,1
9062f2ea-6d77-4ffa-963f-421ab27ca23e,Professional,None,0
6fdf0d35-3460-4ec9-86a1-f975e8f61c7c,Student,10% Cashback,0
638e81bd-5f67-4a91-8f5b-6ed92e64cadd,Student,None,0
bac5a9fa-2d16-4020-a81e-4f1b7c631d06,Enterprise,10% Cashback,0
33647c2e-655d-4dc1-960a-0b0d8308ae8c,Enterprise,None,1
3522d5be-ade5-44f1-a12a-8abaf70cb60a,Professional,10% Cashback,0
9f0337fc-1c98-4139-9caf-3390728b3b33,Student,None,0
2bcc9aa2-9c54-4206-b857-d540ad4910ce,Student,None,0
400a9ffe-a756-473c-97e3-a9d0192e8708,Student,Free Shipping,0
e4e285f3-7e54-46ea-8397-8ab63b2d22db,Professional,5% Discount,0
731636a7-6128-4065-8758-5cb9ae0405bd,Professional,Free Shipping,0
ff413e8a-cae0-4ff7-afd0-59bee6df76fe,Enterprise,10% Cashback,1
9083522c-8aac-44be-866f-f46a32166e39,Student,10% Cashback,0
43159be4-2f69-4ff5-9546-f880f4ac7558,Professional,10% Cashback,1
822c3220-9e97-44c1-849d-84d8c36e6542,Student,None,0
2f8ab341-755c-4279-a2a8-e9a7eba4edac,Professional,None,0
cdee6508-9634-4de5-b653-174424dd7030,Student,None,0
a5c1ee06-4a17-41f9-ad8f-97aa1782532e,Student,5% Discount,0
329aff67-57e1-42cf-a6b7-db8a3f7d257a,Student,None,0
11eb0986-cbd0-4576-bb1c-b428b44f2b02,Enterprise,Free Shipping,1
e397578d-20b8-4f2d-9a35-977715661021,Enterprise,10% Cashback,0
cfce0717-4883-45d3-a904-8c8dcdd15f27,Student,10% Cashback,1
eac45161-91b5-422a-8c85-8e352f0fdbf8,Enterprise,None,1
e1456340-9832-4128-a8dc-fe9b9b6591b8,Professional,None,1
34746dd5-c2f7-4267-841b-413cbfd5eb80,Student,Free Shipping,1
b6334510-cf2b-4bd1-ada6-505441ca1774,Professional,None,1
ab077f40-0b28-4ab1-a64d-fd14485a3704,Enterprise,None,1
e331279d-c1b7-4830-b0aa-df3ede9aba92,Student,None,0
8369faad-f7a1-4dbd-bc3f-247a19783b59,Professional,None,1
79718625-147d-410c-a3c7-cd0b92c66a7b,Professional,None,1
4e2a5e23-0930-480b-a4d1-f9c614131b0f,Student,10% Cashback,0
4e04e412-910a-4c35-978d-b0ac7fa937e6,Professional,None,0
2e56950d-65f1-4594-9fe8-e7511a67e873,Professional,10% Cashback,0
7ee61c80-257b-45c3-83c9-6cbbee20095f,Professional,None,1
52469316-9b74-4bc2-9d32-241dc56cdf2a,Student,5% Discount,1
61a03816-4a94-4dec-8255-64dc1cb96174,Student,5% Discount,0
f976b43b-5bbf-414b-ab88-a6b941acf36a,Professional,None,1
bcea36e3-e000-4999-be38-dec8e96f719a,Enterprise,None,1
25ae5deb-ef8d-4d63-8631-611f3ea9f315,Student,None,0
0697a103-48b3-4bd0-b828-755372b31aec,Student,5% Discount,0
7c51a848-c209-4172-982f-5340c395f018,Student,10% Cashback,1
54eb435f-ba4d-469f-ae8c-a93741c0b2e6,Student,Free Shipping,0
0eb55d64-85b9-4272-a9ae-07d1a726db06,Enterprise,None,1
64c53b82-4bdb-4252-9cea-b528e91f055a,Student,None,0
5ffb84b1-8898-4eea-9b2c-f681c7f5f918,Student,None,0
8e1fd732-f7b6-4a27-a61f-1b047366befc,Professional,None,1
b5510001-4550-4ef3-a7fa-a31adaa6105d,Professional,10% Cashback,1
311a6a39-b430-45d8-8864-752bfe46a447,Professional,None,1
12f4d2a6-569b-4ed7-bc96-e5649edf03b5,Student,10% Cashback,0
d70cfa37-f596-4288-a274-16385df20b1c,Student,10% Cashback,1
8ecb3d44-3040-465b-956b-0e039b7787ec,Professional,5% Discount,1
f2f5f2eb-a95b-4ac9-924d-f3c15d0ce764,Professional,None,0
63eaa659-f6aa-459c-91c7-f9be6709983c,Professional,Free Shipping,1
3d5efd91-3f51-4bb6-a177-fa0840aa9ec8,Student,Free Shipping,1
61d42e4c-4993-435f-9da8-5746bfe57d8a,Student,Free Shipping,1
df898cf7-c0f3-4ad2-af6c-1aa6a9fab198,Enterprise,5% Discount,1
5a73cd76-c4d2-45aa-9a18-b944ff1d286b,Professional,5% Discount,1
7aecb710-c437-4d7f-86e1-a01866348ae4,Professional,10% Cashback,0
a2f2d0cd-c2ea-41e6-b33a-c0ec1e11a6b3,Professional,None,0
c6766210-e575-438d-a60e-fc80e8e4edd6,Professional,10% Cashback,1
9b8d9eb1-4f11-4ee7-a9db-f46750b5aba8,Professional,10% Cashback,0
6ea88c29-35c5-450b-99db-1662a3fdaf1a,Enterprise,Free Shipping,1
3b53da69-2ca5-4161-b4c6-9a693ee4a9e1,Enterprise,10% Cashback,1
ad460f22-240f-4560-bedd-be2b109282c9,Professional,None,0
1561e9c8-b1f5-43d9-9ea2-7cd34719156d,Student,10% Cashback,1
58894fd6-eb52-4dcf-b3c6-0151d93bc2d6,Enterprise,Free Shipping,1
2a80c6ed-7a5b-4bac-9e0d-18c5c33e3824,Student,None,0
01452e2d-c699-4d06-818d-5071b231d875,Student,None,0
82c12f70-916e-4c5f-82ca-9b0433252e72,Student,10% Cashback,1
3cce624f-209d-423d-9574-461a35472d09,Enterprise,None,1
5509a8e6-9602-43b7-829d-b3a499c40f2c,Enterprise,None,1
842c5372-d4c5-47a8-83f1-14eddc349761,Professional,None,0
82ebd146-a61c-454f-836a-78022f182c38,Student,5% Discount,1
1bcbecb2-aeb0-4528-856a-4f7db1875a4a,Professional,None,1
d049aee4-452b-45e5-a402-ab436b6c96cf,Professional,None,1
16a7c555-a8b8-4abd-b582-71ce37abcc3e,Student,5% Discount,0
c8199126-fe23-4a6c-bbb3-8970cc0eb193,Professional,Free Shipping,1
8a3ea531-fc1c-4025-a387-92daed9409fe,Professional,Free Shipping,0
e8cd9297-6945-421c-bb57-1328dc422907,Professional,None,1
3823a252-0c63-4937-aa2b-060e188ab986,Student,Free Shipping,1
e955a393-857f-4bed-a020-8901a157f040,Professional,None,1
d9a4cfa4-dc5d-4396-a994-0b1b3b08494d,Student,10% Cashback,0
c4f9ccfb-7324-45d8-a921-48ff283cf5ab,Professional,10% Cashback,0
5ed1f4d1-f73e-440c-9967-651a0172f6ed,Professional,None,0
b0818357-b07a-413d-8f09-76706e4bc162,Student,10% Cashback,1
a697a001-db04-4e76-9d5c-6547f04e7eb0,Enterprise,None,1
74681216-253f-44ea-aa78-23b7378b5f07,Student,5% Discount,0
cae7b13f-f922-4564-9024-9c7a7015a218,Professional,None,0
3efcbd9e-b57a-4190-8753-310d062ec3bb,Student,10% Cashback,1
86a7f20d-943f-446f-8475-0d49291f66e0,Professional,None,1
6380591f-de6c-4657-9419-70782a457980,Student,None,1
a42c4a19-72c2-40c1-99b0-0b8f723fb07d,Professional,Free Shipping,1
a9e32ad0-6548-4d22-a319-a011dcec8d5f,Student,5% Discount,1
0db689b2-1c54-4701-8e74-8102f3789dde,Professional,Free Shipping,1
cd1e55fb-a380-4cae-af1d-aa72452baf83,Enterprise,None,1
af1f32a0-e28e-4df5-b04a-b924629291e2,Student,None,0
14b1215e-c77d-440d-856f-6a15198b9ea1,Enterprise,10% Cashback,1
a3bddd39-300a-478a-b666-fa33c1be9cd0,Professional,None,0
fcffb82a-c3d6-4af1-9694-178ea9b39e17,Professional,None,1
4fb80904-dc44-4512-907a-28f0707c43c8,Student,10% Cashback,0
c757bc45-f482-474a-a6e4-857787d1e3a3,Enterprise,None,1
2c9ce4a6-d159-4eb4-ae4a-4809611db5b7,Professional,None,1
7a3f3d85-7671-4a78-87db-9da458847d17,Professional,None,1
2f90aeea-568f-49be-b495-468ec13bab5e,Student,10% Cashback,0
b58f67cb-ca33-4d59-8e5d-8ae2c89212a1,Student,10% Cashback,0
6194f094-a638-4eb8-9e27-f2f3b171370d,Professional,None,1
2f631ece-cfc9-4e9f-a430-ac2792e53540,Student,10% Cashback,0
04d51ee2-8407-41c6-8aba-6fe349ca485a,Professional,None,1
dbf6f9af-cc44-42df-997f-2e27f1605d50,Student,Free Shipping,0
8f5608a8-426f-48a8-98f8-c4ddedb9c30b,Professional,Free Shipping,1
1bd88128-2a3b-4fba-905c-daee8b446df8,Student,10% Cashback,0
dff8da31-5fa0-40c9-b415-1e0be5ed7cf6,Professional,None,1
ac28f77a-3c02-4019-9baa-3760ea32b292,Enterprise,10% Cashback,1
c3b2e91f-d0b0-4562-a137-7092cfa53c40,Enterprise,10% Cashback,1
55c9801c-1277-4754-ac54-7391975d45c8,Student,Free Shipping,1
3dfd9a53-990b-4353-90d0-5102b2f558ac,Student,Free Shipping,0
e8b7abf2-39b5-4bde-b7db-65d016f94238,Professional,5% Discount,0
a63b77f6-332b-4e02-ac06-a5efdc537a13,Student,None,0
7433b15d-617c-402b-a6d2-fa2d42c2fc19,Professional,Free Shipping,1
a5a93136-be44-4ff1-ab27-0ce3c666194a,Professional,10% Cashback,0
ffc078d3-b398-4e5c-a920-6a34d4ae6754,Professional,5% Discount,1
112f3887-b12d-453b-bf8f-8645cd14bc71,Professional,None,0
46b04e8f-c0c0-4dd1-b9e7-737b71c36c27,Professional,None,1
6e1a3705-c6c6-4fab-be67-d0cfd2fdba56,Student,None,1
9624ef7f-73cb-4112-9944-00650fd485d1,Student,None,0
3e0b0a21-491a-4abb-9bb8-f2ef53dd59c0,Student,None,0
df30f7b4-943f-45fe-82a7-c5752d28c100,Professional,5% Discount,1
4552f6d0-0dca-426c-8dd3-26563c638e4e,Enterprise,None,1
b7630f00-46c5-4e01-ab5b-88c251234cfa,Student,None,0
b4615dca-02fa-4a4e-b628-c88c82afb79c,Student,None,0
c4c0145a-0574-4641-a049-9e9ce26b9b27,Professional,None,0
5258d8db-1be6-44f0-8ded-a04291c20f65,Professional,Free Shipping,1
5e815e5f-e919-4241-97a0-cc6b4cd7da33,Student,None,0
59760f67-55c7-4621-b102-a7e067de9846,Student,None,1
60160322-55ba-4d9b-b1a3-023d70c54949,Professional,Free Shipping,1
d58352d8-914d-4f99-957e-5ba095820837,Professional,5% Discount,1
0a9a92a5-2234-433b-83e2-c5a8bc8110d9,Professional,None,0
ed1b5025-e045-4b80-8981-7c5128048cbc,Student,5% Discount,1
4c43978f-05e4-4007-ba38-3a64e7979a59,Professional,10% Cashback,1
b0274248-3a4c-4e80-bf32-76ea54f6b332,Student,5% Discount,0
ac1bb028-0437-4990-9aa5-a0df11a3f7e1,Professional,None,1
1d5ba7ae-6486-4dbe-830d-e03eef72868d,Student,Free Shipping,0
cdeec60c-ae21-492a-a689-72bc94989bea,Student,None,1
b657ca68-1075-4919-af3c-6d683b11aa9f,Professional,None,1
6b876a25-32ae-494c-a252-97ca85248bd8,Professional,None,1
5e9df20a-f408-4365-a3fa-08b01aae5f4a,Professional,None,0
68ac4602-cd21-45c3-8766-413c05f2a2ca,Professional,Free Shipping,1
14e57092-68c8-4869-a61c-065171ba2940,Professional,10% Cashback,0
283e1990-3de6-4084-a2c5-65ccabb3e2b1,Student,None,0
d56f2f57-48e1-4493-887e-cf499ade7ffd,Professional,None,0
1ac1d2f7-60ca-41b1-991e-9e9b2c8ae207,Student,None,0
f990cc9c-a210-4caf-a327-b1aca978cbd8,Professional,Free Shipping,1
d58f0831-3310-48f3-961b-de6eda01a99e,Professional,10% Cashback,0
59c1afc0-506d-4bd6-b446-705c6283d6c7,Student,10% Cashback,1
bdfeb478-6603-433b-a60d-aaa6b799710f,Student,10% Cashback,1
0ae427d0-4407-4cc3-934c-554a8a1e887b,Enterprise,5% Discount,1
60ba1a69-5ef4-400f-9cd2-57a60c66ae71,Student,10% Cashback,0
f02ceacb-ca88-4793-9c3b-d0ebddabbddd,Professional,None,1
6ceaf54b-7260-40b8-bf46-0d764210a8f5,Student,5% Discount,0
ef0da3dc-7568-4f6e-b373-67533a9f5a74,Enterprise,10% Cashback,1
9c982a36-aff4-4541-8d7e-97eccd792549,Enterprise,10% Cashback,1
7ed5ebb7-0426-4c6b-9295-ecfb08d2b41c,Professional,Free Shipping,1
06bc5f6a-0ee2-401e-9230-c4a09c6874bf,Enterprise,5% Discount,1
cb66e204-402a-4f19-b99e-ae6d0a7ebcae,Professional,5% Discount,0
498a876e-97af-4ce0-a25f-abb06677c841,Student,Free Shipping,1
d4bc45a2-e7bb-45a1-8793-3f9755ff5b2c,Professional,None,0
b1ad9128-6f30-4944-bace-3135fcd442f6,Student,None,0
3ac4adff-5e22-4b13-a34f-ba1116501c03,Student,10% Cashback,1
6a959ad6-476c-477a-9023-2d31b86c18a0,Professional,None,0
b48c93a8-337b-4e6c-bd1c-cd708aeb46ce,Professional,5% Discount,1
d67bc88d-339f-4b4f-b375-e69d3673e703,Professional,5% Discount,1
a1d56bc0-eb6e-482f-bb16-0e543dec52bb,Student,10% Cashback,1
6a415fbf-2d21-4520-93b9-0a10cfb99587,Student,Free Shipping,0
df5785ea-1c2b-4d2d-83fd-428d1a502501,Student,None,0
fc972b75-8993-46fb-98cb-2566e8e069f8,Student,10% Cashback,1
cc72b685-9e98-4c59-a891-233e2e7c3821,Student,10% Cashback,0
78dc4288-cafc-4162-ae78-b73d4f83dbe5,Professional,None,1
df7c6a1e-744a-4341-8be3-7d8258a7dcc6,Professional,None,0
2d827b33-f060-471b-8927-aecb0c58ed0b,Professional,5% Discount,0
0fda41d3-2585-47d2-be89-aec30567f14d,Enterprise,10% Cashback,1
5d9e35b7-8360-4cac-a44f-25fd1f1cdd10,Professional,5% Discount,1
3a66200a-c42e-4932-8923-9296c4999053,Professional,10% Cashback,0
16f02782-9f6e-4695-b7b7-4abfee2e9e94,Enterprise,None,1
105f5be4-0503-462c-a0ca-f5700b0ec17b,Professional,None,1
a4063527-f579-4f50-aca2-94d60b0f9b4a,Professional,None,0
202b8107-a93c-4f99-ae3b-4c4a9e33bbcd,Enterprise,Free Shipping,1
85fa1263-78c3-4876-acb7-dec0817567b6,Professional,None,1
a4e6d221-d204-4e1d-a76e-c5f0970f77e8,Professional,Free Shipping,1
6cafbcdf-8264-4c17-aa42-40a79aa11ea1,Enterprise,Free Shipping,1
db50cda3-e655-4a2f-aaea-a72af2fa1289,Student,Free Shipping,0
6d9ec4cc-49ff-46f4-b5fb-9721ab5b2933,Student,None,0
a468f1cf-9080-47cf-afe8-ac89fae6ca75,Professional,Free Shipping,0
cbc44509-89cb-4b49-88bc-b27913608698,Professional,None,1
2fe9a621-c4e1-4bcb-8c14-6fb461d72caf,Professional,None,0
6553e14d-954f-4dee-98eb-1498b4cb7700,Professional,None,0
c07e1a08-b981-487e-b038-eb37a90855c0,Student,Free Shipping,0
045e73c5-477f-4ba1-a43e-c4513a47f25e,Student,None,0
a4327e35-c9da-495a-8ed0-71f253f392b4,Student,10% Cashback,0
bbd9a560-c223-4de9-9d3f-f07b2049228b,Student,None,0
a38b216d-33be-42d0-b07a-550aff7875e7,Student,None,0
b1b2966c-f32f-4120-b69f-c878cec46ea4,Professional,None,0
b2139550-8833-4276-be75-b72cf9733d90,Student,5% Discount,0
34168644-21a4-4fd4-affe-fc3d976a9099,Student,10% Cashback,1
7a08b75e-5122-4b1f-a554-7ce838b9dc0d,Student,Free Shipping,0
00ee3df5-a553-4706-87e5-4421f1610f5d,Professional,10% Cashback,0
fb5bff18-af03-4249-b7ec-f06d962d09ed,Student,Free Shipping,0
8aaef12c-6521-4352-a6d4-8ac4a9536db4,Professional,10% Cashback,1
7730836e-4395-4f78-9137-a0aa1a4b6504,Professional,10% Cashback,1
6d19b756-0805-425c-b13d-2b81cb7f8363,Professional,10% Cashback,0
25fded18-37ca-4a01-9c03-bb13237c8422,Professional,None,0
c415424a-3f55-46ab-8ff4-61b187ce089a,Student,5% Discount,0
536c71d3-b10c-4855-ab92-f6de6a2c292b,Student,10% Cashback,0
c311b202-0c99-4bd2-b205-45ac123f3bfb,Professional,5% Discount,1
d4e87bc2-3587-4219-b099-54996382b6c4,Professional,5% Discount,1
d07f29d0-7a69-4250-a928-2468b5123340,Student,None,1
d326a4d7-4821-448a-a8c5-4e5a40070627,Student,10% Cashback,1
f6aaaee0-90b2-4c76-a51e-0b076392dc3b,Student,None,1
64e62b08-ba39-4cba-8afc-e599d7e94900,Professional,10% Cashback,0
4bbac9a0-e56f-4c53-8844-20d80f6d3ed6,Professional,10% Cashback,1
97409973-50dd-4521-a481-7caebe83cd15,Student,Free Shipping,0
01b28f71-b4e7-43db-953f-9df44686180c,Professional,None,0
4dae8e17-7e9c-41a0-b31f-0d4a51dc73b3,Student,None,0
76ec34e5-c9d4-4175-b1d6-4a388320e572,Professional,None,1
84138b27-1bae-44d3-abcf-f5088c4ba055,Professional,None,0
5cc840a3-4176-4ca7-9762-75aaf4f8993a,Student,5% Discount,0
855c1e5c-16f7-42b8-b910-14108f4da7ce,Professional,5% Discount,0
359a54a1-ef58-495c-9980-7716106600f8,Professional,10% Cashback,1
811ce93f-e247-4ba1-a8a1-f77f6850201f,Professional,5% Discount,1
532629f7-269b-498d-9b21-f1e4768fddfb,Professional,None,0
6cc5fdff-f1f3-4bd9-beb1-c47649b81b90,Student,None,0
6a080bde-4196-4282-a706-8f20a892adb9,Professional,None,1
68b53140-ac8e-43e1-a237-d6e68332b947,Enterprise,5% Discount,1
d5e81f66-60c2-4bbd-bf9b-a86e4aa3f629,Student,10% Cashback,1
fbb0a51a-f10c-4928-8803-be63e30e9ac1,Student,10% Cashback,0
fce7dd52-2950-4843-b192-d28a6678c88c,Professional,None,1
ae3f8e92-d5f4-4c06-8143-cc51e893a7c4,Professional,None,1
4673f8ab-63f7-4d9d-9d81-ec581c6a7470,Professional,Free Shipping,1
4274ca89-bcf5-4204-b560-123cbe3ab035,Student,None,0
96e36bc8-00ef-49a9-84fa-598ea6035d6a,Student,5% Discount,1
e8be0633-dac2-4aad-92a8-07b2a0a16e57,Professional,None,0
cc30eaca-b23b-4a86-9f5e-6dfb38dea045,Student,None,0
d4de480d-94b6-4b0d-b8cc-eba77a380e57,Student,10% Cashback,1
60576a05-92d0-4d48-9bd4-3888ef800869,Professional,None,0
b99cb808-4fda-4057-a4f6-6a87c7fc3ed4,Professional,10% Cashback,1
5f6ca13c-c5c4-4ac3-9035-f451c8c1deb0,Student,10% Cashback,1
abcd4d0f-546d-4402-94a4-556c18744069,Professional,10% Cashback,1
f274e680-5789-4475-b3f8-63214d8e8d2b,Student,5% Discount,1
8af062a8-7e6d-48ad-9133-ade54fa99f34,Student,10% Cashback,0
ae18623e-86cf-4f51-acd5-59eaf5d9fb5a,Student,None,1
c86dc06d-d636-4b07-9676-6af459dec923,Student,10% Cashback,0
561b5b23-2209-4278-b31c-86f03aa8afb4,Student,10% Cashback,0
1b1ef1a2-21db-4bad-aeb3-e800cabacce2,Professional,None,0
c8b927b1-fd4b-4214-abe8-01a5c1c92241,Professional,Free Shipping,0
1e2e0ee1-a0a7-4b08-82cd-cf80eb75c31e,Enterprise,10% Cashback,0
30442a2a-56c1-45da-ae9b-d56c4d43f9af,Professional,5% Discount,1
24d2ecda-59c9-4dad-95ab-bd2a8654fe6f,Professional,5% Discount,1
cd6d2e91-8bd5-4cac-a7b1-e72eb955e3c4,Professional,None,1
ba89ce42-1a46-44d4-ae50-afeaabf8a6c5,Professional,10% Cashback,0
00baf977-10fe-4cfc-8985-bcc528d5d291,Student,None,0
d4ec030a-0039-493b-9d1d-6b2027c42f92,Student,None,0
6e6074cb-6396-4620-8e27-6306c8d19334,Professional,5% Discount,1
5d01d501-8564-41e7-aa18-f25f757081c7,Student,5% Discount,0
2c8e22be-bbfe-43e3-868b-1f268acc4865,Professional,None,1
55b932af-892f-49d4-930c-6c6118f7182d,Student,10% Cashback,0
bf1928f0-6ed0-467f-b445-5c0d384ba84c,Student,Free Shipping,1
db5115a5-460d-4993-984c-dae31af13efc,Professional,10% Cashback,1
ac4df61c-0fc2-4792-aa94-571714cc8bcd,Professional,5% Discount,1
7b018bcb-8834-4b75-ac54-511e8b2f6ddd,Student,5% Discount,1
af8a8dbb-6b29-46b5-953a-d9292868b944,Student,None,0
1c6a6d48-53d9-4be2-a201-1b3d6c588139,Professional,None,1
80c66e19-a056-47fe-a00f-bec32ec608f8,Student,10% Cashback,1
334f94a6-23ea-4a48-b444-8ece1371222f,Professional,None,1
639308cb-e024-4c3b-8b16-a908eb456101,Professional,10% Cashback,0
1dc7d32b-5a44-4953-bd23-a84cfe855e61,Student,10% Cashback,0
e4a5bf2c-a9f6-49ef-a694-00a6bbd78d52,Student,5% Discount,0
fa2a45bb-a3c8-464c-a5ce-7145aaaccf83,Student,None,0
adcc44f9-a38c-4b54-a5c2-580eb80b795d,Professional,None,1
b1b34160-8f72-4b8b-b5d9-0d71e37d51f2,Student,None,0
fd33fa5d-819b-46b9-a9ff-0f3236339a59,Professional,10% Cashback,1
0bb43dda-62ab-4583-9355-fc832b988f75,Student,None,0
80cab174-030b-4906-a82a-2312181e4bfe,Student,10% Cashback,1
98281f70-6026-4112-a6e8-c7ef8122867b,Professional,None,1
66817b99-c84a-4d6d-897e-5e517175df7a,Student,10% Cashback,1
8685980d-996c-4435-aed3-73f25ee0df65,Student,None,0
0d6726e3-b70f-43c2-9d14-c0e4fd0b8370,Enterprise,10% Cashback,1
2b9ca0f7-3add-4342-9b7e-ef424910b4e2,Professional,None,1
e7f74f6d-6fa4-4c4b-9060-0f34bcfeacfa,Professional,None,1
b0513fd0-592d-49b9-aa3a-7b0d19e0e3e8,Professional,Free Shipping,0
74c29c6d-b90e-416e-aca7-0add10950bb2,Professional,None,1
ca5da082-2e68-4da2-8c09-eee5c1dd5f4d,Professional,10% Cashback,1
1a2faffb-e883-4caf-9f39-bf1a586ce00f,Student,Free Shipping,0
73fe41de-9b11-4314-818a-985485550dbc,Professional,10% Cashback,0
e8eb5503-f923-4f2f-9b24-1bd4e2baa13c,Student,5% Discount,1
fc380167-6c81-4980-b2b1-a9f50719a0a2,Professional,None,1
2de92bcd-31a5-4bb0-a253-b1da5231a6d8,Professional,None,1
a00e4b75-bcd9-4d26-af06-9de1b8ea43f6,Student,None,0
1cfff762-f91a-47a7-b66b-379b306a1cba,Student,None,1
8c25c951-0eb6-486e-b8c3-1588c675095b,Student,None,0
2004bcbb-bd3c-4cb2-9eb4-f08fafa34a99,Enterprise,None,1
cb29c64d-7e94-4a46-a054-11ab6d6980eb,Student,10% Cashback,1
e90e057e-b32b-4493-908c-1a6ab13a6e4b,Enterprise,Free Shipping,1
32f22d5d-0fc6-4177-be42-71412cb8e532,Professional,None,0
1b582ac6-cfbe-44b7-a1df-2300d4bee644,Enterprise,None,1
7eedea0a-d95e-4bfc-8d5a-4eb404f9dec2,Student,None,0
d62e8834-836c-4d99-b187-febfa6270c1d,Professional,None,1
b482e37f-3814-4ef3-9353-2849e6bd2297,Student,5% Discount,0
e347a34a-757b-49a8-9049-c0a2d1e81465,Student,None,0
2d6234e0-1126-4342-ab77-d43cb40b10e0,Professional,None,1
c6f847bb-7fb9-41c6-bc25-c48c67d4e759,Student,10% Cashback,0
aaf99029-3d19-40b4-ab68-852ff439edd7,Professional,5% Discount,1
629539ff-bcb1-4d4b-bfdc-5e7395fa1f70,Professional,10% Cashback,1
dfedd77c-96e1-4c80-b9e7-43e009fc9910,Student,10% Cashback,1
4f653e57-17f4-4f94-99ea-6a0455d1d967,Student,None,0
45833947-aa2a-4e6f-8151-a489649b5859,Enterprise,None,1
b367d891-dbd5-464c-a67e-52016f8d44fb,Enterprise,None,1
65791b3f-b3b3-41af-862e-f4a4bc3100e5,Student,None,0
1faae677-5778-4b7c-a808-1d3d114d2106,Professional,Free Shipping,0
75b21f7c-f2a5-4182-bccf-bda2641075ac,Student,10% Cashback,0
90ba8500-af83-4ee0-ae7a-9789aa660ec9,Student,None,1
a62c9e09-885b-41a2-9500-0886c3df4fdc,Student,None,1
fc605e1b-4266-403c-b8c3-7fd7ca80fc1f,Student,None,0
86629d04-ba97-499b-ac6e-61d98fcc76bf,Student,10% Cashback,0
ffd00773-941f-439d-bfca-937edd427660,Professional,None,1
8fa5b3fc-d58e-494c-b5c9-850a6784cc16,Professional,None,1
d7898b18-69ae-4b00-a554-ef1e5ca2bb70,Professional,10% Cashback,0
579e693b-30c7-404b-a7eb-fca8d6a23743,Professional,None,0
4889ea89-6f22-41b4-84ca-c56086b5e4be,Student,None,0
2ac50118-ae6a-4b96-9970-f5c0bcffdf4a,Student,None,0
420d4d20-fb36-447a-8830-25422a97bfb5,Student,None,0
163ed37f-1e41-4a5f-8b54-1473a210b1c1,Student,None,0
bde01606-a09e-4881-ba51-5d11f849559a,Student,None,0
a96eafd2-128b-4d55-a921-294053131f99,Professional,5% Discount,1
44d7fc6b-2606-4923-a9c3-cd0ef20e8676,Professional,10% Cashback,1
d0d4c312-a581-43cd-921e-686ffe97b142,Professional,10% Cashback,1
5a359941-643c-47d8-89b9-89dbdc25fdac,Student,5% Discount,1
8795180c-871a-49c0-a401-3c5a77d12a1e,Student,None,0
7cd7cbe0-a3ea-424a-a360-be6067673d5b,Professional,5% Discount,1
81673450-6d37-4b71-a5e8-8b4ddc5bafcb,Professional,None,0
a5e16d64-ede5-45c6-a4c6-c3a3701bd7f5,Student,None,0
5dded2cb-faef-462a-a299-3d4a041d0471,Professional,None,1
04cfbbc3-4023-4434-9389-b1eab9956bed,Professional,None,1
f6f2c749-f27a-472f-96a6-052b4489835a,Professional,Free Shipping,0
3dd27d5c-5405-4225-b901-47161a721437,Professional,None,1
525220b5-c5bf-4dde-8fb4-e28017b6ad75,Professional,None,1
e19491ce-e7be-498e-95a6-f436347f2416,Professional,None,1
77cdb238-a320-4eae-97c0-02a5166e2dce,Professional,None,0
43937be3-82de-4cb0-90c9-cf2337075848,Professional,None,0
e5f7dd46-d614-445c-82be-c8a6ee6818b2,Professional,None,0
60bb7ddd-730d-4892-ab58-8bc63d49ab1d,Student,None,0
864f5ee1-8637-4ded-9bf7-b7df1267c5eb,Enterprise,5% Discount,1
11cb3d77-db7a-437c-b36c-8a33186cae79,Student,None,0
5a68ba72-0ca1-421d-b1dd-ffb728f90af3,Student,None,0
702bdfdf-3d7d-4a4c-a34b-d1dab67ac0f1,Student,10% Cashback,0
79fa39fd-e079-4ca5-aae1-44ca3d77756e,Professional,Free Shipping,0
d322c04c-959a-40d9-816e-84c68e10aeb4,Professional,None,1
bd329c99-d9c8-4dd7-b2c2-4d1aac23dd61,Professional,None,1
190d84d8-db98-468a-aef9-f01f40bb54b6,Student,Free Shipping,0
9f47bb14-7cba-4ccf-8505-9150c0eb18fc,Professional,None,0
addb76ab-a5b2-41fc-97cb-96dc2e3b45d9,Professional,10% Cashback,1
09920699-b58b-425a-8a06-5028b2a61a72,Professional,None,1
2476ef91-9b8c-4f1f-a06f-0428e6fe3034,Professional,Free Shipping,0
ff8b19a3-9cd8-48d4-ad7f-89d8a2fa98ae,Professional,Free Shipping,0
59b5838c-843d-44b8-87b0-8ac47753add1,Professional,5% Discount,1
ca786411-9f9c-4020-9dd3-e3a31c563d55,Enterprise,None,1
22565f91-6f59-4b75-a905-eda6770aa485,Professional,None,1
524b19f2-a61c-4b4a-a52f-3dd8b7dce83e,Student,None,0
36707ab3-3346-4713-a1e8-26f83a496dd1,Professional,5% Discount,1
27f647d2-63d4-437c-850b-5f2733d242de,Student,Free Shipping,0
7763984f-df3e-48f5-9c61-de623e09a053,Professional,None,1
4a65bfc2-79e2-4b95-b8f1-45eeb0597789,Student,10% Cashback,1
1a574f10-f0db-4d4c-9136-81e220d63477,Professional,None,0
18dfa66a-98a8-48f2-a708-b4daad9d84cb,Enterprise,None,1
1333580e-ba4b-43a2-bb9a-f036e2e45d61,Professional,10% Cashback,1
26012788-bb8a-4992-b2a6-8eccd4c7e026,Student,None,0
20503f9a-4230-4ffe-95bf-90bc5d8c606f,Professional,None,1
da298f9c-82d8-4fbf-b753-058cdaa990bb,Professional,None,1
bd63a72d-f016-486f-8d57-34b396b67bcd,Student,5% Discount,0
7cc2fb35-82fc-47ff-beb0-ca939b144011,Professional,5% Discount,0
f28299c2-7bb2-43e0-9473-847e8c35305b,Professional,Free Shipping,0
140eb4c1-b324-42ca-ad0e-e82c6b6d5f40,Student,10% Cashback,0
512ebe22-5379-4232-a05b-36dd2f0b2073,Enterprise,10% Cashback,1
cb2e838c-12ae-480e-9051-1a7b0152205d,Student,None,1
5af160c3-ceb7-4832-9902-6a5152a6f8f0,Professional,Free Shipping,0
f88c3e7a-b757-4c58-b707-2f8f9459450c,Professional,10% Cashback,0
bd51b29c-331b-4c8d-ac82-f38baab5e9fc,Student,10% Cashback,0
0c26cfe5-ab04-4371-ae77-2878cbb14ca8,Professional,10% Cashback,0
e0a765d1-5be2-4f90-b426-e889b6ba52cf,Professional,5% Discount,1
841de3b9-dc60-4b78-bfe5-a91ed44cf23b,Professional,None,1
07837280-89fd-43d3-b8e9-fd61649bac44,Professional,None,0
9639341b-c025-43a5-83b5-54cbef996ab9,Student,10% Cashback,0
61d022a6-23f5-42e7-a150-3ddf5fd44b0c,Professional,5% Discount,1
76694a64-f7f9-4806-9b91-383a07479c64,Professional,10% Cashback,0
dc515ac5-c7a7-4ab5-86f1-091d8ac9189b,Student,None,0
4a463561-bbeb-4c13-b2d2-af0445be67b6,Student,None,0
948a903e-554f-401b-b99f-99ae947782d0,Professional,10% Cashback,1
bb2a030e-0ab9-445d-b23f-869e40de49ec,Student,10% Cashback,0
c41828b4-b3e8-4f37-93d4-029119293334,Professional,10% Cashback,0
b846fc63-1e4b-466e-a4bb-d6c3e659f08e,Professional,None,1
49639f53-cf2e-4057-a7c0-25f3d5a44b4a,Student,Free Shipping,0
25b1ee48-70b7-4f5d-b587-65b047d7a48b,Professional,10% Cashback,0
6f849071-49be-499f-9573-00e99bb59449,Professional,5% Discount,0
143ba87a-116a-4108-94d8-78ab2282be60,Enterprise,None,1
d0c5044c-fda6-4901-a9c2-91e07f265962,Student,None,0
14e0a26d-36ba-4253-ab59-4820853f3bf8,Professional,5% Discount,0
ac0b881b-0ee1-4bd9-bb15-3a2bfe51781b,Professional,None,1
cee78867-e59b-4c73-af86-3f8292dc683d,Professional,10% Cashback,0
8aac67ff-fb1d-42b5-b24e-d62d2ff593b2,Enterprise,None,1
ff485468-c070-430d-90a4-637d097e502d,Professional,5% Discount,1
e86df430-e149-4627-a20f-b0dd6b3b4cdf,Student,None,0
e4dea943-f37c-4612-9d60-255b36368f91,Professional,None,1
ebd3e69b-919b-46a4-91ba-32ff53e24d52,Professional,Free Shipping,1
5eabd38a-f56c-49c4-9963-b8d26758014d,Student,10% Cashback,1
6a58e01d-d998-413e-87ca-d54ff50020f5,Enterprise,None,0
38fc496b-39b6-439f-9d15-4d00902531bd,Student,None,0
ba3dce0b-7f76-491d-8a69-ab4a4296d994,Enterprise,Free Shipping,1
361342df-4657-46a3-b7f1-09b6b3a560f5,Student,None,0
7d9e67dd-71e5-48ff-b330-c83afdb4e939,Student,10% Cashback,1
18094e8b-5c71-472e-b1be-764abf0d1991,Professional,None,1
94eb6510-df8b-4a98-94e3-1301d25d457c,Enterprise,5% Discount,1
4daee2b2-c5d3-40df-8ba2-e593c4fcb0c9,Professional,5% Discount,0
5bc819e2-9b85-4ff7-a8b3-3a435f6c7d18,Student,10% Cashback,1
4bf8ba1f-a1ae-414a-977a-39a941735424,Enterprise,None,1
28ec3b1e-bbdf-4b3e-aeb9-b71cc80a8ff6,Student,5% Discount,1
3df8c2ec-ec58-44d4-94d4-329ddaa3132b,Student,None,0
f0b3f51f-f675-4333-a750-c07a87ef9680,Student,Free Shipping,0
1b15bc40-04c5-43dc-9912-9e209a88feb8,Student,None,0
e44abbc9-2d62-4b33-b4f1-d2c62a6e823a,Professional,10% Cashback,0
46e9c9d8-e4bf-4262-a074-7075433e3e8a,Student,None,0
b22534f0-da9d-47a9-bfd6-82bf985e7fa3,Student,10% Cashback,0
6a30cb6a-20b1-45ad-8e25-b15d59791446,Student,None,1
d9e96554-00e5-4f85-b4f2-ebb4117e5bdd,Professional,None,0
fb15c99c-577e-4921-8e1c-06798b4c6abd,Professional,None,1
976685c9-e5e7-42e2-8653-7c59ee7ee8d0,Student,None,0
84e87120-5c08-400a-8bf9-ae9da59877e9,Student,None,0
df57cac3-4da2-4cd5-bbcc-cab0fc8ad2e5,Student,None,0
de10c68f-4d34-4bea-b50c-3cbf8bcabc45,Enterprise,5% Discount,1
60af5b31-6121-4835-bddd-7370262cbdac,Professional,None,1
4d935797-fc19-4b18-9c2d-8be268c7a609,Professional,10% Cashback,1
4b66d98d-2d80-48a1-9b31-44cb1cd3cbcd,Professional,None,1
eb62526b-28c2-4798-b277-e6afba39e5c2,Professional,10% Cashback,1
1ed39e37-9c0f-4883-b3c5-d42781ae36bf,Student,None,0
2f2ed28d-b76d-419c-a843-645137c31959,Student,Free Shipping,0
451cad24-e028-4025-9484-ae5f3525c850,Student,5% Discount,0
3196546f-54cf-49da-bd7a-248ce51a8b97,Professional,None,0
47cf6d61-d6c7-48bb-a07e-faac3c60861d,Professional,5% Discount,1
e2f3dd59-ae25-48eb-a8de-d809a922727d,Professional,None,0
794ca130-2f49-4130-b192-fc0edf027786,Professional,10% Cashback,0
74152747-c9dd-4b8e-8119-41fcfe1625e3,Student,None,0
639958fe-a054-4810-9cac-267079e9f712,Professional,None,1
bafbfdcd-6c5a-44b4-a680-9428f4001ea5,Student,None,0
3499edee-156a-4710-846a-9be705eac414,Student,10% Cashback,0
e3b377e9-7b1f-498d-b1b1-ad8bbeb1b239,Professional,None,1
4ef60e7d-c147-4aea-989e-be0618e9351e,Professional,5% Discount,1
0ec6b38b-526b-4733-a98d-2689252cbe05,Professional,10% Cashback,1
aeffd93e-83f3-43f2-a03d-bae6af7c2bcb,Professional,None,1
0823d5a1-63f8-47e1-8f81-7558f4e15e0a,Student,10% Cashback,0
e422c91c-4001-43da-9327-a4fad90f3f39,Professional,5% Discount,1
4a5b31aa-cec7-47c6-8beb-6ae2693a818b,Professional,Free Shipping,1
e976ce8e-b1be-460a-8325-ca0ecf418b0d,Professional,10% Cashback,1
53c1b408-e5b4-4451-90b5-276ad70d7764,Student,5% Discount,0
97364dd1-25e5-4b10-ad8d-f01550f91872,Student,5% Discount,1
1ca64a1d-0883-4432-a076-6b428fe398e6,Professional,None,0
de3d1ebf-42c7-4120-a706-4f7f528a18ef,Professional,None,1
a654a6e7-4f72-47a0-8970-c855b8e1f4b3,Student,None,0
ac940b75-12c0-4d57-bae0-a97a890b41b8,Professional,None,0
66698a59-7271-405c-b584-1c57d17308b3,Student,None,0
e1fe3bfb-0356-4245-a9bf-e71fe1c189c1,Student,Free Shipping,1
1edfbdc2-043d-419b-831b-95d83a3be482,Student,None,1
3991d678-8ab7-4f21-8c99-d18cd24f51be,Enterprise,10% Cashback,1
3bf1ef5b-172d-436d-a007-cbe93527b619,Student,10% Cashback,1
32baeb7c-c7aa-4b44-b6b7-a360712a4d91,Student,None,0
16c31a5e-2c97-4cb2-a1c9-51fcee1e25c0,Student,None,0
714d1e30-e10b-469a-b757-c7cb4e2a113d,Professional,10% Cashback,1
d706aff8-2ada-4451-8bee-aa27f2d1d01b,Student,10% Cashback,1
5bc9345c-2ca2-4a3e-b76e-943895864ced,Professional,Free Shipping,0
5d0795bb-bfca-4217-a881-a4a7eb942625,Professional,None,0
d9db6df9-4a51-44e3-9f47-05648dd606a1,Student,5% Discount,0
8af1875d-e7e6-4d53-b4fe-db943faf507f,Enterprise,None,1
5a66dc3a-d044-42be-834c-10939847f88e,Enterprise,10% Cashback,1
c9c24871-0b9c-432f-a95d-5027febbb89a,Professional,10% Cashback,0
a80553b8-c13a-4b06-9e6d-a792ceacf276,Professional,None,1
168e8357-18d9-421d-93e5-75f6aec25e84,Student,None,0
f0da025f-f8c4-433a-be9e-a09aad63b46a,Professional,None,0
0c2e42ad-c751-4d8f-8d7a-b518990ab421,Professional,None,0
a6a9d1eb-f1ed-45b8-9ed8-edaa3a652d18,Professional,10% Cashback,1
9504820a-6282-4a33-83ca-ba11143f7004,Professional,None,1
706da0e3-3327-4414-8031-69349249abfa,Professional,10% Cashback,1
be4b0e63-16b5-429f-9e66-3bd12055fe39,Professional,None,1
7055f422-58b6-42ed-91bf-3688fb2bbdfc,Professional,5% Discount,1
20f3d2aa-5c69-4808-9022-fe84178587a4,Professional,5% Discount,1
8bd5ca8c-c1c0-4ed8-b811-ac412b4af2dd,Student,5% Discount,0
e1764b91-267d-45db-b621-4c98ec159449,Professional,10% Cashback,0
3ffceabd-4292-4520-8c04-1cdeaf903d2a,Student,None,1
708791d5-5202-4284-9fe2-bc6e8b9f1328,Student,5% Discount,0
709de5d6-6689-4ef8-9344-28359a8c5a11,Professional,None,1
59e08488-8ad9-408d-885e-9fc8c4632fb0,Student,None,0
16a1e939-fd1d-48ba-b8fd-ee9d34c84a0d,Professional,None,1
e7a44726-4996-4bd2-b767-0e0ffccf7114,Student,10% Cashback,0
add18500-f957-40c1-8355-2da544e5ce33,Professional,10% Cashback,1
e0babedb-903a-4d8c-a6b7-4dc2807558dc,Professional,10% Cashback,0
38559bff-e36d-4d26-b428-08131bd8b180,Professional,None,0
e146b2b1-ea01-49c3-9f03-144c4a1aaf96,Professional,None,0
58f19311-3c16-4695-9a12-f2209b867357,Student,Free Shipping,0
bc68835f-d1e2-455d-b13e-6640ede65fcc,Professional,10% Cashback,1
9482dbe1-f037-4dd4-87ad-6b29fa6eb655,Student,None,0
356b7c1a-74e8-4c7e-9d4f-e0e1bbf5862b,Professional,10% Cashback,0
8a165a23-59c3-41e6-88c8-f11457d05e41,Professional,None,1
dd8e4a7b-b062-4b30-b340-a7c356900b13,Student,None,0
80028679-77ef-406b-bc66-5ce745d6a43f,Student,None,0
173bc382-2c47-4fb4-b7ce-0eaf0d0a3dc4,Professional,None,0
a3204e9f-dbd7-4c74-92c8-b9c9048eb455,Professional,None,1
38731957-fd20-477b-a77d-cea44e40a258,Enterprise,5% Discount,0
dd153e10-2692-4844-80ae-0b800e41a351,Professional,10% Cashback,1
e1ac1306-3636-4429-9e5b-4a169a6160cb,Professional,None,0
50a9ac01-419d-48b9-ac91-fceeca3c327d,Professional,10% Cashback,1
bd38716d-a3d3-44e6-917e-4543f60a4d28,Student,Free Shipping,0
fd943d93-fce7-4c68-b82a-d99845d4ad0f,Professional,None,1
dff38fd7-8e2c-4dc6-9082-035c2c82ca8d,Student,5% Discount,1
9ffcce5b-9b5f-4b12-93e6-f9f49c799a90,Professional,10% Cashback,1
5699238d-ad7b-4106-a16b-7b3cc82956f2,Professional,None,0
9ed0fdb8-770a-4005-86c0-fe2f38eca0a4,Professional,None,1
9b96b497-56ed-4992-84d7-a70aeb03defd,Professional,None,0
393345f9-73e8-4093-b3af-7c00321418dc,Professional,10% Cashback,1
957af3de-5ff8-4e4d-8542-b1ad581db6ce,Student,None,1
13cb71cd-3c10-42cb-a544-bcd023618815,Student,10% Cashback,0
1b0418f3-2d0e-49e2-9e9c-47284b9f7cbb,Enterprise,10% Cashback,1
a3bdd483-a27a-4f8a-95da-7c6afaaf2199,Professional,None,0
e708d430-aa32-4d04-b9f8-fbf28d428faa,Student,5% Discount,0
13d92e05-7e40-4065-8f66-9dda50aa7079,Professional,5% Discount,1
6d7d57d2-a659-40e0-9172-358626e40c72,Student,None,0
3a792af1-cdd0-4fde-a39f-a4faa392955e,Professional,Free Shipping,1
a5dca2ee-d911-4f53-9f43-9b8385d883a4,Student,None,0
d061e85c-89bb-4c45-b14b-2a195ad14e4a,Student,None,0
b5b3a0eb-8869-4242-b4d9-3dd640a46d5c,Professional,None,0
07ea879f-cf81-479c-a476-5c3ffeca4a09,Student,10% Cashback,1
bc61c083-4612-453c-bb41-64ab56f1ddc2,Professional,10% Cashback,1
82d323f9-183a-4b29-bca9-23c91719d34b,Professional,None,1
44c0c44e-d28e-4cb9-b18c-f55911fdac27,Student,None,0
edf8973a-57dd-45ab-ad10-02a5279c8329,Professional,None,0
36189643-7bfb-4aed-a7c9-16a41b795600,Student,5% Discount,0
67da33da-80a0-461e-9257-700283d4f312,Professional,5% Discount,0
841769de-48b7-4c62-868a-533bca457b6e,Professional,10% Cashback,0
1bf67d92-cd93-40eb-93fe-57fab3ff2b0e,Enterprise,10% Cashback,1
29e0042c-e1c0-4a8a-a897-c2ce4729f69d,Student,10% Cashback,0
fb209e6e-8371-4fd1-9c07-72d6e054ed20,Student,None,0
60a76133-0cce-41ec-b978-9339f7316c8e,Professional,None,1
5aa40ffd-6c4f-4057-a125-106f5fdb860c,Professional,10% Cashback,1
49026d68-1087-446c-bb87-6674e2cf6467,Student,10% Cashback,0
a1522f21-6db3-4054-83f6-ff07c15a4000,Student,None,0
7462a8a1-9f48-4493-a563-3caa715c0b91,Professional,Free Shipping,1
145ad0db-c871-4914-a2b8-fbff9d21bd14,Professional,5% Discount,1
895433f9-4c75-421a-8428-9f3bead46d62,Professional,None,1
54ea6662-2d0b-4570-a30b-72dfadb9eb8a,Professional,10% Cashback,1
ec563774-a908-45ff-b5df-51918adeca6c,Professional,Free Shipping,1
feccf6ca-b160-4203-ac1f-35ab10bf7a6d,Professional,None,1
8b0aaf72-0943-49d9-ad4f-e2b1e3c164b9,Student,10% Cashback,1
5ce2b8bf-215c-4293-8135-0ae642ea4c28,Enterprise,None,1
774514a5-22b3-4f9f-995a-8e770bbb4ebf,Student,None,0
5d843c73-8ba7-4fe2-b511-5e7dc2feebdd,Professional,5% Discount,1
f556d724-40d7-4f51-9bcc-83fc28b31246,Professional,None,0
501b85f3-ba1a-4370-81a2-6c8c25bc982c,Professional,None,0
dbe5666b-dcb1-46f7-9e29-c67bfef359d3,Enterprise,None,1
ceb5f053-2c07-4128-9244-e07198515324,Professional,None,0
43cf4de6-e47a-4ba2-997d-9d3e883c94b3,Student,None,0
947cfdcb-91b7-4bba-89f9-09524192f05e,Student,10% Cashback,1
ba90b2f4-d93d-4406-bc28-d9943f1da2eb,Professional,None,1
203015a8-bcc0-4da7-84a6-3922cb4beb11,Student,10% Cashback,0
88b14478-69c2-4cae-a056-b7549b97781f,Professional,10% Cashback,1
0054dcaa-5911-40c2-a0d1-c213e07c8979,Professional,None,0
d3a3129c-e7af-42db-8197-3cfba1bb5456,Enterprise,10% Cashback,1
34e56dfb-afb7-4234-ac73-cd27bde6d735,Professional,10% Cashback,1
d9331a98-2a9e-4718-8f06-da5ef4657cf1,Professional,None,0
14b56d66-8538-43f7-8431-6a71990f1cb1,Student,None,0
cf09e1df-f59b-4c61-ac17-9ffc214e1c1b,Professional,10% Cashback,0
909cb3a6-aef6-4834-a6d4-0d15d586dd2f,Enterprise,Free Shipping,1
37a38fe5-ba9b-45c3-9660-bf4310c8bafa,Student,None,0
83008abe-b223-4bb6-b802-2625d7452edd,Professional,None,1
3748ca91-6483-4cce-ac2e-7bccf0c1a9ea,Student,None,0
14f316ce-5530-45c2-a724-dabb6b3feb7b,Student,None,0
b502d24f-98de-48d1-9790-9749e6e3dbf2,Student,10% Cashback,1
0552ec18-c986-4012-b008-a62e2bd7f2a5,Professional,None,0
e9a44195-5481-494b-b915-13c84187bf67,Professional,None,1
53180e06-31e0-41b2-bce0-ff9dc3b25f10,Student,None,0
80b994bb-fcb5-45a5-bc47-3115370d2eaf,Professional,None,1
b08fc5fc-5c0d-4aac-a833-af9faa8cfe2b,Professional,None,0
3d760735-33b2-4511-a096-cfc3327738f4,Professional,None,0
99125e22-cbc7-4374-9f4f-769e43f38c85,Professional,None,1
a26550cf-778a-490e-827a-3d6a53c15b0a,Professional,5% Discount,1
5505c524-d9c3-44b3-a7f8-b34bea057574,Professional,Free Shipping,1
49b51456-0427-4fba-9c8e-65d5433b45ea,Professional,None,1
6d51760b-6388-415b-9070-ae9034f761a6,Professional,10% Cashback,1
12df3841-8dec-4744-b3b4-75fe2e834deb,Student,None,1
3f82c211-8b93-4f9f-9e10-e8becec9b60f,Professional,None,1
632476fc-1223-47e2-92f4-12accea9bc6f,Professional,None,1
c80b70a9-8047-461a-a9d0-4e67495387fe,Student,None,0
0694ebd3-a2cf-4873-aa16-54337ffbfc58,Professional,10% Cashback,0
a917bfde-26ff-4bf0-a4d1-e4b92562a53e,Enterprise,None,1
44df7d21-4027-4d1d-9735-98fbe7ad047f,Professional,None,1
547976dc-0917-43a1-b4b7-3230e1bc399f,Student,5% Discount,1
8792b348-f547-4dab-9df2-7c08dc253fb4,Professional,10% Cashback,1
17600175-1b02-4060-8658-06e0a68f73ed,Professional,None,0
c1c3f1d4-7e35-4408-a887-1446abd95791,Student,None,0
1884a5b1-8fdd-4635-ad49-5537914e2065,Professional,None,1
f8c4ed05-fc15-456c-8edd-083bcb7fad70,Professional,None,1
dcd0bb3f-e944-4dd8-8d95-16ba10b9127a,Student,None,0
d6ae261b-c5ca-46d5-9617-818ee5037740,Professional,None,0
7db0bf85-1b9a-444c-9537-70ed3761126d,Student,10% Cashback,1
c8719dcb-1a6c-4dcb-942f-a5ce47017031,Student,10% Cashback,0
2aaba725-8a46-43c7-9450-0f9b4b9cb4f4,Professional,10% Cashback,0
50137a5d-048f-435d-a144-de54c7079907,Enterprise,None,1
bf6288e8-e787-4b9a-9761-68e5de84e747,Enterprise,None,1
5df1f724-9ca0-43c6-89dc-b8dbf1e31dd9,Professional,None,0
e7c7fa5e-e5a7-49b7-b932-47cb95408675,Student,10% Cashback,0
e7486f9c-aa3f-499c-b83f-e9d18ab9a156,Professional,None,0
915d940a-3054-423a-9588-b8bb93bb8563,Professional,5% Discount,0
d6bb896c-bd74-41ed-9164-baec8c4a4465,Professional,10% Cashback,0
2bc5ee71-05d7-4ef6-8969-53d7f2f63137,Student,5% Discount,0
a886c3af-aa22-48ee-be32-d5d0fb1fa7f0,Professional,10% Cashback,1
23151e63-28d0-47a7-9cd9-ce17bcf8a30a,Student,Free Shipping,0
03d14464-5de6-4579-9dc6-e3c32faade3c,Student,10% Cashback,1
7594a2ed-6fc5-4825-a267-bb3c667d9c69,Professional,Free Shipping,0
443c770e-d315-4e90-92cc-f65c5aa901de,Professional,None,1
9e8e35b5-75e0-4cee-8c77-a35d187ac992,Professional,None,0
199276a7-00c2-4cae-b96c-b50888114a34,Professional,10% Cashback,1
9900d279-2036-4959-a12f-c75563dacee1,Professional,Free Shipping,0
6faec8f7-a59b-4b3f-b9b6-eb0bb9c96013,Student,None,0
88820a85-036f-4373-beb0-f8fbb9fdb497,Professional,None,0
22b91f2e-1842-4768-8f2a-0a0fd4ba184e,Enterprise,10% Cashback,1
53a51e7f-ccd7-4333-b7e8-d38b7e0ab886,Professional,10% Cashback,1
ca07a6d7-e3b1-4a32-8ee0-504911186736,Student,None,1
e574b75f-42e8-4b63-8ce4-e48e4f47e877,Professional,10% Cashback,0
c1ccbc32-51df-4fc1-a0b6-40a9de03b03e,Student,Free Shipping,0
9a80ffbb-3c33-4303-b317-b20eadd1da87,Enterprise,5% Discount,1
6bbfa50e-53cf-4c6f-912d-c1fbfb553231,Professional,None,0
6b31baa7-d067-45fe-a859-0b93135fb139,Student,None,0
fdaed1df-7578-4391-9b0c-92a429e84763,Enterprise,None,1
10468c6f-ff59-4575-843a-f48b22a280b3,Student,None,0
5abf441a-e548-4ca3-8da3-e9b6c6aa307d,Professional,None,0
c79e3027-da7e-4f7c-9c20-4f3389d03475,Student,5% Discount,0
150d922b-4931-470c-b030-55c74930185e,Student,None,0
8195ba6f-1f73-4de6-9697-98929254c301,Student,5% Discount,1
ac9f60a6-53cb-43c3-a672-032d2fc7795b,Professional,Free Shipping,1
7221190e-f1a1-4137-bd33-7c807b75217f,Professional,None,1
a6880f29-aaa2-4c96-be06-61d181083f60,Professional,Free Shipping,1
d12d95f8-601c-4235-87ec-ae591105955d,Student,10% Cashback,0
8d07526f-9eb0-4eab-8742-8ce1803e60be,Student,10% Cashback,0
b5d9648d-ce12-4216-ab05-4d2aaff84a67,Professional,None,1
9c6fab72-c1f6-4fcf-abf2-4914690c789c,Professional,10% Cashback,0
74101697-8731-4575-ab60-b4abb52f49a2,Professional,None,1
b656d8d6-7cd7-427e-a4d5-0d09c50ccb34,Professional,10% Cashback,1
d22fe5f5-c697-47ad-ab49-ae326c7a1131,Professional,None,0
04fa4ddf-27eb-443f-b520-e1418d633be0,Professional,10% Cashback,0
b0d50e76-e357-4991-979e-f47d80f55875,Student,None,1
c898c4ef-1948-43b9-a47e-c719ebd0cdc0,Enterprise,None,1
9c3b058c-b8f2-44c1-b0f1-723436f9ec15,Professional,10% Cashback,1
1fbdcbea-62a6-4b63-9502-c552cd7e8046,Student,10% Cashback,1
6c175ebb-64ca-4da4-9949-0bb55fb19a85,Student,None,0
0b7bb856-9742-43e6-af01-e3e5f6cc99b2,Student,None,0
81cd0662-9944-4460-b51d-e9152d5c2c0d,Professional,5% Discount,0
98abea1d-ac8a-4378-90fd-d4b64b495d98,Student,10% Cashback,0
25a9333a-21de-4a6d-ae98-ad8488c7d2bf,Professional,None,0
0f8c7883-a6a4-407e-8816-0eca3284183d,Professional,10% Cashback,1
f4b5c13b-ceba-4198-a2c9-71605fd7c5fd,Student,None,0
9c7dc264-0712-4ee1-98e7-954d03b6eafc,Professional,None,1
0a8f9ff9-265a-47a7-958b-b71355978f52,Professional,10% Cashback,0
641691e0-0d5e-4f58-af89-64c2ac145da2,Professional,5% Discount,0
d4ea50f3-af80-4d79-b5c9-da0ce47f4a1a,Student,10% Cashback,0
f7aa477e-b891-45a6-bf95-8b0c47e15a4f,Professional,None,1
46abf97b-52f6-4dfb-aaa8-e400b7abb6df,Student,5% Discount,0
f0b72f5e-d9b1-4be8-b0b2-170308eeaf14,Enterprise,None,1
317731bb-ee3b-4290-b354-639516459b60,Student,Free Shipping,0
4ab4fd5a-39cc-4f50-a941-66de0b1ab803,Professional,None,1
affa25a8-85e7-42fa-9446-cd83bf5477be,Professional,None,1
bc9f7e89-0cdb-4489-bc64-8e97a60e3171,Professional,10% Cashback,1
20f069ba-1bca-4e26-84c0-52b3c8052a12,Professional,None,1
e27c7735-7116-40b7-b8f1-1290b7289b05,Professional,5% Discount,0
22551c71-87e4-46c4-9b6e-78333f5ae1a5,Professional,10% Cashback,0
8fe39c46-f8a1-4f97-9237-d66b6d553492,Student,None,1
f283fbb3-486e-4e63-841d-d7a979b4bbd7,Professional,10% Cashback,0
6b2c903c-e760-4093-88a4-a8f9c545d58c,Enterprise,None,1
cd5900c9-a6f0-456d-aa76-bb9f75e8612a,Student,None,0
069052b7-5459-4069-a5a0-4e831272c31a,Professional,Free Shipping,1
1de0adf5-0323-4085-bd73-485703e92bcc,Professional,5% Discount,0
9b7559ab-bd3c-4cd3-86e3-4864822de90e,Professional,None,0
f01f6188-b40d-4af9-94e3-4cc58d5c0bb3,Student,10% Cashback,1
681d2f0c-5b18-40c9-8561-b20240b21468,Professional,None,0
3f919567-0637-48fb-9db9-4cdc95c07a62,Enterprise,5% Discount,1
7227315f-29f9-4213-8d82-f59a5f2bd8c1,Professional,Free Shipping,1
2198c585-ea43-4fc5-a6f6-8bbdc82368a3,Enterprise,None,1
2cd1537b-2e0b-4e7b-a879-f43a46c196e5,Student,5% Discount,1
02a6c2c4-decb-4b45-9102-c365912a0342,Student,None,0
308dc339-320e-468e-a5fd-11bd0f898df5,Professional,None,0
ea97b7e3-d159-4b5d-a2f4-e39134a11f06,Student,Free Shipping,0
63c36704-fe44-48d1-9260-7fdcb93ae3f7,Student,10% Cashback,1
72796bae-8ab5-4f42-8244-2a757e566237,Enterprise,None,1
0b4ffaa2-5589-4d1f-a85c-6b56874fb521,Professional,10% Cashback,1
5db9c9f0-f3fd-43ec-b326-15ecfdf5438d,Student,None,0
e70ea3bd-19c7-4d40-b8e8-3df1ee81a1a0,Student,None,0
82911e96-b7fa-4947-9e00-0b245a363b8a,Enterprise,Free Shipping,1
b16109a3-ea52-453c-86b1-3b503ec1516c,Student,10% Cashback,1
9de45916-3882-4f9a-9d23-84fdd79a7c4d,Professional,5% Discount,1
6083119a-7e41-474c-8322-fc3e82460497,Professional,None,0
3509669f-324c-4959-ad3c-54718849bd41,Student,10% Cashback,1
d88e7753-96f1-444c-8288-a45bced69f04,Professional,Free Shipping,1
17fb99fd-173e-41a1-b736-647dfd2cd94b,Professional,None,1
d4d33dcc-92d0-4630-aac7-01575195eadb,Student,None,0
432703bd-c463-4e17-b2c2-a4d0933d777d,Professional,10% Cashback,1
bd7fc3dd-29a1-4594-825d-69aa69139c8c,Professional,None,1
d5554a43-e625-4cdb-bc2b-599f9e458522,Professional,None,0
11a236c8-a46f-4f32-bf25-d8a79638c62d,Professional,5% Discount,0
8dfbb4da-6a41-4e4b-bb6d-794e4580940c,Professional,Free Shipping,0
3fd1eed9-595b-40d8-8374-de1a5d291759,Enterprise,10% Cashback,1
470bd001-0254-40a2-851c-030d8053c619,Professional,5% Discount,1
0c7f1243-1e2c-4c0b-befd-339a251cb3af,Student,5% Discount,1
905a0dc2-563a-4bf5-ab8f-531094362fd1,Professional,10% Cashback,1
c873817e-dcf0-44c7-8e0f-eb5ac5e13032,Professional,None,1
7eb1088f-eb0b-424a-b9a1-4d29e0c4cc6d,Professional,None,1
5cd1592f-b991-4672-a1f8-8a3180548a00,Student,None,1
74ed1cb6-71d7-4177-adce-2ee4a23ccd75,Professional,None,1
4b2687bc-1578-4b93-ab3e-45b84fcd8441,Professional,None,1
25941dc5-ff0c-48be-adfa-50a436baa9cb,Professional,None,1
6bc94b46-2e2f-46dc-8362-7063d554e8d4,Student,None,0
5c615afd-721a-45ba-a7c3-a037a5827651,Student,None,1
bc2f398b-8f87-4002-b50e-af2807045444,Student,10% Cashback,1
edd95f81-6c53-495a-b5e3-496cd6643d7d,Student,None,0
b30de25e-dab3-4cff-96b6-dee8bf365995,Enterprise,5% Discount,1
d80b4092-a9ab-420b-a76a-7384e6b6c017,Professional,None,1
f978fce7-787b-4145-a224-729e5a8cb36e,Student,5% Discount,1
6ead7998-3ba7-4aa5-a506-ac8741adef1b,Student,Free Shipping,0
8743f22e-3a48-4e05-bd99-25010c242b58,Student,10% Cashback,1
4c064e18-1f5b-4b92-8949-e1dbe52ab274,Professional,10% Cashback,1
3dc395ec-f70d-4ca7-86e0-370ca72201bb,Enterprise,Free Shipping,1
a9d4602e-4bce-437c-bd59-dcc93d5c988d,Professional,None,1
9fd6bfa2-5e78-4398-98d7-2c1df5587ce2,Professional,Free Shipping,1
e526a11b-8f3b-4fc4-b450-81b24f0511b7,Student,5% Discount,0
41c5ef9f-7805-443a-923b-d10a101883da,Professional,10% Cashback,0
e977aa3f-94e2-4754-ab4c-7151f50cd789,Enterprise,None,1
ca3516fa-9651-469d-9b14-2347d254e3c7,Professional,10% Cashback,1
05caf1d8-36c3-4234-8791-33861e6b0c14,Professional,10% Cashback,1
61c0e50b-8aef-4ea3-b8b8-4a4cec12a234,Student,10% Cashback,1
e91f0e26-31e8-4a21-bb7f-380957713daf,Professional,10% Cashback,0
e8c1c3f4-2f05-4631-825e-5f81dc1f89ae,Student,None,1
3b6e3a3a-b8d8-46aa-903f-30d8b8a5bdc4,Professional,None,1
e384e2cd-feb1-4784-b981-ac8fa1a0a03e,Professional,None,0
f454be2d-8987-43c3-9bd7-5fcc99466784,Student,None,0
fc770b7b-117c-4934-bdd7-00615b42e4ec,Student,None,0
45b46ad6-5608-4a4a-b431-3ae36eb4aa1f,Professional,None,0
9ba9e0fe-22e3-48e1-a434-4047531836e5,Professional,None,0
c61775b3-f456-4f94-af2f-bf995d9da693,Professional,None,1
8c3edef6-426f-4afe-9fa8-579c65d65a94,Student,None,1
bf2ccca3-fa8b-4247-8021-2bb659e65ed8,Professional,Free Shipping,0
bbf92441-9052-4ca9-b1f6-a6685a2c6984,Professional,5% Discount,0
95d1d69e-b8d3-40ec-b128-9fbbc458d925,Student,10% Cashback,1
7ad9ba8b-1d4a-4e79-8ee4-ecafa1c0848a,Professional,None,0
19c3039b-8509-4f85-87f5-2d7590eeaf97,Student,10% Cashback,1
659064e2-9ade-4204-b469-d42a329deabd,Student,10% Cashback,1
ca16f2a9-678f-4ec5-a22d-64dbf9d80fa9,Student,Free Shipping,1
898eb6b5-974e-4d46-a54a-4b57fc1b73fb,Student,10% Cashback,0
b290c0b5-92da-43d0-ae4a-8f7517863244,Student,10% Cashback,0
1254edc3-c05e-423e-b40d-00028ef77721,Student,5% Discount,0
cb718ab2-092f-4a3c-9185-41c9261a7182,Professional,None,0
dff6edbe-15fc-4e37-a0e0-4271168fbd58,Enterprise,None,1
e4edeb07-830f-4363-afe2-ffa75c52ed01,Student,10% Cashback,0
17cfad92-568e-43b8-a5d3-08fe7f7ef5e5,Professional,None,0
4a773c0d-a95f-43a1-9ea1-a3caf3bd7c8d,Enterprise,None,1
cc0e3758-74ad-4238-87fa-89340feb5812,Professional,10% Cashback,0
fa25103e-2f62-4172-b62a-d25bb55d01f3,Student,None,0
f2f14d2c-9775-44fb-ae77-e998720af693,Student,10% Cashback,1
2892e925-de3b-49c9-9a56-ef1b13601504,Student,Free Shipping,0
6c4bd02f-d0e4-407e-bd3c-294d2d92bf9d,Professional,None,0
e68f0a4d-f5ab-4c3c-9f32-9877bc012222,Professional,None,1
8ebdab8b-a650-4124-9ebe-f12f55f0b9df,Enterprise,None,1
212d5aa9-bbd5-46e2-b638-c185aa58f001,Student,None,0
11ea355b-31f7-4ae1-863f-2a1f6dd9bd2b,Professional,None,1
ca5c0c5f-003f-4483-b905-9bc4afc86901,Student,None,0
3701eeb4-061c-4cba-94e8-cfe490c067bf,Professional,None,1
973b23ff-de6c-46e0-b41f-6f257bd5619d,Student,None,0
14546d54-bc40-4aef-9e80-b8e25ede7999,Professional,10% Cashback,1
b20eff12-fba7-4494-b28e-a9434890fa2a,Professional,5% Discount,1
22b78b6c-6b34-446d-bf8c-4237ac122725,Professional,5% Discount,1
cc27b354-58e0-4577-888e-5b1da154f45a,Student,10% Cashback,1
13c51271-42a8-4df2-bf13-74ba752dddb9,Professional,None,1
abd79118-ae3b-4d0f-8fdd-417ec3609213,Student,10% Cashback,0
f5df43e4-c3d7-4648-891b-e7e017e9f0e5,Professional,None,1
7a85e56d-fba0-4168-9718-10d21f1286d4,Professional,None,0
6b904ff5-3e60-4076-b6e0-1ce46d4e41fe,Professional,5% Discount,1
67f82bdf-220d-416f-bccb-440c34d4d0d1,Professional,None,0
2480a73a-61e5-4f3c-809c-9e5883ccf74c,Enterprise,None,1
61723350-04ec-4c8b-8a16-14d834357760,Enterprise,5% Discount,1
767fcec2-e94d-44d4-a334-a18130cbfb70,Student,Free Shipping,0
851be4c0-d644-4c2c-8b37-90f8847e20cc,Professional,None,1
02d0f020-bac5-4c5c-95c3-c8070662e7c3,Professional,None,1
05b26a44-a5d8-41f0-b2f8-3b1b2abe747f,Student,10% Cashback,0
7906379a-6a26-45f0-9b2d-f85c4c16dbb6,Student,10% Cashback,0
fa2af164-1b5f-48c2-a226-8d0fccad2f08,Professional,None,0
99f65df1-697d-41e2-ae45-8280516884f4,Professional,10% Cashback,1
dedacc92-6532-4e84-a609-c9dda7255487,Professional,Free Shipping,1
82939e9a-9469-44fd-a95b-c0afbd86fcf4,Professional,None,0
c96396d8-1d31-460b-9a9f-2db8869eedba,Professional,Free Shipping,1
66d915e3-ea0d-43a6-9738-12d77598110a,Professional,Free Shipping,0
9e6777c3-d96b-4abb-8553-7fd3368df383,Professional,None,1
88c268ed-58db-442d-a725-911481b92080,Student,5% Discount,0
7d95ddca-6218-4702-9ad5-dd2affe0fc7d,Professional,None,0
75d1644d-04d1-4824-a03e-23e26fbfbc0f,Professional,10% Cashback,0
badaf20d-e646-4371-99f2-1174736e01f3,Student,5% Discount,1
9b846e05-e5f3-42a9-9ec2-591fee561c12,Professional,None,1
b4dc7eb4-71da-43c5-ade5-6409fa7c72f2,Professional,10% Cashback,0
1b9dcc1e-517a-43de-8fc4-a04702190682,Professional,5% Discount,0
1066a2a5-b387-492c-8b95-f80d13d57eae,Student,None,0
676c166d-2a35-4047-a7ea-036cde8b1de8,Student,None,0
2775f04b-274d-4e05-9e7b-5e56cfa56aeb,Student,None,0
36b1ab84-2f21-492a-b611-717977edce94,Student,10% Cashback,0
21a51979-f377-43e5-a8ff-76d11103d521,Professional,Free Shipping,0
ffc3ffe7-dd9f-43b8-b8cd-290c1e12fa43,Professional,5% Discount,0
7df23e27-0d92-40e5-b86b-e0c0bd75a2f6,Professional,None,0
d0433c86-c7a8-4a80-bbc4-d5ef7d49942d,Professional,10% Cashback,1
e5d69af0-4c9c-48b8-bbbc-0d019d737d51,Professional,None,1
88cc916d-3891-4d12-bb47-b47133148bf1,Student,None,1
f18ba26f-d646-4b52-8785-74796534b590,Student,None,0
998aceeb-c7db-48ce-b82e-dff26bad0934,Student,None,0
27d9de64-b280-46c9-8ebf-b415ca91f82f,Student,10% Cashback,1
bd7d15a2-99e6-4fec-beb0-6c41102ce639,Professional,Free Shipping,1
8ab24517-d897-42e0-b799-e8ee03469f0a,Student,10% Cashback,1
b35d80e0-b1ee-4ffa-ba9f-033bae3a0413,Professional,10% Cashback,0
bb28e65f-7929-410e-bc19-6f29d90d9cf6,Professional,None,0
1fee3bd9-52d3-4353-8028-0097c4270066,Student,Free Shipping,0
b04d7037-eb75-4bfb-91fb-e337c1583890,Professional,5% Discount,1
fa11af45-a6fe-41d2-bd23-66a09ac51fc0,Student,5% Discount,0
4a279bae-c1e7-46b6-8008-f3147e560f8f,Professional,None,1
faeb0a9f-7b10-482f-adf7-638d4bf7d1da,Student,10% Cashback,0
987acf48-be22-4dfb-8ed6-9134d945a207,Student,10% Cashback,1
074e73ca-ec5a-42d6-b91a-6570ff68aef4,Student,None,1
d5724464-9cc3-4c7d-94a2-e747b0084f94,Professional,10% Cashback,1
8d2c9594-6dfb-4839-a3f8-6721b0aebe26,Enterprise,Free Shipping,1
2d9fb901-410e-4884-b5cb-f3d48dc541db,Student,None,0
13fa8f8f-faad-4744-9908-ddaea21c2055,Professional,None,1
86274674-e6b9-4779-83bb-deeae55b0951,Professional,10% Cashback,1
bf233dcf-2b66-4e3c-821a-546004712e78,Professional,None,0
c8e94d15-d7a3-48b8-a137-ce01d507219c,Professional,10% Cashback,1
cad0f6c0-f993-4255-80a8-a8daedc8b13d,Professional,10% Cashback,1
2bc9baa4-b52a-4266-99d3-e457636a04ff,Professional,None,1
96637b7a-32b3-4c56-bd39-9fd95048af07,Student,5% Discount,0
8b38d350-60d5-4270-b5e4-3dd56dcd7d2e,Student,10% Cashback,1
7ee52b92-45cf-423f-a442-1a827fc2d838,Professional,5% Discount,0
175d61cf-3a6b-4f46-99bc-46de162e86e0,Professional,5% Discount,1
f21a620e-5665-4f57-80ea-d75ae0094bb3,Student,5% Discount,0
6425cd25-f5bf-40ff-b5dc-a59313c0f964,Professional,None,1
3ca59e8e-26ca-49df-8ec0-df4d1f8e6cb4,Professional,None,0
e24da879-7f91-4894-b7ef-debd7c296d53,Professional,None,1
fbcab031-5ba2-45cc-863b-20c0bb83624b,Student,None,0
9cf17a2b-c56c-48f8-a7f7-613c5517c914,Professional,5% Discount,1
77f396e7-8607-46fe-be28-51afbc0bad5a,Professional,None,1
90f4e2d2-631c-455a-8b44-f1d84cb4d8bd,Student,5% Discount,0
9db7e1e6-4cb9-4053-aba7-01e81918b7cb,Professional,None,0
4e7f12fc-df9a-442d-9d8f-9727cf845899,Professional,None,1
fba1c65b-2a2a-47f1-bff0-38440e982ef7,Student,5% Discount,0
33e27d07-5cf4-4e77-8d82-749a97c58509,Student,None,0
9f88957d-9b12-4141-8c51-b69fb58dba63,Professional,5% Discount,1
49a44db2-a54d-498d-89ad-84292757b8b3,Professional,None,1
f505a859-88c9-447c-ba9b-296e9d1097fa,Professional,Free Shipping,1
a585b65b-de09-479d-b536-e88d2aca77bf,Student,10% Cashback,0
9200615b-7dce-4912-8a28-18475cfd09cd,Student,5% Discount,0
4849f091-2d46-47be-aaea-66f59250fdb0,Enterprise,None,1
38c91fc8-f890-4c48-964e-b3febc4497bd,Professional,None,1
1c7ca3d8-62df-462f-8ffc-294cb8c6535a,Professional,Free Shipping,1
13e4ac03-96aa-45d4-bc72-4de547b6c52e,Professional,5% Discount,0
60dfe8a5-c2af-494f-817d-a3f92f238a6c,Student,None,0
948a70b3-1402-4e3c-b7ae-783e7c9245a6,Student,None,1
8ca39101-3445-47d1-ab96-a6652aa8b8cf,Professional,None,1
e345b5a2-64e2-4f59-b624-651c77f2829b,Student,None,0
d75ce895-f3e6-46f1-8701-07aff8450985,Professional,10% Cashback,0
11036805-7254-4b5f-8199-9b26c08a3c23,Student,None,0
4e0c9b7e-7880-44a4-bb79-08b0099e8f2b,Professional,None,0
ea39d811-37f7-4c73-a935-0df244cd5f32,Enterprise,10% Cashback,1
b11dd047-98e4-4f7d-8e0a-736b7739723a,Student,None,0
2e15258f-7c1c-403f-b91d-76710a494ebd,Professional,10% Cashback,0
4aeabbba-a5f5-43c6-9f18-d7e9b4d94d39,Professional,Free Shipping,0
fa7414ea-9435-4980-b717-7539d9d16de9,Student,None,0
f73ca7b1-6d42-45c3-ae4b-41616345a652,Enterprise,10% Cashback,1
c710f5e3-7c25-452d-b5b6-cb3adcbc83ef,Student,None,0
25f6d45d-1403-455a-a619-efebed20200e,Student,None,0
98ee18a2-bf29-4cab-9ca9-724e6bb109b3,Professional,None,0
88472176-48a6-42f6-b1f7-b3e01e803540,Professional,None,0
10b49789-33e3-49b0-9714-92dea93e878f,Student,None,0
344d3ee2-7a61-4583-acb0-537c152418a4,Student,None,0
b51717da-25a8-4220-b43c-30d5d0534067,Professional,5% Discount,0
24713ca2-3ce8-46d7-9f64-3e1648ab2164,Professional,10% Cashback,1
5160cd08-4ced-494f-93a3-5695d641e0f9,Professional,Free Shipping,1
e7d70cbe-ae58-4a00-978e-0ed2312dbeeb,Professional,10% Cashback,0
2edbb4ff-d005-4f96-82f1-fd19386c6ac9,Professional,None,1
2359ea76-fd75-445e-a442-f50cb7dc2c6f,Professional,None,0
feb62d61-b6d0-478e-9cab-ff58b9c9f827,Student,None,0
48864e61-851a-4d04-a03e-bd68cb77fc78,Student,None,0
f1ed8ee4-b0d0-4193-85fa-f6b2798f7bbd,Student,10% Cashback,0
8947834b-72a9-4587-897a-e24373284f66,Student,10% Cashback,0
5e2101da-c0fa-4650-a513-9cffb5f8aacd,Enterprise,None,1
54435f7e-e323-4edb-b785-2f6c5d91b0bc,Student,None,0
d3fe9011-a8ff-45d4-964b-be6a131725cf,Student,None,0
cd5d7265-1ad2-43e9-9bb9-0a331ef84c44,Student,None,0
15f5a95b-aef2-439e-aa4e-f0ff5ac92265,Professional,None,1
0d0b5871-d6d8-4f60-a9d3-bf454275d601,Professional,5% Discount,0
2fc3e4db-9bfd-40b3-b7d2-62b170b933fe,Enterprise,None,1
16470484-a35b-41f8-a62e-0a36e6025077,Professional,10% Cashback,0
612374b4-3f17-4197-a8ab-1deb66c89822,Student,None,0
3d955b91-40ed-49a8-ae67-dca74fa2efe4,Professional,None,0
af40850b-24ef-4b48-bb58-7306efe009d0,Student,5% Discount,0
4cd420e0-bf5c-44d3-8127-4934814e3239,Professional,10% Cashback,0
c00f87b4-bfda-4129-98e1-46fcf8103a38,Student,None,1
838d1318-57b1-4a71-ae48-b67c75c177fb,Student,5% Discount,1
cb72a1d5-11f6-4599-9d9d-cc8d7e277140,Professional,None,1
45a477f0-2067-4466-8c37-702fa814f6cb,Student,None,0
00ccd47d-103e-4b40-a859-377c481e469f,Student,5% Discount,1
702c3da9-8a32-45ad-8039-f0abec8206ba,Professional,10% Cashback,1
96405277-849d-4730-9b48-e15bbd54c00f,Student,None,0
ad1c43c3-2ca0-4864-914e-0a104e0445c6,Student,None,0
0408f940-91e3-48b0-8341-1b144e3fdaaa,Professional,5% Discount,0
9621f31b-8c2b-4b85-8fba-f5de9fc2a769,Professional,None,1
1a9e568a-99e1-45ed-9336-d32dd4d894be,Student,None,0
958288bb-592f-4713-bd89-63d3847b7882,Student,10% Cashback,0
9004a68d-f0c1-49e1-a8b7-32e3d214ca71,Professional,Free Shipping,0
e6705114-1f02-47ea-9a9f-ef26e44ccba9,Enterprise,None,1
11b69590-12ec-4801-a2ab-463387d3d955,Enterprise,5% Discount,0
d1c466f5-987e-448d-aac1-bce4f18493f7,Professional,10% Cashback,1
e168ce48-31bc-4d27-9eda-c6782ce04b4a,Student,None,0
7eff570f-3f71-4835-95bf-486dfb10e873,Professional,10% Cashback,1
afde860f-518a-4b77-9a49-5b6b44698f66,Student,Free Shipping,0
cb88f244-363b-4107-9896-e86696a9aeba,Student,None,0
8ed08253-e9aa-4355-8210-c8ced4a51016,Professional,None,1
31b680f8-907a-4bc4-be4e-87cd841f8474,Student,Free Shipping,0
7d0f9e8d-017c-4ab6-a22d-486462b292be,Student,10% Cashback,0
088d27fe-983f-440a-bbcd-f42f92908de5,Professional,None,1
2407406b-5b78-4fcf-8c06-4408251894bd,Professional,10% Cashback,1
ba998031-d52c-42f4-9f98-2b9063da0121,Student,10% Cashback,0
cebbd017-8250-43f3-9626-855b636e2475,Professional,5% Discount,1
ebfc05e0-c45f-4fef-a737-77046733b0f6,Student,Free Shipping,0
33458cd6-a468-45b6-892f-dfeae089cbb6,Professional,None,1
75249d6f-d41d-4260-9907-c4a294bb040e,Enterprise,None,1
372ceda4-25b0-4347-9998-bbccaee769df,Student,10% Cashback,1
97e89916-672e-4050-ae02-97b1c5cf46a5,Professional,None,0
ce47fd3d-d06e-46cd-80ce-8a6551b6783a,Student,10% Cashback,0
100ab280-2ad7-421f-83d1-161f20593849,Student,None,1
dd885af1-851f-4407-95c1-d57dd4d707e8,Enterprise,None,1
83cde135-7aa9-4f9b-8cdb-17461f580ec1,Professional,None,1
7f37d5e9-aaa4-4730-8998-e7652da57d17,Professional,10% Cashback,0
8510f2cc-2ef2-4329-97a5-09cf2a065ee7,Professional,5% Discount,1
9dfadf4a-f0ab-4d2e-b849-7e94bd362716,Professional,None,1
929f0aa4-27c2-49da-9f65-3479cfcb75bb,Professional,None,1
79611168-7388-4ba4-8d1d-0d90cfece4a4,Professional,None,1
268f1968-f3b7-45eb-bbeb-1e2477c9136c,Professional,5% Discount,1
51e91770-69d3-44e2-b501-b1f365d0e11e,Professional,None,1
f39cb1de-0519-42e1-aadc-84e55bfa99fb,Professional,10% Cashback,0
bb36927a-697d-4aeb-a562-0ad4aeb4eb9e,Student,10% Cashback,0
e17a2b98-547f-4ce1-a01c-db53dc02e29e,Student,None,0
d9d42494-fe1c-4a26-a84e-741c69b40dc3,Student,5% Discount,0
ef7c9552-3927-4886-8466-7877a96d1248,Student,None,0
70a2ec0d-a6e6-4884-ad86-7c2b64fbaca0,Student,10% Cashback,1
8e1e706f-df1d-4a95-ab1b-f1378c0d6e24,Student,None,0
b6a953e6-5ba9-4f83-9474-3504f6d068ef,Professional,None,1
8f173a14-c355-427b-8131-f058a5096dad,Professional,10% Cashback,0
2a28a6e1-7631-4377-9865-aeba71055a8a,Professional,None,1
245305b1-176e-497c-9678-bd4d4892314d,Professional,10% Cashback,0
45506828-6e3c-42aa-aee3-423eeb3fcf9d,Professional,10% Cashback,0
06116c8a-ac6e-4b46-a159-18a9c0cc39a5,Professional,10% Cashback,1
bc34dae0-c075-45cb-ac2a-2c2cb7082df3,Professional,None,0
488fb8a0-d709-4770-b383-5759e45d5c6e,Student,10% Cashback,0
256a6c21-7c66-488e-9125-6cb2eef7f713,Student,10% Cashback,0
2cc5a686-d930-4bc3-b157-a73ac2acae6e,Professional,None,0
42f6425d-97a8-47be-9210-2d5291b99352,Professional,10% Cashback,1
64a8b703-8ea0-4199-97ad-acd830b28a89,Professional,Free Shipping,0
1f3bd173-938d-47c9-8177-25e16dd58a75,Professional,None,0
8ec5ca26-e38d-43d5-bcf7-b56186e1dca2,Professional,Free Shipping,1
54a0bd79-8c0f-4152-8222-2d97e98a0808,Professional,None,1
d1cfc095-7e70-4a59-a6c2-01af49d992a3,Professional,None,1
bbf910c3-2f15-4658-a5e1-a80c1a14d7f2,Student,None,1
d53276cb-7bf2-415a-ac9a-f88c07220ec1,Professional,10% Cashback,0
ac7ba1ca-4fed-4b33-bd4d-83ebd010b278,Student,None,0
69b85c69-f3a1-4d1f-8f50-2357fc7f7425,Student,5% Discount,1
f09571a8-9e34-41a0-ae4c-f63890eb8774,Student,5% Discount,0
e9476900-1d62-4c1a-b491-d30cf543cf0f,Student,10% Cashback,0
89033a00-2076-4854-898c-b833889cd7c1,Professional,None,1
4bc793a5-9694-4a8f-9fd9-e51cff42a95e,Professional,Free Shipping,1
bd62bc1a-6940-4bca-840f-80f209576357,Student,5% Discount,1
dd089933-c185-4c4a-8dca-05d1bfd114e9,Professional,None,0
67659e8a-935e-42e8-92b2-e45094a48c2e,Enterprise,10% Cashback,1
5fa0d241-0219-4441-8944-ce5f3ca0bffc,Student,10% Cashback,0
2b720e72-d95e-4402-bc90-51f22d6f4447,Student,10% Cashback,1
9d5b3072-7dcd-4560-8066-aa669ea040ea,Professional,None,1
1e19e97a-e4b8-418c-aefe-9fab39569b81,Enterprise,None,1
f059c489-9249-4978-96b5-8bee2989bf07,Student,None,1
6aa32f47-bd0a-4aba-85e8-dbd6190c86f8,Professional,None,1
7f7ebb57-2ed9-4944-b2db-b6283d9566b9,Professional,10% Cashback,1
575870d9-20df-4cd7-9610-f74b3e376948,Student,Free Shipping,0
48da975c-7985-4a95-b59d-cc32f2026947,Professional,Free Shipping,0
70445cb8-a4ef-4f8e-9621-b7ed41aa4805,Professional,10% Cashback,1
a35dc959-f1fb-42b4-9d7c-b2590d9fe1c2,Student,10% Cashback,0
8376bdce-a7b9-4eeb-a466-cf72d88727c2,Student,None,0
e795e879-eaab-4867-bec9-3ae49f26e928,Student,10% Cashback,0
c1ebeb89-cc28-4e53-9463-3ac72cc2d4ad,Professional,None,1
a5a0a351-82f4-462a-b397-229419a93e7e,Professional,None,0
6a0cb0d3-b1f6-440e-acac-bf286b6ba90e,Professional,10% Cashback,1
98162ac6-4424-4ca5-8427-a24fe3d12304,Student,None,1
57457b31-ad42-4b66-a8a9-9f361b5e6704,Professional,None,1
59f703b9-57ce-427e-87b1-6a49c413a44f,Professional,5% Discount,0
d804df72-42b3-422a-8e96-a57a2eb675c1,Student,None,0
4f3a31a2-e733-420e-941e-97d523b158e5,Enterprise,None,0
f3740141-cf34-4f14-802a-1185fea93368,Student,None,0
69a597d2-7e7d-44a3-88d1-ebeb3de4fbd5,Enterprise,None,0
8ab8f572-f214-441b-9023-cc878f75d765,Enterprise,None,0
9be5dc44-5b24-4edf-8467-49472c10626a,Professional,5% Discount,0
5c18a5ec-e9b0-42f0-8347-3c19cc2c80c9,Student,None,0
939e4227-951e-447e-8d09-ea9c61858356,Student,5% Discount,0
ff5b61d9-a594-48c2-b415-e45e09edc9a1,Student,None,0
f3a0e058-536a-453d-8cfb-e83436f70ed2,Enterprise,None,1
b31193ec-34e2-44b6-a97f-56bde3c92b02,Student,10% Cashback,1
c73ea564-c80d-472a-a999-dbbc8a1013be,Student,10% Cashback,0
b900b97d-f64d-48d6-b0c7-8d553d5db272,Student,10% Cashback,1
c75b3216-d772-401f-a2dc-c49accba6e2d,Student,Free Shipping,0
dc0d054e-8f84-440f-84b6-43505cba87ef,Student,None,1
90099441-7306-4642-a244-f804c1847a99,Enterprise,None,1
9549c332-728c-49ea-a3dd-5df483a47a5d,Student,5% Discount,1
d96c2aa0-9e64-4540-bfdb-9ba2d2280351,Professional,None,1
66cce3e9-135c-49fc-af00-2941e6738aa4,Enterprise,None,1
af14ed5d-3e5f-4b41-b93b-6667add412ca,Student,None,0
c151d8eb-ab79-416c-8017-af5cec26c56a,Enterprise,10% Cashback,1
7686630e-f0ba-4623-a04e-c9f3582076e1,Student,None,0
f0248cd5-4e30-4bb0-9d97-92c88985b417,Professional,None,0
ca3895c8-17fe-434c-879f-56405e594d9b,Professional,None,1
f97aa184-9986-4ce1-8323-f3a794782562,Enterprise,10% Cashback,1
a903e2f4-bf6c-479d-819d-c460da59aa5a,Professional,None,1
21078eaf-1afd-4518-86b0-4419f7ceea24,Professional,None,1
51354bfe-028f-4c9e-a772-386bc7ae468c,Student,10% Cashback,1
7ce4cc3e-eb26-4c2a-ae6c-17dd416bff4b,Professional,Free Shipping,1
8de3101b-0c9f-45a6-b8da-740d285fef9a,Professional,10% Cashback,0
22dd7a8a-ed7c-4643-a41d-ce963ed9ae7b,Student,5% Discount,1
ba075cb8-5c9b-4e93-908a-1adec382e1a8,Professional,None,1
836d4f63-26d8-49eb-a31b-3d87c5ff1ed4,Student,None,0
8d5464b4-f3de-403b-a281-a694f67bd622,Professional,None,0
7412e94c-d489-4e54-829b-b2be3529657c,Student,5% Discount,0
aab9b2d6-1da6-4616-b7a5-9a12d84c5a2d,Student,None,0
ce6a7395-1b83-4a36-8e94-a17c5c5364da,Professional,5% Discount,1
8a87ec9f-d123-453e-b1f6-c7d4e4635f54,Professional,Free Shipping,0
822fe839-a353-4f18-8b15-1ad597d40ff2,Professional,None,0
da4636d4-80b3-4ba5-832d-ed3a9ac1d592,Professional,None,1
03ade78f-f073-453c-adba-05633c3dfa38,Student,None,0
4db238f5-2ace-43a6-b1e2-e394ad8102b1,Student,None,0
f92c2239-3bd9-4dab-b3bc-c0a86f818c59,Student,None,0
f5f92045-7d6f-46fe-9493-f7a125d33cba,Professional,5% Discount,1
2d6dcf22-6f99-48a9-b3dd-50d497194a7c,Professional,None,0
bada69f5-2ac0-44af-be7c-7439efb95afb,Professional,None,1
89f20dc5-d3e3-4313-a0d9-40a02d601437,Professional,None,1
a657e3f1-4bb7-4417-80f2-4542b03d39e2,Professional,Free Shipping,1
273a2044-b1b9-4337-a91f-e52baad50f9b,Enterprise,10% Cashback,1
154ec381-ba31-4d9b-b3b4-26a6ec5489e5,Student,Free Shipping,1
c2684dfd-2773-4be8-adf8-fd354d2cd8ee,Student,Free Shipping,1
ae868759-696e-4d92-9375-4f0090d2f1f3,Student,None,0
c29624d8-5f6f-4e58-84cf-341c227ef0e5,Professional,None,1
3692a615-4871-4abf-8190-b00ce444cf77,Student,None,1
3996b83c-4250-42ba-adae-81278cf23e12,Professional,None,1
c08d44cc-c505-44b6-8193-e9c9c9a7cd17,Enterprise,10% Cashback,1
a84a47a7-f46c-46bc-a7b1-4263bd467283,Student,None,0
607f259b-bb88-466c-a012-8432acf5e0b5,Professional,None,1
2a90d9c0-6b77-43e2-97b1-c12fd192d404,Student,10% Cashback,1
475403f1-d65c-41a4-aa07-2d41e362dbaa,Student,10% Cashback,0
1dc960a6-2a29-4655-9035-4c34ce1d7c9e,Student,10% Cashback,0
3cb56183-0ee5-4eee-af1c-868694e6de21,Student,None,0
57c3f06b-4ba5-473a-8198-88b54bc0d1e3,Enterprise,5% Discount,1
2ef6a761-3cd5-4050-a02d-28258005f6d3,Student,10% Cashback,0
2d97562e-ef33-46c3-b52b-b2c70846b0d8,Professional,None,0
488a335d-9b93-4fa4-be7d-3ff518d4a2d1,Professional,5% Discount,0
b35a6a6a-d4e9-4bed-b9e1-71640cb7126c,Professional,Free Shipping,0
f52e38e8-db3a-4c9c-a855-9a3c723e38ec,Enterprise,None,0
6d5c229b-5fdc-4958-9b55-3a9ef3a58fc8,Professional,None,1
356e3c6d-92c8-49df-8484-750d61ea4cb0,Professional,None,0
10baac34-04e1-4ffe-8020-473ed28211e3,Student,None,0
fc0045a6-6831-4fe9-8e1c-c85a19c493ef,Student,5% Discount,0
0034ccbc-5b81-4745-b91e-e091572544b8,Professional,None,1
055e00d8-3da0-435e-99bf-05469634e250,Professional,5% Discount,0
2e8e6d7c-2c1b-4e14-a619-a8a0e3f22ce6,Professional,10% Cashback,0
cb1e0f48-641b-4143-9ced-f15d253dd32c,Student,10% Cashback,1
b8b829f2-4643-45aa-9f16-6cc6590c9f99,Student,None,0
69cd4a58-e1ff-4a9f-88cd-546940c331bd,Professional,None,0
0259a1aa-6858-4951-8a2b-3e788d6f03f0,Professional,None,1
28a7f8d6-e0e4-40ea-96ac-918332ea49ab,Student,None,0
c6d4847e-74b3-4bf7-b769-bfac9cf30782,Professional,None,1
1962c704-710d-4ffa-8ee9-083230d4572c,Student,5% Discount,0
f13666a2-2c3a-412d-90ba-46ce1c80a8dc,Professional,None,1
9d4d94bb-e413-4604-b9ae-343884fb5384,Professional,5% Discount,1
210076b2-59fb-4d13-9679-b00c28a575bf,Student,None,1
5eae41d9-d0ee-4e48-beb0-d998b3f450ab,Professional,5% Discount,1
7c853471-397d-4658-a663-3d8f66aaa104,Professional,Free Shipping,1
635d5391-b54b-4c6d-9a96-4c0cb70a8708,Student,None,0
4c764144-a1bb-4897-a82d-14406c0938e7,Student,5% Discount,0
fc3561de-15fc-43dd-b10d-724da03a5c8c,Professional,10% Cashback,0
a68cee80-a777-4720-9df3-c09845b7e386,Student,5% Discount,1
f8aadf2d-583d-40d4-84d2-0687eae9e1f1,Professional,10% Cashback,1
7818cb26-9088-4d7f-8611-64782ee5521d,Professional,None,1
3df1655e-a782-4867-8834-0d4aebac8477,Student,None,0
979b7bbf-43d5-47ec-aa95-572a3a15b6f9,Professional,None,0
e0b0f074-89ea-4ae3-b593-cd6d33ece2ac,Professional,10% Cashback,0
9e4c6e0d-1452-4542-94f8-d253a49acf77,Student,Free Shipping,1
5109689e-b8b8-46ee-a17e-cb266715df3c,Professional,10% Cashback,0
4706cfc1-5285-4fd7-8938-a936104bc1e6,Student,None,0
71d327fe-ccc2-4806-b69b-6a7d2f096426,Student,5% Discount,0
9e909b11-1fa1-49de-86ea-9df964d824f3,Enterprise,5% Discount,1
0a4d2341-4bea-4c04-90be-b5e06220d4d1,Enterprise,None,1
884e3ded-b3c9-410d-a71c-d3f8902e110f,Student,None,1
90fc927d-2929-471e-bbf3-a57b3bbf310f,Professional,None,0
5ba86352-f433-47b1-91dc-3ac1e14828d4,Student,5% Discount,1
00493e41-e1ff-4138-9edd-8966bd8cee16,Professional,5% Discount,1
5d54336e-91bf-4fe8-b63e-39bdea9e6722,Professional,None,1
59671825-02cc-4611-a438-4339b25c1437,Professional,None,0
22e38eeb-3a73-47ce-bab4-4520fffc6f21,Student,5% Discount,0
43c7e08c-6b70-4534-87dd-a28cbd504c49,Professional,Free Shipping,0
96727ada-acfb-4e70-a341-632e2a706cf5,Student,5% Discount,0
4c532dcf-eb91-4929-b39e-50e6321580e0,Professional,10% Cashback,0
1489e65f-59ba-4cf9-a8f5-06e83bca9aa6,Enterprise,None,0
5de4b798-8914-4283-9567-0e72b0719e36,Student,10% Cashback,0
26a17cb4-3dd3-4e71-9ee0-6414bb052006,Student,None,0
a7602255-1547-4776-8150-97e32c15052f,Professional,5% Discount,1
a6e15576-324b-44f7-aacc-6d23ae60ca73,Professional,None,0
3b945296-022b-4e7a-8d2a-4619166170f8,Professional,5% Discount,1
a111157e-b217-4544-8a3e-e2d9c10c9c03,Professional,None,1
3580a6a1-3fc8-4805-84b0-f226ee723a3c,Professional,5% Discount,0
1f8b252c-5aa2-4c24-bd71-ed8cd95c2a9f,Professional,None,1
7757617d-080e-432d-a05c-415f8c48fb87,Professional,None,0
67f6f6ff-8127-41af-a3c9-8c42db62eed4,Professional,10% Cashback,1
36bdb111-bccb-4de8-90a9-dd7be7ca5d5c,Student,None,0
3a49fd52-12f7-400a-a165-fe46662f6519,Student,Free Shipping,0
a01e370d-389b-4d04-86ac-75c5c170e39b,Professional,10% Cashback,1
7d1b501b-26d3-4cc4-8425-bee2dd75e666,Professional,10% Cashback,0
6fa1f480-6740-4743-9fb6-13f9643fd29b,Professional,5% Discount,1
625698a0-fa12-44dd-93ee-886eb76dee28,Professional,5% Discount,1
c5b96dd6-f467-431b-b26c-42f2dd051f37,Student,10% Cashback,0
f0e64dce-0c79-4746-be82-cf6d5ceeeea1,Student,Free Shipping,0
93e5d7c8-25d3-49af-a506-cdccfca9f88d,Professional,None,1
d39f98c8-d0b7-4f52-bba3-ace9b733a413,Student,None,0
aee42f6b-5eb6-4002-b718-57dfcb1d77d3,Professional,10% Cashback,1
883ff0e2-5765-4157-a684-244f28ede20c,Student,None,0
92456fe5-49a7-4a8b-b04d-eab8b102019a,Professional,None,0
07b460ac-7901-4832-9019-5adbf3beb215,Student,None,0
63cff76c-26be-4bf6-8522-3570c75da165,Professional,None,1
09896ad1-c77e-4d20-9f03-62b2922b36e2,Student,5% Discount,0
40ecca17-009a-41a1-ab86-5e7cee591f76,Student,10% Cashback,1
69b60ea1-3ab0-4071-a971-75bb71373cfc,Enterprise,Free Shipping,0
659e669b-58b7-4ed8-81c6-715b049e3794,Professional,5% Discount,1
77497d62-d9dc-4521-87b9-60d20a681d37,Professional,None,0
b1f9ae7a-35f0-4c2f-8907-a5fd2e099ea5,Student,None,0
2e3cd4da-4f4a-4a66-896f-fa719d281c70,Student,None,0
c9ccb31c-ad39-44d7-bdaf-b82f2fbdc555,Enterprise,5% Discount,1
9a501e93-3693-4da5-b2cf-795be51ac484,Professional,None,1
2b787f26-d9b2-4c66-8385-06eef819f237,Enterprise,None,1
99340a8c-edfc-41bf-bb81-279bf4db38a4,Enterprise,Free Shipping,1
4c0ce655-ed32-46a8-b6a1-9a43ffcb4062,Professional,10% Cashback,1
3940d434-d105-40c5-a941-a129b7763267,Professional,None,1
ea9a039a-b9e3-4768-9dc2-eda457e7c724,Enterprise,None,1
3a5820f7-8954-465f-bbeb-849d1dee47fa,Student,5% Discount,1
d035fded-4bc8-4b19-a900-ae919fbf95f1,Professional,5% Discount,1
1b944f20-2c75-46bb-b16c-889f74ca6b9f,Professional,None,0
73b4a78e-39c2-46d2-af3a-dec6980a9004,Professional,None,1
f069aed6-d6ed-437a-87ed-916a26e935d8,Professional,5% Discount,0
2961e7da-3efe-438b-9467-62209525c55a,Professional,5% Discount,1
44331fe2-e79b-46a0-a2a3-a420ea35b6da,Student,5% Discount,0
a48e5a14-1f1e-4ba8-812b-1e0a46a96112,Student,10% Cashback,1
8cb56bcf-ef1f-41c3-9c01-06ff2b9faf3a,Professional,Free Shipping,0
1ead049d-24d8-4d84-8d98-9c6b28de82d0,Professional,None,0
a71dc8c9-136c-4e70-820b-b9db6a10c8c3,Student,None,0
10a6954e-ffd3-4962-a7de-d3193ddcb8c1,Professional,10% Cashback,1
22c2ca53-efe7-4939-aeea-8c90247eec80,Student,10% Cashback,0
6c69fc4e-f1bd-463d-ad89-6b797a59efa9,Enterprise,5% Discount,1
6e7df812-88ac-47c6-b3de-bb7b6589558a,Professional,None,1
df98d19c-e05e-479d-b55e-5a596123f5e3,Professional,5% Discount,0
e47d786f-4184-4857-b767-f89b28ea725f,Student,None,0
aa65a2ad-bb8c-4812-9040-d70b0362eeb4,Student,10% Cashback,1
92a2d7f4-f551-475e-9279-f4648837a501,Student,None,0
6eb2a9df-bbdc-4ac6-b16b-219a4cee8546,Professional,10% Cashback,0
c27b71d4-73f3-4fc2-a546-9f2dcfb7eaa7,Professional,10% Cashback,1
2bf43207-76cf-4481-a06b-352261d63924,Professional,None,1
491c8504-b45c-487e-a928-bcc290746bb2,Professional,None,0
1320a2bb-d0ef-460f-a5d5-2dd012c9c8d2,Professional,10% Cashback,1
2a160453-d01d-4922-a72b-4d5dee59192c,Professional,5% Discount,1
c4aabfed-6365-4de0-8f90-416983cf84f7,Professional,None,0
e7a7d57c-19f4-49ad-86f6-c44994a1d4a7,Professional,None,0
61f37b05-9afa-4c12-acc8-721099ac2fab,Student,None,1
c511dbd4-1d4e-4388-9dab-01079432a06c,Student,Free Shipping,0
007d2ff3-9852-4b55-ab48-e6fc26d0ae6f,Professional,None,1
22d10811-76f5-4f70-8410-8238d7fd9332,Professional,None,1
72600347-ef7c-4b5a-a707-71f879085140,Professional,5% Discount,1
701b516f-0868-4cc8-90b5-46056f4943d5,Professional,10% Cashback,1
b4543d47-0285-42b7-80f2-05e3ce81901f,Student,None,0
fa28b3ed-90ab-43f2-9a1a-c74e821b30b4,Professional,Free Shipping,0
a2da6a3c-69a8-4e4b-9774-8b0077b8264d,Professional,10% Cashback,0
0a40985c-a5b4-48d3-9a05-600131ee4d03,Student,10% Cashback,0
6cd538a0-783c-4f22-bf0e-d4e1e47cc41d,Student,None,0
ad5207b4-2ab6-4906-b0f9-80a2d370e7f5,Student,5% Discount,1
d491b4f8-81c5-43d9-a1e5-334abf1540d8,Student,None,0
272f705f-3062-4189-a675-0a5ed13a2107,Professional,None,0
27282fab-95bc-47c7-8256-fb1b8967424b,Professional,None,0
b4421417-5bc6-4d7e-8fe1-c797b0e374d6,Enterprise,5% Discount,0
0a1cc1ca-fc9b-4f25-813a-eda3c1b1b151,Professional,10% Cashback,1
f477106c-7076-4897-89b2-29073e119b38,Professional,10% Cashback,1
a5329522-ff6f-4208-a78e-4b7db4300846,Professional,None,1
d859ab63-c435-4853-a59f-3a7de72cb589,Professional,10% Cashback,1
2b045e57-1f8c-43ea-b950-6b542ce8f62e,Student,5% Discount,1
5f5738d6-3d20-4e06-9268-c344ba70ea72,Student,None,0
c909a038-9ca1-4d5b-b518-b2abc441dc08,Professional,5% Discount,0
93b7abb2-bac8-48fb-b55f-a06f863b0c56,Student,None,0
09c94384-2209-491c-bff5-8be100441a81,Student,5% Discount,1
3d4721a3-9625-4418-bd34-6ec6776cbb90,Professional,None,0
69b7803d-12da-427e-92b6-976b6ed54aff,Professional,10% Cashback,1
d8d3a44b-de71-4d3d-9c5a-c33bb92684e6,Student,Free Shipping,0
06bb361c-e4ab-4789-b520-a115cb2c6209,Professional,Free Shipping,1
44f7860d-119a-432a-976f-771315690907,Professional,None,0
5dfd90ae-9dee-4098-b28c-d5ea65325a9e,Enterprise,None,1
7c00169f-bd50-4afb-8bfa-df04f1821d0e,Professional,None,0
c5b1ca17-d990-4588-899f-a20dd7a209e5,Professional,5% Discount,1
24a95f8d-fbb1-4fc3-b73d-1f59de14d9d0,Student,10% Cashback,1
d87f4b6a-09ec-49ef-9710-c8e312a7bd27,Student,None,0
45eeb169-d8aa-45ae-be7a-5dcae2f5412d,Professional,None,1
8e1159f9-720f-4fe2-afeb-ec7caaf6d021,Student,Free Shipping,0
4b3c0cdf-c923-4769-be84-14c059061d53,Enterprise,10% Cashback,1
b5d69827-3508-420d-a268-f079e2c7c0d4,Student,None,0
93297bdb-dbad-441a-a912-14ef85ed7d37,Enterprise,None,1
6853457b-9147-4fda-8f6f-d0d66da83312,Professional,None,0
0a33b0f0-5919-4207-b4cd-2bbd633ac7fc,Student,10% Cashback,0
7bcb4128-55ab-4ba1-ade4-832cccc22ad0,Professional,Free Shipping,1
656baba8-e1c6-4459-a191-4d5d81c73081,Professional,5% Discount,0
d244695c-7786-4c6f-9200-ff3e88ff7c46,Student,None,0
80986254-4655-4c7a-990b-b0b1b5672985,Enterprise,5% Discount,1
b3698378-cc8d-4f57-b7e2-7cac2169f2be,Student,None,0
daef71ea-a862-43ab-9592-4f4be32321e3,Enterprise,None,1
0f6af12e-d68c-4bfd-b88e-acd5d58d09cd,Professional,Free Shipping,0
6913a539-1f29-4024-a3d7-1c89aac94ec6,Professional,None,1
fd69d856-1c22-42ee-897b-5bb7ad6ae17e,Student,None,1
655fae6d-879b-4fd8-a37f-ab3ca0dd395e,Student,Free Shipping,1
4eb8b239-4f28-4dff-92c4-8bef82dc1660,Professional,None,1
47ab3cab-2732-4fb6-ab11-83bdb3c766e7,Professional,5% Discount,1
978018bf-e087-4fde-a348-8a5b87da89b6,Enterprise,Free Shipping,1
f1fd1905-e0fb-4f4b-bbab-25070164b502,Professional,10% Cashback,0
6ea4818b-7653-4051-9deb-1fb46349dc7b,Student,None,0
c14a7943-4a12-4198-89e6-c6d3e073ebfc,Professional,None,0
0c443f02-07f8-45bd-8ac5-5411c74c8641,Student,None,0
96947dd6-5e60-4273-8658-1b7724c463e5,Professional,None,1
f7f7b73a-beed-45f4-99ec-610ce70550ad,Professional,5% Discount,0
0ae81dd0-d355-4d21-b947-7fc749af7a29,Professional,None,1
a1d2f052-821c-4a1f-b211-f8999500fbeb,Professional,None,1
92335cd6-0397-4908-bd04-3a0ae75a3391,Student,10% Cashback,0
8be9cdec-c404-4694-9a8b-34da8262f08e,Student,10% Cashback,1
a7671144-f454-4a75-8e6c-7bded6ee456c,Professional,5% Discount,0
aed88599-f4f0-4bb2-909d-e70f42cd75db,Student,None,0
0f30a98d-4be2-415a-ab61-ff0a93cb1884,Professional,5% Discount,1
e533def4-0261-416b-9c9b-e87159fbed1e,Professional,10% Cashback,1
f6e73067-446d-4843-aad1-d86eb97f0efb,Student,None,0
e8715d9b-22f5-4151-8c5f-795ef7de7f72,Professional,None,0
51a84290-cae9-48be-ab8c-4e73fe3c9972,Professional,None,0
bf036915-9302-45f1-a91f-ea9181be050f,Professional,10% Cashback,1
6ccf1bd3-ae7b-4e8c-9ec7-4135ade5b781,Student,None,0
ebb7ecd8-ba4c-4c04-b52d-28c3c23c6cc1,Student,Free Shipping,1
99452cae-8b2e-42ba-87ce-3056f5761707,Professional,10% Cashback,0
1dc31b52-961d-4017-a367-51f108dd56e0,Student,Free Shipping,1
45d57aa0-552c-43a6-9644-932e498ca01e,Student,None,0
89cfa6a8-0906-499a-9dbd-b75b6f3b4677,Professional,None,0
de9d8eb0-a084-454f-8f11-7811a2383be0,Student,None,0
6eb40b05-560c-4ffb-a3c0-5334ef99a6bf,Professional,None,1
5f63e2c5-65dc-4616-9d3c-f65a86f36d01,Professional,5% Discount,0
6a35457d-00db-4240-b097-d3f397fada39,Professional,None,0
5d0d41fd-dabe-472f-a70f-076cbd60e834,Professional,None,0
36ef39a1-a0e9-43f2-9352-1902f8b578e7,Student,None,0
f870c1a4-c7ed-4610-8d10-675a32c85757,Student,None,0
e14e92ea-aaa5-425f-8bab-f19850270e51,Professional,5% Discount,0
6268b9fa-db8b-4df5-b7d7-5a8f5c995d08,Enterprise,10% Cashback,0
c8a4b738-345f-4f82-9039-f09e2208a39a,Professional,10% Cashback,0
1b6f69da-1b11-4153-8a27-168d71e780c0,Student,None,0
d4a7f762-ddae-4b25-b5c9-bb7905a1e1fb,Student,Free Shipping,1
e060592b-364b-490e-9e94-38858d6589dd,Student,10% Cashback,1
4a6e59bb-4886-4673-966c-9233665704a7,Student,None,0
4b616364-120b-4f8b-9902-15b068bddb51,Professional,None,1
75b7d7e6-122d-4290-80fc-f488a02110f7,Professional,Free Shipping,1
94087bbd-f1a6-4f57-92a6-f33052f874c6,Professional,10% Cashback,1
9117a91a-9c62-4ac2-8155-2968534ca56b,Student,10% Cashback,0
01e9e03b-e35d-4132-98c9-2baa7516bcce,Enterprise,None,1
7c5c140f-7beb-4ded-9158-bbb29bd5b85f,Student,None,0
3c085881-48bc-472d-b23e-35dd574ed3de,Enterprise,10% Cashback,1
d9c88fac-a2d5-4400-a060-114f92974342,Professional,10% Cashback,0
9e5cb7b1-9e7e-4001-86db-fd1f59c5db6a,Enterprise,10% Cashback,0
90fe0bab-5455-49ad-815f-03f9b74312cc,Student,10% Cashback,1
a70771b9-c25a-4b47-8d79-340ce1dd6c68,Professional,None,1
0db75c6d-13b1-46d2-b472-5b2623448d74,Enterprise,5% Discount,1
aca3b624-0628-4b5b-91df-a7d69d0d53b8,Student,Free Shipping,0
419f29eb-0445-4db3-924e-ec467738d03d,Student,5% Discount,0
8c206181-c468-43b9-bc10-eaebd5f42617,Student,None,0
0a9d86c2-20c7-4c37-b782-b2c4c8b113f6,Professional,None,0
bd98172f-260a-4b59-8af7-cbf3529b633f,Student,5% Discount,1
3775d4b2-141e-4c7d-8980-7bc1a9462055,Professional,10% Cashback,1
a23dd167-faf5-44c0-888e-09e541a44082,Professional,10% Cashback,1
2064da83-cc63-4d3c-bc79-8ac4ac2007e3,Enterprise,Free Shipping,1
8c887808-4421-45c9-89b9-f37ccc06aba9,Professional,10% Cashback,1
73cd5a9d-4261-4017-8489-ebdac0ad4be9,Student,10% Cashback,0
1bcab646-b3df-435a-9e79-13f1e5a3525b,Professional,None,0
b26ab6b3-d8aa-40d9-8160-e7774f4d961e,Professional,None,0
2c108c87-713d-42db-b72c-9e0c5d5f8dd2,Student,None,1
933486b2-c29e-439f-af96-f26f6ccac78d,Professional,Free Shipping,1
56f549a0-405d-441a-aa28-20e541d78249,Student,None,0
fd3df058-eeb3-40d6-be3a-51119d4f23f3,Professional,None,1
2b915dd0-672e-4dec-9699-47bd455d318f,Student,5% Discount,1
ac978c67-a9b1-4f0c-a264-08e2a6952333,Professional,10% Cashback,0
d414ee8e-dace-4f6d-a220-ccddf27cca0c,Student,10% Cashback,0
f8dbeb9b-640a-4fad-a57e-a4c56452b4b5,Student,None,0
9224090b-b5ab-46b6-862e-22058d42a7b0,Professional,5% Discount,0
4dd9c907-9294-459f-bd78-1c838a45fc08,Professional,None,1
4b59b80a-baf2-4d97-a079-4b540304e5c0,Professional,None,1
e7627478-d748-4eb5-b79a-bc034688104a,Professional,None,0
481b6e2e-53a3-442b-a40c-ef5311f9e9e5,Professional,None,0
13326446-4c8e-4878-9c0d-ab33c3222d92,Professional,None,1
1900c55f-60c7-463b-a44b-b3a7d50b55f1,Student,10% Cashback,1
de849872-771b-4738-b520-e537445bad9b,Student,None,0
954e453d-30d5-4ec4-84f8-c3a92da41418,Professional,10% Cashback,0
8397b108-fd47-4d84-a365-11431afa9b38,Professional,None,0
bfbc40dd-d509-46be-a48e-4d1506a898b6,Student,None,0
8215771c-3fd2-470a-b1c0-c8a0731324d5,Professional,10% Cashback,1
cf8a72f5-5a8e-4b8b-942c-1596a3597247,Enterprise,Free Shipping,1
05361f78-2d58-4192-ae09-919fa98bf7c8,Professional,5% Discount,0
d240a111-364b-4ce7-9fc1-ac3e21e55668,Professional,Free Shipping,0
a5c35301-6d8f-445f-baba-936e28ff1ba7,Professional,10% Cashback,1
b43f8152-6c2f-4f3d-a1d6-e7a2da2dcd29,Professional,10% Cashback,0
78ddb8ad-6650-4ba6-9cbf-0ebffef2a080,Professional,10% Cashback,1
052cd362-79a8-473e-b03c-adb8fc471c17,Professional,10% Cashback,1
261a6732-d9e3-4cd7-9e52-3cc238ef1da0,Professional,None,1
489592cd-3209-40e0-8f1a-92fa3c495f52,Professional,10% Cashback,1
7d45ad30-9f0c-4e15-9978-99c3074fba49,Professional,None,0
12285659-0668-4132-abc9-9975452ef476,Professional,None,0
3c458475-f867-46d6-a0e7-9e9e7005dda2,Student,10% Cashback,0
08e9a40f-6d52-4509-99aa-5352f73f1bde,Student,None,0
9a8ee376-0a72-4566-a047-06e6662187b8,Student,None,1
c6ca36f2-8141-47f6-8fa7-fd9461f2c040,Professional,None,1
8683e138-2cb2-4c67-b8f3-a6c89d136689,Professional,Free Shipping,0
8a5e742c-2bec-48c2-8453-91f2433f0064,Professional,None,0
69620a33-9cc4-4c2d-8ca4-8818dbd75c27,Professional,None,1
5586b33b-ead7-4624-8545-c1ee50667b16,Student,5% Discount,1
83fbc0c1-f1a7-42b3-97e7-8e8181e5267a,Student,None,0
6c5f368a-7245-4e41-a253-289d7bed25d7,Professional,None,0
4dc3b49f-65e4-43cc-8386-055b2b0346e6,Professional,None,1
53fc99a8-49df-484b-a22b-406e60ecdbe4,Professional,None,1
be97e0ad-61f9-4158-85a1-aace7ffffea0,Student,None,0
5f97f7a3-7fa7-41f3-835b-51fc7ffba890,Professional,None,1
c3ecc7bd-578c-4a1a-9027-5f51f59d9137,Professional,None,1
4e8c4f79-7349-44d5-9195-e3e4a120dd3b,Professional,5% Discount,0
77021149-4a9b-4301-9148-401b7e94c274,Enterprise,10% Cashback,0
4b99df2b-6b2c-47ed-8a13-8cb4a3f6033e,Professional,10% Cashback,1
44121da5-3e2d-422d-a2d7-2fe8f69f2a5c,Professional,None,1
269f6f5b-cbe2-4340-970d-b76989ddba43,Professional,None,0
43aa00b1-05c7-419e-99fc-13dfa1a7dc53,Student,5% Discount,0
dec23a97-14f3-48f0-8a48-46d81234d624,Student,None,1
2f0bdb5c-761e-4d16-a31f-8146c211a8af,Professional,5% Discount,0
a0b04fe5-a391-4428-9827-ee6f01747c6f,Student,None,0
7cabbd56-4c0e-426d-9a49-81d2ad339129,Professional,5% Discount,1
e6a56533-ef3a-498a-8840-207540b8c866,Enterprise,None,1
d3e39324-e0b2-4698-8c02-544e59f9823b,Professional,None,0
931999dc-5910-4888-9f0e-718fe368315b,Student,5% Discount,0
94353518-7d53-4651-92d8-454e79c5f3af,Professional,5% Discount,1
1e379ff6-6ca4-44c9-b017-e5cfe9ee3b46,Student,None,1
f45d1185-8a88-4794-84b3-2610743d6ebb,Professional,Free Shipping,1
3d4713b3-cb38-4096-9488-838b33eece4d,Student,None,0
06b182af-3863-461c-b980-6fd449e37264,Enterprise,None,1
0bd30144-8b9d-4e2b-89dc-2a31c53ef094,Professional,10% Cashback,1
6ac6b7a2-c355-4e1e-a4d7-a89abaf4892b,Professional,10% Cashback,0
8889446f-35c3-4052-9b2b-1e8821cbeeee,Professional,Free Shipping,1
f8fb778b-9c9e-4981-8270-2c6bcb532803,Student,None,0
ea93702e-f5a3-4a01-bf77-8a557c378145,Student,None,0
5a19f447-cc98-4db9-b028-97d382f12084,Enterprise,10% Cashback,1
ac987b8d-5e60-443d-9822-577eeb61a496,Professional,None,1
d30486ac-495a-4ce3-960d-045d0bf3888e,Professional,None,0
4e4f3bef-97a3-414d-8e1d-cfe933058e9d,Professional,None,0
a863af10-e464-47a1-b502-60f0ff38a29b,Professional,None,1
46a7915c-f4f6-42b4-a8f1-ac2d8da57535,Enterprise,None,0
6c304f2f-7481-4c97-816d-fa3dc35bd31e,Professional,None,0
e14fa0a2-57fc-4f12-8a76-e7f2c11adaea,Professional,10% Cashback,1
dfcf7048-d090-4afb-9bd1-b06f9dddc76a,Student,10% Cashback,1
21f4f975-0b6a-4759-89ec-95335259050d,Enterprise,None,1
b953f8a1-5d8c-4f5a-be11-db3a8d0997bb,Professional,None,0
73f6335a-70d4-4cd1-8c86-f9b2642922c9,Enterprise,None,1
7ab8ce7e-e74f-415b-bbca-f16530e1e1aa,Professional,None,1
0c080177-db2f-4ac0-a096-349a5f8110db,Student,10% Cashback,1
3abdf9ce-78eb-45a1-945d-92641e6bf99a,Professional,Free Shipping,1
9d48d960-5147-49ae-a297-1622515803d6,Professional,10% Cashback,1
3703c18b-d2ad-490b-a12d-c7233cae2924,Student,10% Cashback,0
575dfb61-d610-43e9-a664-ad5e465c1c65,Enterprise,None,1
995ff6cc-2083-4b2e-bcf9-477e3775c007,Professional,None,1
e21b5f49-3ccf-4046-9e1b-079ca6908c0f,Professional,Free Shipping,0
e1530d87-e5b5-496f-b8ab-c4d835056e29,Enterprise,Free Shipping,1
1556950e-eb67-430d-82b9-09e54114e9ed,Student,None,1
2ae6d7aa-8402-4255-b215-b3df0fdbc5e9,Professional,None,1
c9d98282-a22c-47b3-b5b9-38abe653018a,Professional,5% Discount,1
45e1cf57-251d-4986-bede-9a5ff3ec40f7,Professional,None,0
4f94bfd7-4daf-44cf-b234-90be11da299e,Enterprise,5% Discount,1
ab7d269c-46f4-4960-bc2c-72a4cb2c5e33,Professional,5% Discount,1
cf034133-f9d4-44a0-bc45-1d364c20be85,Enterprise,None,1
329c0eb2-79e9-4c39-991c-08e078cc0e50,Student,Free Shipping,0
ab4cb777-67d9-4f40-b43c-e2ad672decf2,Enterprise,Free Shipping,1
7583c196-72c0-46b8-98a3-c3bfbcdf16f5,Professional,Free Shipping,1
8c2ce699-7f63-473e-9ea6-cafd65171979,Professional,None,1
e76db02e-bdda-4fbb-a408-48b9beeb2ee0,Enterprise,None,1
d5ea55c6-839a-46dd-afcf-e32944162f28,Professional,10% Cashback,1
a4aba2b0-df6a-441b-9d90-18faeb776c8c,Student,None,0
ac50e238-704a-4101-a533-6e4efb9f7672,Professional,None,1
aece7298-a085-44b4-97e8-de6002ead6c4,Professional,None,0
d179b1bc-4be7-443b-9233-d84d73ab01f3,Professional,10% Cashback,1
3c572db1-0c62-416e-b09b-97a48030c1ec,Professional,None,1
4d7bdf83-a0cc-457b-8802-661c93a4e0c6,Student,None,0
9436a6d0-4a4b-4516-8565-576ec4f41c26,Professional,None,0
2ef2d3d3-a211-4336-887e-5dd13c2b0c47,Professional,10% Cashback,1
47aadb59-ff50-48b0-a2f1-709decde91fe,Student,10% Cashback,0
4bde3be8-7e57-4066-b342-e01c67ccdd58,Professional,None,0
74fc186a-d085-4c63-90b0-639f7b62ecf8,Professional,Free Shipping,0
331121c3-d597-401f-8a14-a5923929ecb8,Student,None,0
c1679cee-a313-4872-a3e6-1440a7521ab5,Student,10% Cashback,0
219a3bb9-09a3-4f4a-a88b-7ca0b1d8e988,Enterprise,5% Discount,1
02a156f7-c3c6-4578-92e3-6cfee3354b0c,Professional,5% Discount,1
fc560312-e756-4a75-a177-6470a6fad197,Professional,None,0
a22dff9d-a983-4001-986e-bb2e6fc81f5d,Professional,Free Shipping,1
136bf1ce-eabc-459d-941a-c8bd5b311f4b,Student,Free Shipping,0
6b3b9601-bedd-4dce-8db7-6e170ab21f2d,Student,10% Cashback,0
3b15c626-453f-4d35-ae98-f45bea74bd20,Enterprise,None,0
08d7775d-54d6-46e0-b600-a57f662da9dc,Student,None,0
87bccdff-4a74-4152-87e2-4dd8d1e4fe8d,Student,10% Cashback,0
f6cdd68b-ac77-492a-98bc-63c4a3cb2cc7,Student,None,1
20a4176e-2cdd-442c-9aa3-c4c73af2e299,Professional,5% Discount,1
2bef309e-a606-4da3-abed-bd0e2cca3dd1,Student,None,0
b5dd1767-9da9-4b11-9249-8fa659cff71c,Student,10% Cashback,0
bcb73cc7-3578-4d4c-b38c-9c5b870d93dc,Professional,None,1
d98b83ab-70ba-4d59-aec0-c977023f5daa,Professional,None,1
ab83e228-5bd1-4dd7-abcb-f37d863c344a,Professional,None,1
437e2010-1f09-4224-a24f-f9e7d3fc9c2a,Student,None,1
b72fdba8-1423-4644-8e83-bc501b802952,Professional,10% Cashback,1
c81c94cd-2ebe-4080-8bf2-a7da3d3b0056,Professional,5% Discount,0
70c15fbe-a1a2-464c-b6f6-91c03f9a5fa9,Professional,10% Cashback,1
aa9f5f27-dd72-40cb-b93e-68669b70a49e,Professional,10% Cashback,1
60f6b443-4573-4b35-843f-76468b8e3178,Professional,10% Cashback,0
eef8d5d1-67eb-45f5-bea4-d72f9bf5692c,Professional,None,1
8b36f810-d030-413d-9247-755bdf2a210f,Professional,None,1
def3713f-1257-4f72-9326-b56d98ea0a1d,Professional,None,0
95384afe-d450-4449-a49f-6b2b20fbc982,Professional,10% Cashback,0
f7990f82-adaa-485a-ae1b-832e49d17b44,Student,None,0
54331146-1289-4dcb-8352-9aab60bd1a13,Professional,None,0
babd07e1-c763-4fa6-8f48-6e632bc1add7,Professional,10% Cashback,1
4c89938a-779b-4d88-81c9-b16cd4c9690b,Student,Free Shipping,0
cdb80703-00c0-4c3a-a39b-99d93384b208,Professional,10% Cashback,0
bc94af30-4178-4155-a265-b83934b05bb3,Professional,5% Discount,1
fc17f442-414a-40a4-9467-8983d1c81430,Student,10% Cashback,1
6c31e322-88f8-49b4-a4d3-c35ffddb8080,Student,None,0
133ec1a8-2f16-4ed9-9044-6ffd49709d77,Student,10% Cashback,0
e926f6c9-387b-43ee-9811-27af4d7eaeef,Student,5% Discount,0
77f63338-5bca-4505-bb79-aebb97472ca1,Professional,None,0
9006e79a-57ac-4231-b5e9-42c85251ca56,Professional,None,0
aae5fbc4-ae52-4ea9-9af0-4de034af1c60,Student,None,0
b399c7f9-80c1-4577-b895-43c9f8f49cf9,Enterprise,None,0
baf83227-690b-41cc-b75d-bfb28e776822,Student,5% Discount,0
389cac10-7ee0-493a-9e98-eb1a9199fc75,Student,None,0
bd81f5d9-4ae6-4286-a841-8f6f649e3f0f,Professional,None,0
1b09363f-4662-44b0-a28d-d1975939b857,Student,5% Discount,0
3eb78c7d-712f-44e4-a60c-721bdceacb41,Student,10% Cashback,0
c526b0b9-fd9d-4dc5-baa2-ae5f5fb8163c,Student,10% Cashback,1
048b391b-319c-48c0-9471-71e2f783f776,Enterprise,5% Discount,1
7862397c-e9af-4390-a9fe-2f15db6b5639,Professional,None,1
d91c82e8-a48f-4c2f-8cec-a90ca011b4af,Professional,10% Cashback,0
3b129112-4d0e-49c6-8fc5-5b18061b3388,Student,None,0
1a04b3e2-0aa6-478f-a06d-8f2ca13d39f7,Professional,None,1
c2638327-3136-4488-b740-00ab7fc24d37,Enterprise,None,1
e4842b72-ac12-46af-ae14-b686775610d8,Student,None,0
1b8b6d92-2e05-4198-b7fa-a0c4fafe723d,Student,Free Shipping,0
ec56a8bb-dc51-44e2-9bdb-7f5170c1f7dd,Enterprise,Free Shipping,1
e5e078f8-2047-4e04-8837-6622ae724fb6,Student,5% Discount,0
0d90051e-48f7-4c87-ad0f-837a543bd778,Student,None,0
7bf2d66d-6095-4a7d-8ca4-147c60d5b132,Professional,Free Shipping,0
0c71ec65-dee9-4703-bbb5-963a1ba8fc58,Enterprise,10% Cashback,1
e272fcd0-9332-4210-80a2-38ecf70a0828,Professional,None,1
67a492c6-c463-4020-8eb9-61f54cf62d04,Student,10% Cashback,0
f4d5ffce-730b-4514-a6f7-5174d1228731,Enterprise,None,1
761e6c0c-1f9a-4d10-b038-597682f02a16,Professional,None,0
4ac19e5a-697b-4008-8a4b-ee4b8f3fd43c,Professional,5% Discount,1
5618eae0-eb9a-45d1-ae34-73197b5f56fd,Student,10% Cashback,1
6e09d7f2-79d3-4f71-b994-ad19df3e5ec8,Student,None,0
ab31203c-3785-4019-82fa-4c761f35bb76,Professional,10% Cashback,1
f4c3f5b3-43b1-4892-bf85-b1bc5ccfc62c,Student,Free Shipping,1
2aef6b0a-16a8-4019-bccd-b2f75810efb5,Professional,10% Cashback,0
16457248-6a74-40a0-9784-87d91b56b039,Enterprise,None,0
6693c9bd-2eae-48a1-82e0-1cb5f228ee5e,Professional,None,0
9b2326a8-8812-4c7d-a302-b77eb873d696,Professional,None,0
134e3142-d6f1-41bc-b0ad-d6207779b222,Student,Free Shipping,0
59774d4e-64c9-4dbf-bcad-f1b8de4b0a7d,Professional,None,1
e2505348-b767-4ddd-9028-def9526e147f,Student,None,0
869054ba-1306-4f63-9304-7f6309c9548d,Professional,None,1
98df9574-3bf0-4850-ac04-f75832810829,Professional,5% Discount,1
a7aa4a3d-e8a0-4afb-a432-e7a8bcb489b0,Student,10% Cashback,0
ac877f8c-79fc-4722-8e26-e7287af8f708,Professional,10% Cashback,1
ec44ec59-b374-4f7f-bd89-b2bc85848d0e,Student,None,0
e2d522a8-2e58-4cdd-81c1-a57a05b0933c,Professional,None,1
3c5ba92d-ef14-4c8a-9e25-888deae13d7a,Student,Free Shipping,0
56fd3bea-5e2a-4097-822f-299f67fa81a5,Professional,Free Shipping,1
c5cc318d-e33c-4ab4-b829-2d957d310231,Professional,Free Shipping,0
12ee305f-d1ef-4aaa-b7f5-b70f9c6d19e3,Student,Free Shipping,0
21065318-9474-413d-b665-8ca04c307327,Professional,5% Discount,0
766b0f95-20bd-45c7-a0f0-a8658100b75b,Enterprise,10% Cashback,1
b319a8d2-f107-4ab9-84e1-52c961b9d678,Professional,5% Discount,1
c8c29772-4110-433c-b374-16da44f84c6d,Student,10% Cashback,0
1db843bc-6f48-469d-8b2d-e978226b6035,Student,None,0
35227c82-95f1-4f15-9e6a-0ea539100186,Professional,None,0
9f5a8c23-123f-4605-bdcf-6015c72a4bfa,Professional,Free Shipping,0
697c7d90-f189-4ea0-9a83-72c1c3a84529,Professional,None,1
aef286cb-4bbe-4dfc-a3d9-22e3fa67e28b,Professional,5% Discount,1
1a010ccf-d5eb-483b-a335-27d57e7414f2,Student,None,0
223cf999-82d9-472d-8b89-97e11e44f6a5,Professional,None,0
c61e3fc5-a17e-4fc6-b9b2-b2b5bb355d08,Enterprise,None,1
8af7b138-99c0-4024-ad3b-ed0a77a3641c,Professional,None,0
1d5cbf86-bc5f-4d35-ae2a-6288adc3c1dd,Student,None,0
7fbf7cb9-9919-4bc2-aa13-861d6cda9b52,Student,None,0
9f8323a5-0320-4bb9-8aa6-94ccdebc2e15,Professional,5% Discount,1
c6be4e84-8835-48d9-bf51-05b69ffe9e3e,Student,None,0
6c346c51-9032-4005-8ee0-9ba20970acef,Enterprise,None,1
cab2e0aa-255f-4944-bdcd-c2601476a485,Professional,None,1
7eb17210-8f0f-470b-ae5d-afba940df6a8,Student,10% Cashback,1
bf1aa85b-817d-40d2-bdf8-9ddc7154ecbc,Student,10% Cashback,1
67908980-a7be-4445-a5a3-c2f066d7d107,Student,10% Cashback,0
745675b1-6a61-4b46-943c-9a3a7f8bb2de,Professional,None,1
552d1715-74a6-44df-adc8-14ab6aa077a1,Professional,None,1
bacb8d67-7cac-41bb-bc24-6caabec23c63,Student,10% Cashback,1
94c3fd0e-13a8-473d-b3ce-38011294fb19,Enterprise,5% Discount,1
a591df1a-32cb-4721-adf3-42547991cffb,Student,None,0
4711b463-21e4-4bcd-b9c1-5fecafc5b07f,Student,None,0
c73ba8b4-872b-4029-9739-a1b366dca5ce,Professional,None,0
9a0609f8-ed8f-455f-a64f-9454d8cdf32f,Professional,None,1
c9910e3d-3ae7-4f52-9a25-e8e115b5ee97,Professional,10% Cashback,0
f8a05389-53ba-4869-8f3a-6b5cc24d80a6,Student,10% Cashback,1
de9b9be8-007b-4124-b79d-bc75284ef65a,Student,None,0
ab11812c-7865-48c9-823e-83f829734a9f,Student,None,0
3a114764-4930-4bbe-a94d-9b1937f5c61d,Professional,Free Shipping,0
544eaf4f-ec73-4bf5-b94d-c779dd3adb62,Professional,5% Discount,0
e28c5036-5675-412e-8805-ba24a8677d3b,Student,5% Discount,1
9a67558f-50ff-43a2-bd54-4c43b7b209ec,Student,None,0
bdd9373b-b769-4fc8-8a92-4693c5be1108,Student,10% Cashback,1
d549d106-2555-4442-81dc-8db6699fefb8,Student,None,0
3b2fc321-b49f-4afb-bd64-e3a03e35ea30,Professional,None,1
89a879bb-088a-4104-ba8f-3e8bebb3fddc,Professional,None,1
1f56e869-5b36-496e-8c67-4a50ea723625,Student,10% Cashback,1
b0164dcb-b97c-4baa-8159-c48d40ef9c9b,Professional,None,1
ebbfc6db-10c5-4b71-8e03-267e686f2586,Student,5% Discount,1
35490e63-6607-4683-aa96-6c7a2f805853,Professional,None,0
d9926332-451a-47d3-959c-6a79732fc0dc,Professional,None,0
0b0b98ea-5e2b-4e69-ba2d-94dda924ea1b,Professional,None,1
d530f152-6075-472e-b68c-95f71fb15992,Professional,None,1
604ca169-ffff-40c6-b7d6-d041fc59f591,Professional,None,1
bf05e0fa-c956-476e-9fac-494beb082f59,Student,None,0
97a59fa9-9324-4360-a181-6b8beccc2432,Professional,None,1
2b8e5780-4d20-4a4e-b098-859a62740176,Professional,None,0
5d60d38c-21b0-4bb4-9cac-4183f525f825,Student,10% Cashback,1
db525958-ee12-4ca2-9f06-74a493f01cb2,Student,None,0
059f4e7d-b559-47bd-9070-b4e98c0cc134,Professional,10% Cashback,0
931d2da4-39b7-41f0-a3b1-54eb49dced01,Professional,10% Cashback,0
faaad1f2-62a2-4aea-ae88-2cfbcda5ef0b,Professional,None,0
54ee12a5-adbd-464b-a37c-dba49a04c942,Student,5% Discount,1
22b6b8f5-46af-4462-be2e-15b5b1f25401,Professional,10% Cashback,0
d6a6afa3-c9c3-4755-a559-07c6fd2a66c2,Student,None,0
d779bc80-775d-4d40-918b-25d4263c9634,Student,Free Shipping,0
74eef50e-e8e1-47e6-9cb5-fd7deae44e8a,Student,5% Discount,1
a993a3de-0afc-45ed-918b-36f691919905,Enterprise,Free Shipping,1
f165d162-7dd7-4401-b27f-5401ce31ddff,Enterprise,10% Cashback,1
8589fb2f-077b-49d8-8c4b-6591f04d3868,Professional,None,1
bcddbfb6-051d-48d1-9e71-3ad5ed665bac,Professional,None,0
0075fdee-4691-43a4-9861-6186aa0bde65,Professional,10% Cashback,1
8f78e3a6-c76d-4b83-93e7-723278c9d085,Student,Free Shipping,1
d1924e18-d733-425a-bdbc-3b01b7585637,Professional,10% Cashback,0
7aff418b-00d7-4c9c-a241-3e1532fa56c5,Professional,5% Discount,0
d3e6d518-4b93-4979-a3a8-ddf95aac248e,Student,None,0
c149785e-ad6d-4205-9d93-8295e5f8202c,Professional,None,0
1e958e1e-2d69-450d-9846-7ac35cbfaba6,Professional,Free Shipping,1
6da1dad8-12be-443e-b8ee-59ca0f5bc7f3,Enterprise,5% Discount,0
50853e6a-526e-4330-a428-1017d1bfd55f,Student,Free Shipping,0
1234f402-4365-43c2-b4d5-57da1f95948a,Student,5% Discount,1
c16783f1-a9e6-420a-9893-710fa49545f9,Professional,None,1
da0ebd7e-8377-469f-96bb-1553c3c250f0,Professional,10% Cashback,1
900db33b-d5c6-4588-8dfd-2ad4f7f29dbd,Student,Free Shipping,0
abd8a2b3-c221-435f-b3bf-5bcaa3e20075,Student,10% Cashback,0
3feab88e-bf90-4a84-b916-b729c102a3ff,Student,None,1
de25c065-62b2-42cb-97f6-4ec08081a9bd,Professional,None,0
ab490334-c79b-4ce0-813b-ab1e9938c8ba,Student,10% Cashback,1
7c314223-5f13-4fad-a4f1-3b9cbaa4e741,Professional,None,1
a268bebe-cd16-4b2e-b95f-ed82552c226b,Professional,10% Cashback,0
71d14ea2-006d-434f-88ae-e84eed818119,Student,None,0
73e4abb0-5d23-4668-86e4-7252c354cd34,Professional,None,1
ccdb0a78-000a-4b16-acc5-5ac820a36fd2,Professional,5% Discount,0
dbf43d14-f12c-4d6c-87e0-539cec73ff1f,Professional,None,0
f4cc47d4-a817-4a88-b72b-d0320a8ec00b,Professional,5% Discount,1
bfb443aa-c5dd-4c7c-9613-0fdcafee3afa,Student,None,0
a948a9f9-15b1-48e8-84b7-8f74335d02bc,Professional,Free Shipping,1
05fcb8fb-5e8a-442c-b450-5e01a5b65788,Professional,None,0
ea6d9cae-2c12-4408-ac55-3ca674b2b82c,Professional,None,0
434fb53e-f2c7-4470-b8cf-c2887982edf8,Professional,5% Discount,1
64deb1fb-e0b2-430e-ae4b-59480e47b30c,Student,5% Discount,0
6e5d47e4-2b8b-4790-83a9-2dbf91f87c17,Student,None,1
031c57ef-63c2-4fbc-8b46-2842d3cffc07,Professional,Free Shipping,1
189bd78d-4a79-4f9b-b569-90ad04d8d8be,Professional,10% Cashback,1
5ece5663-33a7-4244-9725-3f8d26d2ab2b,Professional,Free Shipping,1
a2325bc7-63e8-4243-813c-aa798518d750,Student,10% Cashback,1
21ba2cc6-a821-4011-a106-e1225a103dbb,Student,None,0
bbe26379-03ee-439c-b132-d3af5b5a972f,Professional,None,1
3b4f2e4d-5d07-4a45-af2e-333a8a6bbefb,Student,None,0
c393081c-d557-4721-b676-775025e8ccae,Student,10% Cashback,0
8577212e-b247-4e48-ae34-d099addcde3d,Professional,None,0
c1c93dc7-d9be-41b2-a13f-c6e8b660c484,Student,None,0
c5a4a890-6b8d-483a-bfce-aeb03bfcea73,Professional,None,1
4d46afaa-c804-4ccf-bf23-db47c537f9e9,Professional,None,0
11a5d491-9dea-4446-adca-53fab316d81b,Professional,5% Discount,1
6701e50c-df21-4229-bbd5-7c7885f26ef5,Student,10% Cashback,0
f80a4f9b-3ee6-499a-acc9-e445e0b4da38,Professional,5% Discount,1
48bb6a93-6b0a-45da-a503-515b6bbabb6e,Professional,Free Shipping,1
3369f8dd-ec26-4acf-909a-9103848a78c7,Professional,10% Cashback,0
c15e02ed-2b22-4009-9044-1c0b96be7114,Student,Free Shipping,0
e8d268cb-a457-4d00-92ee-0d5cfc4392ff,Enterprise,None,1
cd81bfd2-1cf5-4fbd-a97d-ef564383b08b,Professional,None,1
dbeeddf9-fa7c-47ff-92e6-46b44cc96b3f,Enterprise,None,1
bbf9c2ab-0311-4c89-9dce-fb204f5240d0,Professional,None,1
3a640217-38ce-434f-abb8-96eaca7c121c,Professional,5% Discount,1
725c084e-62ea-4764-accb-a3407e18fac0,Professional,10% Cashback,1
ce7ed3f8-d0b0-4091-adc0-cc4eb8190da0,Student,None,0
ea8b7958-3069-40fa-8c88-97db8271210f,Student,10% Cashback,0
e5bd6685-9f51-4c96-8058-93c525a010d7,Professional,10% Cashback,1
bdd19828-66b4-45c6-b5b3-87e4e759181e,Professional,None,0
dca3ac11-a037-4812-8a89-f34571322b9b,Enterprise,10% Cashback,1
edf9453f-e781-40be-a276-44d29266015a,Student,Free Shipping,0
0ff086d6-39bd-441d-8e15-7ce0b3836fc5,Professional,5% Discount,1
3b776adf-f2e2-40ee-b7e5-4fc747006417,Professional,10% Cashback,1
8c84a9ef-ca49-46d0-8c74-3022914c9967,Student,None,0
1a721fa8-af6b-4ade-ba61-a3df00f9e372,Professional,None,1
2590db59-7860-44e7-99d7-9b4bdc624c63,Professional,None,0
ffce9bb7-e1bc-4f5e-b3b0-721a376e7f10,Professional,5% Discount,1
c9cf39e8-4175-4e2c-bda8-dcf6fc75aef8,Professional,None,0
2dce28a8-7b2d-45b4-b505-73de689fd189,Enterprise,None,0
ea49d63b-4e8d-4310-8e07-33814b447e69,Student,Free Shipping,0
5bbc69f2-b835-4efb-bbad-f621c5225fec,Student,5% Discount,1
a9df6728-e476-4a1a-ab32-265054ac1bc4,Professional,10% Cashback,1
713a3597-39b7-46b5-a216-a82668cdc3be,Enterprise,None,1
ad99b6bf-cfe7-4878-bf37-34db3c4f067c,Professional,None,1
4c768a6e-9ea3-4fb4-805a-51216822cb13,Professional,None,0
bcef335a-78f6-4ca8-addd-9c8fd0a3859f,Professional,10% Cashback,1
85c8ea4e-2a2b-4a20-ac9c-4e32b517bd81,Professional,None,1
26252d48-f222-4ffc-9969-03755ab18ddc,Professional,5% Discount,1
dc5daf69-dc6d-44b3-af3b-6d146e53514f,Professional,Free Shipping,1
18d65132-40df-42d5-a2a3-0f7e9aa6f890,Professional,None,1
4a4b0434-fffa-4847-a823-a946231d8de2,Enterprise,None,1
a2d520b0-812b-4c67-9e92-37de9da329b4,Student,10% Cashback,0
49ebb2c3-7c61-4852-a39c-f93b35b62037,Student,Free Shipping,0
4298ea97-db4d-4569-9a40-c0b8fdefd58d,Student,5% Discount,1
aa00c558-634f-466d-b808-6e38ca605660,Student,None,0
e66cff51-29af-4d74-8a3a-f1ec6c9b47d8,Professional,None,1
8dbfd67f-caaa-4193-98cf-13bf743de0b8,Student,5% Discount,1
d567b840-6a52-4f3a-88b4-77d3bf17c46a,Professional,10% Cashback,1
1cd8753b-6016-4524-8365-5d79c526b2a8,Student,None,0
0cdf51cf-f068-4281-8fac-9e5ed9836db1,Student,10% Cashback,1
5091db19-5fdd-4e63-ad61-88168edc9c80,Student,5% Discount,0
ed7a84ea-474e-43a1-84ab-733e9b4b4dc9,Student,None,0
fcb54760-bb46-402a-b3d4-fce9ff66f71d,Student,5% Discount,0
d2cf368e-9ad5-4614-ab44-8209fb643e99,Professional,None,1
f9e6d6d8-83f3-446c-81d1-350297c0764c,Professional,5% Discount,0
54410382-c9dd-4430-af12-1c73adf58fe6,Student,10% Cashback,0
f07c535c-990c-4db3-adc7-f741d60f3679,Student,None,1
3706ddbc-7e3f-4d50-8ecd-5f7e76885c28,Professional,10% Cashback,0
66db3922-5cf4-430c-b56f-9bf9b42ce4c3,Professional,5% Discount,0
06d3c157-c4a5-41ea-bd75-8a557a394292,Student,Free Shipping,1
832210eb-a226-42bc-9d8c-d907ab937e97,Professional,None,0
d7c5963c-8481-4f80-96d6-35a9e9498011,Professional,10% Cashback,1
5a2f3096-14ff-49ba-9fa1-0a5a49c4baa9,Student,10% Cashback,0
31269483-c783-44b3-93a9-abb71245c0cc,Professional,10% Cashback,0
9c841bb6-2973-4ca7-9ce7-be1baa61e743,Enterprise,5% Discount,1
7a63ba7f-16c4-48ce-a548-244ba0c050f0,Student,None,0
6842a807-d5e3-4bf0-8e3c-90a95f49cf4c,Enterprise,None,1
89ad3db5-c576-4cbc-9dea-35ab11f37d9a,Student,10% Cashback,0
7d639a6d-be69-4ba3-af3e-516b1785456b,Professional,None,1
0acb6c2b-1b9a-45b1-821f-d7e245977f6e,Student,Free Shipping,0
c9c41f24-d480-4842-9960-352de3a1740f,Professional,10% Cashback,1
4ff0cb54-f38e-47a0-b80d-72a8ec56363a,Enterprise,None,1
ba3fd571-6b79-4418-94ff-9aebf065d336,Professional,5% Discount,1
e7bc24df-c8e9-4761-9c83-46d08f21d09d,Professional,None,0
38912138-39db-4861-8748-471aba7f9d73,Enterprise,10% Cashback,0
7e53d45c-5e07-4de9-95ff-81cab13bfa99,Professional,None,1
8acace46-b6c9-4d4b-9769-03e0addf0a94,Professional,None,1
a70b1529-63c9-4056-a3cc-fc0d23b0bf3e,Professional,None,0
4158f937-c09a-4378-8cca-da90aa1de9d9,Professional,10% Cashback,1
3b34526b-866a-4c90-9d02-a336c785913d,Professional,None,0
7a7cfe18-5a0e-478e-b238-77b93dc57f63,Professional,None,0
873565f9-2b04-4207-aeb1-515fa781e3d5,Professional,None,0
f3990463-dc6a-45ed-907e-74d0ea145e52,Professional,None,1
779d5b09-0bb8-4045-9d5c-983964e8d10b,Student,Free Shipping,1
6db1630e-a888-4edc-8385-61421c96dc75,Student,None,0
942aa7a5-1fc5-4b13-88d2-ffa34885b26f,Enterprise,5% Discount,1
94a62956-f08c-4d93-990f-5467c00c6fc0,Professional,10% Cashback,0
c21742d4-ec63-4264-bb72-fe644221da00,Student,10% Cashback,0
763baefc-ff6e-4f0d-a189-58f44e3969b9,Student,None,0
cb98083f-06ba-499c-b08b-0925e0a0a64a,Student,Free Shipping,0
1c85bbcd-b596-4671-a65a-4483fc8b0d11,Professional,None,0
41a239ea-6cd3-442c-b66d-16b0f52ba3f0,Student,10% Cashback,0
9a974164-91b9-446e-a725-67f0bb0ae257,Student,Free Shipping,0
8febc9c4-6714-4328-acb8-29bb71e114f6,Professional,5% Discount,0
02f40af3-7690-4962-b6e3-e3b8c5250607,Professional,10% Cashback,0
efc847b6-4982-4532-9e7b-6606c4364193,Student,Free Shipping,0
16c4bd0a-b404-4222-92cf-8ed8532fbb43,Professional,10% Cashback,1
78372eee-828f-4a6a-b73a-816066d2958e,Professional,None,0
134ed442-b446-4f4f-90a7-f1270954da85,Professional,None,1
59487679-403d-49a8-b1d5-219af2907753,Student,None,0
f8d5f124-f773-41cb-9728-f92321861890,Professional,None,0
916a95e7-baf5-43f9-ad85-a554fda3e2bd,Professional,5% Discount,1
0ca4f4e9-245f-42d1-a596-83a233a711a8,Professional,10% Cashback,1
030a1670-e958-4907-b116-9166b4087707,Professional,None,0
2cb90bd9-4671-450a-9d49-f0456bf09684,Enterprise,5% Discount,1
b4eac37a-b68d-495a-9087-d5864c204b56,Professional,None,0
7054a33e-ef49-4e46-9478-6293fd583372,Student,Free Shipping,1
6dde9a06-2518-4fc4-9245-a245869b4d31,Enterprise,Free Shipping,0
d333270c-6e34-4eb4-83c6-7b955ac86870,Enterprise,Free Shipping,1
4abb17e2-0018-4923-bf23-ccba4efcc704,Professional,5% Discount,1
3a95067f-c3c5-4b54-800a-f620afe03517,Student,None,1
209c745a-d98e-4457-98b0-2746b11470db,Professional,10% Cashback,1
a10f3d69-f6e8-42c0-bf80-c3c805d0902f,Enterprise,None,1
f7f6f55a-3d4d-40fa-b978-68d73dedd60c,Student,None,0
015bd184-798f-41db-985b-b651c37de726,Professional,10% Cashback,1
e1495458-afa0-4d44-a4d9-0745df6b5389,Professional,None,0
8ca67dba-83f9-4009-af92-b2e12ff686f1,Professional,Free Shipping,1
93b44cc5-386a-402b-aca6-3cda198bcc3c,Student,Free Shipping,0
31b31f28-f428-4b45-ab86-c7efc6bbd60d,Professional,None,1
07b43ad1-ad1e-4f4a-9ed1-e55855509886,Student,10% Cashback,0
df4f7049-58ef-416f-b804-109dd7d46557,Professional,None,1
998a9139-ef0b-476f-b466-0f8acb66b126,Professional,5% Discount,1
80473674-fe5a-402c-bea1-e066d0cc0a99,Professional,10% Cashback,1
3a4a3da9-393e-46ed-a0e1-054f3183dfe2,Student,None,0
3f8b36b2-8011-4e9d-b5b4-ada535d1806d,Professional,None,1
022b1ca9-b236-4c97-8931-dbdb49f68261,Student,None,1
9c2b2e7a-e83b-4453-8da2-3f327ee94908,Student,Free Shipping,1
92db526c-75ee-4dcb-b582-bfaf126e0663,Student,None,1
e31a49ac-e0e7-43b4-8467-aff7c94607fb,Professional,None,1
f1fe8fa4-e44d-4a4c-8f8d-ce3b4545c3b2,Professional,5% Discount,0
3bbb71df-9cbd-44c9-b615-456943237a8e,Student,5% Discount,0
3f6e22cc-2e65-41db-a486-e365be91b65f,Professional,5% Discount,1
736c5ca4-8152-47bc-a14f-e3f489356e17,Professional,10% Cashback,1
8dcffd24-bd52-4fa3-8c93-a1784e3e68d8,Professional,10% Cashback,1
523b1fde-c96c-4da0-8241-ba0b37baf0c6,Student,10% Cashback,1
579cf28c-e2d1-4573-a6e5-697b8cb63a41,Student,None,0
87924c20-85f3-432d-accf-1747636ef41a,Student,10% Cashback,0
116cbe47-da8e-4a6b-9873-4b62c3661fb5,Professional,None,1
bf6a5b9b-d367-4e58-a8bc-1c42c42a9065,Student,None,0
021f67c1-2d1c-4a50-ab9f-ebae81618b18,Enterprise,Free Shipping,1
acbb2efb-2c60-40c3-b0c3-436a239543c5,Enterprise,None,1
07c7f0c8-e7d3-4a03-83ef-980857516f73,Professional,Free Shipping,0
8641f5a3-0873-4524-911c-306e9f36afa1,Professional,None,0
6298b7bb-4698-4ab7-8878-3f1754d47a7f,Student,None,0
16bab5d7-8b83-4f9f-a42a-9df03c8a8547,Student,10% Cashback,0
0f290181-7261-4c1d-995c-996edc555ac4,Student,5% Discount,0
c5a966bb-abaf-4103-87a2-dbcc1d1fb879,Student,10% Cashback,1
a9f07eb3-5cef-497e-a74d-25baa7f48b0d,Professional,5% Discount,1
a0af986a-d923-461d-9105-9f1965e41d72,Student,None,0
7ad82858-2edc-405d-8b89-754de99f42d4,Student,Free Shipping,0
57323e2f-6ea1-49f0-b48a-9a14e89ef4a2,Professional,None,0
6262ffc7-7732-45c3-945d-a51b9c983bed,Professional,5% Discount,1
7fc73dd1-28d8-4f00-9ad9-3ca2f5b95889,Enterprise,None,1
98d0f390-a927-4a47-9823-404d4987e8d2,Professional,5% Discount,0
cb2be3f9-f22c-4f11-8270-84c1b4096bd3,Student,10% Cashback,0
6762f616-df30-48f9-a191-7b1ac592be23,Professional,None,1
6caf62c8-8b57-4756-a060-699eb2e65133,Enterprise,Free Shipping,1
631ba3a7-3cdd-4e4c-8f29-0b37ff911cb8,Student,None,0
4650f498-6100-434c-afd5-de7630690a79,Professional,None,0
505c3912-b8b3-4c5a-8031-89ee1613de07,Student,5% Discount,0
57425963-eec0-46df-b68b-5fce08d2caa1,Student,None,1
4d5e1383-5630-46b7-8d87-4f1900ba79c5,Professional,None,1
109e328f-ca82-4f70-add0-0e20898a8dd1,Student,10% Cashback,0
c7deed80-c599-49f4-a821-e11706fab769,Student,5% Discount,0
7c8d9dfc-7aea-41b1-86ea-a15077572c6e,Student,None,0
1b30f174-fa3a-4f79-a69f-ab6535d7b40c,Professional,10% Cashback,1
4cb3394a-eab7-44ef-bddd-2d54e1752845,Professional,10% Cashback,0
9cb750fa-baa2-461a-ab43-005635b79bbb,Enterprise,5% Discount,0
d93f1e85-3b63-4289-9f6b-6b7e332c1b4d,Student,Free Shipping,0
0884213c-2033-4c6e-a355-67128e446e1f,Professional,5% Discount,1
53984a71-a50b-4d8e-a723-a418c28917bd,Professional,10% Cashback,0
203d148e-f4b6-4adc-bba9-21dd886acfef,Student,None,1
02192751-e76f-4791-bdc0-a40410cdfb07,Enterprise,None,0
a6f34c9d-dc82-4990-acea-9751243c9c25,Student,10% Cashback,1
6cbeeb81-da05-40c9-8e5a-d1b13f4ea551,Enterprise,Free Shipping,1
69d30b45-c369-460a-b04e-1f47b1397b5c,Student,10% Cashback,0
ac3715e2-3dc5-4c89-b7fb-1dcaeadf3384,Professional,None,0
79372b6c-67da-4ed5-ae94-9f577996a55e,Student,None,0
735938a5-fa95-429d-8861-d3b377934596,Professional,10% Cashback,1
49513bfc-d915-439c-99df-f66b87417387,Student,10% Cashback,0
f74dc8b5-b93e-4eb5-b8b9-9576ce87104b,Professional,10% Cashback,1
a254efb9-a0b9-4154-9afd-93d471bdc5a5,Professional,10% Cashback,1
1013a507-af2e-4340-b9c8-9ed3c31c9758,Professional,None,0
be23bd00-9364-4e5d-b420-0fda6a2dd10d,Student,Free Shipping,0
9a292717-2bb4-4d3c-bf67-329cefe26742,Student,10% Cashback,0
5dc4b6c1-f7fe-490d-9c30-d63b1ec9d8bb,Professional,None,1
496cb957-1630-4b20-8b2d-279d482a0c29,Professional,None,0
d1339a0c-368d-4c4e-b886-b85726152caf,Student,Free Shipping,0
d86106aa-4be6-4ae4-96bc-ed9f03660458,Student,5% Discount,0
dd8a7c63-42c5-4ff3-a803-6134310993c6,Professional,None,0
ffc1a1b2-18f3-4973-9b14-08a1aea4a987,Professional,None,1
00d2820b-60bf-4a04-b623-e8fa02f32779,Professional,None,0
07cf33da-b39e-4fa6-883a-d180acdf6a18,Professional,None,0
33944c5d-2d6d-425b-ad7b-79640969b14e,Student,10% Cashback,1
87d0153c-ca82-4340-9720-c647b1c4a25b,Student,10% Cashback,0
d97a2651-d6f8-4b15-bf50-459a5e6d9f53,Professional,10% Cashback,0
b8ea7ce9-dbfc-4aca-a34c-dd87d2e88e4d,Student,10% Cashback,1
1a766973-b0e7-44f5-b101-b0453fe77023,Professional,None,1
228a5d2f-80ea-47c9-b50f-23418957d36a,Professional,None,1
3b2ce232-bfcd-4bbe-8887-3b115f0ec88e,Professional,None,1
faff6dc2-474c-4fe1-8655-425aaf877fd8,Student,None,0
470b5aa4-afc2-4879-959a-e7da47f3ae00,Professional,None,1
b0a605d7-be30-412c-b12f-8c3a09ca4bbe,Professional,10% Cashback,1
d9ce5dac-3388-44e9-b35b-3df7da034224,Professional,5% Discount,0
f4f708bc-9a6d-4f9e-b807-ffa181e8b07b,Student,5% Discount,1
d9b4f3e3-21f8-45e5-b73a-992e3cc3b685,Student,5% Discount,0
b2ea83f6-dd32-4f32-820f-5d3f51300bf8,Professional,10% Cashback,0
a73a2958-4218-4319-a1ee-404ea96ca5ff,Professional,10% Cashback,0
37152c36-b8f3-4e80-91ed-5b697f59147a,Professional,None,0
34eae3e6-425d-4d67-9f53-98096985ffa1,Student,Free Shipping,1
447bc698-7cfa-45f0-b29c-27aff2bbf4d9,Professional,None,1
8c7f4afa-bf6a-4bcd-82ba-bc02f93a146d,Professional,None,1
c68bb9e8-3c43-4f0f-b358-d52644ed11da,Student,None,1
edcdf2a5-9db4-4f8d-9071-f27513c29a9a,Student,Free Shipping,0
f0d819c2-f28a-4e07-9500-23dd4be02e28,Student,Free Shipping,0
3ba69c4f-db9c-4dc2-870e-5afbffa87ebd,Professional,5% Discount,1
d6270bd4-a528-42c3-8e41-3cc7a097b79d,Professional,10% Cashback,1
4bb0d89e-23be-4863-87a9-c93930fd4b74,Professional,10% Cashback,1
1ca8762a-2ab9-47f1-9325-265f4798dc7b,Student,Free Shipping,0
354d0a9b-47c7-4dae-875b-9954e7f51d3f,Student,10% Cashback,1
14a81f1b-0743-4201-80d7-b29b6fca1b3a,Professional,Free Shipping,0
341aee98-496e-4137-b11a-70a346e8ff20,Professional,None,0
a2152774-ed19-4493-a894-63c50178c1ed,Student,None,0
e69aa3a5-8dce-49b8-affe-488cde93b1c2,Student,5% Discount,0
23cdce2b-5ee3-433b-8423-f1bf8c4bf373,Student,None,0
ccd09775-5b4c-4746-8ef9-c05f4204dc33,Professional,Free Shipping,0
aa53f580-ce31-4751-be9e-09e722e5b36e,Professional,10% Cashback,1
16f4ff4f-f590-4259-be86-e76f9b91d861,Student,Free Shipping,1
6302dc7f-4cda-4b05-926b-473845eaee20,Student,None,0
a74ddb74-2daa-4788-ae16-42e707fd5111,Student,10% Cashback,1
59564e43-4cb8-41c9-bb47-f85ff176ec34,Professional,None,1
25f10e7d-c9f9-407b-a166-56f240456566,Professional,10% Cashback,1
a5058486-a199-498d-bb99-dfc9636a338c,Student,10% Cashback,1
25329b11-5ba8-4e3f-81c2-6ff0c5169729,Student,Free Shipping,0
c0d77f29-50c3-4d9c-9f0b-9b2cfdde3ae7,Professional,10% Cashback,1
e8239e15-2bf5-4fe3-a19b-be588b3f970d,Enterprise,None,1
1f3237f7-60d4-457d-a3a6-75f4333232cf,Student,Free Shipping,1
0bc40766-8860-4485-aeda-e64e9a793514,Student,None,0
5ffb37f5-280c-4155-9669-ced98e0e0fc8,Student,None,0
046d6287-7e07-4708-a72f-83bba24e0b22,Professional,None,1
89ced3ca-60c9-4694-aa60-a3c296f6b83e,Professional,5% Discount,0
b5eccb51-edc1-4cc2-916a-8cbbf73315ff,Professional,None,1
177bdb56-1b24-47db-9cf8-248a87a672ca,Professional,None,0
e11d0d7e-3f16-4445-bbda-1e22f6889056,Student,Free Shipping,0
ce5badad-cecc-4f15-aae8-7d86bd1c3bea,Student,5% Discount,0
49dcf2ab-5773-4bd7-bcb9-fde07782717c,Student,None,0
6527d4ba-535a-4006-bb2a-45e049a40f27,Professional,5% Discount,1
38a3e815-10f1-4130-818e-ef76bb4bfec7,Student,Free Shipping,0
4ceb0872-8d6c-4836-b905-feda568ed031,Enterprise,None,1
25bfde4d-2e70-4bdf-a4db-d6e4fceb21a8,Student,5% Discount,1
1a48ae44-1745-4373-bde5-675eb8f2c9a1,Student,10% Cashback,1
60375508-22f5-4731-9984-89e09b75bf9f,Student,10% Cashback,1
c4ae2910-e6ee-487f-a035-5a9990637cd5,Professional,None,0
7bc932cf-6484-4b00-8099-ed210f70ba18,Professional,10% Cashback,1
06ef357a-e223-411a-b7c0-3ef7b13b8e2d,Professional,None,0
0b6ca8e7-a4c4-4339-9ffc-ac5e3aa128c0,Student,5% Discount,0
fc408da6-47d0-423c-a959-5527d3bf54d4,Professional,None,0
3f1f57aa-4934-4440-a98e-1cbde93588c8,Student,None,0
0b605e57-51ea-4077-8a57-dfc8a44f062b,Student,None,0
9b02e1b8-b5dd-4b5d-8f6a-b4c5b2971195,Professional,5% Discount,0
b301690f-109c-4f89-a732-6d5e55577922,Professional,None,1
360c92dd-3cab-441f-ab2d-007ef8d9b777,Student,None,0
289392e0-aa2d-48d7-a721-a39d964b5744,Professional,None,0
4c91d5c6-5d0e-4f1f-aac6-d2be88ac0d30,Student,5% Discount,0
3e326e0e-cdf6-4d7a-a2df-fc92c31326c2,Professional,None,1
55b2194f-b6c5-4466-aa73-bcbf1b267d58,Enterprise,5% Discount,1
c1cabef3-199f-4951-8142-a6e0b9819db1,Professional,None,1
65494311-01ae-483f-80f1-3e66db230715,Professional,None,0
b0ac735a-b091-4358-881a-ab314cd629f9,Student,10% Cashback,1
d0937179-f33c-4e70-96d1-f4efcd737f53,Student,Free Shipping,0
5547e0a6-6ab9-4d39-accd-f557758dcf71,Professional,None,1
97e2c75f-65a3-47e9-a5c2-958678d8b137,Student,None,0
eab48df1-66d9-4944-8d03-aa8b410c53a2,Student,None,1
a5f360dc-cf69-4735-8d4e-d8b92e839a64,Student,10% Cashback,0
f31c2a2a-5789-47d1-9464-b7c62cef9f73,Student,None,1
4c34b358-40bc-4d72-8baf-5557abd8693b,Professional,5% Discount,1
70ee78ba-fc1e-459d-8601-a40e5bd4b263,Professional,None,1
81dd70d3-602f-43ac-986a-a2ed84cb359a,Professional,None,1
82bcd7f1-db96-4772-b00b-65321670fb37,Professional,None,0
e9c087f2-7297-4f37-a68d-5df69a761d43,Student,10% Cashback,1
c54f1575-5f61-4c41-aa82-dfcd2009134f,Student,10% Cashback,1
19db3648-ccaa-4ab1-8a9b-4afedd000b62,Professional,None,1
a022ab64-358f-448b-a0d3-ba18ea5bfd13,Student,Free Shipping,0
e6ddc651-e2f0-4e30-8cbf-117ad8c27ed6,Professional,None,1
450c4d56-c94d-4769-bcbd-e3a8fc112773,Professional,10% Cashback,1
54851a5b-3647-4949-8b2d-1d74ddddc623,Professional,10% Cashback,0
72ed5988-2dbb-409a-8144-fef05f23e5d9,Enterprise,None,0
e608046b-95c2-44a1-9add-dfb1921212aa,Professional,5% Discount,0
35e81dc7-b4ba-40c3-b180-323f7c7c7e86,Professional,5% Discount,0
67e6efbd-5707-48cf-bebc-315ade1438dd,Professional,None,1
0957c0e6-10d5-47ae-9f47-2d8d0bec50cf,Enterprise,10% Cashback,1
514aa278-57a6-42b2-9033-372beacd0aaf,Enterprise,None,1
2fba72f7-b3a2-481c-8b5a-61a4228c16e7,Professional,10% Cashback,0
b83abd97-1596-411a-b4d7-8f3b65185e8c,Enterprise,None,1
8f987c9e-5f9b-4f14-806d-a16d1042ab29,Student,5% Discount,0
e04789f5-4916-4b45-90cf-96bfd2da0a73,Professional,None,1
8e001bd6-8c0a-4bc5-8c81-ef940eaaaf49,Student,None,0
ec90a7cc-f685-4ceb-8340-562a050bebd5,Professional,None,1
88014551-5e58-43d7-9128-35040bcdc70f,Student,None,0
8c355ca5-77f7-4d87-8297-c51627225b6f,Professional,10% Cashback,1
86bb1b00-2a62-486d-819c-d6a95024d1f3,Professional,None,1
4b55f3fa-dc4c-4cfc-a0a3-529e30d507bd,Professional,5% Discount,0
3a527853-4ab6-40e6-87bd-b47684ad418a,Student,None,0
44ef2891-6138-4446-8bf0-b08fa71a151c,Professional,10% Cashback,0
c03afe91-161a-48e1-aeeb-11190a5dbd48,Enterprise,10% Cashback,1
1a7d12d6-6fb5-4523-b330-9df931db6da4,Student,Free Shipping,0
57443d1f-727d-4dac-a41c-891b02f94b53,Professional,Free Shipping,0
eae80462-14a9-4605-a64d-64fd22048cd3,Enterprise,5% Discount,1
dc3dd523-0016-4468-8746-7fd1e579eb98,Student,5% Discount,0
3f1926c3-0ac3-4f6d-9350-29cacac61deb,Enterprise,None,1
e1f2df1f-ace1-45d5-bf03-8b91a1e4f773,Professional,5% Discount,1
52175bf1-c7c8-4970-8f2f-1db813bc4876,Student,Free Shipping,0
bbbd6130-108a-4525-85d6-71e343d3ab8f,Student,None,0
011fe127-ba07-4bce-9964-b2af17872582,Student,10% Cashback,1
23782739-2569-4713-b7de-3fa790668387,Enterprise,None,1
a7db684e-003f-4a59-8730-966b959b7422,Student,10% Cashback,0
091c3532-74e6-4d7e-912d-f1e1553e70b5,Student,None,0
c4cf87a1-e662-4c47-a4bb-450f9ac8817e,Professional,10% Cashback,1
945e9448-382e-4901-888f-b64538ea3853,Student,10% Cashback,0
45269e9f-1da1-4438-ba48-4d40e678a048,Professional,Free Shipping,1
dd33bf11-81cd-4d19-b5b3-41defcbaadb4,Student,10% Cashback,0
54489401-4a4b-4242-a046-928bb7467da1,Student,5% Discount,1
6464f43c-c75d-470f-885e-7e523e183a6f,Professional,None,1
4bb4fd33-e8b9-46b5-8946-f2e7fca9d5e2,Enterprise,None,1
00ef5d9b-d9de-4079-b14c-7fb4be5ca274,Professional,None,0
01575905-d18e-4920-a387-fcdd0a6a447c,Professional,None,1
36443e68-f343-4ee4-ba0e-3eeffb69016d,Professional,None,1
dcb8cfa9-06a8-44cf-8da1-e5ec9210df3b,Enterprise,10% Cashback,0
76951fd6-38d9-4808-9318-5ec750bce76a,Professional,10% Cashback,0
cf5f3419-c44a-48c0-adb1-862bd355a348,Student,10% Cashback,1
9b600ffb-e1c9-4c34-b6c8-1c92c6932316,Student,None,0
6671651f-da7c-4ee8-bb30-9b1ac3fa57be,Professional,None,1
6732c9e7-a138-458d-a921-e9eb4dc07823,Student,10% Cashback,0
3c4cfb95-979e-4c31-a1d6-56084b584f66,Professional,None,1
e5c9efb3-d13c-42eb-bac5-aa86ac64b348,Professional,None,1
abc421e5-a387-4d69-9d0f-4f1aaea7a989,Student,None,0
e4c0aa67-6215-456c-8a6c-20f6915fd80d,Professional,None,1
03edaec2-5087-4190-913e-c4649c0b112a,Professional,None,1
f3587f56-d9ef-48c6-9199-f0bc6ecebafb,Student,None,0
9e6fcfaf-09bd-4a1e-9f08-a171a61911ee,Student,None,0
4f5c90a5-0759-4f79-9969-ab92b7ad3da6,Student,10% Cashback,0
05322cb5-8096-45dd-bad8-0f7cad827aca,Professional,None,0
6be68a34-3322-4b3e-b65f-4ed5f069daf7,Professional,None,1
c84dbc57-bc91-4340-88a2-51bffc3c653f,Professional,Free Shipping,0
48f0139c-62f7-47b3-9900-a66fa2110d98,Student,5% Discount,0
edf0b4c5-c7b9-4701-9578-f614ba5866bf,Professional,None,1
9c330325-f732-470a-b652-6a3cc623db76,Professional,Free Shipping,1
373777ed-bd6c-44f4-8762-84e007724097,Student,None,0
0d4a084a-846b-40b6-bd6d-c9db9e7c14f6,Professional,None,0
28e31fbc-c88f-44fc-bfc1-a9ad17316b14,Professional,Free Shipping,0
83d30b31-e596-44b5-8298-c86da34ed992,Student,5% Discount,0
80ef9618-2b67-417e-8c3f-00be9edb3ade,Student,None,0
287af6dd-2968-4a4f-a546-30088ab0337a,Professional,10% Cashback,1
18468298-04e7-466f-bfb2-7cedd728f38a,Student,10% Cashback,1
710a702e-cd51-4089-bf87-10eb7544a931,Student,None,0
7a50f421-4a36-4bac-884a-23c9ef6c5ef5,Professional,None,0
395aafde-945c-438b-a433-99e1f18b1539,Professional,None,1
8320a4a9-27f5-47c4-8dff-a3b6cf1263fb,Student,Free Shipping,0
f9cfbcd3-4928-45e4-a164-4f3f77e6c9fc,Professional,None,1
041aef72-b663-445f-b20c-7d0fc268d2ed,Student,5% Discount,0
535a124f-abd7-4ff4-8ee0-ff81e862bfbf,Enterprise,None,1
dde2ce7c-d25c-4061-aaaf-243034032f72,Professional,None,0
b5f56075-a320-4850-8490-84147dbca777,Enterprise,10% Cashback,1
16948140-ce85-44c9-af64-b3a4b7c06c1d,Student,10% Cashback,1
aa46ab06-d472-4a09-a8c9-df8bb97ec05c,Professional,None,0
bae9e155-24aa-4218-89f2-b5def4a63159,Professional,None,1
96811f5a-d8da-4d0f-b959-01036f51e4f2,Professional,10% Cashback,0
857fc080-3f70-4825-a2bf-d5577fe24b81,Professional,None,1
12e64d01-7c1d-4685-a645-77c4729e42bb,Enterprise,None,0
e2cfa8b8-dec7-4bdb-ab68-12318f8afd31,Professional,10% Cashback,0
31592337-9c41-4857-8eb1-5cdbf30af40f,Professional,10% Cashback,1
e0af38dc-d380-4f21-b901-c7d40eb5724e,Professional,None,1
f7792242-3712-4279-ab88-766ef248632b,Professional,10% Cashback,0
bdb54a07-43d0-459f-b9db-1d9b1963a7b6,Student,Free Shipping,1
d0adfa45-a364-4b19-9acf-22856cc9f465,Professional,None,0
436c8bf0-f6ca-4c05-9e92-f2aa5ff9fe6c,Professional,10% Cashback,1
0722bfc3-0b31-4b40-9c72-5972d4088b53,Professional,None,0
0cd14f76-50b6-4960-b166-61644872419d,Student,None,1
4ed6c8b3-6f9e-45c3-a9b9-92d76797fcc7,Professional,None,0
90543247-565b-4a7d-ba8c-a5a68155afdf,Student,None,0
9726b2f3-6655-461c-85a5-4d315e46d463,Professional,5% Discount,0
2b375b40-8e0d-4b1d-bc19-cbad66e1f8b5,Enterprise,None,1
1bbe8658-7292-46c9-ba72-6cc673bb3a23,Student,10% Cashback,1
94201e26-dae1-4264-a126-60fc52dc81b7,Student,None,0
d53cbae7-7ab2-49c3-8b0e-32ce87ae7fb1,Student,None,0
e19cd725-c36c-4304-b22f-8b0cd2efd565,Student,10% Cashback,0
91d4ce03-d6b9-4f48-b104-dcbb991045c0,Professional,5% Discount,1
8c893b2a-fff6-4122-a428-59b5ca5c1cb3,Student,5% Discount,0
703124b2-1d40-4296-8962-b94bce6ef85a,Professional,5% Discount,0
8d95a531-c1cf-4d76-ab7a-e147eef753bc,Enterprise,None,1
42b725f6-86f7-4e5b-b1ba-f3272f92dedd,Professional,5% Discount,1
68f3ad56-4ec3-4abc-9748-4b7b99bb6af5,Enterprise,None,1
1e2d9d09-a8b7-4ecf-a6d7-e469db45dde7,Professional,10% Cashback,0
0db7380d-6627-4296-8389-d99b1a6f36d9,Student,Free Shipping,0
df0572ce-46be-4a2e-ad37-efe675474d12,Student,None,0
59035583-c98a-4435-8bb8-555ffc693fe4,Professional,None,1
057c192b-25a3-44aa-9b0e-6f03a8b358e5,Student,10% Cashback,0
81923b6b-f7ad-4fef-a2d6-3639922dbfa1,Professional,10% Cashback,0
4a492ffb-751f-47be-b04a-e018db7fe018,Student,None,0
6d8ccd37-56b7-42d5-ad1b-ae82c8578c42,Student,Free Shipping,0
55018be9-e770-4374-a134-26cb2ae482a2,Student,10% Cashback,0
3f054e07-1941-43b2-8b96-506875f21eba,Student,None,0
84ee7237-bd22-4e03-8e77-e12f64d44a95,Professional,None,0
07c1f84c-35e1-4044-a107-f9b7dbb90fb3,Professional,5% Discount,1
8645e853-6073-4c74-95c0-8174465d545b,Enterprise,None,1
819bb41a-6537-416a-a9a1-d0ca6bf0b353,Professional,None,0
d81ef4eb-7042-4f36-8947-0bc605567ed1,Professional,10% Cashback,1
327f97b6-9ad7-4773-8027-fef21007cadf,Student,10% Cashback,0
297a93ea-b5a4-48db-aff7-a6f5b872b6bf,Professional,10% Cashback,1
777b7dd4-9f88-44e3-9cf2-774e23adf2a6,Professional,None,0
d5803793-e3da-4d0b-8682-fd94c3525f48,Student,5% Discount,0
167f7f01-8479-4e84-964c-edceb0032cb8,Professional,Free Shipping,1
a5cca902-4c02-4645-a022-36a411dc96bd,Student,None,1
4eed4e48-ebcc-4f6b-a224-2c76b39fa1f5,Professional,10% Cashback,0
88fd0e31-da32-41d7-8075-7d9f4fcaae7f,Professional,Free Shipping,1
eb2e7773-2fe8-46a6-a3b8-e07d07e3f8ec,Professional,10% Cashback,1
ad782d97-af15-4752-9b35-dfaf48151001,Student,10% Cashback,1
f7a054f4-9efd-4ad7-8434-8aaf5ec2eefc,Professional,None,1
3efdff97-de43-4ae5-b1fa-db2d14d3681d,Professional,10% Cashback,1
f245ebca-a9a9-4318-a557-3f73f97adf9f,Professional,10% Cashback,1
ba43fc5c-cfd1-46b9-961a-1084b0d25ab7,Student,10% Cashback,1
33cd9eff-103d-4991-8d97-5066b306d197,Student,Free Shipping,0
9c56cd05-238d-486c-88fc-404f7cc32eae,Professional,None,1
bab93af9-5cad-4e4d-8546-dfb4dc728df9,Professional,None,1
5746b934-3e67-40a2-98b5-ab76ff81e9b0,Professional,None,0
10cc60f9-3898-4fe9-b8de-3f71cc71843f,Professional,10% Cashback,0
9f83f6bb-cdf9-4e28-b5cf-8dac5d0c0589,Enterprise,None,1
3891c4a2-e3cd-4376-89e5-2cb363b1c502,Student,10% Cashback,0
c31d4400-fb1e-4e34-bb0d-3bb12a182506,Student,None,0
06dddd17-3102-4272-8775-25ac5688cbe9,Professional,None,1
c12f4ca5-aa65-4fa4-90fa-08b8b2ac6d12,Professional,None,1
86d32db2-0a47-417e-84c9-526344d9fe1e,Enterprise,5% Discount,1
b306d2b9-80c8-4d20-bffa-0e78f39193f2,Student,10% Cashback,0
9362e5f5-d2fd-4d29-b434-82cf6cf06635,Professional,Free Shipping,1
3cfe6600-5d6f-4c36-b19f-4ebfb6ced47b,Professional,10% Cashback,0
449e1392-2c3e-47a1-8783-f031b96a52ce,Student,None,0
b8e7fc07-9ac2-4b83-b164-5cab6c6544b6,Enterprise,None,1
6b0111f0-9314-4623-bf86-aa2c8f68b5c0,Student,Free Shipping,1
65f536eb-b5f2-4166-834e-71cf65cddb22,Professional,10% Cashback,1
f89aeb57-41a0-434b-a12e-87d1029777d3,Professional,None,1
f59803ab-5df9-40cf-ab33-c165f44fa985,Professional,10% Cashback,1
e0ee2447-8f76-4f85-8541-dedfef1862ca,Professional,None,0
f6320af3-0d14-4d7e-8ed1-7129a7e5aade,Professional,None,0
c6d10abf-d746-45ed-b02d-0fdd9821bd88,Student,None,0
853e57df-bc11-4f32-ba98-cac2a89737c9,Professional,5% Discount,1
9551128b-fbe9-47bd-9cd7-90fd24f5b292,Professional,None,1
f6f0e282-ac00-4609-a221-c08dbdb3053a,Professional,None,1
9cb4c712-e648-4b83-9119-e359488ce39b,Professional,None,0
132920ce-3a37-4916-90be-3c3a7e32979e,Student,None,0
bb789e37-23d9-4699-9bf5-bc910d81d905,Enterprise,10% Cashback,1
8ae45692-b36f-4840-82db-3b94b7785b20,Professional,None,0
987ea544-d31c-4110-a254-10b406563604,Student,None,0
c3ebfdfa-d0c8-45e0-a0d8-39e9f4dcf3a2,Student,Free Shipping,1
a44f0c5b-382f-4490-9cae-a09827a08d4a,Professional,None,1
4674a44c-adcb-41d1-b00a-7c3dcea64ca3,Professional,None,1
3244fcc3-a133-4cf1-b579-f336c6b14b27,Student,None,0
50e314b4-6b4e-437d-a40e-ff26a65931ca,Student,10% Cashback,0
9aeb13e4-cdc2-4226-b6bf-866c85577b99,Student,5% Discount,0
3a8d75c5-da9d-44a6-ac5d-bdbdc285fa95,Professional,None,0
aebc60f6-48b7-4ce0-bad7-c85a9380f8d9,Professional,5% Discount,0
8b4996a2-c633-43c8-9f36-3edd71a26eaf,Professional,5% Discount,0
a1dbc52c-1895-41d0-b95a-f4f30bc3bb0c,Enterprise,10% Cashback,1
5d51544c-7d3e-472e-ac49-e9d0ba68f4ba,Professional,None,0
db367f09-e382-403e-bbf9-ad105e459954,Professional,None,0
ee644ae3-2343-4877-b7ce-893a249c5b66,Student,10% Cashback,1
d7c7a62e-35fd-4117-a9d2-9e8efbcdd827,Student,5% Discount,0
efc09306-693d-4dce-adfe-5df2a43ed099,Professional,10% Cashback,0
51291fc8-0551-4dd7-ba5b-1ab4b917f34a,Enterprise,None,1
c2fa92f1-1a5a-4609-b543-68bc35abb09d,Professional,None,0
d11843c4-ee6a-4276-8df6-85342e205195,Professional,10% Cashback,1
4e2d7235-dc3c-4b41-827c-7dfe01a4ee18,Student,10% Cashback,1
bec828f2-0def-48b6-a233-26a740dcf5ca,Student,None,0
7cbfba2d-eac1-4d58-9bbc-e488bfc335ac,Professional,None,1
c1845c1e-84bc-4345-827d-7e44866193de,Professional,None,1
bfb2285a-2c33-4cd8-80b8-4bbfbb2e1793,Professional,10% Cashback,1
95bed3a9-6cae-4e6b-b473-e06d7aaf9a31,Student,10% Cashback,0
ae595d72-32d0-4767-9776-f6cc7a71be02,Professional,5% Discount,1
c426f65f-943a-4e99-aafd-34bffaa43650,Enterprise,10% Cashback,1
53558dee-bc43-48c7-b7e6-fed40ebe4a7a,Professional,None,1
e1e1d572-73ba-4875-9552-0685c2fd48bf,Student,10% Cashback,1
23aa5a6c-fb4b-4b64-800e-0b42a92cba04,Professional,Free Shipping,1
14747eef-193e-454f-a909-e70fbb77bb19,Enterprise,Free Shipping,1
31852bbb-c93d-4933-8ae7-517e3ef54c26,Professional,5% Discount,1
e6bd20e0-c19f-4f5d-9585-018effb431cd,Student,None,0
66030151-999a-4dd6-9b99-cf6f8dda63fa,Student,5% Discount,0
c0e22a42-a797-4b9e-ba16-726bb8745166,Student,5% Discount,0
4dd994da-1f8c-4e07-a8bf-8410819453b4,Student,10% Cashback,1
a81e53a5-8f44-4f9e-a323-776d64816aa4,Professional,None,0
9674d180-1e09-4233-b605-e8f298997744,Professional,Free Shipping,1
8fdbaeaf-8869-4f45-a341-5f580656ecd8,Professional,None,1
3b708976-9198-4ea8-948b-25698e6bc4fc,Professional,None,1
89d9c429-9dbb-4b9b-b660-6bdf8b865c7f,Student,None,0
e0c138bc-98b1-40d0-b1db-22cef64528fd,Professional,10% Cashback,1
da7cef74-bac6-488b-ae3c-7f6b9369b234,Professional,None,0
9da74b4e-4525-4a11-b734-2f7f83a6ce61,Professional,None,0
4835a659-9377-447d-ab1c-d367195a2289,Professional,10% Cashback,1
35c447f5-db0b-428e-b451-c1b2dfc907ad,Student,5% Discount,0
d6af198d-81cb-496a-9a9d-0495224b6fbd,Professional,10% Cashback,1
41e482f9-bd2d-4593-a7fa-3c18059fe46b,Student,None,1
5456ef35-906b-4621-8e7f-4b620a8f09e5,Student,10% Cashback,1
4fa1e7e0-1a44-4c10-a729-a2587b9c3a45,Professional,None,1
7a7a22a7-1a11-4dc1-a1ae-51d7a2918cc3,Professional,None,1
30ae868b-ee25-4471-b990-f1e254012938,Student,None,0
07750f06-e147-4d55-a60e-0a2d7980bee9,Enterprise,5% Discount,1
d11ef457-b3cc-47c8-aad2-c8583db23fb2,Student,None,0
14c647d6-79e2-45e4-8e66-9568e2cb1662,Student,None,1
87f84bfc-8ed3-4194-89df-028bc7fe1c82,Professional,None,0
a165525f-d138-4297-b1df-690c2c584459,Professional,None,1
e0a3a1be-eb56-486b-a610-c083b0a25d3b,Enterprise,Free Shipping,1
95a8066d-ea5e-46ab-9015-d7f47844454a,Professional,Free Shipping,0
037c4b24-8e91-43a2-b882-8c494285ccc2,Professional,None,1
5221eef1-9641-48e9-8159-afb7ac7fa74c,Professional,None,1
4de0182d-6221-4f52-b1c4-b5e8dbebc545,Student,None,0
f31b2e0e-6591-4ef6-b570-0f8fdf52d453,Professional,5% Discount,1
5a6a346a-acc8-4cd2-816e-1bcece63ec3e,Enterprise,None,1
3535c741-353f-4a7d-ab84-af58957432fb,Professional,None,0
5d6670c8-5b27-4c69-88ea-9cd0d1009e2b,Professional,10% Cashback,1
c506f5b8-8eb3-47b3-93dc-bc0a828a021c,Enterprise,None,1
f885424e-0be9-4914-a1a1-482f94f1d1e1,Student,None,1
3fd1e618-1de0-40dc-95cf-9ff8486cc11e,Professional,None,0
f7daa1d0-8d1e-4d32-97a0-92301ab2a7fc,Professional,None,1
2ee7987e-4265-45e7-9594-2ec1790ff349,Professional,10% Cashback,1
559b24bb-641f-4165-af3d-63a91d4bafbf,Student,Free Shipping,1
4e467b98-1a83-4044-a5d4-75014d5f8a03,Professional,None,1
289c7f63-e056-467b-a21a-9c9bc99ad7c3,Professional,None,0
485826c3-ffe8-42de-8dff-83ea003a0c32,Student,Free Shipping,0
d4e65934-be80-4865-aecc-c8811683a6de,Enterprise,5% Discount,1
0ee6f30d-f8b2-48ae-a6c9-e8691f7f488d,Enterprise,None,1
f4a75fd2-558f-49e3-a834-67d97b20a948,Professional,10% Cashback,0
a4e65b8b-8fc6-42e8-9962-f2f79ac7efbd,Professional,None,1
17e21a45-e490-4250-b680-76560b4703fb,Professional,10% Cashback,1
543ebabf-d745-4713-9e25-914de1df1900,Student,Free Shipping,1
672493fb-5498-418c-afca-52ae31fc94c8,Student,10% Cashback,1
f86772f3-cc40-4f9b-ae1d-ac67986b8da4,Student,None,0
0506dad7-6875-4839-bfed-daf56ac001de,Professional,None,1
88ebc90d-42d3-483d-ad01-93917e485494,Professional,10% Cashback,1
833c98e4-d494-44d3-9758-f3bc60a44d01,Student,10% Cashback,1
ca082bac-b1c5-4940-aa8f-7a679fd02738,Professional,10% Cashback,0
d3dba77e-fdcc-486a-b049-f72dbd16eb6b,Professional,None,0
b17638e4-2ab1-4bc4-a6e6-772977806389,Professional,10% Cashback,1
79db8e3f-9459-4693-bfa3-6d54c3433e88,Student,10% Cashback,0
a6dadab1-ec45-417f-a6d5-db78f16146f1,Professional,None,0
667d89e9-a627-4ca8-b6be-ea8409b875ef,Professional,None,0
1cd16ec5-c6d5-4788-8b26-0f8e61612466,Professional,None,1
d462b779-15a4-4f0f-9733-d855d52a21cb,Student,10% Cashback,0
69b37427-84cb-445c-971c-b197e7811eba,Professional,10% Cashback,1
4477cb7a-d648-4ce2-bbf7-401d15f480bd,Professional,5% Discount,0
71432bb0-e0f2-45fe-96b0-b3d0a93e6c8e,Student,None,0
3a3bc239-52da-4233-82e4-7a02a9fdd3d9,Student,Free Shipping,0
fb035a4a-921d-40ed-94b2-f42d3ec03741,Enterprise,10% Cashback,1
58aef5bc-72bd-488a-8d9d-316453b5f3d7,Professional,None,0
b8744ee1-bad2-4755-b3f4-6ca828f4f6d9,Student,None,0
5d56931c-776d-4c5a-b2ce-05a827993fbf,Professional,None,1
a4a5bde5-58a5-4878-ac4c-e09dd3526be9,Professional,Free Shipping,1
213ff145-8041-422f-b8a1-866461ef4001,Student,None,0
4ef228b1-ad4c-48d4-a232-28a9b16567f6,Student,None,0
588a12d7-c4bd-415b-a5ae-5824b2b5112e,Student,None,0
0e63ef82-db37-49d6-ba7c-3b3ed10b8da2,Professional,5% Discount,1
bde1edfc-b15d-4ea8-b83c-7184ad58eaa3,Student,None,1
cbc781e9-bfe6-4cfa-a5e0-6929026007e5,Student,None,1
13214d92-e4de-4adb-a8aa-ec2c74484c2b,Professional,None,1
b52a4c66-a3d1-456c-89f4-8a2072155be3,Professional,None,1
5b39249a-b036-450f-9e2b-6be63211c431,Student,None,0
5cface17-8a9c-43c8-a079-55a9c2584a12,Professional,10% Cashback,1
943f1be6-0953-40ce-89b2-5d5be593c596,Student,5% Discount,0
8d4f8fc4-243f-4626-99dc-96b13a9c8ff6,Professional,5% Discount,0
dd21cbfa-a899-4d36-8dca-848ceb51d484,Student,5% Discount,0
92688d2f-0394-455e-9139-3cb7a2683121,Professional,None,1
d5372430-62f1-48f1-b65b-eeb5aa2816fa,Enterprise,5% Discount,1
874f3487-e64b-488a-ada3-bcc7e1b6e866,Student,None,0
283866a2-2de4-4567-a3b8-51b86de73312,Student,None,0
6043d4e9-cf3f-4863-8063-85261db0399b,Professional,Free Shipping,1
c35214fe-d4c0-4d36-ac7b-f89594229bf1,Professional,5% Discount,1
d16c6a20-d2a2-4f5d-863c-6eededbc98ef,Professional,10% Cashback,0
84a4cab0-b208-4706-922a-cec3e52708d7,Professional,5% Discount,0
2dd3a5c1-c091-499a-bdad-2e7b4d060547,Professional,Free Shipping,1
dc976b15-48ee-43d7-9557-2e8cff14d812,Student,10% Cashback,1
bd93b8e9-0e51-4371-b4a4-4147a5219fc5,Professional,10% Cashback,0
3c7e36c1-5c60-49d0-b0ba-8e09dfba8790,Professional,5% Discount,0
7ca45f8f-8db5-4bcf-a4f6-2652d999a4b1,Student,None,0
39e63efb-dd51-4bdf-bc84-2f336a1c3edf,Professional,None,0
64511571-a792-41ff-a7d2-619d999de42d,Student,5% Discount,1
ad800e39-7f9a-44e0-abed-2e876f43434f,Student,None,1
05b2eac9-369c-4ac1-8e8a-7de49034f61c,Enterprise,None,1
a9e3df1e-a516-4eef-aec9-a405247c98f7,Professional,None,1
5ff17654-7cd6-4bfd-b4bf-812040ebd204,Student,None,0
6250d7b0-3864-4a8f-bacb-55271d55c431,Student,Free Shipping,1
d26a8500-c060-402f-8e90-afbf97dee36a,Professional,10% Cashback,0
cee24483-4b9e-482b-846b-62af421becc9,Student,10% Cashback,0
dc2a02d9-20b8-4685-847a-f2d51be5195f,Professional,Free Shipping,1
ff4ad7fb-09f3-4c8c-bf06-d119fb0cebb1,Professional,Free Shipping,1
971367c6-4199-4f76-8767-451a39ea2a94,Student,10% Cashback,0
ffcdc380-919d-4f0c-be66-dcb511483fe4,Professional,Free Shipping,1
f5e239ec-3b83-4679-8f8a-a16f3e071065,Student,None,0
797ed78f-292a-4af7-9e85-4799dcc79850,Student,None,0
d7e5a7c0-4ed4-4398-9c28-7d222cb28e2c,Student,None,0
52a6cd1f-7327-4d80-befb-bc89fada6c00,Professional,10% Cashback,1
773a5bd8-3cbf-4f07-9286-1c98f86c32ba,Student,10% Cashback,0
ce6cee63-5b12-4f2d-b170-ef02ebcf9855,Professional,10% Cashback,1
04bd79cd-c35a-469d-a9c3-eed1c338cd6b,Professional,10% Cashback,1
324b9f6d-d715-4cd0-8456-edf3de7e005b,Student,None,0
46340b6b-3288-4a98-ad03-8bab418cac60,Professional,None,0
a4cb3257-fd86-46e0-8ef9-72e7d05946fe,Professional,10% Cashback,1
73120ad3-19dd-4792-94de-4ad3a5f6421f,Professional,None,0
84fc8dd7-3d5b-4b7f-a79e-8d8390c6ffb5,Student,10% Cashback,1
990f8937-5b13-46d7-bf19-4395e697c1e2,Student,10% Cashback,1
3d40dad5-bfaa-4237-a97e-377f8d8b87d6,Professional,10% Cashback,0
37599117-09cf-41ff-87d9-666818e3acc1,Enterprise,None,1
6712fe23-244c-408e-ad01-075a9c4b6f13,Professional,10% Cashback,1
08676e40-b46e-4e87-b687-8865fc343aef,Professional,5% Discount,1
32b9d206-3fc0-44aa-963d-b12c76d94c8f,Student,Free Shipping,0
af4fc2cb-9be6-4280-9234-2d8e6474b8c6,Professional,5% Discount,1
a7fa3945-80c5-4d35-a803-e42374e4db11,Student,10% Cashback,0
dc3972e7-f3ca-4f00-9a9c-6024078d2c43,Professional,None,0
7c1ee7f2-eb2e-4a96-a088-9cbf73a4ffff,Student,10% Cashback,0
7665173d-a19f-40fa-80d4-cfd206495b09,Professional,Free Shipping,0
30c37c15-ec0f-481b-8618-a0f50c031d61,Student,None,0
57156d33-0d31-44d6-bac4-242f48b8aa3d,Student,None,0
7fdac017-0dd5-42fb-bddc-3f53f0e17741,Student,None,0
9e5a6741-0d43-4efa-af57-948eaf2cbced,Student,10% Cashback,1
b5a648b6-cae1-4c7b-9910-6a09934cf673,Professional,None,1
96cf5076-cfe0-4442-b3c5-23d0cf83d434,Student,None,0
7dab0394-e7ae-4249-b53d-0873cd97f669,Professional,5% Discount,1
10b9d6a3-eaf9-4ede-b5ec-2ea14c2c0df1,Professional,10% Cashback,0
7c0b4969-082f-4237-acf5-8ad073c05ef7,Student,None,0
cce1068b-d168-403f-aa82-058816911107,Student,None,0
77852641-3b4f-4120-b199-7fdfc2b14d27,Professional,None,0
4c53701e-8714-45c5-994e-a302fe515438,Student,None,0
d0bf0fc1-3ea0-4293-8d2f-1f5b55d945a4,Professional,None,0
4a946e8c-0635-43d4-9bc1-2ae74ed7dab8,Student,10% Cashback,0
15a198c2-8858-4c18-8f3f-acb97541c984,Professional,5% Discount,0
dbbe39c1-d7a4-4719-9a6b-224bf32fedf8,Professional,10% Cashback,1
82854e68-967b-415f-b719-1c910be8f369,Professional,None,1
114f7590-05b0-4e6c-9e7a-9e2b3f33d300,Student,10% Cashback,0
1cf7cbb0-5230-492c-968b-c731655955a4,Student,5% Discount,0
e218ebab-5eca-4cdc-b0e6-19eb4fd5e4ee,Professional,None,1
e40dc64e-e6fb-48e7-bf17-64b318a5ec5b,Student,None,1
41b1247c-137c-4bcf-bd83-2ad5c2277277,Professional,10% Cashback,1
e7084bf7-4c49-4a63-8816-63f96eef9d59,Student,10% Cashback,0
9d673ff8-2174-4dc4-93b3-4d26d940800a,Student,None,0
835385fd-b16a-4d90-b1d7-84b845866e56,Student,10% Cashback,1
267df935-7f96-4c22-ab76-9c4f51c9e43b,Professional,10% Cashback,1
1733046b-14c5-4389-9bf5-b547f405c6bf,Professional,Free Shipping,0
e0b3053a-7c1b-4cfb-8714-0475416b890d,Student,None,0
12fcbf76-e38c-43e8-ae8e-44a9024f5f14,Student,5% Discount,0
d9a83f5b-4205-4f7e-8a3e-f0d9c3b7a585,Professional,None,0
d8568dd3-d29b-46ae-a70d-a88d4ed6b84b,Student,10% Cashback,1
9622977b-582c-49b7-bc09-3e5e51166634,Professional,10% Cashback,1
561134d2-f347-4068-bd7c-8c5540d1dcd1,Professional,None,0
c1442597-8eff-4753-a32a-8f6a583e2a39,Student,5% Discount,0
9ab73cf0-2c4c-4a86-9345-70b5e2fd4b05,Professional,None,0
42d87046-27e9-49c9-909a-b1676f7b8771,Professional,10% Cashback,0
9d31d6d0-32ce-4839-ba57-3ad0c0acb6df,Professional,None,0
67773101-c969-472b-8e6a-940901c8cfa0,Student,10% Cashback,1
d877d2e6-d391-4fc8-9aa5-062ff2aa97d6,Professional,None,1
684b3f2e-50f7-492b-a4cc-62cf54833998,Professional,5% Discount,0
2e4a0cce-52e9-4f2c-9416-411eab7eb183,Student,5% Discount,0
f66d660f-a04d-4722-8520-28c4cf18bf34,Enterprise,5% Discount,1
768497aa-1ac6-406f-bf06-ecec2bdc7e3b,Student,None,0
f5e0e69e-ecc1-44f8-9f29-f5e397980541,Professional,10% Cashback,1
9fbc95fa-2997-412f-bfd2-38028a871fd1,Professional,None,1
c094d946-d261-421e-8cc9-fdfd94041513,Professional,5% Discount,1
fec64f6d-a07f-4352-b03c-85499edd14be,Professional,10% Cashback,0
f9df6422-afd9-4e53-93fd-1786ff54ca77,Professional,10% Cashback,1
9b790d9c-86bf-4d4e-814f-f5bf36a33609,Professional,10% Cashback,1
034d7bb4-1710-49d7-a95f-87560397ba9e,Professional,None,0
7d631f2d-6054-4c4a-9fcc-76738636646a,Enterprise,10% Cashback,1
f240ccfd-3799-474f-a8f6-47957ed4451a,Enterprise,None,1
86def377-7166-4712-93a1-5456c6520b78,Student,Free Shipping,0
78407ab9-964b-4006-b86c-8a9852ea2d5a,Enterprise,5% Discount,1
dd6e099d-ca5c-414b-8ce1-2efaa24b059b,Student,10% Cashback,0
30fc7471-5cae-432e-b7cc-6c7173d67a41,Enterprise,Free Shipping,0
4f49148d-307f-443f-84c4-b055470c4573,Student,None,1
eac7653b-d4b4-4958-9ac8-4c4acc95b62f,Professional,Free Shipping,0
771dc645-ee4b-4df4-9819-3a055b6e912f,Professional,None,1
3883f26c-1799-48bb-86b5-1086c3ba947f,Student,10% Cashback,1
ac66a42e-605c-47f6-afea-6a163c7def1a,Professional,10% Cashback,1
0462e383-d884-45d2-82ab-fc1f3f554676,Professional,None,0
49d123bf-ec49-4991-b093-a70168fa3ace,Professional,None,1
0b0dbb52-1f4b-4b69-802c-6240543e6d55,Professional,None,1
eeb74234-29f4-49b5-bb36-bb14c4834a97,Professional,Free Shipping,0
76c82487-1d68-4a7e-a9ee-ee76a2de61ee,Student,None,1
720429cb-b1a7-402f-8ffa-7580ada71ba1,Professional,10% Cashback,1
b75569c4-2d01-4cd1-b35f-d844dd72e61b,Professional,5% Discount,1
4b3aeafd-5432-4ed3-8669-391826a3f35e,Enterprise,None,1
03f8e41d-04be-4a6d-ba42-8640fcc166ab,Professional,None,1
5e80ef23-5321-4370-ae21-0049ece50c91,Student,10% Cashback,0
3b7fb1a2-aad6-4bef-93bb-6473e07a8fe0,Student,None,0
26df69d4-3844-4572-9ad0-79f3019ed81e,Student,5% Discount,1
6222bde1-1074-4701-9e48-0748cf1212b1,Professional,None,0
8f2f5807-8f06-48f0-b583-be556d07718f,Student,None,0
07b123d1-02ce-4c22-a133-9648cc045b25,Professional,10% Cashback,0
e0cf4074-3aba-49d9-919c-9501ef477625,Student,None,0
36d24f30-b701-4f73-bb64-6b31ace4170b,Enterprise,Free Shipping,1
de6cff36-f9a8-44df-b709-bbf1abbc84e9,Student,5% Discount,0
0147d655-070f-4cdf-912c-ac6aab2c5fad,Enterprise,None,1
abeaa53f-a4d9-4b18-b422-64eec2dd8aa1,Student,None,1
c3e21925-f0ae-4864-96f6-d6336136c08d,Student,None,0
de3930b4-cc57-4029-b99e-a6d04fa6f9fa,Professional,None,1
bf00fa8f-516b-4e9f-97cf-c617e69dbec2,Student,10% Cashback,1
a93e7724-891c-4697-9cfb-1322a770f802,Student,5% Discount,1
ff9b37d1-1559-4889-a8fb-69f6fa9c38e5,Professional,None,1
461f6a05-250f-44c0-a286-17a4f969d5f4,Professional,None,1
9aa19a38-0b5d-410c-8125-d180f0823e2e,Professional,None,1
d694b88b-0829-47af-b347-6e9f4e8e8252,Student,None,0
7856083a-382a-493e-a7a6-541ce4cd32a1,Professional,10% Cashback,0
a2d88a68-277d-4895-9116-3caad96aa1db,Professional,10% Cashback,0
68b522fd-13d5-4311-bdb6-96658b2d8adb,Student,None,0
6229dfb3-0f3d-450b-b6a9-34d5366d186c,Professional,None,1
2215efb0-5455-4a1c-abcf-09030a1bad24,Professional,Free Shipping,1
f2867bd4-150b-4557-862f-98980089742a,Professional,None,0
89379540-e67e-4c07-a860-a64c8c681f6e,Professional,5% Discount,1
67e0eb3f-2313-446b-8f18-2c93cc7f5091,Student,None,0
75205e62-6bae-4d5a-b3c1-f021df109657,Professional,5% Discount,1
625e3ef8-b3e1-4fb6-bcd3-276d9507363e,Enterprise,10% Cashback,0
996aa6da-b1cc-4777-ab6a-e3b0bb085eb8,Student,None,0
eac5e8ae-8df3-448a-8280-b61d0dacaccf,Student,5% Discount,0
02249f4a-571b-4c1a-803b-2008473b0c16,Professional,10% Cashback,1
0f7468c3-94cf-437b-ac5a-eba902eacf76,Enterprise,None,0
e5fe6330-2cdc-4da8-934e-b3fd60cacb64,Professional,None,1
20f139a8-29ee-4103-8676-77c41e7ef294,Professional,10% Cashback,1
fb4b5bbc-c6e1-4e57-b2ff-f128170e9a5c,Student,10% Cashback,0
657d55fc-e7da-48ca-9f8e-537ee7f3e4b1,Student,10% Cashback,1
9c147f65-4c3b-48fd-818c-d95c663b941f,Professional,10% Cashback,1
7dd1796a-b9a5-47a6-b677-a13261bbfef9,Professional,10% Cashback,1
3c93be1d-b096-48fa-89a4-3312a4652044,Professional,5% Discount,0
245334e0-ef50-4320-b4c1-f4e878272a2b,Student,10% Cashback,0
0c7232e5-0477-40ff-a322-0dfce2463654,Student,None,0
e0179ecd-f13a-48f0-b0f0-3961bee0d30f,Professional,Free Shipping,1
a6ce7ff4-4796-4c55-893b-97dc8ebec79b,Enterprise,None,0
8666f6c1-29af-47eb-b63d-eaddd793cd1a,Student,None,0
fce9b911-5baf-4956-849d-7d74d377fa09,Student,10% Cashback,0
cbda776f-e22e-441e-b1c7-968f61caf8d0,Student,None,0
d2f16b7d-c1d5-408a-af5a-00781df71d05,Professional,None,0
aa995931-1f45-41c8-9d77-0ca7b6a269a6,Professional,None,0
d06e95c1-d565-4bb4-9396-eaaa83add326,Professional,10% Cashback,1
f2a4f582-648a-4d5f-b215-3c2048b4e34e,Professional,Free Shipping,0
415eac50-4ce9-43f5-bb23-85affe9f5fc9,Student,10% Cashback,1
48d37898-2dca-4913-8120-d1e0d6bb1a90,Professional,10% Cashback,1
4f8aedec-b35b-4e9f-9653-e390528c03c4,Professional,None,0
14339200-3ecc-4c86-8218-31182466b98f,Professional,None,1
16022039-d399-436c-a4d0-0948c611edd2,Professional,None,1
17aadfee-bd00-4c3c-b6f3-1e0031a2c053,Professional,None,0
52885711-8289-42ff-8bd0-0f668a2efc95,Professional,None,0
edddedc2-94d7-408d-9491-1d92d10b4d7e,Professional,None,0
1a3ef30a-73cd-4180-a203-e9406773762a,Student,None,0
e781616b-98d8-48f4-93f5-676fa94a68b4,Professional,10% Cashback,0
07f8039d-c856-43e2-a41b-3efdb656970f,Professional,5% Discount,1
152751ae-d836-4177-aa9f-772404ce0ec4,Professional,Free Shipping,1
67a9bc5c-281f-4791-b0f0-1f0c6054ce6e,Enterprise,10% Cashback,1
34b1d2a7-a5f6-4d72-a263-dda575c9bfc0,Professional,None,1
fbb230d6-0ba0-4da2-92e0-706243542f90,Student,10% Cashback,0
3ee3a8bf-f44c-41af-995d-2aef51b07312,Professional,None,1
75fea326-001e-4c81-9b06-5136819b56ce,Professional,10% Cashback,1
e65db9c5-6c5e-4cd8-b10f-e38a6126055b,Professional,5% Discount,0
5d9a6e91-122e-4010-9012-0737c6e9d285,Student,10% Cashback,0
55509025-b419-48f0-9572-0865d4cd1bcd,Professional,Free Shipping,1
fb515e7e-6366-4bab-94d0-55b33b2df35b,Professional,10% Cashback,1
0d07d07b-fe51-4210-bad6-8ee65bead20e,Enterprise,10% Cashback,1
0c8d75aa-5a34-410e-97d0-3ef92c098ed2,Professional,None,1
681c0226-3041-40e8-87b1-6894ccc83116,Student,Free Shipping,1
169a8b31-82f4-4116-a070-057ad75cf18a,Professional,None,1
4cec798e-42db-4334-b0ff-789820e234bf,Professional,Free Shipping,1
db2c09dd-6a9e-43f1-830f-000618cc7134,Enterprise,None,1
326e69fd-2959-4c73-a57b-cb9e117d887b,Professional,None,0
bd997797-8747-46a6-a484-a42b031c3cca,Professional,5% Discount,1
dd7aa5b3-8767-4570-8378-16e216bc3588,Professional,None,1
0a5ca8dd-8055-47c6-801c-d37eb8ddd2c9,Professional,5% Discount,0
bebb7af3-9b1b-46e9-bade-426e4fba2f6e,Enterprise,None,1
ebb9ee37-17bd-4560-a2a8-544777818773,Professional,5% Discount,1
aac8c6e6-a1bb-4aac-8bd9-c3320bfc3535,Professional,10% Cashback,1
87f51efb-67f1-4ac3-b574-f30147d5d807,Student,10% Cashback,0
09132518-1d58-4d5a-bb73-41fb051763a4,Student,None,0
e41f07e5-fa43-4a04-88f1-1e5399963c90,Student,None,0
945b5a78-4502-495e-be2f-596483e001e4,Professional,5% Discount,1
e336c13c-f04d-4bcd-a04e-3bfb9880611c,Professional,None,1
eae1f5b1-4718-42ce-a72c-105143d1186f,Professional,None,0
28395572-987f-4d9e-9a22-6afb8cd6e59e,Student,10% Cashback,0
05e77896-ec1a-46e2-b6a4-18318d938e07,Professional,None,1
60e7d9e4-31dd-4d9c-812e-6e077ff012ce,Professional,None,0
5c5589db-7bb9-403a-bd0f-8bc6037ec45b,Professional,None,1
c996205e-a1f3-4b2b-84c4-07dfb7121553,Professional,None,1
0c070461-f6c9-4eb4-9030-e56ebb5d33d5,Student,5% Discount,0
8972af1a-453d-42e2-9513-f3d396c3db9c,Professional,None,0
d7a615a9-e6a5-4d9f-a054-6ef3347d208c,Professional,Free Shipping,1
10f8b4ae-64c1-4553-9687-08538accf189,Professional,None,0
2f00d569-7564-4145-b455-1bda028cb9b5,Professional,None,1
48aa170d-9a6e-4967-8ac8-0c090681fa24,Professional,10% Cashback,0
7e08795e-ef19-4793-b7e6-6c330f759ee7,Professional,None,0
82a788dd-0030-4935-9404-13060f110dd8,Professional,10% Cashback,0
c1dde1e3-77c0-4324-bc03-251ef38ae48b,Enterprise,5% Discount,1
bf97b672-951b-4487-a46c-2fca769fecaf,Professional,None,1
b42120d7-fa5f-47bc-bfab-45d238276672,Enterprise,5% Discount,1
8e8a204a-b2ea-4a28-a73c-5f4af3450307,Enterprise,None,1
8487c5e2-2858-4b79-b0be-cb5530201c9c,Student,None,0
b180dbbd-da05-4a8a-a231-f397cd32f25e,Student,None,0
92dc587c-cc43-49d2-b75d-ba53928b386b,Professional,Free Shipping,0
b10576ea-219c-434d-959e-40ab8a52be72,Professional,None,0
470accfd-4ada-49d3-86d4-f9fb74af50cf,Professional,5% Discount,1
28f03b54-4ee6-42fa-a6b5-81bb57665125,Student,10% Cashback,0
c6845587-2ef1-484d-86a1-f73ebb14f380,Student,None,0
b9931c90-45bb-4817-923d-ce56f68c071e,Professional,None,1
0c55821e-73df-4371-8f62-14c3bdabf0ef,Professional,5% Discount,1
6e4a26dd-4438-42a0-acf8-1c1c1753a9b2,Enterprise,10% Cashback,1
bb0b2008-fce7-423f-acc2-15e5e54b3fc5,Professional,None,1
0211ed6e-7860-4d48-b0a7-cf2cdd10d3ef,Professional,5% Discount,0
2f294f28-1719-4a09-b1b9-64a45f48dde5,Professional,None,0
c5029d4f-6f3f-4ed1-ae0a-3c92768db879,Professional,Free Shipping,1
a26c0efe-8489-4d7a-9e56-20dc64efa95a,Professional,5% Discount,1
b50d1ae6-6b4c-4d16-91f8-dbfe31ddf925,Student,10% Cashback,1
1c5e4be3-0754-4610-bd67-c697f62b9747,Professional,5% Discount,0
d006e977-4a06-457f-810f-d720b5162006,Student,10% Cashback,0
96711939-40c1-413d-906f-002e90386992,Student,10% Cashback,1
d5f3a116-e1d3-468b-8b87-b51b4bebfda7,Professional,10% Cashback,0
368af4ad-f63e-40bb-b6b4-d67244230b9a,Professional,None,1
8c10da00-8275-4150-a998-1434d8e4b835,Student,10% Cashback,1
af1c1527-0446-4e29-bda5-c8aab9d7dd91,Student,None,0
a6a9522a-66b3-4d92-ba6f-bbc027b76503,Student,None,0
31c99d57-55b4-491d-8663-b820bcbccca6,Enterprise,None,1
c7dcd8cb-0f4d-430b-ad68-00632f548e2c,Professional,None,0
0514e834-7a71-43b1-8b47-e9cbce6904a4,Student,None,1
5c611f16-6a88-493c-a1ce-5d390cc297f7,Professional,5% Discount,1
4767b6bb-1ebf-4ad3-9017-bd34e3e81266,Student,None,0
0003917d-f572-40c8-b578-6702a26b0771,Professional,10% Cashback,1
9382c8ef-20af-4b06-a354-421212ac259e,Professional,None,1
835323af-76a8-4ad3-9cb5-10d147b02c10,Professional,None,1
1a5bd2ae-a565-4258-8a17-eac872f44b20,Enterprise,None,1
347d3475-2750-41ee-8897-613dbbcf2ea4,Professional,None,0
b8cfc1b4-154a-4082-b6a0-e7b703c33301,Professional,10% Cashback,1
c721e271-124c-46df-babb-4fc8e0113ad1,Enterprise,10% Cashback,1
aec3d731-7c1d-4df8-ac22-d359178adcf0,Professional,None,0
fced9ebf-7b80-41d5-9821-469f26a06c51,Student,None,0
a2b1a657-008f-4bfd-b6ce-49a23c2167c5,Professional,5% Discount,1
e526820f-de76-418e-ab0d-284970c19b50,Professional,None,0
9a4e5b6b-2bd6-48fe-a9ed-2f0621fd0cb3,Enterprise,None,1
553d630a-6139-4537-bbf9-17fa1413bf66,Student,10% Cashback,0
338c6f6d-aaf3-4d51-8564-74ed2069234f,Student,None,1
9bfc4fd6-eb45-4d05-9fbf-8a67ee9f4b9c,Professional,Free Shipping,0
e61c65f5-f302-4122-ad74-2224bfdc1884,Student,10% Cashback,1
25bfd572-2783-4ec1-b432-139762d170fe,Student,None,0
2fc8b284-34c1-4510-96ff-24b962b050e6,Professional,None,1
16b797a9-221a-4b4f-bfcb-bdd167664a53,Professional,10% Cashback,1
3956236a-b1db-412a-b27b-e0c4b5858ed0,Professional,None,0
d63cc508-6f6d-42a9-a59c-b2e12f74a5e8,Professional,Free Shipping,0
e08a9729-0b39-49a7-b2bd-0e4b6de8f925,Student,10% Cashback,0
bc17ca83-3585-4b00-9a9d-8ab945280f52,Professional,None,1
e46210ba-783d-45b3-b4aa-bbb2cceeaaee,Professional,10% Cashback,0
2bb05f7f-e5c1-4456-b0a6-6a92e3a2b0ba,Professional,None,0
264507e9-b349-4163-ac7a-f7f749e4a1cc,Professional,None,1
c8207e31-c655-46b9-8af6-5d3567edb3bd,Professional,10% Cashback,1
8bf7d0b8-1bd3-40a2-8d2f-044d9df1b476,Student,10% Cashback,0
a59e5241-fd58-417a-9153-f667c6464ed9,Enterprise,10% Cashback,1
92f4693f-ec9d-42ba-886d-991f7d7fb724,Student,None,0
c4c0d339-4689-4e28-8b16-3ec121bed375,Professional,10% Cashback,0
0fa1ed03-cb2f-4fb5-a381-56f081d02f88,Professional,None,0
e6f520fe-2cf0-4db7-8b63-f2ce76c51968,Professional,10% Cashback,0
4764e7de-2661-4cca-bf83-7e09310d627c,Student,10% Cashback,0
bb405e30-1803-4b3f-beaa-df5dad03bd89,Student,10% Cashback,0
39cbc9de-ca45-4b06-b6b5-2cb2f07e6027,Student,5% Discount,0
48d205bb-0e4a-4a04-afae-77a0618f63b8,Student,5% Discount,1
b92a2431-79fe-475a-9dc9-76ee25f481a2,Professional,Free Shipping,1
1d6ba7c1-d8cb-4e12-a670-5206b69bc803,Professional,Free Shipping,1
5d63a099-f0b6-4de7-ad74-3ff93395c14f,Professional,5% Discount,0
27a561b2-dd90-4c80-a5f7-c62706a71c78,Enterprise,Free Shipping,1
8b4dbf07-1c54-4c0d-896f-a12cd4eda6d6,Student,5% Discount,1
08285634-1f04-43a0-b19e-d3cea3c431a9,Student,10% Cashback,1
127b5714-0874-4359-8d95-9bc495dddf9f,Student,None,0
5cfcacc0-7ce6-4c65-8356-b4953e1c8b97,Professional,None,0
12f6cbb5-1646-46d0-bb50-7cd0618fa32d,Student,5% Discount,0
0de44a83-2198-42bd-837a-a65e7af5aed3,Student,None,0
67f75b0a-1c18-45d9-8a46-084b70342027,Professional,5% Discount,1
de13d7ce-1bf2-400f-9e93-e45b8315e8ea,Professional,None,1
ef469341-cc86-4af8-bab4-767ab34c6fc6,Student,None,0
3b7cec2b-8d13-445b-aa4c-7937aa768058,Student,10% Cashback,0
9dd3b1c0-028a-4b7b-8da2-534d3c3917b7,Professional,Free Shipping,1
dac0ae63-a0f6-4d66-9900-b63cacce42b8,Student,None,1
0d37d364-03cb-4f9a-86be-b38d7af9aae6,Professional,5% Discount,1
c98f8199-03b3-473c-84a6-5841a3024077,Professional,5% Discount,1
c2f0a912-1827-4d17-a5b7-6c038d56b41d,Professional,None,1
ba021aae-41dd-4785-bd96-5df8d2f8b541,Student,None,0
bcf06228-8b13-4861-bb05-a296f37a3e4f,Professional,None,1
5df3ab39-2f19-48cd-a591-f47d1589edc8,Professional,None,1
1d1c1d0c-7ee2-406e-931a-9263cb945c69,Enterprise,None,1
76fe0fad-395d-430c-bec6-9e13bfc8f533,Student,None,0
c8747429-6e39-44bc-a6bb-f399b29a5376,Student,None,0
1cd571c0-ce5e-4554-b0b3-35f6ab4a286c,Student,5% Discount,0
f6c74eb9-3e49-4a72-9020-cd192143483c,Student,10% Cashback,0
f2d89b52-9483-4922-94f5-abda83472462,Professional,10% Cashback,0
7baffc92-5972-4dec-86cd-eda89b509523,Professional,None,1
5557cf7f-306f-4650-8039-0ce2ad8ab724,Enterprise,5% Discount,1
12da36c6-e5c6-42a2-ae12-3299a83f1268,Student,5% Discount,1
488c399f-ef28-466d-9918-ef5e747dadf5,Professional,10% Cashback,1
24c73f32-451e-48a4-8564-ceaf69b4197d,Professional,Free Shipping,0
15507a30-9924-4f2c-ad9c-10be343e54ad,Student,5% Discount,1
289e807f-4b46-4061-9154-c95ee88d4037,Professional,10% Cashback,0
21345a89-62d1-444c-8611-d3bf3a9c5d13,Professional,10% Cashback,1
0e46a0bf-b6e7-40ab-8aa4-a100fd12ac2c,Student,None,0
bd58b0db-4fda-42f6-9270-866bbafae34c,Student,None,0
936d6496-3bca-4003-a26d-03a5659e1094,Professional,None,0
4aa2d3ba-2e3f-4da2-ace4-af576cc64e38,Professional,None,0
10a12dd6-dbc6-4db8-acc3-68865ce2995a,Student,None,1
9afe683c-0c3f-4c47-b4b2-96c8f8dc6233,Professional,5% Discount,0
16717791-21f7-4039-8e43-a24d91aa80d1,Professional,None,1
9c8b858f-29f9-49e5-834c-245b733fd856,Professional,Free Shipping,0
ecbb297d-42be-4d23-8a9e-99faa178f40a,Student,10% Cashback,1
200b3430-9a23-4b23-a2bb-7d8b7708bbbd,Professional,None,1
5839325c-d0f1-48e2-a3eb-52f7fbfccd2e,Student,None,0
284caaad-c6aa-4971-adaa-0bb3552a927a,Student,None,1
764295fc-3d4c-4baa-96ab-8bea73caa77f,Enterprise,Free Shipping,1
b929cc1a-afb0-43f6-89b3-a792594f0e1c,Professional,5% Discount,1
769cffa3-041c-4ed4-ae99-881d3f1d9181,Student,None,0
884dec6a-91aa-4f9c-b51c-7e29f902addf,Student,Free Shipping,0
e534f7be-b0cb-493a-a54d-fb7b68d98417,Professional,10% Cashback,0
a815f4ef-1897-4a35-8c29-34fe2a175ef2,Professional,None,0
c5eb6626-90b3-4cab-8195-151f6ff76995,Student,10% Cashback,1
d2ca4edf-6c10-4c51-b367-fc8bd50d9da7,Professional,10% Cashback,1
78026002-943c-4bad-9e8a-d4033a07baaa,Professional,None,0
0b188aaa-8f9c-45d9-9e19-3f23964460b2,Professional,5% Discount,0
ca38a3a5-0df0-498d-a7fa-a44ce6c2d38c,Student,None,0
90b31dfc-df58-4cf4-bc0b-6d69a5fa9db4,Professional,None,1
0c75aea3-21cc-4ac3-8760-28c6f3673340,Professional,None,1
9f6f7833-12b6-4db6-9f8a-c60b0d2329b5,Student,Free Shipping,1
3516c713-9e84-4923-8ef2-1b0710eb35fa,Professional,5% Discount,1
460c92be-8e23-48c1-b13c-31fd3dfca273,Professional,None,1
501da49a-6fdb-4dc6-b14e-2b53c71d54bc,Professional,None,1
b2d8e427-3f0a-4168-bb29-889796a59f51,Professional,None,1
62a0ac2d-75a1-42c1-81ac-46eb7f596ae7,Student,5% Discount,0
7cd99c2c-ccc9-4e0c-847d-1de470a9286e,Professional,None,0
4d3aedb6-a43f-4796-93b4-7fb5bf93d22d,Student,5% Discount,0
2976f380-60f0-431b-bef9-1506fb934015,Student,Free Shipping,0
c007360e-5be8-4b15-8eb7-6e7e534f14c6,Professional,10% Cashback,0
7519cf86-6472-4eb8-a6d8-f6ac5a2744a3,Student,None,0
723e5077-030b-4100-880d-ce0bae8a8c2d,Professional,None,0
cd114087-d231-45e0-a8db-356a56206f67,Professional,None,1
b279e8dc-0a3b-4e10-b5b4-43f23cebc077,Professional,10% Cashback,0
51615804-79ef-45aa-9330-9e1d78a4001e,Student,10% Cashback,0
4cef0e2b-b8c6-4357-a209-f3b515af19f4,Student,10% Cashback,1
0d77ce91-3a73-4812-bc83-d0990f48223a,Professional,None,0
b8a8fe48-9e2f-4675-af94-e4f1d04d25ee,Professional,5% Discount,0
9b353818-39dd-4e66-a700-217b0b1137a8,Student,None,0
549df05c-0ea8-404f-9116-c2505ccf82de,Student,None,0
bc93fd16-1ecc-4609-9171-46b70b5f61ed,Professional,5% Discount,1
b3f27f6c-e4ba-4d1b-8a5b-70fb472e5420,Professional,None,0
659efdd5-0d59-4d92-b4e4-528f4670c00c,Student,10% Cashback,1
6e8fb7dc-44a6-48de-923a-186266b87d89,Professional,5% Discount,1
a96fbedb-8baa-4a3c-b651-e9638923aad3,Enterprise,10% Cashback,1
d97cb841-51c0-4b58-b43b-77a51cd6aff1,Student,None,0
9bc99749-4f02-4516-b86f-1e3953457db4,Professional,None,1
443ef107-901e-4e0f-848b-54ce26f31354,Enterprise,None,1
cd942c53-c46d-4a90-b6da-c2a553624081,Professional,None,1
af78d77a-6dda-4b9c-8694-ee8ffa8fc171,Professional,Free Shipping,0
9e2530fb-a953-4db3-8b2d-1f677f27146b,Enterprise,10% Cashback,1
26fd89e2-39f8-4718-b715-7950e132de93,Enterprise,None,1
b5c8cd82-38a9-4631-a30f-56be9e1f136e,Professional,Free Shipping,1
024cf408-1a39-48d2-b477-1a322510d794,Professional,10% Cashback,1
c2e8d8a6-2feb-479b-b040-6285930e912d,Enterprise,None,1
52d56082-4ae3-4bd6-946a-bd9d0874518b,Professional,None,0
1c044e69-112e-4ef7-869a-9a1953a8f3d2,Professional,None,1
13e1c352-2b6c-41f3-98bd-fadc515fd695,Enterprise,Free Shipping,1
88aca6b7-de55-4ee2-ad45-06b7eee731df,Professional,10% Cashback,1
6bc06d26-0f34-4317-b77c-05fc72fe553e,Student,5% Discount,0
8e617bf5-68a4-4128-bf93-ce8d46e1ba4f,Professional,None,1
74cbeece-74f7-43e3-94c2-c325ede9d984,Student,5% Discount,0
302b9ae6-4bf7-426a-beb8-f2f08842c485,Professional,None,1
52ec76e3-f66a-47b4-add2-7d79ec06c761,Student,Free Shipping,1
8556777a-ee7f-4374-bcd4-87619e86afb9,Professional,Free Shipping,1
a19081ae-62fd-408c-9624-bfb440caa1d7,Professional,None,1
62f046b8-8e18-49d9-816c-8cf6f0515f61,Professional,5% Discount,1
0277fa4e-ee0a-4722-bcd2-6ccf4c024b33,Student,5% Discount,0
7e352ad1-ea56-44a1-a1c7-fedd9ec01843,Professional,Free Shipping,1
73cdcfb2-bdba-42c6-83d2-efc2ab415b91,Enterprise,None,1
3f18c3ec-ba4e-48dc-ab3c-5436397dcf48,Professional,None,1
06cc5f42-65c7-4e1b-8d19-a302d1336b3d,Professional,5% Discount,1
da72f789-ab54-4b6c-bb62-35ac4c540cd4,Professional,5% Discount,1
575120be-9aca-4130-9aa7-2f4755c92791,Professional,None,0
af413aac-5d7a-40e6-bc80-f6ac1644f8ba,Professional,5% Discount,1
d35333af-acb5-4364-b613-fc6ca21a423c,Student,None,0
e5021095-05d3-41a4-91f1-10400d99c02f,Professional,5% Discount,1
ef3deda3-d5e7-41cd-b176-b5fe4adea954,Professional,None,1
87d6575b-7278-449e-95ab-ba6d71c7457f,Student,None,0
6d93c66b-259b-425c-8a74-897d56c9c7b4,Professional,None,1
91ce14ef-6625-4a77-b2e2-05feb8e4b16f,Student,None,1
5a513063-7ebe-4048-a57a-319130dc3d3f,Student,10% Cashback,1
5ee5c77a-d514-4a1a-8dca-74a45dc60766,Enterprise,10% Cashback,1
50e59c77-3f3f-4f96-a1b8-89d16b9a67f8,Professional,None,0
1fb2ceb2-95d2-4860-9085-ac638a83fd96,Student,None,1
f0eb5dcd-23c8-462d-82eb-023590b60590,Enterprise,5% Discount,1
3a604eff-2b4e-40bd-9dff-ac6f4229caf3,Professional,None,1
28cb447d-368c-4ccf-9e9e-c81d33b0d2aa,Professional,10% Cashback,0
27644fe8-39ae-4db3-ac9a-1fef131e6cde,Professional,10% Cashback,1
5f3851fb-f241-4fde-ab3f-5e4d3ef99fc5,Professional,Free Shipping,1
3bc91152-681f-4dd2-9832-608ddfd07226,Professional,10% Cashback,0
94b53e04-ee87-43ac-8567-3e6d68a088ef,Student,None,0
9c02b5a9-f8a0-4e64-824f-c3c937f51ee6,Professional,5% Discount,1
422db5e9-a28b-4d32-abd8-699ce07646d1,Student,Free Shipping,0
b2d53df2-5153-4f44-bc17-aa34830a77c4,Student,None,0
4fb2ba42-53d7-4454-9ad4-eda3ae7b68dd,Professional,Free Shipping,0
c0740161-1e29-4e53-b277-15713be29c4e,Professional,10% Cashback,0
49496654-088c-49b5-9e32-ab50d966714c,Student,None,0
c82e928b-6871-44cd-829f-33614ee6177d,Professional,None,0
f56260ea-c023-4ad7-a233-dd136e5b341a,Professional,10% Cashback,1
ea3104d7-e3f7-46e7-b74e-720acb025284,Professional,None,1
08e14137-ab8c-4ae9-ae14-352db16a1743,Professional,None,0
6b722636-080b-4879-b834-f65e60bfc3da,Student,None,0
cb1a8fdd-8116-4e95-af67-53c9e79a9f5c,Student,None,0
34da08d9-722b-4bc0-af44-4c021d03447c,Student,None,0
2bba2a97-88d5-498f-a0b0-599d2491fc1a,Professional,10% Cashback,0
1ad15436-7b38-485b-92ab-edd619441c7e,Enterprise,None,1
f0363270-e2bf-446a-8914-b9f0cecff77d,Enterprise,Free Shipping,1
0ba19c5c-9ca1-480c-845b-e1b0712f3402,Professional,None,1
25f51714-c0e6-4604-9b3c-0fb7c7ee4c43,Student,None,1
4f79c76c-8661-4c24-865b-f0647e9d602a,Student,None,0
a28f7782-d238-4294-928a-de9ad3a3fa03,Professional,None,0
f57a27ce-6770-4410-a4dc-36c653edaf2b,Student,None,0
5f3e95f1-ebb2-4e15-8b72-dd5f3cab86ed,Enterprise,10% Cashback,1
67b89d97-63de-4343-b891-548398a0098c,Professional,5% Discount,1
013db707-fe3f-4de1-8d15-011d5c43deb8,Student,None,0
ce5932df-720a-49f9-b28e-f044cdbf0475,Student,None,1
e04199f2-cb84-450f-a32b-af2b7add74b7,Professional,None,1
79df0b58-98e2-4e29-8bdc-e9eab1f81ef5,Professional,5% Discount,0
e817fe39-c8ff-4b3c-ab53-87f567ccd499,Professional,5% Discount,1
fec2a04f-55d3-4db3-bc1e-e580c47699ec,Student,None,0
c01dc5f1-e4c5-4d87-867d-ae287ae2ba43,Student,None,0
bb4086a1-7135-418b-9485-9d2f3ba414de,Student,Free Shipping,0
41dedd2f-f716-452a-9331-594ecbccf17b,Student,None,0
4c56c5b1-3f52-4d1a-a7b1-c2a6d8c7b064,Professional,10% Cashback,1
1b4e5b3e-52f6-473b-9755-d1a5bf0ce393,Professional,None,0
7e603852-dbf1-4673-9914-690f2c18faf4,Professional,10% Cashback,0
6f4768dd-1845-4a23-9b5c-1adcb3e50dfe,Student,Free Shipping,1
ccb6e34a-b5c8-49d4-9da2-f413387318ff,Professional,Free Shipping,1
63b111c2-39dd-444b-80d3-0d128d2285c3,Professional,5% Discount,1
6349fbe1-9090-4b9c-a321-733836c63d08,Professional,None,0
8e9e7529-5e65-42e3-9743-88adfcb8d441,Student,None,0
633e7352-5da4-4c7e-a4e5-b0608cc7b5e7,Professional,None,0
c2b32f5b-d2ee-4bc1-be46-a95f58df7846,Professional,Free Shipping,1
4f83a6b1-cff6-4d8e-a27c-55df7a2d0259,Professional,10% Cashback,0
3540fd47-1a84-4962-9b0f-f22e53328acf,Student,None,0
ca878de3-9bee-4b94-b965-7f32e8c4c0cd,Student,None,0
03d54165-8c3a-4b7b-853d-ad3a5876dea1,Professional,10% Cashback,0
a260108e-a8a7-45f2-87d5-21aea3ad3ccb,Professional,Free Shipping,1
37bad029-3ebb-4a3d-9c5f-cdc2282c4e3b,Student,10% Cashback,1
29c42400-b5dc-4a3e-b37c-e4eda956f0df,Student,None,0
23ec13dc-6451-4f39-8a9c-f1cd42f956c2,Professional,None,1
4300f6a5-bbf9-4dd2-b749-9ea1e52fc301,Student,None,0
ea092545-96c8-4ff1-bc69-2a85cc6c529e,Professional,Free Shipping,1
9c53f148-f87b-4567-816f-9154bc649435,Student,Free Shipping,0
dd822810-3222-49b0-b4f5-b43bf0420c4f,Enterprise,Free Shipping,1
128b57ab-04c9-4961-ac0f-274e8c5a5a3d,Professional,10% Cashback,1
9ced1b6b-abe1-4e64-8626-5f4bcda68345,Professional,10% Cashback,0
20bbd544-781c-4a80-95d7-5a59277055fe,Professional,10% Cashback,0
1cd14510-78e2-4ecc-a3f1-523bbdf90b93,Professional,10% Cashback,1
0870fc3e-07fb-49e0-835b-993584194a5e,Professional,10% Cashback,0
abb03e72-355a-4b9d-99e5-b6c55762a039,Student,None,0
15696492-903b-4184-91af-89e2d125f195,Professional,10% Cashback,0
725b5727-d378-4b49-9863-6fefe8de6b68,Professional,None,1
0e105bdb-9a68-48ea-b733-30f04ebc1818,Enterprise,None,1
300ce6e2-165f-4bd5-99f3-f12f5073d543,Student,5% Discount,1
07d68566-333d-416c-b196-b96df5c25a7b,Student,Free Shipping,1
2703ec68-6bfa-47e5-9402-c9ec68cc8c33,Enterprise,10% Cashback,0
336ab380-f902-404d-98ed-cc6ebad7e2a5,Student,None,0
dbc81669-5b00-4b35-8638-682bbed6e4a9,Professional,Free Shipping,1
d98327c9-9403-4ca8-b442-3a21b609dbec,Professional,10% Cashback,1
72a787dd-0689-4e3b-aa6e-9eca90fe1248,Professional,None,0
c6d74d91-0eaa-479d-8210-1c19bfa2b577,Student,10% Cashback,0
d677228d-23c6-4422-b8ff-4740a6cc6abc,Professional,None,1
51877c42-a47c-4aad-aa33-e9c93f54973a,Professional,None,1
2c4304ff-88c5-42f8-af94-6250d47ba499,Professional,5% Discount,1
f58fc96d-cfcb-41fc-aa4b-4b55559be1bc,Professional,None,1
705b703e-cbcb-4814-9709-fcf0902650b9,Student,None,0
f72958bb-f272-4bfb-8e56-ce541354f3e6,Enterprise,None,1
0b1d7a8b-df50-42fc-b466-a52a6cbc3314,Student,None,0
0f19055b-5286-4e75-85e4-e7656fddcc49,Student,None,0
c845b392-cd8d-4e0c-a87d-4ed99a77a038,Student,None,0
c949858e-af43-49f5-b97f-a72b764086c5,Student,None,0
86854797-0fe4-41bb-98f2-80e07d3d4222,Student,None,0
91abbbcb-d81b-4b5c-beb7-12d757db4d4a,Student,None,1
71de9816-f595-4b58-8328-53dc360b9517,Professional,None,1
3cc17f28-eb53-42ad-8531-a62a2267ee86,Professional,10% Cashback,0
7aad0910-589b-4251-9cc7-bb8e69c7d3a5,Professional,10% Cashback,1
3064a9f5-b61c-45bb-8477-301c0e0e6d98,Student,None,0
3015bb40-0f20-4d7b-a16f-b2a866d02a17,Professional,10% Cashback,0
bf0e8d01-0899-44a5-b43f-8a1fc550937c,Student,Free Shipping,0
47e91f1d-b650-47e9-8307-a2211475ece7,Student,Free Shipping,1
896265aa-384a-4471-8a07-bc1a4ab64063,Professional,None,1
64d5cf01-4360-479e-91d5-9ac35132d472,Enterprise,5% Discount,1
0a140a24-5446-47fb-bacb-bea06b688140,Professional,None,1
3337bcc2-28a8-48e2-b9de-5d92257b5864,Student,None,0
4da05e2b-f4da-467d-bffa-5a1542f4d038,Professional,None,0
541cde62-e0d8-4826-a41b-a6652a00f295,Enterprise,None,1
6c46a42e-9807-46a0-8c0b-a830d452b3f3,Student,10% Cashback,0
095577a1-b048-441a-a638-c2a4d46cdd28,Professional,10% Cashback,1
18bae82a-585f-4b0e-863f-7462b57532d3,Student,10% Cashback,0
de950ac8-6745-43eb-9e1a-119ec1d74e34,Student,None,0
6605b748-cac2-4e0e-ac82-c1624f9798a0,Enterprise,None,1
dae694c7-3ce6-4f4a-b9e6-759128dd6e37,Student,None,0
8b2897da-4fd2-4d9e-b914-f14f98268d11,Student,None,0
18161f12-6662-423e-b779-6ce39d875b72,Student,Free Shipping,0
3607e023-7b19-417f-b7b9-b64be4971843,Student,5% Discount,0
75995a1b-d1d4-4b23-8b63-2e8550920501,Student,Free Shipping,0
b579c154-5054-4d76-8223-659f76b92a90,Student,10% Cashback,0
678f96d8-77a4-4166-bd7a-f5a48e280467,Professional,None,0
48e2a2ab-6f95-44d7-9691-297d770f08bd,Professional,None,0
db269ff9-4182-4608-8456-292e68d062a2,Enterprise,None,1
8b9fe620-49a8-42c6-97ae-656308f5ed98,Student,None,0
911ffc24-e402-4f19-a1a6-3f8e4376b895,Professional,5% Discount,0
f29f51bd-7937-41b5-82e1-47a647cbddf8,Student,None,0
0a00937d-2b45-4db1-8ecd-7f67f99ed497,Professional,None,1
a856af9a-e087-4acc-aca3-56e14f0db746,Student,5% Discount,0
ae58e5f5-e7f0-4c43-b4d0-d1193efaf214,Enterprise,5% Discount,1
0d767089-8633-40d5-9a2a-2c6d635d2ba9,Professional,None,1
ac872c2d-7cee-4830-9ccf-7d420ab31bbe,Professional,10% Cashback,0
3f02db1c-f10a-4a54-acf1-a169e9a52e25,Professional,None,1
0c7608bb-9b88-4bdd-9a76-54dd78d8d55a,Student,10% Cashback,0
375af6df-3ad0-471c-a785-ba87a1d81bca,Enterprise,None,0
3233c32d-b4af-4096-87d1-f6e7c0f4e0be,Student,None,0
0af75785-5cbf-4db7-a1e1-8ecd5ec0915f,Student,10% Cashback,1
cfd44b3f-f211-4900-880c-995afd4956a5,Professional,None,0
d3d8a4df-0583-46e1-89b0-215776c18241,Student,10% Cashback,0
4a0b25af-999a-45a4-be53-0cd77f0519ec,Professional,5% Discount,1
53575ea6-936e-402a-8228-94d9c5fb4579,Student,None,0
e699ba85-a3e6-4f0f-a346-2884c7ec273b,Professional,10% Cashback,0
c5e1a040-7257-4504-b3ab-367716012c90,Professional,10% Cashback,1
f783e3ae-b404-4eac-9aae-451267141c52,Professional,None,0
e9959aba-6eeb-4a9a-8cee-ef36169b94bb,Professional,10% Cashback,1
85ea1923-cf3c-45b7-b48b-3e8694c94b75,Student,10% Cashback,1
8f75c950-9d4f-4fe8-9f62-db6ab5123b7f,Student,10% Cashback,1
cc6d56c4-8d2f-4871-9ecb-e14f13fd07dd,Student,Free Shipping,0
ad0470c7-93f7-4905-9bb2-414164f6eca6,Student,10% Cashback,1
f183e9b9-05d3-47d5-8449-c6aee3c78b13,Student,Free Shipping,0
99ea82c1-a549-4096-bc97-99555870b928,Student,10% Cashback,0
dc01b9e1-1d67-4f22-811a-1e1312edeb4a,Professional,None,1
880c93f1-089a-4ff7-9afb-dd8982845dbc,Professional,None,1
b036c63c-8d98-415f-9a9a-e59517a27e83,Student,None,0
cdc4ebf7-bd07-4208-b0c7-a844cb7b1d3e,Student,10% Cashback,0
17079619-f94c-4396-bcba-248042c91cc0,Student,10% Cashback,0
91f6618b-fab1-4c1c-a363-ac071b7ee820,Enterprise,None,1
5482ab2f-e232-4444-9607-12bd2aa8e39c,Student,None,0
06a9eec0-43c5-41eb-a8ea-0fcd9aac70f1,Professional,None,1
b9faf66b-d08e-4f60-9635-c8597cb13286,Professional,None,0
3f2442d2-edc5-4984-9745-b09285e54cea,Student,10% Cashback,0
94fa6f7f-b88d-47c7-94b4-a7794795f9ba,Student,5% Discount,1
23611f73-8ce4-4a65-aa98-3ae5e89a1879,Professional,Free Shipping,0
78469fea-1f97-415b-9b96-fb6938a0e76c,Professional,None,1
76214c12-a1a7-4bbd-b264-de4f60914246,Student,10% Cashback,1
3cdbaaa0-5817-4987-8fd0-3cf6b4b91970,Student,10% Cashback,0
acd15f68-6587-43e7-b764-08e4b5acf55c,Professional,Free Shipping,1
6182a2da-bbc4-45df-bb16-c11dd363193d,Professional,10% Cashback,0
bd2cc80f-5ae4-4077-9cca-c9a82a06aa08,Professional,None,0
1e4baa27-4c84-4ec9-a4bc-ef6b46b605ea,Student,None,0
6baf48b3-ff7c-4e36-8510-caf6967beef0,Student,10% Cashback,1
d992a604-ef59-4f13-a4b2-2c4b51423a1e,Student,10% Cashback,1
13d7e6a4-0910-41ca-ae74-b23817ff8374,Student,5% Discount,0
02a6ab48-f2dc-4277-ac5b-2a524a0c107b,Professional,None,1
abd15b9a-1fba-4d40-90dd-99d62b2e44ef,Professional,Free Shipping,1
fceb7a1d-6301-44fa-8ae1-9c7e295a58cc,Professional,None,1
90ad2a42-9470-497b-a044-0814bc02c437,Professional,Free Shipping,1
4d2dd0d7-7137-4413-b988-942e0ae9bb4f,Professional,5% Discount,0
abac6924-ef2d-492d-a485-7b3ff4138adb,Student,10% Cashback,0
24ba51ec-7cd1-41c5-8774-138b2e917b92,Professional,10% Cashback,1
15fcb3f5-2343-4ba5-bd93-92cb5b168f2b,Professional,None,0
dbd8df20-1651-4841-af5f-d7fbf1863d80,Professional,None,1
aa27dc06-d787-44ee-babc-cf49c74c72db,Professional,None,1
adf15213-3f20-463c-ac7c-684e16be3d31,Professional,None,0
818f5a5e-58c5-446e-85c4-0a0440b19019,Professional,10% Cashback,0
bdc3aa11-2264-4592-a688-35c250d5858d,Student,None,0
f44f9f8a-de72-4460-af13-0f01e17ab7ef,Student,5% Discount,0
c3be353c-dd3e-44ac-b1ff-ceb4c16cd94c,Enterprise,None,0
fa6508e5-331b-44cd-a131-558c3a1e118d,Professional,10% Cashback,1
a168795b-1906-4e2d-9b61-41f2792c77ba,Professional,10% Cashback,1
794d23bb-a6db-406a-84b6-f3c44f3c237b,Professional,None,0
4eb0a6d0-1a02-49fc-bf2d-5eda2b934853,Professional,None,1
292945a5-b063-4ede-a7c3-5c0c42ee2bfa,Enterprise,None,1
b341d938-9aee-4967-bdc8-9b94b3bc7407,Student,5% Discount,1
90847341-6997-4554-a84a-934a5c365365,Professional,10% Cashback,0
cbcc436a-3512-492c-8ec7-2c1fefe112ba,Student,None,0
1407f290-81b8-453b-aea0-d15af541f489,Student,5% Discount,0
fc195bd1-055b-48d8-b281-a13d33e08514,Student,None,1
5931c3fc-788b-48be-ba2c-66a0739fc054,Professional,10% Cashback,1
8d6319be-170f-4f6f-b4f9-ed46292c7145,Enterprise,None,1
fdc6759a-68cc-49c1-b5ff-823b40943a8c,Student,10% Cashback,1
2b630300-0c26-4698-b61f-81ffe102a7eb,Professional,Free Shipping,1
192a5bf0-f294-4084-b19c-2feabfbed551,Professional,5% Discount,1
ee2bc704-019a-45ab-8fe1-85ffa06b3b86,Enterprise,None,0
5a94eac1-6d9b-4054-9f99-bc9441655cad,Professional,None,1
683ff04b-5492-4473-9c7c-e7eaca90f5f1,Professional,5% Discount,1
4c5c7885-5ccd-4e91-a72b-d0da80e07b20,Professional,None,1
7356f0e6-c08b-440d-8c50-47507413052f,Student,None,0
4ec4c420-a715-40eb-9648-0225d9d025cc,Enterprise,10% Cashback,1
b80bcd1f-cb01-4cac-bfe4-c8ac3f6ef8e4,Student,None,0
a9105be5-bae9-4eb7-af9c-d41ae36859d6,Student,None,0
3ee18f3a-5f9a-4e49-a9bc-a73d6749ab2b,Student,Free Shipping,0
cc853d59-a0c3-4bdd-a4f5-36ed35300c3f,Professional,None,0
8f324854-b3ce-4326-a841-e7db55e2e50a,Professional,None,1
4a5ea308-cf38-44a4-a2bf-f3003e1ad111,Professional,10% Cashback,1
d5458ab2-c747-4e3a-8200-a305d37f41e5,Professional,5% Discount,0
b148b308-4f86-4386-809f-4cb57f91b850,Professional,None,1
9cc3b19d-2030-4e75-bc95-f3b5bdf40d0a,Student,10% Cashback,1
1b1e9636-bbb6-4cd2-b753-9821e757b950,Enterprise,5% Discount,0
09c1981d-dcb5-46f5-a5ac-9c404aa8278a,Student,None,0
63c23d30-005a-4167-a8d7-954b4d2d0926,Professional,None,0
fd1fd83c-338d-4664-84ee-7a8a0f8ab568,Professional,None,0
d67f041e-334b-440f-bb99-757e47e4e1e3,Professional,10% Cashback,1
e89eb562-e56a-4dab-92be-5189c0c7000e,Professional,5% Discount,0
f74a7896-1cc7-4fd6-881b-eee86bce5488,Student,None,0
001dde60-9228-4080-b24d-b13acf6e92b9,Professional,5% Discount,0
5de6d114-71d5-40fc-9bfd-176dfc4dae59,Professional,5% Discount,1
a92d6448-6c4b-4ad8-9637-f23b656db1a4,Professional,None,1
64a916c7-891b-4307-bc7a-5826e1563d19,Student,10% Cashback,1
51e5c43c-47ec-463f-a982-12067987baea,Professional,None,1
6f249cb8-e084-438c-b1e6-5b7d875add7b,Student,Free Shipping,0
ff6725bc-c240-4f91-b269-44535ddda558,Student,10% Cashback,1
1ddd4496-ba76-4f52-8aed-7c6393ffad50,Professional,10% Cashback,1
1ae6a1f0-6264-430e-af5a-c8c10dcd7f1d,Professional,10% Cashback,1
aaa0127f-8da1-42a7-89a6-6e29b1527c3a,Enterprise,10% Cashback,1
52fe931e-0ae1-4d55-abf9-ddff12864199,Student,5% Discount,1
7581ade4-4efc-4f15-a375-1c3741e17070,Student,10% Cashback,1
7cd8ff94-43c8-4a41-929c-71fd21ddbcf9,Professional,Free Shipping,0
e8d04d97-f0bc-4e61-925e-c1124769f574,Enterprise,10% Cashback,1
f8c24e46-e4fa-4c35-9813-16282c666612,Student,None,0
d03b999e-0146-4bd2-a745-db2f077ef6b5,Professional,Free Shipping,1
df304b06-fed6-4cca-bb63-2df685b23b98,Student,10% Cashback,0
d40f9903-dbf6-4ec9-86e4-b697dee1db02,Professional,10% Cashback,0
298e81ca-aa12-4c47-b7fd-4452e26d22cb,Student,Free Shipping,1
a1dba863-3c3d-46df-912f-774167d196e9,Professional,None,0
46fd2f02-d745-4dcf-ba01-d51bc96825ba,Professional,None,0
189845d0-9c72-4d8c-853d-44f9ce1b25c4,Student,None,0
33da0eed-c330-46ab-9223-1fc9175ea120,Student,10% Cashback,0
61d4c30e-21cb-455e-b7fc-bde95c094dcb,Professional,5% Discount,0
c0ad729b-2fd0-4b2b-be06-65afee37a674,Enterprise,Free Shipping,1
5f11588b-ee3e-4fa3-b471-c4e9a48ef4e6,Professional,None,0
8404a880-890f-44c3-a0ec-d00825d8ea10,Student,5% Discount,0
caa2cee4-aa51-49a5-9177-f9bf58448cce,Professional,Free Shipping,0
ad5ee798-e9d1-4d69-9f3c-e01b0a518f22,Professional,10% Cashback,1
e534b1f0-e7e3-4279-9fc0-084b60dc686c,Professional,None,0
072fdfbc-ba8b-4828-9357-8038329ac36e,Professional,10% Cashback,1
5d8375ef-5281-46e7-9702-a42eb34562fb,Professional,Free Shipping,1
3438cd65-0097-412c-a22b-5811ac0991df,Student,Free Shipping,0
e68040d1-de3e-45e4-a354-3edd27b0d0d9,Professional,10% Cashback,0
2053b296-8714-4f67-8246-897192c80559,Student,5% Discount,1
9e0e4f44-b010-4f4a-9064-535f61b8f339,Student,None,0
d7de2fb6-64ea-47b1-a303-747c5728e84c,Student,None,1
2c0bed91-4601-410c-9299-10e10e0134aa,Professional,Free Shipping,1
7a15b30b-4d74-4562-aeef-7f9c82cb0118,Student,None,0
27c9b8ee-0440-456d-918d-7a26709b0fb6,Enterprise,None,1
7914d581-09f9-4219-b9b7-d9f3aeb7ba04,Student,None,0
940a74a1-8798-4a8a-8a42-cb2bd1607c39,Student,10% Cashback,0
792958fb-9d15-432d-acfc-afe0a6a37d2a,Professional,10% Cashback,0
df69c5ec-4b10-403d-bc77-9f4e71dbebae,Professional,None,0
ac50175d-6f7a-4269-a687-e421a3344dcc,Professional,Free Shipping,0
66908cae-32a9-4b21-8195-fe5ba5281a86,Student,Free Shipping,0
f75d8f19-6ce1-4b9b-9e93-f087183fd0e1,Professional,None,0
1a3d9f60-ab00-4358-89b9-7f50b22f4944,Professional,None,1
cc4bbd90-04ba-403d-8dfb-13ba8130a0ef,Student,10% Cashback,1
7001ac8c-2716-468d-bac2-bb4393724673,Professional,10% Cashback,0
af269970-a92f-41e8-a931-413263bd4bf5,Professional,None,1
470fb413-6aea-4f2e-a134-1ca2bf19ff2a,Professional,None,0
50f85ce8-ef4c-4da1-9894-58ea447c9637,Professional,None,1
bbf75b66-38ee-4e32-b8cc-fc36e2ca0de5,Student,None,0
61889ce1-20e0-4e6a-9482-7409f9a26a3d,Student,None,0
5fe6b6f9-563e-4925-95ca-0b1262d71ca6,Professional,10% Cashback,0
a7006de8-7f73-4212-a29a-c6d91cbaeaac,Student,10% Cashback,0
cb51e17e-63db-49be-9ed1-4984911ec170,Enterprise,5% Discount,1
10a54aed-d4ce-488c-9ed2-8385416d5c46,Professional,None,1
750649c4-ca83-4b03-b36c-2982b9cd233c,Professional,5% Discount,1
6cb70af4-6a01-4f4e-ba2b-f5600f21c69c,Student,None,1
5d47a7c0-a935-469a-8f9f-6398b3f67c57,Student,None,0
713fbc35-9182-451e-8fe2-c0e459645b5d,Student,5% Discount,0
fb808eff-ff36-4afa-8779-cc8f9db6d05a,Professional,10% Cashback,0
9b9fb3d1-f1ca-4104-97c5-c5ce8a8564ec,Professional,None,1
232f6a8f-207b-4767-a2e0-7bb63a92f746,Professional,10% Cashback,1
473c99d9-c0c4-4714-9186-6e8c2ff69e61,Student,Free Shipping,0
33be682e-52e5-4010-b69c-c70d38c379e8,Student,10% Cashback,0
0f1f756e-e4fe-400e-b823-690b0de733ba,Professional,5% Discount,0
3986e005-87e5-4711-a171-2999dd3c02cf,Professional,Free Shipping,1
a1088a2c-bd30-4841-8791-4bebcb3bab40,Student,10% Cashback,1
f8251647-51ae-462b-a63f-64f635cb2f1c,Professional,10% Cashback,1
9fa8e2ae-b0e4-4cf2-a2f9-00e99c1b741a,Student,None,0
8a61f29d-b4d4-43ff-b3dc-f35156f41763,Student,None,0
025a2eb7-df04-40b4-b13b-64b5af3eab28,Enterprise,10% Cashback,1
4fa94795-8b8b-45a3-ab4d-6640fcf70cf7,Student,5% Discount,0
d1a322c9-016f-48c1-a747-abce60e74180,Enterprise,None,1
4313f8a1-5948-48b0-82b5-45cb4712a1c6,Student,Free Shipping,0
2e92d1d8-ab7f-4a01-9eee-a67d6b658300,Professional,None,1
cecead26-ff59-4660-ba9a-b0247de133c1,Professional,10% Cashback,1
9911e205-e6df-4f93-aef9-ea97a6d20b63,Student,None,0
fdc4ae7a-7731-4283-8b4a-f4b145d5abb5,Professional,None,1
c5364564-1435-49eb-8490-d3c209aaa70f,Professional,5% Discount,0
8199c56d-bbc7-45ea-93a3-2b587040e4f9,Enterprise,None,1
a72e4e1c-d898-42e3-be38-c39b94aced3d,Professional,None,0
ea9ba893-8af1-4a05-a64d-e09c7f9390a6,Professional,10% Cashback,1
3d9d80ad-5269-411c-b180-c6d2f6ebebec,Student,10% Cashback,1
f49ca672-cbac-4e50-b264-a5614699d42b,Professional,5% Discount,0
8e0a2ce5-8669-4afa-b09a-9bb6c08f8735,Professional,Free Shipping,0
b27e6dfd-cb48-4b3a-a599-67316dea0c25,Student,None,0
3a594762-ebff-43c8-8380-293abc78c72f,Professional,10% Cashback,0
0da2633d-7427-4e91-b510-dff2fa885676,Professional,10% Cashback,0
4b87facb-499b-43ae-9bf7-54997d3f49a0,Professional,Free Shipping,1
776ee2f0-d954-469c-9beb-da81be3952cc,Professional,Free Shipping,0
bb9fb138-7476-46ad-9b99-227e42f549fd,Student,10% Cashback,1
c615c498-e0ad-4014-876e-e8da23531ce0,Professional,10% Cashback,1
11ced8e0-015a-465b-82e2-cbd7ee81aea5,Student,None,0
30a1f985-1f25-4682-ad37-a4dfda5bfabd,Professional,None,1
0e72ce6b-69d5-4a94-a1ed-fe474749f94e,Student,10% Cashback,1
f8cb36b1-414e-4c50-b7b1-8f27e682b915,Student,10% Cashback,1
b16e4aec-6ae9-45b6-a543-d9c02cbde593,Enterprise,10% Cashback,1
92392c2b-a1f7-4b1e-be81-fef7b1c18e9e,Professional,10% Cashback,0
e1764daa-84fe-4cc7-b9e7-27f88a2887e3,Student,None,0
83077cea-0545-4200-b78c-ede961f1a5d8,Professional,10% Cashback,0
d0caca42-1814-4166-82ba-ba7e1d3a729f,Student,None,0
8aac7312-1dae-419d-81bd-bb2671f8f32b,Professional,None,0
23eba093-6adb-47d9-b3e1-a1201398459e,Student,None,0
e3e8682f-a696-4782-8fc3-6fe7aaab6a46,Enterprise,5% Discount,1
8bebf322-20ab-45a7-b1d6-1bba0d4a7cb7,Professional,None,1
5ca6cf7d-ee80-46ac-970b-cda1c84e9d08,Student,5% Discount,0
fb7b0bc1-fb44-440e-a07a-5293f54586cd,Professional,None,1
7159a710-6a5d-4907-8f3f-be2b08f25080,Student,None,0
a87fe4bd-a374-40d2-beb4-b272985f8cb4,Professional,Free Shipping,1
495f1700-efaa-4ab5-9487-cc9e1d9ec223,Professional,10% Cashback,1
3075b811-6ccb-4af0-824f-28d0b35a4975,Professional,None,1
a02a7cab-d5f6-4344-b354-8e0ee9298c2d,Professional,None,1
a3c2d7a6-1fa4-4d38-863c-c222fe442f11,Professional,Free Shipping,1
e6300c45-a5eb-4864-ab3b-574a41dad79b,Student,None,0
bb4ad36a-3cdd-45b9-846b-ad4346f1f8cc,Professional,10% Cashback,1
a2f40967-2389-40df-adb4-6aeb44cf99cb,Student,None,0
f8892923-89d0-4445-98e9-c241aedbcbcd,Professional,None,1
2ea87173-aad3-485f-a2d9-2d3b95a54bb9,Student,None,0
e218a4d2-587c-497e-897f-f91f09b0c310,Enterprise,10% Cashback,1
a761878e-32ec-43ac-9352-77401bb5fab9,Professional,10% Cashback,1
83b2958d-097a-48df-9014-0dc3271382b0,Professional,None,1
39801c87-6eb2-4a24-add4-d9f34ba042b9,Student,5% Discount,0
cbd67573-7903-463e-9c4b-ca813b2f8a40,Professional,5% Discount,1
f067ea26-fc85-4959-85e4-fe697bc31853,Student,Free Shipping,0
46f41dca-22b1-4ba8-8a9d-3dd7816e69f7,Professional,None,0
eb18af67-6fc7-4917-bafd-4a6cc9051113,Professional,None,1
6f38ee6e-923e-4b0b-a63b-38f4e9c6d2cb,Professional,5% Discount,1
bf2b97b2-1b9e-4d49-89ed-8b7469569cc3,Professional,None,1
5e04a8b2-307d-420f-8938-a0045dfcde36,Student,None,0
f527a41f-5d84-4b96-9ca5-23fef14958e9,Professional,5% Discount,1
11ff0c71-4e65-484e-ab0e-1ac54ccc5bcf,Professional,None,1
a748fdf9-1bb1-4418-9e1a-a429ccdfdce1,Professional,None,1
ab37bc45-4c91-4306-8e54-c0d959bb97f7,Student,None,0
ac9ce162-6b13-474d-b16f-90c560812994,Professional,5% Discount,1
be958688-90c5-4a63-a340-5a9b95780c50,Professional,None,1
7cbd1daf-6633-4746-b40a-a8f24037393f,Professional,5% Discount,0
a8966869-d31b-443e-bd7b-54e6247d456b,Professional,10% Cashback,0
c5df7f83-0811-4d44-841c-ffa15c9ce696,Professional,10% Cashback,0
d47af97f-e983-4709-aff6-7eee9c84e037,Professional,None,1
284e1797-88c6-4e2a-94bb-8d9e8ff7a214,Professional,None,1
df78d65d-4578-495e-b8b4-a53c3b573d27,Student,10% Cashback,1
62cc68da-3d4a-4799-9907-c24c85c0b543,Professional,None,0
37e87022-f7ae-49b1-bfd9-62aa5d8c4601,Student,Free Shipping,0
fd5e0c6a-a6a3-4d3d-8ec0-7486445cf2e5,Enterprise,None,1
6c4651ad-6845-4e5d-8f55-4786cc3a9c26,Professional,10% Cashback,1
72ef0c1b-aa61-4a50-a1f8-232957a38477,Student,None,0
daeee117-00ea-400f-998e-fd7b3120f762,Student,5% Discount,0
4240a1db-f621-4eab-aaa6-33ff8e99ec56,Professional,None,0
2c1673ab-5c4c-4ac3-a3f1-0265e22fca6d,Professional,None,0
e51fd01b-9567-4d7d-9d6d-c4663b42a84b,Student,5% Discount,0
1a7ccb29-6e82-49e3-adc0-996d4c2e3071,Student,10% Cashback,0
1ac49a90-dbe2-4f89-a0ee-7a76cd35bd13,Professional,10% Cashback,1
67b3642e-d1fb-4d5d-b29f-dfa59ab69c6e,Student,10% Cashback,1
c171adae-3c9b-4178-acfd-605574403ead,Professional,10% Cashback,1
98281d1c-b8a8-45ae-9481-385df078fd8e,Professional,None,1
0920a407-cdf9-49ba-89b2-f1ad02fc4191,Enterprise,None,1
0e96f7cc-3cfb-481f-9d8e-5b5db8628e69,Professional,5% Discount,0
8b0ca312-6606-4b79-bdc6-19434edc27ce,Professional,None,1
be42d5fd-fefa-4a9c-b40c-fa0cfdaeb037,Professional,10% Cashback,1
d49416b5-29f8-4841-8c24-18ed76081a1c,Student,None,1
17fa3475-819c-4ab4-8407-cc266868fbbd,Student,None,1
18acb1b2-9a94-4c8a-8eaa-c5a52c69f071,Student,None,0
82b4485a-c05e-4052-aec4-ea11ae082b1b,Professional,10% Cashback,0
8f7301aa-a8c3-4925-8049-b7161405a44a,Student,10% Cashback,1
1ebe80f7-2ed8-4dfe-9031-e7ed65c4f0f1,Student,None,0
1eb70292-b29c-4eca-932f-b93353b1de4b,Student,None,1
aaa69b8c-8b4e-4031-aa62-3c45e749dc0e,Professional,Free Shipping,0
2b447524-fc05-4028-b9d4-88e146b624d7,Enterprise,None,1
008cda87-4be5-486c-9877-05508188d612,Professional,5% Discount,1
d17385d9-2b80-466f-87d9-2424dbed35ae,Student,Free Shipping,0
11ea84a5-a6b9-4de3-ada5-33791c76f794,Professional,Free Shipping,0
853db530-fa07-4e24-984c-5189d20a8138,Student,5% Discount,1
41ef88fd-a066-4393-bd3c-7f5f9208cdc4,Student,None,0
44865471-4c7f-4ef7-a717-00cf7a0f5645,Student,Free Shipping,0
dd487e28-f147-478e-b838-f1176d06c24c,Student,5% Discount,0
05a08f9c-2511-43d9-aec0-e8ab04801985,Professional,5% Discount,0
9d6971ba-3005-4e20-ae78-19d1896bc6ff,Student,None,1
49719ec0-4642-4fe5-a63d-fdf33813ff8a,Student,Free Shipping,0
e300b58d-ebf2-4ca7-ab38-b94a47a7dd36,Professional,5% Discount,1
19118840-7f03-4c90-be8c-82af62e85d5a,Professional,5% Discount,1
8c0bacbc-4a71-40df-813c-a5fb31cb1016,Student,None,0
af88e130-c17b-4367-b21a-70d27ce57d89,Enterprise,None,1
ba440eb7-a7c4-4eab-bcd1-14712db7b37f,Professional,Free Shipping,1
97b18400-ae4f-4d3d-b1c0-1c0df64b184e,Professional,10% Cashback,1
2d1a00d8-31f8-4a8b-8ae8-33203319d82c,Professional,None,1
e66ee0ee-56d9-4951-b758-fe134e1846ca,Professional,5% Discount,1
5ecdce92-27b1-4536-b6d6-2b7791871c95,Professional,None,1
8f47b9a8-b1ae-4cd8-a449-8b52914e0d6c,Student,None,0
3c697de1-af9a-4e74-be73-0c2fa42ae902,Student,None,0
eb9a3d01-0a09-407d-83ee-751f53fbaecc,Enterprise,None,1
890c0750-b016-4547-a592-c06371760f35,Enterprise,None,1
88a1538c-475e-4779-84e7-768ad8c9b4f0,Professional,None,1
29060e69-643f-4b47-a336-207c82729b52,Student,None,1
e6d588ae-e0e9-4dad-ab0c-2f6804a08e03,Student,10% Cashback,0
fbfbc171-03ca-4cd2-adcb-6c9a94b1a4c0,Professional,Free Shipping,1
ae4c2add-b8b2-455c-b8b9-94ffe8cc1d8f,Professional,10% Cashback,0
b71af734-c4ff-495f-ba1e-21f31d8f05f0,Student,None,0
5c4e1509-681a-4e3b-a478-171b6dc48b2e,Professional,None,1
0f5864a7-1420-454c-bcb9-caecb469d0a7,Professional,5% Discount,0
8905e1da-9a9d-45b5-8a9b-0c0ab0f84c0a,Professional,Free Shipping,0
26a96f0f-4837-4904-b871-26817b5233a5,Professional,None,1
42c70274-c11d-4ae0-9ad3-f98589c37f96,Student,None,0
9c4a5960-b842-48dd-855f-05ec9f36d935,Enterprise,10% Cashback,1
61f5d66d-7da0-4b73-ae4f-515193e966a1,Student,5% Discount,1
6f8bccb9-0a11-4aac-95d1-b27f17ca8f61,Professional,None,0
35f16ee0-73e3-4f5f-90fd-3f7371a0f6cd,Professional,10% Cashback,1
6410ed04-610b-46a0-978d-09b752d83efb,Professional,10% Cashback,0
8f5c96c3-1c92-4efd-aa74-604205ecb347,Student,Free Shipping,0
f83ec9ef-8fe0-41f2-aabb-51ca0f03d8aa,Professional,None,0
b1a25c92-9958-43fb-9bf4-e8532c1afa76,Professional,Free Shipping,1
bab94a5a-4690-4c61-9368-1196dd8d9342,Professional,None,0
dc7c0762-a41e-452c-bf3a-939f0c636735,Student,10% Cashback,1
1fe3718f-1738-4859-a3e5-628dcf6f7d5d,Professional,10% Cashback,1
231941db-e38d-45da-8d0b-a106f37399d6,Student,None,0
2cb0f79b-1749-4d6b-9a31-1dd929f93152,Professional,10% Cashback,0
e0198880-3c36-4012-ae14-9aa4eb34d347,Professional,None,1
77607638-0953-419c-bc0a-4031ddc43017,Student,None,0
840b714a-3341-4a06-b334-04cda57a4928,Student,None,0
93ce10b4-efaf-4680-9d24-e502404e6cd9,Student,10% Cashback,0
0dd325cf-f4a7-4e57-b57d-2624571880e3,Professional,None,0
81dad693-5561-4370-b600-609b02719956,Student,Free Shipping,0
7a543ff2-d4e1-4955-89c0-74d48e769102,Professional,None,1
dad2eaa4-3dde-423e-bae2-230b94fed1ad,Student,None,0
79d34670-b62d-4dcf-99bd-0dbf8517fa5b,Professional,None,1
48805d85-9d22-437c-9470-ea153e521f96,Professional,10% Cashback,0
5cde2410-38b8-441d-a785-561dbd9f1f12,Student,None,1
a1877e6a-a7de-40ca-a0d6-7ddfc9112ee0,Professional,None,1
5992ddbc-4c44-4399-ad25-1932134a8f17,Professional,None,1
22641b09-09de-405b-af16-171e995b75aa,Student,None,1
2bcdc118-c005-42b6-b1ad-ea25976498b3,Professional,5% Discount,0
71c1dc65-dc85-4e5a-8b71-e49db102677c,Student,10% Cashback,1
95dbc477-401d-43a6-a8af-d8601ffae93b,Student,None,0
ce6a40c4-1dd0-4310-a1ed-30b1d32b4304,Student,None,0
e0323f05-c14d-495b-98df-931b8fa4e79c,Professional,5% Discount,1
84ea4a2d-83f5-4712-a739-1ba379471226,Professional,None,0
561cfc4c-0965-4470-b175-bb2591d2f8eb,Student,Free Shipping,0
bbe42a6f-b49f-430c-919e-0b7d5f3c0051,Student,None,0
9f76f289-ead8-41e3-bb5c-cc26ddac7b86,Professional,None,0
99886a62-126d-41b4-ac80-ceb5c3652e37,Professional,10% Cashback,1
4c7eafe8-f4a0-475e-85b2-3c4569329b7e,Student,5% Discount,0
b5945c28-3e69-4b17-b86c-4c9d5a9f2180,Professional,None,1
3f10df86-210a-47f3-9938-8cc21679490a,Professional,None,1
4914b3f2-c6eb-46e5-8fb1-91ac4accf43f,Student,None,0
32cbd9cf-ab87-4b08-8149-4c49bff9cde4,Professional,Free Shipping,1
c3a31313-8a9a-4006-870e-8ae439f89c56,Professional,10% Cashback,1
0db53b28-4a70-4894-a033-51655c1abd68,Professional,None,1
a6930150-7f15-441e-95ae-85acf79bd99e,Student,None,1
a90f5509-2154-442c-aa3f-cb116d921718,Student,None,0
f097bac4-a3e1-4cfe-b3ea-c1567910c882,Professional,None,1
b955ab3d-7dcb-44dd-b83f-45b4838bf55a,Professional,None,1
968d7314-39b3-4796-a8f3-a9a68d8974a7,Professional,10% Cashback,1
428e885a-fd0c-4f90-9ebb-444028ea30db,Professional,None,0
3ba26710-7cad-4f38-b3b3-8ab64e7cb236,Professional,None,1
fc3f1026-1231-4c37-8389-bfa818a85976,Student,10% Cashback,1
92cc561a-5bbb-4c65-9733-b22e08d03fc7,Professional,None,0
80b8770d-c807-4e40-87ef-a8f0736a55c9,Student,None,0
3051c728-eede-4b31-ab1e-f76d1aeebade,Student,None,0
ce7b541b-0eda-40c6-afa5-6bff739dbc44,Student,None,0
88b3e812-8224-41af-aa01-0616337d9f05,Student,5% Discount,1
fd394c73-f272-4094-8c6a-1159fc19ba91,Student,10% Cashback,1
7dfec52d-7e66-4ade-be80-5250e3e12c2d,Professional,None,0
8bbf1242-da82-4f67-bde6-e95a71ca6dc2,Professional,None,0
975adcf5-aa52-4396-868c-c38159569ec0,Enterprise,None,1
071df8ea-539b-4a49-865e-842f859b6eb4,Student,10% Cashback,1
4ec0b75a-a155-46f4-9fb0-240058ae6bbc,Student,10% Cashback,1
62401175-c695-417b-9643-7d71a00e628a,Professional,None,1
d7512e7f-0f83-4223-9bf4-7a1ce031a3d9,Professional,None,0
112b7466-9bb9-405a-90e9-0a3306b0eafa,Student,None,0
48fcba1b-4ec6-4f7e-97d8-1ea9cd7bf947,Professional,10% Cashback,1
76291af5-b643-403b-b416-5b6c0c7b73ca,Professional,5% Discount,1
d9111275-d483-4fbb-b3d5-4aa2ae5cac7f,Student,Free Shipping,0
eb371150-b78c-435c-8a62-f3f07d74b1b7,Professional,None,1
91f01d56-e038-46ba-87f6-f7e0cae860f4,Student,10% Cashback,0
792fdd88-fd1e-44d7-b7d7-ef261be6d775,Student,10% Cashback,0
f3a2a410-0aaf-4501-8ee1-efaaefb24752,Student,Free Shipping,1
4392dee9-1b6c-4e31-bbba-bed2cde74fc0,Student,None,0
83a483cf-af65-45b2-a488-d8c0750727c6,Professional,10% Cashback,0
2355f109-b988-484a-8c78-22bad40c1a48,Professional,None,1
957bc122-ad51-4f1e-a1d7-17c690822640,Professional,10% Cashback,1
af13ac11-25c2-4ef0-b91a-61a21fc74b8f,Student,None,0
129a7604-6d93-40b0-b600-e49088b49bbc,Professional,5% Discount,1
d759d736-16b9-4538-ad8f-565cb21e438b,Student,5% Discount,0
d34e82a7-8d1e-4d45-96b2-007d850ae581,Professional,None,1
40c0a08d-4a45-497d-9e7b-22de94083c8b,Enterprise,10% Cashback,1
216141ae-9ac8-4395-9bbe-8907473ea41f,Professional,None,1
b340b4a5-f84c-4ba4-977c-f3452f3681bf,Professional,None,1
540a74a9-2c7a-4f5c-8999-5e8822de9c4c,Professional,None,1
5978590c-f51d-4e25-9248-8cb110457267,Professional,None,0
cad85748-3311-4fc4-9e02-8a92baf114ba,Professional,5% Discount,1
f5bfe154-b780-4b1b-b665-f1c5e3c99687,Professional,None,1
e825672b-d3dd-48c8-9338-24752df644a9,Professional,10% Cashback,1
938e51b3-66d9-488a-8a99-e1787c346507,Student,5% Discount,1
779f1526-618b-4d71-8f55-db01cd78f68a,Student,Free Shipping,1
915fb5f2-c5c9-4e9f-a17f-ef19db748d2d,Student,5% Discount,0
8b875807-a454-4689-8654-d67197bcb23b,Professional,None,0
5424821d-146e-48e5-97e4-8916e15ce8d0,Student,5% Discount,0
9db3496b-beab-4c97-b606-f7f54ee603e5,Enterprise,None,1
1258e0d7-7588-4605-95fd-513c3d11bd1a,Professional,Free Shipping,1
bb8eb51a-b29a-4069-b844-e8190a21b1f1,Professional,10% Cashback,0
ffb78954-a837-4370-ae11-c5814750c0ed,Enterprise,5% Discount,1
9acff627-44cc-4f12-bf9e-7a4f261aa2eb,Professional,None,0
35f6d8db-8760-4973-b0a1-17d186d6612b,Student,10% Cashback,0
8917447b-591c-496e-8eb9-943e33cf2c74,Student,5% Discount,0
01a1ba38-6a79-467d-8c9f-9c09266761e6,Student,5% Discount,1
cbac46c0-94ba-4a89-b4e2-b0568c2e3d33,Professional,None,1
5f62618a-1e71-4772-9fca-c6baab654dbe,Professional,Free Shipping,1
bce6e671-4596-4a89-8f71-f917b3708ef6,Student,None,0
84738747-c895-4249-96ef-f3bae5241da1,Enterprise,10% Cashback,1
021c50be-03dc-49e9-8197-e760b9b02e91,Enterprise,10% Cashback,1
3605b418-ea72-4810-b912-b1a44efe1164,Student,None,1
f9f318e7-f191-4363-8ee8-cf0ff5a05762,Student,None,0
364a7259-a9e3-4c7a-a602-b15594f6da3c,Professional,5% Discount,0
1748fdf2-fdfb-4ac4-b1f5-65d6cfcd644f,Professional,None,1
d9ec208d-9ebd-46a4-ab7f-a15b7f513fed,Professional,None,1
8940d7c1-5ca4-44f2-a76e-5fad8058bec4,Professional,5% Discount,0
de982f53-b675-4bf3-b68d-04cd6edff55e,Professional,5% Discount,1
4bd2b617-62c3-471d-a8f1-058a60cb56a7,Professional,10% Cashback,1
1e348f83-df83-4f18-8113-79111db171c6,Student,None,1
6ac0ca1d-9df2-4c88-8a4c-2ea9f8b5b26c,Student,None,0
e1a3f642-fe64-42d8-8c02-778cb10bcb86,Professional,10% Cashback,1
6b4a9695-76de-4b05-b70d-a34741b838c9,Professional,10% Cashback,1
d9bce54a-3d3b-4322-b096-61f5caccad48,Professional,10% Cashback,0
c205babd-1b33-4687-9235-4f45ffe9b1ef,Professional,5% Discount,0
8a2e5dab-8210-4901-899d-a305a093680a,Professional,None,0
9f692e36-4d6d-426f-9574-063aa91c1ebc,Professional,None,1
96cba8c8-9330-495c-ace3-8324ddb786bc,Professional,Free Shipping,1
6004abc8-3fbb-43ae-8869-18b1998fa311,Enterprise,10% Cashback,1
23b30309-65a5-4348-ac3a-f20a2f5a8376,Student,10% Cashback,0
d4b1cc2c-bb52-4eaf-af15-5e6093ae4c79,Student,Free Shipping,1
f26440e7-bfd4-4cb6-b871-86584d495d4e,Professional,Free Shipping,1
0aa646d5-cc17-499b-b3a4-09013adbb870,Professional,10% Cashback,1
92fd0bc7-fa63-4504-a443-0b8a38dbcde3,Professional,None,0
20e4cf3e-ca1e-4582-88cf-6cba0e92c08d,Student,Free Shipping,0
6fadc0ff-da13-4007-ad79-21e17bd8d9fe,Professional,10% Cashback,1
60bf9e2a-d467-487f-b884-0c9ea503739b,Student,None,0
ddb35166-9984-4193-9bf2-2ef0c5108704,Professional,10% Cashback,1
d3f599c0-d4c3-4514-8158-e63371ddda27,Professional,None,1
999425d8-79e7-4100-9337-7ae1ca0bda2a,Professional,5% Discount,0
4fc6e9d3-1b26-435f-946f-9ad78598cfbc,Student,None,0
2056c054-da1a-4447-aee3-1c84694cf11e,Student,5% Discount,1
fe07c50b-c5d5-4313-9e1d-9a8a2e641c3d,Professional,5% Discount,1
61a65b1a-0541-462b-9d20-4af5f3dd2813,Professional,5% Discount,1
6bc79321-e505-4700-a38c-340eb82b985f,Student,10% Cashback,0
8ed3f086-6f0e-42b9-8ab1-9e6d794cc76a,Student,5% Discount,0
09c5e3af-2934-48ae-a687-f0ad50a74782,Professional,None,0
93e996de-ec6f-4b60-a92b-acc5dbb79711,Student,None,0
d580c774-008a-4657-847f-8ba2d5813edd,Student,5% Discount,0
0f840103-d047-43fe-9d4b-c13dfb1d377e,Professional,None,0
7990a6dc-b06c-4e43-be23-987ace38fd57,Professional,None,0
41a358af-b43e-4152-81c1-92b832fdd4e8,Professional,None,1
f816dbef-02cf-4918-803f-f8dc2e84f524,Professional,None,1
8e42e775-ec3f-4cdd-81a7-daac66e9691d,Student,5% Discount,0
e5d93688-d01a-451c-a9fe-9ed82960a80d,Professional,10% Cashback,1
7bbdf4f3-c051-4fb0-8f8e-fa067201e7b5,Student,None,0
13848ddf-7e31-4a60-b99c-6a959bb60d6c,Student,5% Discount,1
09c3f841-20a5-4444-8e2f-f981b1b13b87,Professional,None,1
a96f144d-878b-4f66-9e3d-1bacfcbc3622,Professional,5% Discount,1
c31e7d69-dcb3-4838-8a24-cc9a0acea267,Professional,None,0
f093abab-6198-4181-bdad-c75bb30fc86c,Professional,10% Cashback,0
90194222-2159-45ca-bda4-223d921b355a,Professional,None,0
708dbbcf-d60f-4d7b-8c8c-13af1e1d5dad,Student,None,0
d470f79f-f29a-4231-ba07-9c0344b49d63,Professional,5% Discount,0
4b48c904-2c2f-423c-a07f-d905527617cd,Professional,None,0
00cf8c91-cdbe-4244-aa15-53a717eafab8,Professional,Free Shipping,1
861d1ae9-92e6-4d84-b37e-902f825d94de,Professional,10% Cashback,0
271db6b7-c5a0-4e78-836a-cdc38bf10b75,Professional,None,1
da68036b-8a39-42b8-be2c-c78617b93d6f,Student,10% Cashback,0
7aca65b5-f43c-401a-8e99-903b2bcb7958,Professional,None,0
5aeb143b-3ea0-44c4-b778-3f4b6ab2164d,Student,10% Cashback,0
9bc3da6c-b1e4-478a-8a19-c5098ebbd565,Student,Free Shipping,1
7679d42a-44f4-42ff-b67b-103019d92cfe,Student,None,0
c3c94a3d-2a5e-44f6-aeed-5d74d4a92135,Professional,10% Cashback,1
89d897d4-11df-49fb-91f0-48068f582b02,Student,None,0
529fb559-fc5a-45af-937c-fd0ffb1c161a,Student,10% Cashback,0
28e4b938-053f-4f21-945e-170af17a0b3b,Professional,None,1
70260774-c2f5-4476-a386-8f4584ebabd6,Enterprise,None,1
1c2bc8a4-ef72-471b-80d2-9eaf0d61bd8b,Student,Free Shipping,0
d9613b22-7890-4f6c-b609-af3cbb2952ff,Student,None,0
c4b63b02-464d-4d27-a4ff-dd22504626d2,Professional,10% Cashback,1
9d76ebde-ea15-425a-8364-402bfd5244e5,Student,10% Cashback,1
1e8cd801-df6a-4e87-a6ac-fb2b472a1213,Student,10% Cashback,0
57781352-0694-4947-bbae-5ad7f566801b,Student,10% Cashback,0
5a007bbe-78ee-463b-99f2-81ef53332c9f,Student,10% Cashback,1
aa381279-ec74-4e5b-a334-328efabbd572,Professional,None,0
b2039a8b-542a-4a8c-a0f8-c2b0c484ef86,Professional,Free Shipping,1
0796049f-8627-4beb-a3a0-c1bc3ca9265b,Student,5% Discount,0
164ac0d3-8e5b-4634-b4d4-9d30bbfe26ce,Professional,None,0
6b6228ae-309d-4df3-b299-36398cda5b5e,Student,None,0
261f3358-7443-44af-acdb-d93888d8a65e,Professional,5% Discount,0
3b07dd70-154a-41f0-a588-1cec1aa5e909,Professional,Free Shipping,0
a795d4ed-5b7a-4825-b609-43961a8ee2c9,Student,Free Shipping,0
e80c126b-a6f4-40a7-9afe-fec5dda46ec6,Professional,5% Discount,0
e4f5bbc7-6850-4681-a0d0-81949c610835,Enterprise,None,1
07408da0-9b02-4913-8ca3-b7ff1c682211,Professional,Free Shipping,1
e15c0188-a7f9-4c37-b1d2-59b060f87859,Student,5% Discount,1
4828d1f2-5060-4733-a8d9-487c0b79e37d,Professional,None,0
d728f6dc-faf5-4e33-bb28-a6b93a31d0cc,Student,None,0
3bbe3bc9-eae7-4290-947d-55aa206af88b,Professional,None,1
5498a6f0-2710-4251-a3bf-f146a8c2c8fa,Professional,10% Cashback,1
ab518ead-ccce-4345-b66a-d5995208d7b8,Student,None,0
fb28c49b-34aa-48e1-b1fd-8aab6bc889fd,Student,None,0
a3817529-76a4-4910-8307-485ba838dead,Professional,None,1
ffc6a1b8-9cd0-4eb5-a60b-3cc482057634,Student,None,1
790352f1-2ff6-42a9-b3a8-25614b52f69c,Student,None,0
44bc14a4-7954-4fc5-882c-7fdbce3bff34,Student,5% Discount,0
0fbe0afa-5344-41e3-9529-c04fc4049e5e,Enterprise,None,1
6d76edb7-970b-435c-ab0a-72f59697dd4f,Professional,Free Shipping,0
90a87949-15cd-495b-a843-2261358bb1c3,Professional,5% Discount,0
22bf26f4-3330-4260-82e3-5250eadb686f,Student,Free Shipping,1
b455e99d-f1ec-4e9c-b9d7-12b0b8cd8e83,Enterprise,10% Cashback,1
0c8fa11a-d9dd-458e-af53-9a4d118b8222,Professional,None,1
db9de5bd-0211-49c6-aa8c-18ac20f411d3,Professional,None,0
145e9a0c-f8b7-4a53-94ee-0e25bceee70b,Student,None,1
85c93833-2c5b-410f-a99e-572272ef52bb,Professional,Free Shipping,1
ee520b36-a496-4096-9283-badcdd51aefd,Professional,None,0
4cf60f35-c51d-4567-99f1-d704f9fe93d4,Student,10% Cashback,0
ad8ba3f8-e1cd-4f2f-ae27-58023ec15d0a,Student,5% Discount,0
3f9ab90e-79ac-40ce-9557-8a45abfcd12a,Professional,Free Shipping,1
d9ae24bf-cc12-4cd8-8a3f-7f9817ca48e4,Professional,5% Discount,1
bb261316-3ae0-4ff6-bbac-11495c632e9a,Professional,10% Cashback,1
87d59869-fc5d-46a8-9de4-5368419bcae2,Enterprise,None,1
43503ef1-84f5-48c4-8bce-6e7e10864eaf,Student,10% Cashback,0
a314fe6a-4275-46ff-b433-c44dae7a2e3d,Professional,None,1
f6d5e3f8-9764-4910-b162-6155e49f07ec,Student,5% Discount,1
620b3d99-b308-478f-8775-01a95206a6d5,Professional,10% Cashback,0
4c884315-347c-4949-8d14-6aea0d2fb885,Student,None,0
52d28175-38d7-412b-b4ea-08a9bfc8fa07,Professional,Free Shipping,1
30d72d43-2c8e-478d-8bda-981c00c07e9f,Student,None,0
1c928104-3554-4854-9f87-2f6b2cf764b9,Professional,5% Discount,0
0b5cd48b-ac7a-4fbf-adf2-e80eadf1abc1,Student,5% Discount,0
bcb944d9-6501-4a0f-8c74-68c05cb4748a,Student,5% Discount,1
74e2d3ed-c0c9-4f58-b49e-d000a75a9fe9,Enterprise,None,1
b5d92f73-579d-49dd-9c91-1ae6ebf1f1c7,Professional,None,1
fdfb6a7e-406f-4b7b-8fa8-7b0e14a22cd3,Professional,5% Discount,1
5efadca8-5f6f-434c-be71-28c799e4780b,Professional,5% Discount,1
cfbd7c3a-9392-4c91-8d65-0b9326980de5,Professional,None,0
ac35424d-117d-4b04-90bd-59d262fac8c1,Student,None,1
34d3510b-b508-40a3-b957-0fc76041bb2b,Professional,None,0
ce89c8ff-8753-44ab-851e-037e7856501f,Enterprise,Free Shipping,1
1498cde6-9bd6-4bce-9434-544bdd15edd5,Professional,None,0
3dce8138-f928-4e02-93c8-e00be38b4837,Professional,None,1
f0598b75-162f-43aa-bd36-abd06c44a9ea,Professional,10% Cashback,0
6b9010ac-31ca-4c91-9d81-ee0fa3116616,Professional,None,1
5f9dcd3e-32d8-45d0-8cea-e5a096c58d93,Enterprise,Free Shipping,0
3fedbe0d-6078-4afd-8251-7bb48fc08b98,Professional,None,1
17e3d324-8333-46ff-bd35-ed19cb466ccf,Professional,None,0
b6fc5274-a6a5-468c-a16c-d17af000ee11,Student,10% Cashback,0
d1197792-f5bb-46cf-85ba-9963c7be3dd5,Professional,None,0
6dc9a80a-5887-4f60-9a1f-6e1fd7db5318,Student,None,0
d1b15cf9-bfac-4ffc-b728-eecdbe0c310f,Professional,None,0
3e7c76c1-8e44-46b5-80a4-9341b503965b,Student,None,1
edc90c07-09c6-4163-a29c-300f606b3dce,Student,5% Discount,0
fcc58cf2-b4fa-4030-a2b8-dabac2f2f74f,Professional,None,1
2c7e7a9b-057a-4674-ac49-49fa3201faa2,Professional,Free Shipping,1
261db6f7-2107-455c-ad50-95d9df76a667,Professional,10% Cashback,1
85b8cc7e-bfb7-4d89-af6f-ff9e8b2e40c5,Professional,None,1
d2592977-7ce9-444e-ad4c-ead05e241e86,Professional,None,0
b55c2f38-9412-46b3-a593-b0e52af9c7d7,Professional,10% Cashback,1
1aec7691-5a0f-4bca-8083-54afd8185fd6,Professional,None,1
a488b691-33c3-4987-a17a-c164ee86b4fc,Professional,None,0
151eecef-72cd-4d2d-a188-dfc5c07ded8a,Student,None,0
d77c7ce3-fd3f-4b47-a456-671594cba7c7,Enterprise,10% Cashback,1
ebb0252e-cf5a-431e-bfbe-b26b9a974867,Student,10% Cashback,0
bed801d2-2b55-44e8-ada0-3bfa683beeea,Professional,None,1
83a2d503-fbd8-4370-a28e-3393f4ddc9c3,Student,10% Cashback,0
1f5d394f-d63d-4db8-9926-8ca0ab9fded3,Student,5% Discount,0
c9595221-1368-487f-a9a5-f56f9ec8c88a,Enterprise,None,1
ad154495-38a7-453f-9566-c63ac969b0cd,Student,5% Discount,0
b729a192-ee46-4eb4-99e3-db3cc0e8d601,Student,10% Cashback,0
e8fd80d0-168f-4c73-80e6-e7a0365c8157,Student,Free Shipping,0
a1b7c49b-a2cc-410b-aaf6-a09ca437b1d5,Student,None,1
3c9f709d-1a9a-45c9-9133-e640c0518391,Student,Free Shipping,0
d4810677-8bc5-49f8-9dd3-83cf19ae404d,Professional,10% Cashback,0
7861e346-75c9-45ad-87b4-6456b8eb0b7e,Enterprise,10% Cashback,1
ada068c9-2781-4973-b756-501f71c3237a,Professional,10% Cashback,1
ac42a5fd-9002-452a-8b03-34fcd7ef07d8,Student,None,0
ba611543-df84-4c35-b295-5f83aabf2106,Professional,Free Shipping,1
ecc7bf3f-b355-4a8e-a5e0-c18fdbca0b72,Professional,10% Cashback,1
48274e2b-95fe-4da6-b631-f3245d9ea748,Student,None,0
092330e0-6789-4f19-80e3-76c68d5039b3,Enterprise,None,1
f0573fb0-c8dc-4d51-acd7-553de6cac15a,Professional,None,0
1abc6fe3-ba3d-4772-ba78-bb6dfe19b895,Professional,10% Cashback,0
5dcecaf1-ffb1-4945-a1c8-7c1b2de49f94,Student,10% Cashback,0
7e840646-9bfd-4f1e-be7a-8ce7dc02c6aa,Professional,None,0
f5538e51-32ce-42ab-917d-f5679c18ae87,Professional,None,1
f50c34ed-d4ea-4e31-a7b0-c2e38a36d0a7,Enterprise,10% Cashback,1
b53f0653-0b68-47eb-85f1-0cc93ae19459,Professional,10% Cashback,1
934ab753-e84a-4a24-9fb4-bf951a35f07b,Professional,None,0
f16438e4-0eab-4fc9-95a4-9739a97cdd8f,Professional,None,1
16253629-57f9-4d3d-ae9b-6abc760074ec,Professional,None,1
1f703398-7ec1-4179-ae1b-a3613b746c23,Professional,Free Shipping,1
e8c5d3c0-75b1-47a3-b4d3-ddf3a5053ad8,Professional,10% Cashback,1
c7ec5524-1737-4d33-8e85-5caf93f8b2ff,Student,Free Shipping,0
b168606b-da7f-4bf9-8bab-77a4024134cb,Enterprise,None,0
5548582e-97c5-4bc6-968c-a269bbf8a5d7,Professional,5% Discount,1
6b0782de-f95b-456d-b508-d6685f04ea3c,Professional,10% Cashback,1
b88b9217-fdd7-4b17-aa27-358b0907c6f7,Professional,None,1
7bb7f8ca-faec-470d-a91d-4819ec1c28e3,Professional,None,1
fccbfc20-ba2f-4c60-9c9a-814f8cdd76c2,Professional,10% Cashback,0
a7f45dab-78c6-4d66-9409-e897d6c98831,Professional,Free Shipping,0
10bb4912-d973-44b4-b8e5-d1f2a00a0b6f,Professional,None,1
9a1fb96f-073e-4444-963f-e28dec4f89ce,Student,None,0
00a20abd-2a55-473e-92ca-9c7166a00a90,Enterprise,10% Cashback,1
684a6dcc-59c9-4a85-bc3c-69d52f03eb06,Student,Free Shipping,0
e3ccad04-955d-4c2d-93e2-4b9b894a0a5e,Student,10% Cashback,0
fc430867-ca24-47fb-aa5c-2c9c06e0c67c,Student,None,0
bc0e19e7-34a4-4355-8552-0d566b09fc3a,Professional,None,0
a8232e9a-d255-4242-bd34-0fe40eb237e4,Student,None,0
ed23707d-4fd9-4b95-a7c0-70c043e5e93e,Professional,5% Discount,1
8d7b6cd8-877c-468d-879f-ac265da5dd2f,Student,5% Discount,1
8fb53cc0-7bcb-4b1c-86a0-4dac9e27184d,Professional,10% Cashback,1
b51d575e-81f4-4c9f-bc81-d81816ba14fd,Professional,None,0
d978f0bd-b34e-45f2-ae1b-6790b2496b78,Professional,Free Shipping,0
f3cfe9ec-59b5-40f3-80f3-89da51325d53,Student,10% Cashback,0
381111a6-2366-45f1-812a-be0a35dcddfa,Professional,Free Shipping,1
4d664cd2-4bcb-44a3-a0a5-743cfa1afeb7,Student,10% Cashback,0
6e7e2b92-57a0-4a3d-875d-03f35311852a,Student,5% Discount,1
ccf76718-17d8-4e8d-a03b-95a9f8f425ce,Student,5% Discount,1
f650ce51-006f-466e-a3cc-79a674ddbaf3,Professional,None,1
15588c91-689a-4ba4-87cf-56f4001da3a5,Professional,Free Shipping,1
a3b180ec-8077-4813-b27c-1c82bb181ea5,Student,None,0
ecd0fd1b-02a2-4255-af48-d8c19f37002f,Professional,5% Discount,0
f633865d-f462-4fd1-b0eb-6c39f51cbfe9,Professional,Free Shipping,1
fed8267e-fd01-4eea-a6ac-39b1231165a1,Student,None,0
a179bcc2-2bd6-4015-a693-504ddec0e661,Student,10% Cashback,1
ee0dd345-0069-4b49-aff5-9ea22d2dce8a,Student,10% Cashback,1
0145e6c9-b9b4-4045-9e2c-473235032628,Professional,5% Discount,1
b93f1dc4-0fcc-4aba-9c2c-9ca6ef7a8329,Student,5% Discount,0
7dce0848-4bb7-45f1-9cf5-1c631ecf68d1,Professional,10% Cashback,1
2d90e9d1-b51e-4372-af3b-c30989d90aeb,Student,5% Discount,0
6c4a2dab-3fa9-4832-bf2c-d2ee19ef99a5,Student,None,0
ff2e8f9f-1691-43e4-9108-1815904f4ed1,Professional,None,1
aa17edc4-b393-489a-bbf8-f547f775bf68,Professional,None,1
3254c242-056a-4ab8-b71a-d7c7f5cbfee9,Student,10% Cashback,0
a4cc102c-9d77-434f-b639-a34ad8dfd143,Professional,None,1
62be1cde-5260-4591-b500-9e3ea01d6550,Professional,10% Cashback,1
2062c217-2875-4a93-95e3-7a2bae705aaa,Professional,None,0
60580874-cbfe-4033-95ea-b17ca8d4e754,Professional,5% Discount,1
d48308dc-810e-4fdd-b30f-1e9d73c1c6aa,Professional,None,0
b400bd4b-a1d8-4fc3-b4f3-aebfa7660332,Professional,10% Cashback,1
c912535b-ab2b-4135-9ee3-f71a021599af,Professional,10% Cashback,0
ff51940a-fd34-4659-b3aa-1d8d10199f30,Professional,Free Shipping,1
9b62c143-ca29-4516-8f2f-b73e154a842e,Professional,10% Cashback,1
1bf9aa74-adec-4da6-8259-0797e969e5fa,Professional,5% Discount,1
cad79bf6-e41a-45c6-9bc1-fbb3ad159bce,Student,Free Shipping,1
952d33ac-6ded-46e1-9024-e725a8ac6697,Student,10% Cashback,0
d7140cdb-6e5f-46b5-9279-ffc4263e0bc0,Professional,None,0
69ff39c6-ab62-487c-8af7-e2ea24bfbfec,Student,5% Discount,0
e698fedb-b6d6-4022-ac65-754b6a97c67f,Student,10% Cashback,1
2d59c076-ad04-43e0-b939-987797f1e62c,Student,None,1
2e83cc16-aa64-4f1f-8912-29067897ac28,Student,10% Cashback,0
ec457a9f-a00f-48ce-a4cd-1cb1fbab7e6d,Professional,5% Discount,1
d864256b-3ad6-4f88-93d0-520581863430,Professional,Free Shipping,1
128a3b61-7c3a-4774-9313-93bd629cd2d8,Enterprise,Free Shipping,1
cb94bf5c-4c44-4ea9-9810-c509629b0cd1,Student,None,0
1698c799-3e8c-4e51-9835-4a83d2344099,Professional,None,1
5c8006f9-d465-452f-9463-a1e5432c4324,Enterprise,None,1
e2437176-edf6-47c9-90da-be6f48a38865,Student,None,0
54f16e72-4bfa-42aa-83ae-5f79548e217e,Professional,5% Discount,1
99c0b473-36dd-49bb-834d-53588d79f6b6,Student,None,0
dccd6aeb-f764-4a0f-b8d2-f8d7534b564c,Professional,10% Cashback,1
7267944c-ccbe-4e69-80fb-751e775e93b1,Enterprise,10% Cashback,1
0f5d2c51-145d-472f-bf02-22a1a302d4f7,Professional,5% Discount,0
d1dd7f8c-083f-4b50-a931-6af7b28a9023,Student,None,0
b94e76e1-45e6-4c85-8723-68a6f89482b2,Professional,None,1
66c7689b-be58-4b97-afd0-c6925fc1d629,Professional,None,1
955efa97-f851-450d-9390-e71ffcfcf4e9,Professional,None,1
3959dbe6-8b22-4490-b717-3cf9671578e7,Professional,Free Shipping,0
651fe803-28e8-4f48-817f-25b6db9e2743,Professional,5% Discount,1
274c17f7-559f-4cf6-b5db-93ceddf4febe,Student,None,0
9b48dc07-7d1a-4a5a-ac3a-7239e38d6001,Professional,5% Discount,0
0886e82e-61e5-4813-b700-2a20ba11a793,Student,None,0
bcf52859-dff2-4dea-8fde-dd1a5cf7f361,Professional,5% Discount,0
c238d65f-13d6-45f4-b7dc-8de5cca333d5,Student,None,0
d06068ea-1804-4bd0-bde2-850f5ca6cfa0,Student,5% Discount,0
5dbfef0a-977d-4324-8c07-0feddbb1789f,Professional,None,1
d8c64129-7a6b-4c99-87f3-65af5acab6e6,Professional,None,1
7a5356d5-2fb8-4218-a5bc-30b0027c3c1b,Student,None,0
7b407bbc-06ab-4f43-a77f-b66d1aab1e7e,Professional,None,0
e54bb55f-66ca-4a22-aa86-49afdd23a1a5,Professional,10% Cashback,1
85cf68cc-849c-4e8a-a23f-48fb945f1339,Student,None,0
fd37e996-ebc1-41be-a8b7-5f270732ff93,Student,10% Cashback,0
9ba75ad7-c7e0-4349-9ecc-5048232812f2,Professional,10% Cashback,1
6c1d39ea-732e-4e9e-bf2a-17757b947f03,Professional,10% Cashback,1
472650e4-a827-407b-8798-e2cd2c2bff6d,Professional,5% Discount,1
ad979cae-da08-4f08-a381-47fb8ab943f4,Student,None,0
db824169-e91a-4d8d-8f64-353218509d7a,Professional,10% Cashback,1
c7aa7d4c-abed-4551-a435-ddd790e590dd,Professional,Free Shipping,1
19527973-d508-49ee-91bf-50248ff32e84,Enterprise,10% Cashback,0
c79b451e-f56f-46d8-9fa0-3809bceed083,Student,10% Cashback,0
0ae3b7ba-2221-4e93-a35f-5e93a2e72b2d,Student,10% Cashback,0
605920b7-0a6f-4c49-b2e8-8afe535da6b2,Professional,None,1
065a138b-5849-4c06-bdd6-28037ec351c2,Professional,10% Cashback,1
e9de1bb8-ea82-47fb-bcd1-116c7b5a635a,Professional,Free Shipping,0
eb8fc622-4a9e-46ec-9b38-a7903ffe9686,Professional,None,0
f789f7f9-a8b1-4559-ad01-5d19b2346906,Student,5% Discount,0
4ae05bdf-65f3-4032-b83e-235c06b44c48,Enterprise,None,1
05164d24-e62f-4e9e-8020-37c84a8216ef,Professional,None,1
b7748e96-2d1d-445c-990b-39b756041c4b,Professional,5% Discount,1
099b4c45-c812-4d0e-8243-55e1f4697bcc,Student,5% Discount,0
c475dc72-bde9-49af-9478-8e42e6f49f80,Student,5% Discount,1
9278bc7c-0bdc-4b8e-9192-b79b0c87e3d6,Professional,Free Shipping,0
f1dd0702-ebfb-4c48-9c5b-f67b7a254e00,Student,None,0
9e16c636-8490-4043-85a3-b083d8189a9b,Student,10% Cashback,1
80c0ffdd-3062-47b4-b80d-83e11077c144,Student,None,0
44bcbe69-5831-4a61-a604-c10b002850ed,Student,None,0
0be1e026-5d0f-4b21-828a-c2c5cd52a3e4,Student,None,0
df1004ef-c379-4091-8533-84c1b9363a46,Student,10% Cashback,1
b635d08b-5261-4786-afd6-150c7fcc0ee4,Student,10% Cashback,1
eda38c77-4235-4c64-ae56-3e431112250b,Professional,5% Discount,1
854e799b-08a1-43ea-a9d6-2beb41b33322,Student,10% Cashback,0
0c33aaa2-bdf6-4245-b797-be7497990765,Professional,None,0
745c236e-768b-4a96-a5b2-80678a5c8db9,Professional,10% Cashback,1
070f456b-7ce4-4f45-af90-9f39f4ad64fb,Student,None,1
be4a0bc2-3da3-4662-9073-34f230abf74e,Professional,None,0
ff37f9d6-4138-442f-b671-4a29bb58f679,Student,5% Discount,1
5ca4bcfc-eab2-4c59-8ac4-adf35b5cbdcb,Professional,10% Cashback,0
3b79ed2f-3a37-4d10-8667-be9d0a9a1417,Professional,5% Discount,0
b9e6f6d6-8159-42c9-b710-4d03e66d2236,Professional,10% Cashback,0
78532f25-27c5-49c2-a4a7-178d128e8055,Student,10% Cashback,0
327a2dd7-1fb5-4419-84f3-529e6c5ea325,Enterprise,5% Discount,1
9eec5fd8-39ab-4dfc-ac72-bf0cd88a9da2,Professional,None,1
834233d2-a8f4-4901-8c49-1abc5a4c57ff,Student,None,0
7a732617-e027-4be5-a0a7-fa8be769fd2c,Professional,None,1
b8b7ccaa-5672-4044-857a-e6f7ea7e743c,Student,None,0
56e935e5-6e90-460a-9812-214052c41555,Professional,None,1
8ba6b3a7-2fac-484c-841c-eab9d58ea9da,Student,Free Shipping,0
446c92fc-ca90-42a9-892e-c8dfa019f677,Student,10% Cashback,0
ce040a0b-4662-422e-be60-543a2a74f5a4,Student,10% Cashback,1
db905bc0-e522-4b78-b030-a34f74e4c90c,Enterprise,None,1
2b38d90d-fcbd-40d7-85b1-07a6d98fb43a,Student,None,1
a2ea5831-440c-47ad-9477-e3ddcca2a029,Student,None,0
bd7e0136-44ff-4b0c-a7b1-e1cd3511ba3e,Professional,10% Cashback,1
cb65cbdd-94a3-430d-8719-079f94e07761,Student,None,0
f09d757d-1ab2-47c0-8e3b-4c2bec9a3349,Student,10% Cashback,0
26c0e54a-cc2c-4305-b5d3-59423f747153,Student,10% Cashback,0
23c33219-2f61-4cc0-9b97-feb7da04aa09,Professional,5% Discount,1
b77345ab-0acf-43ad-8f0d-bae6863640ef,Enterprise,None,1
44af8934-6cbf-4418-90b8-2485af2ef2e0,Professional,5% Discount,0
ecdf6b22-b7a0-450f-a922-f07536093bba,Professional,10% Cashback,1
2db006bc-5ecb-4c0f-9dcc-ea0fbd50f3a8,Professional,10% Cashback,1
0e092d61-dc37-4957-be78-0128429eaa51,Professional,None,0
a458bbe3-a167-4b0d-b844-3a5ca2810033,Enterprise,None,0
d77d4343-b388-412c-ad51-004ece482f75,Student,None,0
811cb9b8-4bf7-4567-b7f3-b6af378aa824,Professional,Free Shipping,1
4574f9f8-768f-41e2-b5d1-2443c5b1d50a,Professional,None,1
9318deac-cbf7-4d3a-bb8f-3daebc056609,Professional,Free Shipping,1
f6571d04-4c76-4c9d-a9a9-862e60076df0,Student,None,0
50ab3af8-1381-4846-a314-feda1210e24b,Student,None,0
cc395ca3-2bb7-43e0-808b-a7473929b7a1,Professional,10% Cashback,1
816bf2fb-73d5-458f-b318-e51ddb69e39b,Student,None,0
e1bd4490-08ce-4039-8414-0f4ead29fb00,Professional,Free Shipping,0
eec00a10-9007-4ad7-ae75-abf55e43299a,Student,5% Discount,0
e871e608-3ec1-48d8-aeb1-ac5556a64321,Student,10% Cashback,1
e69218b7-90c2-4a01-a76a-ce0e21d48642,Professional,10% Cashback,1
b7e6e69e-c98f-4a57-afb4-0d822f24d22e,Professional,10% Cashback,0
21d916d1-9c8f-4875-aa39-673f0c3a41a1,Student,Free Shipping,0
f90b14b4-e912-4816-b7bf-73533c72a05a,Professional,None,1
e0cb15cf-5c71-43d0-b4fb-1cdcfb3153f3,Professional,5% Discount,1
ed9af048-edeb-4c4e-a2bf-0dc10b031e7a,Student,10% Cashback,0
0189fee5-9fbd-4815-8874-5ddb4bcf8e4f,Enterprise,Free Shipping,1
6ea74c71-c828-4b06-953f-c422375090b7,Professional,5% Discount,0
dc19531c-c672-488a-a641-a8eb2129ca5f,Enterprise,Free Shipping,1
12c6c374-9055-43f8-9a5f-3800e38f7b23,Professional,10% Cashback,1
f23c2b05-8ee3-413b-beb5-85bc801512c4,Student,None,0
ec42e7bd-2573-4e46-b9fd-aa20254cc84c,Professional,10% Cashback,1
12c9d1c7-0060-43b3-91fb-9c932cf6f97f,Professional,10% Cashback,0
34506945-90de-41ff-9ae4-42823e29a048,Professional,5% Discount,1
5479fa1a-9e90-4185-8b58-88146cdf7e41,Student,None,1
0d76b8b7-b28c-4161-8a64-d633492a6b26,Professional,10% Cashback,0
ca3b8c00-bd7a-4237-b0e8-3080102796f5,Student,None,0
8bd7b3e2-69b6-406d-b69f-303a5be18345,Professional,5% Discount,0
ecb4bd1e-c6f0-4de2-a275-6b63a21aed34,Student,None,0
b9b33be9-24e9-4614-957a-1caec01aa6ab,Student,10% Cashback,1
83fc6795-76b8-41fc-99dc-9b6da5881c6e,Enterprise,None,0
8879dd67-e417-47b0-bfe0-fb99164f919b,Student,None,0
1e8ce8fc-93c4-4201-a2f3-8463f7a6f0a8,Professional,Free Shipping,0
0ae69f26-f3a8-476c-9c73-0c9e494bd062,Enterprise,None,1
f1b9118c-c371-425a-b1e9-8cc97344bbad,Enterprise,None,0
b1a17d57-a72d-4694-8a01-4a6b47bbadd7,Professional,None,0
debe01ad-8619-49b2-a344-cd3f32f5edb7,Enterprise,10% Cashback,1
09385e9a-759c-4143-82f0-552f9d61ae1c,Professional,10% Cashback,0
7474e22a-8845-461f-b9aa-dcf4f5a0684a,Professional,None,1
108baa60-a257-4166-8998-3e2b77cd827d,Professional,10% Cashback,1
dc194c0f-6b3d-4a95-9332-1d61fc2a21c2,Student,None,0
c0c5c7ec-bffe-47d4-95ca-f050e6f42117,Student,5% Discount,0
46061a4f-7d6e-453b-837f-91d3006ef5ca,Student,5% Discount,0
2e154b42-27c7-440f-95a3-a5f579966bf5,Professional,Free Shipping,1
66281a4b-9093-4bba-bc2a-be23b7ae6c4a,Student,Free Shipping,1
6d469350-dd91-43fc-b793-5a8233bbb8b5,Professional,None,1
530cf51e-4168-4920-8e97-5ac05464a293,Professional,None,1
0a269bf3-4502-43be-93ac-f4b3706d264b,Student,10% Cashback,0
f106ff45-c865-4276-91df-df647cf66ea6,Student,None,0
451a345a-56bf-4fbb-bbbb-a52f5bf0da04,Student,None,0
e80b8a9f-a59f-45e4-ae45-ad6327c2e378,Student,None,0
3b07994e-fcfb-4a43-bdbd-82ea0c0a36f6,Professional,None,1
f0c1fe63-77b0-464f-bd7d-8639bf28449e,Professional,10% Cashback,1
03cbbdef-46f1-4d67-9bdd-ffe6d5b05c45,Student,None,0
7b21900f-72c7-45a4-b03a-95ce5ffe8106,Student,None,0
ea766b56-7f93-4bf4-b21b-ca34c69a7a25,Student,10% Cashback,0
c986d65f-1f94-4fb6-83fb-eb88cd836a35,Student,None,0
3113da35-a618-4d42-bef2-67473ddd0b27,Professional,Free Shipping,1
ec45a586-b874-4cca-b659-da7e1313f1eb,Student,None,1
180b93f7-9cb0-4a4a-a3fb-3e48d1713b07,Student,10% Cashback,0
2cf06947-afbb-4a08-9ac6-b2a736f99c79,Student,None,0
a400fa08-4727-4fb6-af99-462e3c3c2322,Student,None,0
d9d4e2a1-1f31-4377-be6b-d522545c4dbc,Professional,None,1
2a9790e8-36e6-467b-ba9b-8e82d254999f,Student,10% Cashback,0
ad489275-bd61-4388-b05a-6c6405d7f231,Student,5% Discount,0
7caef4b0-0aca-4e4a-9b03-192bb9b21a8f,Professional,10% Cashback,1
080ee061-6e64-4644-87fe-00a78c99bfc1,Student,None,0
930e2b6b-1d52-4310-830d-bb6bc92868f7,Student,None,0
75e585bd-0d7c-4e5d-8928-9e149519fad4,Professional,None,1
5863d913-34cf-4b19-8096-3b0f9e6d6344,Professional,None,1
13ac8990-4f42-4041-9c2d-950f37415442,Student,None,1
f71a1d84-ebc3-4396-be6b-acfbd526e875,Professional,Free Shipping,0
a0ec8881-2b49-4f69-8df5-38961ac768d8,Student,10% Cashback,1
c3201665-359c-464c-a71f-d92a25af717f,Student,10% Cashback,1
e1cd3087-9924-4d3e-8106-f31243436d70,Student,10% Cashback,1
96d45a41-c6a7-4daf-9299-aebd8036367d,Professional,5% Discount,1
511d8640-2b37-4f68-880f-e3e6d5258871,Student,None,0
ffe923b8-f58a-44a6-b017-397b6e9287b9,Student,5% Discount,0
d9cdd883-2e2f-4991-b789-f2980eeadb4d,Professional,5% Discount,0
e84635bc-34f4-4722-a99a-6343bc510223,Student,None,0
27b31de7-86f4-41c6-9f75-b42615260bad,Professional,None,0
e0779ddf-1c04-48c9-8ee2-a0e6a7b49fb8,Professional,Free Shipping,1
437c3f4f-2a05-4b86-9103-e3e97c0eee41,Student,5% Discount,0
a853c407-189f-427e-86b3-7270abeb2128,Professional,None,1
f83d788b-bf72-4c51-a003-13c49ed7c3a4,Student,10% Cashback,1
56a18d3e-ad96-4f5b-acd1-e43e783d1bf6,Professional,None,1
a8afc11f-49e5-4d35-a4e6-e465422382ad,Enterprise,None,1
a4f02f54-c055-4534-841d-23cdc2eace68,Professional,None,1
0430ea3d-2fe3-45c8-aa9e-30586e9a191e,Enterprise,None,1
d4eccc24-1e8e-41fd-be75-a67833a91efe,Enterprise,10% Cashback,0
ad4bda88-fcf6-41d7-b1fe-8e93d93cdb50,Student,5% Discount,0
c3916471-4aee-49da-adcf-ef3279cabd53,Student,5% Discount,0
2086b3fa-33c4-4c6a-a9e1-02b6cae6fb5b,Student,None,0
7b17817e-1d81-4c1a-95d5-86683f74887c,Professional,5% Discount,1
56cc6b86-6393-4b44-912f-36966747f95b,Professional,None,1
c1878ae4-9abd-42ff-a13f-0b2f22729e33,Student,None,0
29dbbe79-d9cd-4e4f-926a-35de791298b4,Professional,Free Shipping,0
9c9bc80d-299b-407f-931c-9cc8f365affa,Student,None,1
a42895de-c69d-4d76-a770-5ce4bb999bdf,Enterprise,None,1
2027b0f7-2bc5-437b-92db-924cac1d5483,Professional,None,1
fbdae813-2d5c-4372-a8ff-cf40f6b01522,Professional,None,0
40f72dbf-b32d-48d1-bdc5-d908a861a6e9,Professional,5% Discount,1
23b0b1fd-39a0-473f-9ba7-58f01073d9a4,Professional,Free Shipping,0
03f62f8c-3a78-4d10-b341-9451af2dac54,Student,5% Discount,0
5d866a00-4bbd-4a94-bd1b-3215f275ec24,Student,5% Discount,0
d0997bc8-c63f-4999-ba0d-1a1f9e69d252,Professional,10% Cashback,0
35d7a81d-445b-4b35-969f-152c793cc65f,Student,5% Discount,0
2a06e3b5-a1a9-4ed3-9e91-ba99499713f0,Professional,None,1
1ea72f62-666c-4cee-b9bb-44af421aca45,Student,Free Shipping,0
b86db7e3-3972-439b-964e-0bc941977ab3,Professional,None,1
7314c44d-e8fe-47a0-b6f8-ddcaa74b1172,Professional,Free Shipping,1
16de54f2-7c71-4299-b7ee-16c15fad723d,Enterprise,None,1
7b99e0fb-aad1-4553-bf56-bfa2cef0f6e9,Professional,10% Cashback,1
43d9843d-3120-4748-844e-aee2a2e97b33,Student,10% Cashback,0
4d608849-ffdd-4aae-9047-c828f3e95244,Student,Free Shipping,0
5d6a05fe-a841-4270-aeed-225fe8fb065c,Professional,5% Discount,1
477ca508-f67d-4f57-a5cb-979ac84ada43,Student,None,0
d76bc108-148a-4b31-983b-bef697d5adba,Student,10% Cashback,0
4e734d0b-4d07-436a-bbc4-a61b817adca7,Student,None,0
6a53cd2b-201a-47fa-a047-8c468ce1b857,Professional,None,1
debdbae3-e6ff-4f99-a97f-e4357caeadf3,Student,None,0
1dff9422-c87e-42a9-ae82-d154895bbbe4,Professional,None,0
3e8200f2-d796-4328-96c0-01b024005c16,Professional,10% Cashback,1
677d807d-510f-4e23-afc6-fef2f07d567d,Professional,Free Shipping,1
515ec403-3a95-4075-90c7-d30f355785d6,Professional,Free Shipping,1
dd7074cb-fef5-4273-b25c-41546f0656e0,Student,None,0
728df245-1bc2-48c8-a4b0-6524e7f83fea,Student,None,0
267fca2c-67fd-4bda-a30c-8793dbed24f7,Student,None,1
f3621478-ba0e-4354-b524-87a588ac2cc5,Professional,None,0
5608d152-5102-4d28-a62b-945585d2ff71,Student,None,1
59d5221e-96dc-4de3-99fc-0d679f87d44e,Student,None,0
66cbd092-7cd5-4284-9e86-e5a9b456b37a,Professional,10% Cashback,1
fb2ca645-0880-4edd-9e1e-40a89265ef2d,Professional,10% Cashback,1
75f7d817-82b3-485c-a103-cae914ee358c,Enterprise,10% Cashback,1
ab8d9561-788c-4e08-a7d8-db36eb58f98f,Student,None,0
a71b9e49-113a-43a7-913b-e2a2a5a63099,Professional,10% Cashback,1
faadfee7-aba8-4d0e-acf6-08f36a562f4b,Professional,5% Discount,1
a1a680ea-6981-4174-b04c-ea60cb99a384,Student,None,0
ee3fd74c-0d3e-4de3-b253-3f0ebec20808,Enterprise,None,1
2ff19648-a0b8-40c3-afdf-d32b85ccb1c3,Student,None,1
d67353f6-d948-41eb-b494-b7f0debf3f95,Student,None,1
0072f224-c866-42ac-b4fe-7d19757ca739,Professional,None,1
7b1ba9e6-bc3a-4bfb-8692-ff8e4d62ee20,Professional,None,0
20d16171-772b-4321-b6e7-db8d1e6f1bc1,Professional,None,1
b86a8388-d8f3-43ff-b256-fd59ee31c8df,Student,None,0
9969a2b3-9ac2-4349-8e9b-3fdd16978035,Student,10% Cashback,0
60c187c0-0947-4922-a4b7-ee21f679a86d,Professional,None,0
4cd5e0f3-a1e4-4d5a-b9e6-6da73e754e55,Professional,10% Cashback,1
0104a87c-767f-4032-96bd-677cf28fab9c,Professional,None,1
9622f735-43ac-4dd3-a1ff-62b44a950b48,Student,None,0
34410e36-4282-4f1a-b937-66eb0cba34df,Enterprise,5% Discount,1
f94a98df-d788-41e7-811c-494a3d546e90,Professional,10% Cashback,1
0f8bb5dc-ef82-407a-a01f-fde642352f55,Student,None,0
a7b2eae7-69c9-42b0-b4f4-e6ae42ea0c75,Professional,10% Cashback,0
cb16a088-60f9-45f2-b8fc-d1d5f8da516b,Professional,10% Cashback,1
2274318b-e31d-40a2-bb38-d9d4b5070e92,Student,None,0
04524273-4599-4678-8684-b1a71f4f645d,Professional,None,0
ef87630a-2dfa-43b4-9962-bf0b793904c8,Professional,5% Discount,1
7e832bad-3993-40cd-a0e7-0086f1a03c8a,Student,None,0
8d8f3cd7-754e-42f3-85dd-4b895808afc6,Student,None,0
c56c4f55-19dc-48a7-a651-ddfce1e26a53,Student,None,0
bf26f727-5fc0-4606-9a0d-a18b450a58db,Professional,5% Discount,1
9888a94f-7588-4ebd-ab24-482998142cd1,Professional,Free Shipping,0
ff6ea1dd-ad9e-4a12-819a-9584e99dc1bb,Professional,5% Discount,0
f1aa5c75-7d30-4eb2-ae13-72f97022c2cd,Professional,5% Discount,0
afd607d0-145a-46f7-9d5b-c87758179200,Enterprise,Free Shipping,1
0dd3e340-4934-4089-9a91-d6f4a33587a3,Student,10% Cashback,1
d6063d4f-2b0a-408d-aeb5-8a96384826cd,Professional,5% Discount,0
97338d24-dab5-48b7-96ec-83f8459e3ced,Professional,Free Shipping,1
9fdb21fc-1416-4e42-a734-dcb4ecace670,Student,None,0
eede28f9-e5e2-4acd-a75b-8fc631cb4a3d,Enterprise,10% Cashback,1
93927727-29ac-47f9-be14-b4c776a5d441,Professional,10% Cashback,1
5ad338c7-cd56-491f-83f4-fe41786134b0,Student,Free Shipping,0
853afa49-5cb7-4a7b-82a2-004e0a59816e,Professional,5% Discount,1
9db1d8aa-cbea-4716-8cad-008c1a2f0e86,Student,5% Discount,0
cb50ff3c-91b1-4c37-a6d2-535403d957b1,Professional,Free Shipping,1
52ac9337-0114-4939-912a-75f7aab70e3c,Professional,10% Cashback,1
db5ec688-bfa2-49c7-a369-410c4f31aa2a,Professional,None,0
a31471f0-8498-4715-99ba-80a496030958,Student,None,0
aca876f9-01fa-4995-800c-aa3d7aca10b7,Student,10% Cashback,0
fe522f0b-3363-481c-bd2d-51045c59fc25,Professional,None,0
4dd5cff6-78be-4099-a690-796d0b0030e2,Professional,None,0
6085e679-a7f4-4f9e-8a63-73d73f669f22,Student,None,0
8ed7bb65-7388-4bd8-871f-e35d9e6294ac,Student,Free Shipping,1
473b6a1a-8cab-42bf-808f-f7997acd0c61,Professional,None,0
f2ba0880-a4c8-43ad-83e2-5f78f2418f02,Student,5% Discount,0
b142c4f8-7800-487b-8b14-c92f7734ec3d,Student,Free Shipping,0
d4b05f4e-c633-4b2c-b5f8-9b01efe394f0,Student,None,0
f7e2db41-c6a8-479d-aa0d-139ec41bd42a,Student,None,0
81aa7220-6da2-45da-b392-b22304d9c22a,Professional,5% Discount,1
d757944d-45c4-42b6-90d8-6fe588ac563a,Student,10% Cashback,0
efe715f2-667a-4aca-b591-deb76d1c21f4,Professional,None,1
7edced67-7712-44b3-9afd-2f59c9a060c9,Professional,None,0
a2dc68ca-f279-4182-a936-f64ebaf8b8b7,Student,None,0
3e5b98d6-8fe3-4399-903b-58fc55a565d6,Student,None,0
e9ffea62-5973-4ce5-9e00-1f8559af331f,Student,None,0
238b18eb-e262-43b3-8255-933f65551936,Professional,None,0
75873907-efb1-407a-b302-db8d114d080c,Professional,10% Cashback,1
ebc35321-0451-471f-b28f-c98cfd77e57b,Student,Free Shipping,0
8ab25c9f-8516-4e4f-a338-bc73f69a7b5d,Professional,10% Cashback,0
fc850690-940d-4b87-af5b-18201b1950d8,Student,Free Shipping,0
83e94cf3-34e9-45f4-b47c-556dc56fa4fd,Student,5% Discount,1
eacf4db8-ba3b-469f-af6c-3049065d8453,Student,10% Cashback,1
54eb1baa-d6eb-48fb-8122-6ec01a294e68,Professional,None,1
f4cbc03e-b784-4a9a-b3f0-ebfefe214054,Professional,None,0
77e5e8b6-e67f-44dd-aff4-2c1550f3d803,Professional,5% Discount,0
8f70e87a-5b2e-412f-b093-6d5ce33a3be6,Professional,Free Shipping,0
120b10a1-0946-4892-9d88-082913c6ae44,Student,None,0
b7e3bad6-88c3-4df3-9666-0f27732e09f1,Professional,None,1
d241b31a-502b-4fc4-a8e3-82d9ce6c21e1,Student,5% Discount,0
06d31a8e-1a22-435b-800b-c18d2a772ff5,Professional,None,1
97e92166-fac7-4a1b-bdea-8783ef314be7,Professional,None,1
002a095f-a7d3-44b9-8530-38bc34976c29,Student,5% Discount,0
ecdd498b-d535-4e10-839e-18cb429c1f50,Student,10% Cashback,1
5f3ce0de-a7eb-4dbe-a14e-7461ef5a522e,Student,10% Cashback,1
b1aa36e8-eb6b-42bb-8b67-0daeded4b608,Enterprise,Free Shipping,1
5534e8bc-304c-47ed-a074-c0a6c48c5b4c,Student,10% Cashback,1
6d33d497-f843-43a2-8ca3-803298f8ee37,Professional,10% Cashback,1
39046645-8347-404b-b55c-7d47eede6ad8,Student,None,0
a9f522ef-6593-4eaa-90ea-2df0bf5f7b6f,Professional,None,1
2f9f5970-5852-4f71-b9d7-dd8e2a0a4b2a,Professional,5% Discount,1
80bcb421-3047-426c-93de-ae88f1c5e1aa,Professional,None,1
c86a9ae6-55ba-4f13-836e-a48cd2631832,Professional,None,1
5ea02538-fc66-4a3b-acc5-6679f37719c4,Student,None,0
8bcbc5a8-e950-4ff2-b1f9-444bba5dfe1a,Professional,None,0
69e12119-dad1-4328-b7fb-0a14d6bed65e,Professional,None,0
39ee0a93-b03f-4baa-bf6b-ca7fb7f6cd89,Professional,10% Cashback,1
bf74063d-0d33-4f44-9817-0d92f4ef8d2e,Professional,None,1
90d4af16-c2db-47db-89a1-e8c8de809e47,Enterprise,None,1
17afb706-2769-45ee-b18c-2dd0e6477240,Student,10% Cashback,0
bb1a11e3-bea8-4fc3-ba39-03524b133faf,Student,Free Shipping,0
280fcd99-d200-4d0e-8b3d-780cf80136bd,Student,None,1
b2f6fd78-ca30-4af5-a794-f0ca0ddbd50e,Professional,10% Cashback,1
9782fc36-7f11-423c-bfda-a90c97af97d6,Student,10% Cashback,0
a14f31cd-ef12-4a8a-b304-3e8af8c41aa7,Student,10% Cashback,1
f13fd012-468e-4a3c-9858-bcd57b31db13,Enterprise,None,1
e4c17feb-9cda-4c2b-9960-313c98dcce57,Professional,Free Shipping,1
80cb54e3-6383-4527-9f30-def8c6c7e378,Professional,10% Cashback,1
5238f173-758b-4367-94c0-0fb6d104bb70,Student,5% Discount,0
c315bba8-59a1-4041-8b60-0b9d3f049b0c,Student,None,0
2509fc01-3737-45eb-952a-52121c8cdc54,Professional,10% Cashback,1
611266b7-210a-488a-b13b-eff0216918c7,Professional,5% Discount,0
59221850-b7ba-44b7-b50d-67b2c1a37b1d,Professional,None,1
73dd2464-46c8-4b12-b5dd-c63d0233b0f0,Enterprise,None,1
ef464de0-61c9-4a89-a959-5c70688f6b02,Professional,10% Cashback,0
58ed8e1a-ed84-4bc0-865b-79fe31d614d5,Professional,None,1
2f2618e2-37a6-4cfd-946d-6537adbf5f19,Professional,10% Cashback,1
271e69f8-d80c-4842-b12f-ec4976e7b2c2,Professional,None,1
26b7ef6d-7bf5-4f92-a115-9bc7cd1ce8f9,Enterprise,None,1
1be584f3-8aa6-4498-a482-47af9df5d8c1,Professional,10% Cashback,1
1dbbe741-182e-45ce-856d-998024da4fae,Student,None,0
4f4f5246-d804-409e-b962-9a568944f060,Professional,Free Shipping,1
a885ca23-beec-4932-b5a2-528bf316fb22,Professional,5% Discount,1
fc032292-1826-444e-88e0-de90c166c425,Professional,10% Cashback,0
a59507fc-75ec-457d-8813-91c6a9e11de9,Professional,5% Discount,0
e9d24fbb-72e4-4168-b920-d3b18c84cbd5,Enterprise,5% Discount,0
7a9b5098-4c12-40ae-ba81-95301d839925,Enterprise,None,1
930a6eba-ad97-40ab-8ce9-396f30f10bcc,Professional,5% Discount,1
81ca4a77-8099-4109-97cb-81b598d6860a,Student,None,0
40a19162-4e26-467d-a12b-1c8ebf7ea9e2,Professional,None,1
98412798-14c5-4a69-9122-c7dc8cc0cf65,Professional,10% Cashback,1
ad72119e-f451-4f93-a9f5-30f2160cdb15,Student,10% Cashback,1
30f7a584-bff2-4179-b4a8-af71a5c10577,Student,None,0
8d6935a9-807b-4bee-a675-ee222577542e,Professional,None,1
44892317-fa44-4884-bab7-0aad82e23594,Professional,10% Cashback,0
47616e9d-f318-406c-b7fb-56ab7a984d68,Professional,None,0
57888c5d-e1ff-4fa9-a39b-6c212535cc4e,Professional,5% Discount,0
025b2e53-b2f6-4e3f-a631-0aed92ec0970,Student,10% Cashback,0
bc37ec40-6206-4785-ab64-1f3666720015,Professional,None,1
51f9b136-22c7-4511-aa94-26b79e9fdc4e,Professional,None,1
ea8d3ddc-2726-4091-befe-5f7dbe70aaa3,Professional,10% Cashback,1
3b7ad2e1-3ddd-4a05-a1ed-d1229b021689,Student,None,0
8a368fbf-f240-4339-be5a-a37cdd82ba9c,Enterprise,None,1
60fe9641-09be-4985-8d94-edc270e3febb,Professional,None,1
a47a534b-fcd1-4882-ab69-aea37af73abe,Student,None,1
8ebf95af-a847-420e-aeb2-05606e81a9d7,Professional,None,1
743d9e9e-71c5-4588-b2ca-bb172cca153c,Student,10% Cashback,1
335799e3-6b4c-4a67-a2cc-c64fe6706515,Student,5% Discount,0
26bdcd13-aa06-4a38-80d5-e68e6d00ed8b,Student,10% Cashback,0
5b1cb40e-71c5-4917-9522-30de132a48f9,Professional,5% Discount,1
df75f1a7-1ffd-43fb-8182-7ad50e5aeabc,Student,None,0
77036297-35cd-4dd7-844b-ecc435e6e919,Professional,None,1
5ccfe247-6a45-49b1-a5a7-0f04fe7e87c7,Professional,10% Cashback,0
d3f0b6f7-d651-4599-bb44-a194a96077e1,Student,10% Cashback,0
a15b49bc-43c7-4ad6-b84c-b76c35de96df,Professional,10% Cashback,0
44da6548-043d-4eac-ab3e-0f3072c14888,Student,10% Cashback,1
dda14023-868c-4b16-a3eb-86c5c625496e,Professional,10% Cashback,0
d29920a5-f635-4867-997e-f9ec03f86b51,Student,None,0
013e21a7-eefc-47e2-9e49-0cfed1eab761,Professional,10% Cashback,1
a0e341fc-3dd2-4504-8c78-735c6b3bbde9,Professional,10% Cashback,1
99fdef5a-50a3-49a0-8c3b-ecbf1a426c4d,Professional,Free Shipping,1
ab266826-f2d7-489b-b3f0-8f0fd081a030,Professional,10% Cashback,1
c042d396-8b68-409a-a073-48b6c2d4d807,Student,10% Cashback,1
e0fce8f9-e00c-415b-89e8-78ffa88eede0,Student,10% Cashback,0
97110a6c-0149-4697-a876-250445a95323,Enterprise,5% Discount,1
0c5cf1eb-1a23-47b1-b96c-7a2dd7b94452,Professional,Free Shipping,0
dc4c8f64-a45e-420f-9ab4-c0f51b54932d,Student,5% Discount,0
7886ed60-04f8-4874-82b7-024282c46a7a,Student,10% Cashback,0
cf8a26ca-2696-4a2a-a155-61d4d7520858,Professional,None,1
dabb7995-95c3-4b2f-ab02-d9c8e4b52883,Student,10% Cashback,0
28b9184b-3745-4737-9e20-b64097fd7408,Professional,10% Cashback,1
cd674ae7-e8cd-414e-9422-68c41c966649,Enterprise,5% Discount,1
1d0b18fe-ecf8-4d52-8ec6-2ffb123e8459,Professional,None,1
ea3d0dcd-d94e-4532-9a03-c12a6d173c76,Student,10% Cashback,0
3e448122-39aa-4106-b9d7-964f123223a5,Student,None,0
9eb321e5-a0a4-46da-b237-a151353e18c6,Student,5% Discount,1
dfb49cfb-38bf-470a-b381-e81dc93e6e36,Enterprise,None,1
39850e0a-6dc8-4264-ab67-9eb5d06556df,Enterprise,10% Cashback,1
293b9aa7-1a99-40c4-b559-dcfb4567a934,Professional,None,0
01d70ae6-008f-458c-8233-6ccd74fe1e83,Professional,None,0
f2f5fa79-a6a9-4636-b69e-9dced426b40a,Student,10% Cashback,1
050d3dee-6269-44be-981f-9aa103a23d1e,Professional,None,1
3d2f5734-6c64-4681-a6a8-b78f612d0397,Enterprise,10% Cashback,1
fd24788a-496e-4cb6-bf93-e72102127770,Enterprise,Free Shipping,1
db20df02-1d5b-42c9-b68b-1dfbc6190cb0,Enterprise,Free Shipping,1
765e6554-b657-4911-9100-2d56ceba7670,Professional,None,0
a3d8015b-7610-442c-98a5-1131c89001fd,Professional,5% Discount,1
17663f92-a60d-48c9-87af-795cc1cf4e01,Professional,None,0
0666e50e-aebb-4f10-adec-30025427ebb6,Student,Free Shipping,0
882c0d20-8466-4f08-aee2-b797e1074e18,Professional,5% Discount,0
73493a2d-214d-4b74-b689-9d5d31a731bf,Student,None,0
3dbcaf2f-8c43-479b-ac5c-cdb554492b16,Professional,None,1
52026c9d-2eba-43e9-ae72-693768ab9433,Student,None,0
2a1043ff-c30e-484c-88ed-0b2461ed8f0f,Enterprise,5% Discount,1
f92df28a-fc99-47df-81eb-d92b2d644ef3,Student,None,1
c8e363d0-ac03-4bf6-9c12-327e2bad5625,Student,10% Cashback,1
5ab112e8-c536-41c8-8f94-e18c862f8cc8,Student,10% Cashback,1
d99153f5-a574-4547-9aaf-1f7488597628,Professional,Free Shipping,1
15e5ca32-7f16-40bf-b0f1-4e1c22b19c82,Enterprise,Free Shipping,1
8c35a174-4328-4938-a7c0-04690312838b,Professional,None,1
2af62079-2dd4-4140-9e98-7a1cdeb09d7e,Student,10% Cashback,1
4f42a143-b431-41ff-8661-f682b658f779,Student,5% Discount,0
701f6691-3131-4ff5-936a-25cb5769a054,Professional,5% Discount,0
3f397436-bc55-462b-9ee9-86a8c5a4b8ed,Professional,None,1
67eccb1b-8f76-4cd9-a396-ffa697ad9e5d,Student,None,0
f770d526-ae34-4509-9b2e-bdbd3c5183f3,Student,None,0
91c1499c-0708-43fa-a382-90d4cfaf065b,Professional,None,1
ebba9d0a-ce8a-4dc0-8e9e-da4b6bf52b29,Student,None,0
c7757faf-524a-49c1-9990-84229fc6e55d,Professional,None,1
d27f2028-59f8-4730-a549-1f5794746909,Professional,10% Cashback,1
fc781e8f-f2cf-4ca7-9f81-33371c995a42,Professional,None,0
45a549df-459f-4ca9-b41b-4a9e4277c12a,Professional,10% Cashback,0
abfcf40a-c10b-4736-9405-a7f9aa6d5a07,Professional,None,1
d857c5fa-f3d6-49c1-88fc-c509ebba940d,Student,5% Discount,0
57f9d722-b802-48dc-b2bd-9b3c3a2294fd,Professional,Free Shipping,0
840efe4f-5da2-4c7d-b16b-2bf76a447399,Professional,10% Cashback,1
a988f3b8-d061-4de0-a8ef-fa0fd49b246f,Professional,5% Discount,0
c77626fa-0c42-4673-ae59-d078b56087a5,Professional,None,1
cb73974f-346c-4ae3-aa1c-0762005381d2,Professional,5% Discount,0
45683241-9dab-4170-bc57-4eafb8f9ae51,Professional,None,0
ef6ba979-6c0a-46fb-8bf8-4157301a5f3b,Professional,None,1
dbe42c4e-4d49-4584-a576-b69b75e516a9,Professional,None,0
16af4fa1-c6db-4b51-b9e9-ef6066580cab,Student,10% Cashback,0
097e0251-a2a1-4687-bf44-cc2e89d39e6c,Student,None,0
d1cca46d-7e5e-448b-a848-b5672797b6a7,Student,10% Cashback,0
3f784f5a-301f-43bc-8536-326ae803064a,Student,None,1
77dd23e9-0cd3-4554-9bef-2018402f9558,Professional,5% Discount,0
89acd140-41a5-4fef-a3cf-64453b1445b9,Enterprise,10% Cashback,1
6167f9cc-020e-46ff-ae20-04c340c06ee1,Professional,None,0
72859362-9819-408b-8f6c-8e7aa6929c55,Professional,None,0
7f36e4f1-36ea-42c7-a9e3-99ecd557a7af,Professional,5% Discount,1
c6fb913a-9d26-470e-bb09-8a6301e5b311,Professional,None,1
96aa3876-6fe3-4554-912e-ae5f94a85192,Student,10% Cashback,0
9be4c4a6-b0f9-4ce9-b5e1-9b1085252635,Student,10% Cashback,0
2a18cbea-19ce-4923-a6b8-65b0ebe15783,Professional,None,1
983a7fe8-eaab-4f15-a6ca-33d024f66b69,Professional,None,1
cb5dfb83-6700-4fa5-b382-0e360f090d4b,Student,None,0
2bd0ccde-ee9e-43a3-87fc-8a9d5fba62a7,Professional,None,0
b6097c1b-bea9-47b3-b852-ba8959da1717,Professional,None,0
faf14e38-5556-490c-847e-20e99b7e7d2e,Student,None,1
967762ff-a436-4d83-9dc7-dd39bc6d3ab1,Student,None,0
189bc3e1-be41-437b-b353-2672a60f6134,Professional,None,0
f30db31b-ee8a-497b-a1ea-109833369e50,Professional,Free Shipping,0
443da7f7-4100-452b-8809-d2e7ffc01bc5,Student,10% Cashback,0
8f5217db-3de9-42b3-8596-7068550da29a,Student,5% Discount,0
201537ec-de09-4b64-a493-4bc6020708d2,Professional,None,0
b5282236-8cc9-4924-8b18-8dda2a4b3988,Student,None,0
0d007d6b-0b45-47fa-9c39-d6884e55b421,Student,5% Discount,0
227d9bef-c69d-4d0b-af1a-1f1e7d11bd78,Professional,10% Cashback,0
da36729f-a5c2-4ade-a34a-518144e30497,Enterprise,None,0
47f21cde-c473-4bb9-8000-07cd424bec58,Professional,None,0
348f4045-4d24-4167-ada6-f42ccac085f0,Student,10% Cashback,0
35d03b28-a2db-4564-a0d7-39746e6af780,Student,5% Discount,0
5bbef293-28e4-4eec-a620-e1003d791295,Professional,None,1
fd75246f-8dc0-42a5-a4bd-a4668bf88fd4,Professional,10% Cashback,1
448598f6-a89c-4a7b-b558-f5d13b141747,Enterprise,10% Cashback,1
bf11b4b2-0b42-4eba-9213-4ba19324799f,Professional,Free Shipping,1
0a630f01-c9e9-403a-99a2-5f96b8bc7897,Student,5% Discount,1
1c762ea0-d7e2-4ccb-bad5-353a941c1dfb,Professional,None,0
be9130b7-c8a9-4615-b70f-2382c0c2359e,Professional,10% Cashback,1
2c3206b9-4aa7-4c6c-952b-5ed763d684db,Professional,5% Discount,1
c732ba49-a0ec-4166-a70a-afe1ec8e8fe8,Professional,10% Cashback,1
b0604a4c-6ae0-4cf1-9725-fc98802640ac,Professional,5% Discount,1
ccf17970-ec4a-48d6-862f-6e3bd52f71ff,Student,Free Shipping,0
1a2e2e99-8b5c-4b14-ab3e-76cb82ccf334,Professional,None,1
fe92d8d7-1763-4bff-9c3d-a5c07f719dc6,Professional,None,0
4251daf3-9caf-4f24-93f3-bcf02d558e7c,Professional,5% Discount,1
9f3c4182-c454-4037-b3f6-728f2f2edb7a,Professional,None,1
d1d5d8a3-875f-41e9-bc3a-d04db8e86ff5,Professional,None,1
eda4c17b-81c2-498c-a0be-3bf7dcc66c4a,Professional,None,1
1974d5f5-63fb-48f5-9732-b81ba927d88c,Student,5% Discount,1
4f88b804-4a50-4a4f-9959-dd323a00dcca,Enterprise,None,1
2ae7e67a-28b5-43ea-81b4-583385f35c2d,Professional,10% Cashback,0
68ae789e-3611-4c39-b9c9-3849bc2472da,Professional,None,1
5cad50c3-0248-418e-b183-e42fbbbcba3a,Enterprise,None,1
ae623fbd-e470-488e-9271-8ece44e78a9f,Professional,None,1
dd9380df-644d-4517-b017-c5ecbed60cac,Professional,None,0
99ea357e-a71b-42e0-8e32-ccccc24df708,Professional,5% Discount,1
ccc66d69-9ed1-4155-b5de-776fe150e76c,Student,5% Discount,1
13c0fac8-325d-4d3a-b09d-8ca1bfb1ec7c,Professional,5% Discount,0
1d148e98-baec-427c-93c1-30dabe4bb3d9,Professional,None,1
2a6fe1a9-c4ed-42a3-b4c1-2d31a6459be3,Professional,10% Cashback,1
d4a936d1-2da8-45be-96b4-877a18b47d14,Professional,None,1
753c0d0a-c3af-472b-83c2-9737780b1fd1,Professional,None,0
167fa0c7-ef1a-45af-8c6b-62223d18dfbd,Student,10% Cashback,1
63930f85-53ae-4e59-a29b-8b01e7c3690f,Student,10% Cashback,1
9eeae47e-8b22-4964-a8d3-3f7380c94d7c,Professional,None,0
9de13fff-142f-4cc0-8540-f099c73d74af,Student,None,0
76c3b95f-e2ff-4cb9-bee6-44d86689bbe7,Student,Free Shipping,0
f55cbd9c-6d0e-438e-8b2e-c8ccf0ff3877,Student,None,0
8afe2c90-a897-4523-9b6d-47c0ecb53a4d,Student,Free Shipping,1
248804d0-e543-48de-8d1e-70a9ac5be88d,Enterprise,Free Shipping,1
6b9739c7-543d-40d3-837b-e0a38b20a081,Enterprise,10% Cashback,0
916b975e-7794-4bab-acc4-af1b185a3fa5,Student,None,0
7a836842-7912-452d-9f08-3bcc4042a8de,Professional,5% Discount,0
7d1bb132-149e-475c-bc41-396d6134faa7,Student,None,0
c4c53363-3be2-422f-a003-fdefff84a3de,Student,None,0
be4d2e8e-e767-4099-99c3-c0c2c35ce90a,Student,5% Discount,0
a7359a88-9cd7-4dbe-a37b-232ff4c62e47,Professional,None,1
8cc8cad0-94b6-43ed-b5cb-ef2985d3672e,Student,None,0
d097770f-1de1-40ec-b3d9-a8b7fb3335e6,Student,10% Cashback,1
b702ab5e-2f3a-4108-8684-baeaf608a516,Professional,10% Cashback,0
4554393b-b701-48d9-a140-2b6aff1157e0,Enterprise,None,1
444c5b47-f794-4d49-aaf1-061109d17bb2,Professional,None,0
660ae1ed-1347-4404-a52e-2a2813f92745,Student,None,0
fb97b86a-a870-4287-9bf1-94d2c70df81d,Student,None,0
9e38fe93-d196-4898-8f58-57747bd9fdae,Student,5% Discount,0
ae6e0b30-9260-4113-9a3a-3bfec6db343e,Enterprise,10% Cashback,1
88507941-5540-4154-9ea8-ecf3ffff1f9e,Professional,10% Cashback,1
2209bf8c-305b-4ae2-834b-86c78d77aca7,Professional,None,1
d1c1f008-bb98-4d96-ba13-1c9693e5a376,Professional,None,0
8f0a4ca5-4716-4924-bbcb-8093b829c511,Student,None,1
3a99c485-d4f3-45a5-a060-5d4f32623939,Student,None,0
b9641645-d105-458f-ba94-d067f60cc80a,Professional,None,0
e877ac85-786c-48b8-8a28-f4953f9b11d9,Professional,None,0
3c581e2a-9588-4c1b-8c6d-0ec697addfb8,Student,None,0
3220ec6d-1647-4e0b-9bfc-3f8862f6040e,Student,5% Discount,0
afbd7fbe-fd16-4a72-9ca0-e83d316157ec,Student,5% Discount,0
28b1eb9b-cfa0-46ee-8467-f57f208fa9cf,Student,10% Cashback,1
fdd01712-d083-41ce-8523-139f25895249,Student,None,0
c3798dc0-c8b6-47a5-ab55-bdafd7671b21,Student,5% Discount,1
9d494982-348d-4de6-beb3-bd68448988e3,Student,Free Shipping,0
355a87cc-77e5-4dbc-8db3-b9ee13c38854,Professional,None,1
741dfcb5-ba19-40dc-b00e-4c092cac670e,Professional,10% Cashback,0
fdf57894-4fc9-4a17-a7fe-185f24f36f45,Professional,5% Discount,0
783e83e7-d788-4444-954f-db269bbd5916,Student,10% Cashback,0
6b8b87cf-e3e5-466a-8ac8-edf332d26b72,Enterprise,None,1
a439b822-eee9-498a-8385-363d60f0d5b1,Student,None,0
a219d5e6-463b-4c0c-a05b-de6b94d96d52,Professional,10% Cashback,1
d2304e8f-d263-42f8-b004-652633802947,Professional,None,0
d5374bd3-d9ff-44ef-8617-7a5e0aa6dfd1,Student,Free Shipping,0
55d3f2f8-3377-41cf-b12e-19db12bc0782,Professional,10% Cashback,0
fdf65ef1-abd6-46e9-a47b-8463ddbb0ec5,Enterprise,None,1
eeacef83-394b-400b-aaf5-f568de99c57a,Student,10% Cashback,1
10c7cc6b-40ef-4ab0-888f-7c42285b88f2,Professional,10% Cashback,1
29607758-9600-4ca9-b24e-496537849c15,Student,None,0
7f1c4e06-c7e9-44f8-b7a7-daca3fbc0712,Student,None,0
c0da68f1-196c-44b1-b522-d36a8d070182,Professional,Free Shipping,1
87406d05-4c24-491a-89d8-ef272c3fd781,Professional,10% Cashback,1
558ee777-4e87-452b-81fe-44f3aeafa198,Professional,None,1
203c88d0-ac62-446e-a1ae-5ddc552ac377,Student,None,0
550e3db9-7a60-45d0-b0a1-196c0c040bf4,Professional,10% Cashback,1
659cc6e3-f442-4811-b3b1-40032c4c2b28,Professional,10% Cashback,1
ef987e5c-3374-439a-8998-b9faee1c2e87,Professional,None,0
a017eaa3-7256-494a-9452-93d1bc277fde,Professional,10% Cashback,1
af908cfd-d924-455b-9d16-4935eefa5bf0,Enterprise,None,0
95620704-0acb-4d8c-94df-c00d31c9a472,Professional,None,1
2c8c5349-58af-4a18-ad6d-567e06dd3946,Enterprise,10% Cashback,1
4aa4bdb8-75be-4647-9b50-5724b71a08f9,Student,None,0
c83e2be6-f9c2-472c-889c-e726bf2a50dd,Professional,5% Discount,1
dfaebaaf-43c5-489d-82ab-c14110401898,Student,None,0
25efac6b-8097-44a8-a7d0-039033023316,Student,10% Cashback,1
b7658434-cf7c-4d48-9b7f-2ec88e40a08b,Enterprise,None,1
658b6870-a4a7-4178-a97e-6e43415e9543,Professional,None,1
ff75bcc2-fcdd-45bb-b36f-86a20e2e8522,Student,5% Discount,0
570b9356-10d5-4425-8561-76cb4e869265,Professional,None,1
caa28840-7c4a-4ac3-8b92-78899ae16d8f,Professional,10% Cashback,1
f521ff13-f65d-4983-8fbe-154e0576d482,Enterprise,10% Cashback,1
a842cd43-24a6-4cd4-8499-4ecb8cab88f7,Professional,10% Cashback,1
1fc9a3d5-a0ec-46fa-ba33-fd71fce007bb,Enterprise,5% Discount,1
ce3776d1-e5df-4905-8e2a-3ebfc923c045,Enterprise,10% Cashback,1
49d61087-dab9-4320-ae8a-3e667d2c84cb,Professional,10% Cashback,0
dffa5df6-b20f-4035-9ada-d8794dc72c1e,Student,5% Discount,0
6352f7ae-9704-409f-8917-ffdf1c1edf88,Student,Free Shipping,1
bdf5797e-5700-46e7-9ab9-02742daa0d42,Professional,None,1
74d74dd6-0101-44b5-a888-da0b5f5fd38a,Professional,10% Cashback,1
2ee5f0a8-d703-4194-9a0d-8e679b75989d,Student,None,0
b4984e1d-4c08-40e8-a5e1-a9b67580498f,Student,None,0
6a2d1a69-aa9f-4d60-a892-639ca4e33376,Professional,None,1
4aef06d6-4d7e-4e6b-9af6-0e7936d41de9,Professional,5% Discount,0
6501115a-34b3-4fa0-b01e-392474e3a542,Student,10% Cashback,0
07e1c6c0-2e60-48d8-9cd2-40a200a5d214,Student,10% Cashback,0
b4b80a2e-5343-4c85-9a50-496503306fe5,Student,None,1
722f4dc3-42d7-4c69-922d-50846dad0d07,Professional,None,1
b679ddb3-5a4d-4711-ba56-1130eff43e0b,Professional,Free Shipping,1
6a74dec7-baa2-46ff-beab-eabf7c1bec6c,Professional,None,1
c5200588-c23f-492e-bd20-7e549c3f4f0f,Student,None,0
13c76ccb-bbb7-4897-859a-1943bb84d8d0,Student,None,0
9b4bf687-adf4-483c-8afa-9f4255857627,Professional,10% Cashback,1
fb4fd828-bbb3-4d06-b693-4e07a4ef7f7b,Professional,None,1
b658ceb9-a6fe-4375-8729-ba6669550f31,Professional,None,1
a118b803-cfad-42e7-a2e0-74890e192a6b,Professional,10% Cashback,1
a8b72b76-3075-452e-ae50-c3519864d85e,Enterprise,None,1
0f04372b-d740-4e5b-9e2b-747837c2c8ff,Professional,5% Discount,0
24c9d916-9ab5-4587-a43d-025a21d4e802,Enterprise,None,0
3cb21106-c29b-4615-b222-1db5df7ed547,Professional,None,1
162aa9af-2e6e-4372-ab9d-05cb3281e44d,Student,10% Cashback,0
f507c250-6362-42be-8d01-d0edcb549e45,Professional,5% Discount,1
36686d2c-dd4e-4311-9af1-b636d178c659,Student,5% Discount,0
1a5037db-8208-4c4a-811a-b3f277874a7b,Professional,10% Cashback,1
c3ed639b-1be3-4a9c-bcba-6238e15c8705,Student,None,0
86b4867f-02cc-455d-bd25-84e9d7833011,Professional,None,1
f0ec71b0-93cf-49eb-bacb-fe22605b79ac,Student,None,0
da2953e7-198d-4f30-92d1-2937e3ade0c9,Professional,5% Discount,1
a86e42fa-91f0-4c3a-b2e5-489269f8fd84,Student,5% Discount,0
5ef78dd7-66f0-4029-ae61-e1a12f83bece,Student,Free Shipping,0
7881849b-061f-4ee8-bd9d-a234e710d35b,Professional,None,1
59cbb369-d3d1-4afd-8485-ef1d5baabdd9,Enterprise,10% Cashback,1
5df88608-26f0-4061-963b-2ee7fa8bcab0,Professional,10% Cashback,1
7b83da7d-cf43-44bd-9d7a-55119f8bea8c,Student,10% Cashback,1
049d6f76-5f01-4c23-a537-a8a39bcf2ba0,Professional,10% Cashback,0
df13071a-0e7e-4331-82ab-26c503332639,Student,5% Discount,0
deea2a69-5f40-480d-a2c0-29b16ae5de94,Professional,None,0
e101f7ce-0df2-4716-83b8-5a4b97d27d58,Professional,None,1
c03a5ad9-7e42-40aa-908b-545b3d0e40f4,Student,None,0
6baaad9e-189b-4b86-a8ba-85218688a2ab,Student,None,1
f1f4ceb8-baa2-4b10-894b-0d723c57a22b,Student,None,0
b6f33f77-4be6-429f-a308-4f80b42fd7a4,Student,None,0
8c76b327-d086-4676-8f4a-cba20b840847,Professional,None,1
4ddac4e6-e6c5-4120-a298-152e200c119a,Professional,10% Cashback,0
a2676ceb-b08f-4582-8bf8-63892eb4dd66,Professional,5% Discount,0
ac02799a-122b-4d28-80df-1ffecc8bc0e2,Professional,5% Discount,1
63764a2d-d507-4195-90b8-04b4b124670c,Professional,None,0
78309a4f-12f2-4914-b050-3fa971b3efd6,Student,None,1
6902d034-0d1a-4cb9-8e39-3ceddc188c41,Professional,None,1
89fb12d1-85c4-4d3c-886a-bc17fac66579,Enterprise,Free Shipping,1
77de273a-078c-4b46-ac5a-56bb50cc85a8,Student,10% Cashback,0
553a7a82-b2de-4ef7-913a-4108a4abc95a,Enterprise,None,1
fc00ca9e-bb5f-4b42-97ca-dfcb06b9104e,Professional,5% Discount,0
ed50e05b-f7c7-48c0-aeb1-459e72b0e8ed,Professional,None,0
3bad7bca-145e-46a4-b9e4-b4a05241b333,Student,5% Discount,0
b4b79dc0-3f6e-4578-8c6c-0cf8f5da8da0,Professional,None,0
62a3c040-6697-4e15-b4a9-054277b0ceee,Student,None,0
9ad10045-64f7-4ff9-9ccf-45bb30201ebc,Enterprise,10% Cashback,1
148bde5a-bc47-4378-93c4-093005ca1850,Professional,5% Discount,1
5ebf0051-bdc2-4611-b962-a0fd645fc43f,Student,5% Discount,0
63a9cd2c-4740-4884-b45d-d1c85ac81409,Professional,10% Cashback,1
acfd96c2-62ff-4fd3-890c-a60f8da90c3f,Professional,None,1
12172fe7-dd8c-4c97-b327-2ed41da2cdcc,Professional,None,0
aa32e197-6c91-48eb-b69f-58cb1b7f1b4f,Professional,Free Shipping,1
3d7a6408-a1f5-424f-b1e2-39cc974af29e,Student,10% Cashback,1
a805ecc8-045e-4d73-bda0-fd0e72923010,Professional,5% Discount,1
8e5d170e-38b2-421b-9ebf-915bfe01cc07,Student,None,1
b9e51db3-8289-4e33-898c-1dda7166666b,Student,10% Cashback,1
4f46292b-c24e-41a0-98bc-401d9a30f022,Enterprise,None,1
1efe47ec-2e5f-4903-81e1-1c56bbc7f853,Enterprise,10% Cashback,0
26132200-f6f4-469e-a0be-92a720cb1e79,Student,5% Discount,0
278d5463-6843-416b-98f1-29b975d1977a,Professional,10% Cashback,1
9c2be51d-7c49-4b0f-a616-5c012ad45ae6,Professional,None,1
38bfcb61-577d-440c-9a1e-7b9cb87c07f8,Professional,None,1
6cd6e07a-e2b6-46e4-8612-6b80495b4f9a,Enterprise,None,0
b233d1a2-b1c4-4562-b692-7b0789aa9520,Student,Free Shipping,0
e7a0a98a-4ee3-45d8-9a24-e10431b1c881,Enterprise,None,1
cd3642f6-5694-4180-9341-ee38548af275,Student,5% Discount,0
bdde758d-9d3d-41b5-82e7-320db811950d,Enterprise,10% Cashback,1
da2bfc46-303c-413e-8792-679023176e0d,Professional,5% Discount,1
cfd0b2ef-4973-4c22-9bef-d1e2d61d7144,Professional,Free Shipping,1
3db88f9f-a64a-4f61-a058-9bfc71d155ee,Student,10% Cashback,1
e5030802-638c-41e6-8264-cbb9bbd21bcb,Student,5% Discount,0
22764697-0fe4-4173-9278-07947b6d8abc,Professional,None,0
0e18ff48-69a4-4658-9bae-a72642b01e24,Student,10% Cashback,1
bd3560e2-14c9-4b60-82a7-94f3acf987a4,Enterprise,5% Discount,1
7449e6cf-9db4-4d1d-9a31-e8930d84c001,Professional,None,1
727ac5cc-d57d-469d-a19b-b64b13b85892,Student,10% Cashback,0
1cb97d4e-e378-4c92-a966-b292db5fc5f3,Professional,5% Discount,1
4b921f4f-5f74-4125-b1bd-3d96d4441077,Professional,5% Discount,0
e6054cff-d4f1-4cd0-a06d-a0ce9b146a13,Professional,None,1
c0ec9031-4e2c-470b-b339-6026ed9f4567,Student,10% Cashback,0
e006a0a6-4c6e-43c7-95fb-d3a419e8dba3,Professional,None,1
8a06edd0-de12-4ab7-a946-1634da9fb8a2,Student,10% Cashback,0
06c15a83-319a-411e-a348-b21b38244abc,Professional,None,1
ddf3bca5-dcb4-49a4-9ec5-1e7aa40f9129,Student,10% Cashback,1
91a1bd09-268f-46ce-a450-813a17fae0c5,Professional,None,1
e52e4fea-4baf-4b9e-ad1c-180a35af1970,Student,None,0
45318e2e-3d80-4397-91da-9fcef81d4fc0,Student,None,0
110682d4-f8e9-4173-8e69-ab8d87499fc9,Professional,None,1
a5d334cc-3663-4399-ac97-4869f4059824,Student,10% Cashback,0
c2ff4776-6293-463a-9700-47ee375d9a74,Student,5% Discount,0
f3672f90-0823-4aef-adbb-c549bea233b7,Professional,None,1
8404283b-c34f-4716-acd9-94fe80ce69c6,Professional,None,1
dfbfaf93-e4bc-4a8e-b6c3-987d556457c0,Professional,None,1
e13f335c-945a-441a-8328-25dff26ae545,Professional,10% Cashback,1
551c4300-4882-4db5-bd25-9f0f6c149dd9,Student,None,0
b6ae79a7-85f4-4441-8038-6f38acb87aef,Student,None,0
55c4ef74-b7f0-440b-bde6-3910d07c3210,Professional,None,0
67bcfdc9-a374-40fa-8150-4c6353d33bc4,Professional,None,1
fff9d809-ceb3-4a20-b139-abb1db00b719,Professional,None,0
88e4a63d-d587-4d8f-a2ed-97aeb5f56db4,Student,None,0
d3d5b020-7c55-48d5-9046-31cbfcc2c600,Professional,10% Cashback,1
89cf38a9-6795-4884-9033-f1eaa39e14b1,Student,10% Cashback,0
25610351-1234-4cf6-a375-e58a15452fe7,Professional,None,0
5e84a891-be27-42d2-bb6e-72108261f441,Professional,10% Cashback,0
99da0aa2-6b4e-42ef-af30-77a957c85c34,Professional,None,1
d7cbb588-923d-4581-a8dc-37ccd1fdc016,Professional,Free Shipping,1
fcf99050-1eae-405b-9e30-78bad60a55f3,Professional,None,0
5f37c5b1-db4d-4a2e-87f5-3f7ba7b0f4c1,Professional,10% Cashback,1
9b88f685-8575-4a3a-9f45-0015cf0f3730,Student,10% Cashback,1
eb6ef6e0-9a40-40c7-8ff5-2dd2b74a42cf,Professional,None,0
e437c82b-45cc-4bcf-b0d1-332770beab0e,Student,Free Shipping,0
1132a6b3-049a-4e54-a08c-5fa1f15de3cb,Student,None,0
9fcbbdc0-7d56-4f0b-ac45-c49959be4288,Professional,10% Cashback,0
860ea897-e119-4768-bde9-50cfe520157a,Enterprise,None,1
3fa0417a-f091-4f89-85b7-69ca45fa9bfc,Student,None,0
02f9303d-0e8d-4177-b249-dfd694b33aa2,Professional,10% Cashback,0
8ce6deb4-973d-4b6f-8201-3dd04e1dca22,Student,None,0
69553352-0794-46e7-8251-ccb276689d29,Professional,None,0
e13e531c-0c99-43fd-9b9a-0b63773d5ba4,Student,None,0
7fe4e664-946c-42e4-88b5-f6f1f09e8a87,Student,10% Cashback,1
a7fe27ec-ee4e-43fa-b709-7887e2ee1314,Professional,None,1
e70d5d8b-8d7c-4189-b7a0-8dcfd2a7cdf6,Professional,None,1
c3c3a4c5-b476-45b0-ae5d-649d1381cc2b,Professional,10% Cashback,0
b83d110e-00a2-4d6d-9bbc-db6514c4e6ab,Student,None,0
d05f6d7d-f078-41cc-bc54-d477b9e72076,Student,None,0
d96211fb-b917-4e68-aee5-0e77dbe4597b,Professional,None,1
3f73b316-8524-4273-aba6-07a2adf48d69,Professional,None,1
be4a586e-be50-416e-a843-bf449d8ea7b1,Student,None,0
a2be46dc-9fbd-49a4-8f8b-ea3b947eb9ce,Student,Free Shipping,0
190cd0d2-518b-40b9-abbe-68dd6a9d65b3,Student,None,0
c75c9227-121e-4573-a30a-97fd4d618473,Professional,None,0
9876dcd2-bf78-4526-9b99-95f531477069,Professional,None,1
1f7ca7d8-bc56-4c04-bf41-cf472efec7c7,Professional,None,1
fe49df4a-5b19-4ea0-86ed-f1fe76a6166b,Professional,10% Cashback,1
a32ade1c-4102-46b9-a250-fb826661f7c4,Professional,None,0
ece74757-0992-4062-894d-39a43ec3cea4,Student,None,0
043f1477-7005-47d7-a095-b469daa4b8b0,Student,None,0
0cb4a1a7-fef5-4b8e-b9fd-1ca303b84690,Enterprise,5% Discount,1
4163dd24-5708-4725-adf1-244b35f606ab,Professional,None,1
544d19f5-02d1-4c2e-8345-be84db36cd12,Professional,None,1
5d11caad-aace-4073-a825-793550991a4d,Student,10% Cashback,1
7e1925bb-78b5-48dc-b01e-2cae948eb9e0,Professional,None,1
3d4e79d8-3543-431f-8faf-36f47b44fffb,Professional,5% Discount,1
f80214bf-8e4e-434a-b289-4db49af59f9c,Student,10% Cashback,0
e315f91e-1c10-4068-a7a4-f0baedc513e5,Student,None,0
55a94714-1895-484a-87e3-76315de445f3,Professional,10% Cashback,1
794402fc-f9b1-4d37-8bd6-752f70a080a3,Professional,Free Shipping,1
7523483f-a277-43d7-b604-1034ae253452,Student,10% Cashback,1
4f76ef98-4173-44e6-b4fb-0f32e8e255db,Professional,Free Shipping,1
3b23b3c5-f3c7-4e8c-b9d2-da6672d2ec45,Student,None,0
8b89bc02-ead2-47f7-9755-6783ed9a3f09,Student,None,0
233cb24e-45fd-45b5-972c-75f59c3967ae,Professional,Free Shipping,0
1037247d-447b-4d8b-b8aa-c32d233b7695,Enterprise,None,1
19d90390-3d36-456d-96a2-19e21ea383a4,Student,Free Shipping,1
509a3867-65f3-4a14-a215-efb48dee7c13,Professional,None,1
74cef3dd-71b1-4390-8cea-185e564a706e,Student,Free Shipping,0
46bdc6bd-725d-4e2d-99fc-3e479f5bb1cd,Professional,None,1
651d29a9-0cd4-41d8-902b-cb8f8716e528,Student,None,0
7bc6300d-c2cf-46d6-9c44-2da1b483d4a0,Professional,5% Discount,0
7706bdbe-67dd-4977-9e73-d64c657bb340,Professional,None,0
a3f45b60-a7d5-4066-9d6b-4b9c14957b41,Student,None,0
b5cb6095-6882-4487-9e11-d00837684e90,Enterprise,None,1
2b079ef5-b12b-4edb-b804-bdfdedcf380c,Student,10% Cashback,0
6e001021-2c3d-4c11-8c0d-ce85652e406a,Professional,Free Shipping,1
d4d65d7d-6bc7-47ea-8409-df47b90ed3eb,Student,None,0
0bf30f1c-699d-424d-8207-6077774e5277,Professional,None,1
71b164b7-bbc7-4c50-92e1-dcc9d78f5177,Professional,None,0
7792a7ee-a055-47ba-bf62-5c3b4b9d9cc0,Professional,10% Cashback,1
b5621eab-ce96-457d-8e6f-93eb85f4a938,Professional,None,1
83a93dc8-b89e-4c89-b89b-d1577fdf3213,Professional,None,1
7f58d52e-7776-4742-8bdc-7d0d5603c98b,Student,None,0
411ac5b4-101b-43dc-b33a-72974d66ef1a,Enterprise,10% Cashback,1
04779b67-b045-4761-8081-1fb0ba0195d8,Enterprise,5% Discount,1
6f9cdaf1-5bdc-4cd5-9d61-41c99c37d2b2,Professional,10% Cashback,1
62e40124-2fb0-4dc0-af21-3dcf066b3ff0,Student,None,1
db469bb1-7bc3-4cb2-9cde-271e6cbdcb73,Professional,10% Cashback,0
c9293d6e-bd91-4daa-9f30-3c467944f77c,Student,5% Discount,0
ab5883b0-0fe7-40d0-ac53-7eaebe557a5b,Student,None,0
74fab0c7-cc6e-47ac-9517-245dc7e3103a,Professional,None,0
c084204b-4130-4f1f-a091-989297831b5c,Professional,None,0
8292ba42-cba9-4167-9c71-87cd8adac847,Professional,10% Cashback,0
32a99b38-f047-433b-b74f-0528be75079b,Professional,10% Cashback,0
89b722e6-3488-4b4e-872d-5519f152a9d5,Professional,10% Cashback,1
c58f87f4-eb74-4d5b-b819-c07636122ecd,Student,None,0
a589decf-ad01-477e-87d1-7eadb61fb7bb,Student,None,0
8fca2dae-0169-4e2d-a042-c3e38642d743,Professional,Free Shipping,0
ac933194-3a86-4379-bbf6-15bc5185157e,Professional,None,0
0ee650ea-b34b-43af-830b-ad2f4b0d3872,Professional,Free Shipping,1
defdb99e-b6e2-42c3-bd0a-964986a016cf,Professional,10% Cashback,0
b6578d23-43c9-4603-8ead-044829c6f01c,Professional,None,0
f2395b2f-abdf-4d73-91b2-4e0aaaec1816,Student,None,0
ed0ccf3a-8fd1-49ce-8414-baa97e069682,Student,Free Shipping,1
c53a60a4-5f6a-4f8d-8682-c99e3434bb1b,Professional,None,1
373e7259-c0b6-4f52-8324-036f91f8a8d8,Professional,5% Discount,0
c741a11a-1d41-46d9-a6d4-17379550a640,Student,None,0
e916cb89-1f90-4c93-891e-c18155d5d912,Student,10% Cashback,0
01a5cbe4-1f8f-4cc7-b51b-d233e33d563e,Student,5% Discount,0
ade54570-a73f-4125-84f0-e68f05bcad9a,Professional,Free Shipping,0
da0eee3b-68db-41ce-be50-9aec423d3544,Professional,None,1
b56202a5-5934-4599-99f6-1bce24ddad2c,Student,10% Cashback,1
c60e338a-2306-480f-ba02-c57cd60420ec,Student,None,0
a214c0ce-c0c8-4f26-977a-11f4e6898508,Student,None,0
5eba1f0e-4f17-499b-a2b3-bfc38f50bd61,Professional,None,1
cc2be00b-4c35-411d-9967-53d0af082941,Student,None,0
93651b7f-416c-4437-bb44-b929f0afdc06,Student,None,1
fcd368c5-adfd-4a27-b119-4f27f9eaf50f,Student,None,0
aad69b5d-e949-43d8-9255-70dd16e67509,Professional,Free Shipping,0
3c45b132-9492-48ee-b2a8-01445458bbea,Student,10% Cashback,0
71f90254-be10-4112-99d0-76dfb308b86b,Student,None,0
170ef521-1020-4651-9f1d-8aa9aa711ef5,Professional,Free Shipping,0
6bd34d3f-0478-4d06-a734-744f06f89649,Enterprise,None,1
5445ace1-6d44-4825-bcc4-17303b063ec1,Professional,None,0
083c7f99-8d37-49b5-86b3-2372e2be42fa,Student,10% Cashback,1
d1f2731b-148b-4957-8f79-6d29f5df929a,Professional,None,0
46222b08-c3d0-41ca-9a6d-fbb652af838a,Student,10% Cashback,1
b05a52c0-436c-4278-97af-385dbcedbf68,Student,None,0
324da4a4-3cc9-44a9-a26b-c2c54a6746e4,Professional,None,0
2f97f17d-8507-405c-9997-1437ec6c99f1,Professional,None,1
56946449-d915-4841-a49d-289ac5af43a0,Professional,Free Shipping,1
5bbe4ec8-b21f-4f9f-9bb5-a8e8d6d35592,Professional,10% Cashback,1
db1a3a9d-099d-448f-9887-ec1f346d3c1e,Student,10% Cashback,1
8a492874-77d3-4b35-a164-5dddd03ef5c5,Enterprise,10% Cashback,1
11564b99-a91d-4be3-b8b0-b05fb6e888b1,Student,None,0
866489cc-e95b-413e-943f-2c29edb39f17,Professional,10% Cashback,1
89579855-9caf-44d3-9383-e2bf40405a42,Student,None,0
dabda743-1a53-41a9-a6e7-36bf2c65f93a,Professional,None,1
b0dbdfab-1341-49b1-8ae2-fb01a6bebac6,Professional,10% Cashback,1
6f27a3fc-5bc1-4ff2-a978-5b1dfd5270ae,Professional,None,1
daf0d593-f961-48fa-b534-89e6149ecf18,Professional,None,0
9adc7e54-89b8-4afa-ae04-4efb949197f7,Student,5% Discount,0
5887b7c7-5b2d-4a63-b78e-a91e7a71ac9e,Professional,10% Cashback,1
a94e1e85-23b4-4a80-96e4-2f11bce4945a,Professional,10% Cashback,1
501aa628-e6f4-42af-b658-0aeba5e48dc2,Professional,None,1
e839ab61-87d7-4c64-bf61-20a49748fedb,Student,None,0
c95f6995-1acb-4882-988f-e54b59b376e8,Student,10% Cashback,0
2e2696e8-60f7-492b-8bc4-3b98748013c6,Professional,10% Cashback,0
4f9efa7b-6944-4c47-be42-2c835c54273c,Student,10% Cashback,1
9fbf32a2-8c5e-4540-9562-a5b877f2a895,Student,Free Shipping,0
cdd99007-d2e2-46b6-9111-1a284e98dea9,Professional,Free Shipping,1
0c60bb68-7f79-41be-a0b7-96216bc5a2cf,Professional,None,1
60f8de86-d280-49e5-a72f-9ef4d24dfb8a,Professional,5% Discount,0
d6b36955-4fd9-4059-b629-483c684d00c9,Professional,10% Cashback,1
1b6531a6-99e3-433b-8988-7df98f0669ed,Professional,10% Cashback,1
76598032-55be-4f76-bede-d02ab210d87c,Student,None,0
92013a72-af8e-47fa-980f-34710ec130a2,Student,10% Cashback,0
2843ce71-2b6e-4ddb-8e2b-96fb08b52d9d,Professional,Free Shipping,1
7842bcf9-a799-42a2-a30e-552df0f77377,Professional,5% Discount,1
48e2c98a-0215-4657-b41b-17eef7813d98,Enterprise,5% Discount,1
c5735126-a84f-4c8b-a724-06084270737f,Professional,None,0
038b1eaf-8836-4d9f-b8fc-cfe7c29040f8,Professional,None,1
61499201-e821-4e43-b7aa-caa5ce6d4b7c,Professional,None,0
aacac372-e362-40f1-807a-d95873b90848,Professional,None,1
2d9deaea-aada-4059-8117-28afc01f71dd,Enterprise,10% Cashback,1
18a98cdc-9b25-435b-8022-de500205ef32,Professional,None,1
d62c78d3-8f83-4ad4-84f2-02187bd8ea36,Student,10% Cashback,0
c3e3fe0d-5d2d-42a2-b489-aaef26c5c9b4,Student,None,0
60938c86-f805-44e5-81e7-e4a7e5ff14cb,Professional,None,1
daabf5a6-980b-4a9f-9869-afe69442b858,Professional,None,0
ebfe4afa-2033-42a6-ac36-6e884d9a988a,Professional,5% Discount,0
751901c3-9352-4364-8119-3846b9ff5d81,Enterprise,None,1
b9ef1018-31ea-4d14-8050-e32ff91a8b30,Professional,None,0
8aae2a12-3899-4b2b-90ae-7292265ddcc9,Professional,5% Discount,1
a7d1e610-9c88-4907-a9af-086983458bbc,Professional,Free Shipping,1
cb527bd5-150a-440a-88c5-8ea1b0423e77,Student,10% Cashback,1
357071f4-9b6c-4999-b507-5928e9900d1a,Professional,None,0
660a9d8f-131b-4437-9a93-4b38e248039f,Professional,None,1
a9f99a05-0c4b-4271-b651-77cbf11995e2,Student,Free Shipping,0
25075eab-c0b7-45bd-8752-1f67ac51ad39,Student,5% Discount,0
0e7fd6b6-5cf2-40f8-8c00-46f9aabe3790,Student,10% Cashback,1
888931b6-1321-4471-8128-272a1d544a99,Professional,None,1
a747ad74-6823-42b8-945f-1da51c42b6d2,Student,None,0
e0b31829-3e06-4eb2-96f2-ce3cd560ff39,Student,None,0
8b2f1ed5-5f96-4b2f-9796-48bdb1c10644,Professional,10% Cashback,1
c2faf817-84ef-40e7-9a19-b8d988856a8c,Enterprise,None,1
4b26f243-420d-4ff2-b8a4-f5a8cbb2ba0a,Professional,Free Shipping,0
429427ce-b68b-4869-832a-3689a2881d9f,Student,None,0
615ee0fd-c5cc-4cc0-8cb4-b9791339892c,Student,10% Cashback,1
036d13a9-3170-4360-9ffd-cf7e19c778e4,Professional,None,1
1a7c58c7-6008-4a25-853d-c1517a5cd3de,Student,10% Cashback,0
4c922a0a-79ff-4d6c-b9ec-ad0ffb7c91ca,Student,None,0
ad76b80d-dbdd-4881-96fd-0900327e638b,Student,5% Discount,0
8621e756-bc2c-424f-8ca0-3bfc8d1f0845,Professional,10% Cashback,0
025825ae-2c63-4b70-b075-7583de8589ed,Professional,None,1
fe695014-6043-40e3-bb7b-a7875b99c099,Professional,5% Discount,1
370a408e-9972-423f-b05c-99ef49226886,Student,10% Cashback,1
9b2ba2c5-4b1c-4bb2-af17-298ce3a5eb15,Student,Free Shipping,1
31455e8e-8acb-4879-aa30-7d7fb1d71ca0,Professional,Free Shipping,0
13f39ee6-bfa8-4054-b4fa-625baea1db06,Student,Free Shipping,0
f3709ca5-599d-4803-83a8-cfb6721c2544,Student,None,0
82861a23-2ee8-4766-a02c-86657b9d1abe,Professional,None,0
4777a6b3-dd59-4579-8bf8-81a0b3db3842,Student,Free Shipping,0
80cfccc6-97f4-4a23-93c9-3200fd270b2e,Enterprise,None,1
6cab9cb9-f65c-46f2-a7c4-bf56f3d5c281,Enterprise,None,1
d3493fe7-ebf8-40e6-b1db-fcb6ce395272,Professional,5% Discount,0
4a5d2859-e9fd-42b4-936d-ff68e918a463,Professional,None,0
e899d424-4b7e-4bcb-bd07-d0e6996647e7,Professional,10% Cashback,0
492829bd-b4e5-485f-bff4-f339b23d066d,Professional,5% Discount,1
a0ab5397-dd6b-48a6-8f4f-36469c88db0d,Student,5% Discount,0
3a3c496d-9185-4f70-b26c-d2a5b2017ef9,Student,None,0
9b76d969-4f11-4171-8f5b-7545ad70e2fe,Professional,None,0
11c4356f-9da9-46bb-9c15-0dd1725aa5f1,Professional,None,1
e109c191-c264-4d10-ae09-f7f5130cae3b,Student,None,1
ca8bd417-d724-4580-b423-23401e670979,Professional,None,0
b740b120-8dc5-4eba-bfe0-143da45f8666,Professional,None,1
3499cf3b-234f-41c4-80aa-4cc061c50898,Professional,10% Cashback,1
e56b9c31-e819-4406-83f5-3e212dce0aff,Student,10% Cashback,1
5a996ea8-8882-4d98-b6d6-15aa92634aa2,Professional,5% Discount,1
e376680d-8161-4e97-817d-422799295d6a,Professional,10% Cashback,1
26ef688e-38d9-4421-b872-3ab49dd70669,Professional,None,1
4c7c679a-a23f-445a-8b6e-ce23a215df68,Student,10% Cashback,1
2fd118d6-094a-48b6-9325-895f208c9ddf,Professional,5% Discount,0
010de019-d774-4bb4-8089-f6b6b269e692,Student,None,0
3f78f0f2-2bc1-4726-bdec-bf7968e13b51,Professional,10% Cashback,0
99dae598-fda4-49e6-becc-55f0b8394f57,Student,None,0
d1030f40-2b7e-46cd-92f0-e4c7fb27b75b,Enterprise,None,1
47061359-0338-4d49-a039-e3a73984f2ec,Student,Free Shipping,1
e7e05066-3ee5-4854-9a60-41452a18ee11,Professional,Free Shipping,1
16897de8-31e0-4ad9-aac6-71a4c050a459,Professional,10% Cashback,1
9773f2a1-a6ed-4838-9157-d8aa77cea1e5,Student,10% Cashback,1
048c27e8-ee6f-48f5-b6bc-d1d2dffc7d1f,Student,5% Discount,0
495d62d0-9f36-4b67-9d49-a3eb083d646c,Professional,Free Shipping,0
750d303f-6fe8-4119-841d-87af1419f5c5,Professional,None,1
57910d11-87b8-4b68-8d7d-a76fc732f959,Student,10% Cashback,0
e818268f-13ab-4737-a430-627e03e116bb,Professional,None,0
1424f950-c783-41af-af60-9f112df05cfc,Student,None,0
12857a46-f711-4a8f-ba64-afe6b6414334,Professional,None,0
31bb8567-8092-4946-99c7-070fa9939a3e,Professional,5% Discount,1
ff4d37eb-9028-4f43-a067-f4849bf86760,Student,5% Discount,1
9d528dd4-ff4f-47a0-b5bf-03e2f10c4c85,Professional,5% Discount,0
f38b67eb-bea0-420b-8f0c-e59fafb5d7f9,Student,None,0
81352bbc-4800-4a64-a2c7-779498ee70a6,Professional,10% Cashback,1
7765b3e6-9cd9-405c-89ed-c17f104ba40f,Professional,None,1
1fa3b4e0-f8c1-4449-b60c-015e97b5ae69,Professional,None,0
9ef88408-3380-4e50-b8de-5a5306777be9,Professional,Free Shipping,1
ba17e4c3-79d1-4acf-9998-9b3f389caa49,Professional,None,0
51e7da99-b55f-4f0d-9201-0f09e53f9536,Professional,5% Discount,0
988fe675-b8b2-47ce-9d6f-d0ec1ef6bfde,Student,None,0
36fabafa-2e44-41bd-b787-e637ae4bf756,Professional,None,0
e4f9c9a9-fe3a-4219-99cc-425a488a6828,Professional,10% Cashback,0
3174beed-5fde-4e2b-a4d9-b8a816e821e9,Student,None,0
59f40490-7484-4369-84bf-10e0721aeda1,Student,None,0
cfaf97ed-5b1c-4da0-bde5-9d85e400b259,Professional,None,0
4d611d5f-0b9d-49bc-9343-8b0682c42fd3,Professional,10% Cashback,1
2d020f28-f5c7-463b-9efd-11feb40d5591,Professional,Free Shipping,0
7a28c9da-585d-41d3-b219-a8917db3e155,Student,5% Discount,0
58ccf2c5-03e1-4ce6-b8ae-54ac12a72a71,Professional,Free Shipping,1
1de83a27-1007-4f4a-96b7-99f8256d225c,Enterprise,5% Discount,1
55863ee9-a343-4b6d-a3cc-3760e9810255,Professional,5% Discount,1
41d02646-516d-40a6-8219-c5db3fe69632,Professional,10% Cashback,0
d219c2ef-6c78-4f5f-b38b-b90038655d7d,Student,10% Cashback,1
d5db3aba-fe1a-427d-81bf-376ad207889d,Professional,None,1
2b33a34a-8744-47c9-bb19-bc382e119aa7,Student,5% Discount,0
5f461e8b-6f84-4926-9c84-e39e2fee97ea,Professional,None,0
52d5d79e-5021-4e92-b194-73dda1f907fc,Student,None,0
c1a085f4-aa8d-40b3-9338-6ea0b73e8ebb,Professional,Free Shipping,0
9784bf02-e49e-4986-8aae-fcbe8fa3cf0f,Student,None,0
7b9d7a22-7483-420c-8e95-6e976396427a,Student,Free Shipping,0
11ce682a-e7e2-4890-824e-0e621d314a92,Professional,10% Cashback,1
b32b17c1-a654-41b3-99d8-5935ab147f7d,Student,None,0
f34b908c-949b-4362-967e-72292106486f,Student,10% Cashback,1
4f09627d-ed18-433d-8397-cefb93e03e08,Student,5% Discount,0
39bdda43-ef5e-462d-a277-dcf0e307acaf,Student,None,1
82f8f9ed-f794-47e5-94f7-465f10db061c,Enterprise,5% Discount,1
8a635e0f-11ad-4ae3-b4cf-b22ef4b331f5,Professional,5% Discount,1
5acc4e0a-85a6-4728-bcd8-0cfb7afeb7be,Professional,None,1
fa5ea555-9cef-4e75-9dac-558a28e6dc73,Professional,None,0
76765e9c-97c3-4912-a78b-f360272185d3,Professional,None,1
a153631d-0daa-4b7b-87f3-b8f43046ec5e,Professional,None,1
286ff137-1e34-484a-b92c-3185d31e7c62,Student,None,0
16fc61d7-7da6-4c8d-bef6-3a6af4d0c988,Professional,10% Cashback,1
a7ae0a34-29f2-4fb7-8860-a4969b88f488,Student,None,1
fa776757-19ae-44ee-91b7-628f09711916,Enterprise,5% Discount,1
738a2050-2f5b-41f0-9814-87dfe091043c,Student,None,0
fbef55d3-d037-4070-a524-bd231b5e8b74,Enterprise,None,1
e0237e4c-b44a-4fbd-a356-b17636cbf9a7,Student,10% Cashback,0
aaff5cb3-a43a-440d-9cbd-e6c90b6f4ebb,Professional,5% Discount,0
4e859b72-7296-4f60-81a0-9474a0041d93,Professional,10% Cashback,1
ac209f73-0dd5-4db2-bbb5-a8c48b1178bc,Professional,None,1
a1724b7f-1bda-403d-abe3-916be7978bb3,Professional,5% Discount,0
10f4c203-ae81-40e9-b4b2-f6c089664243,Student,None,0
8e24f9a9-a640-4c52-8a7d-bddc07adb429,Student,None,0
91cb7866-6129-45e1-92cf-0c72fd6a1042,Professional,None,1
1e4bcb63-8503-47c1-94e8-cfe855fb7b85,Professional,5% Discount,0
d533caf8-1a76-4f7f-bc61-de4efaaf2913,Professional,None,0
573d92b8-e8de-4e3d-8663-41984af62e10,Student,10% Cashback,1
f3fe32fb-6047-4f8f-99cd-31f386016bf7,Professional,10% Cashback,1
e004c4db-923b-4479-83e1-c4b4edd9838a,Professional,Free Shipping,1
68dd9124-ad3a-4766-bd00-1a3d97dcaee1,Professional,None,1
67cdcd52-7fb8-459b-9f9b-69da6199fc6b,Professional,None,1
35153876-7557-4065-af93-bd691f585571,Enterprise,None,1
6e1472a6-17e4-4b43-a5ab-5a361e7edca8,Professional,None,1
19f32fe1-b91b-4b1c-9a3a-79c3f86cfd41,Student,10% Cashback,1
bdbc505d-87ed-40c9-9b72-61dd866a6027,Enterprise,10% Cashback,1
bc2c8539-1cc6-480b-9d23-d8a62a87f1af,Professional,5% Discount,1
aa51529b-96fd-48dd-84c6-3d837e5d3f83,Professional,5% Discount,0
3c4eb418-227a-4f63-8a7c-38a736406f96,Student,Free Shipping,1
5c67bd1e-6550-4096-91b3-ac41cf2d1511,Professional,None,1
aa2efb51-4a9b-4fb8-ac8b-4af64adaf7e2,Student,Free Shipping,1
f8040fa7-b8f1-4e5a-baa7-5b9d4531eaee,Professional,None,1
ab1f16b0-98ca-455f-8623-167716d7adbc,Professional,10% Cashback,0
73dd0a33-a96d-4581-8ea6-2e65e244169a,Professional,10% Cashback,1
4cdfe8cd-8d94-44e7-883a-23aa0330f358,Enterprise,5% Discount,1
932a97ac-11f6-4526-9576-e5b08d28a14f,Student,None,1
bfc30f3c-8f42-48ed-9773-70919f645f4b,Enterprise,5% Discount,1
60f629e4-9382-49e4-a3cf-957476ad1479,Professional,Free Shipping,0
99a048a7-971b-4e9d-b235-c4d2d44991c7,Professional,10% Cashback,0
0d291cc9-4e48-44a5-ae36-c7063aab6aa6,Professional,5% Discount,1
54c679cd-d3fe-491f-bc62-0851e99bccee,Professional,None,0
f9cd5095-5e94-491d-8f18-e7ae1b118548,Professional,None,1
6147e557-e09c-42d7-8022-34bff7bbdd34,Student,Free Shipping,0
cf7bc08f-5544-4583-b4c1-18f4d83023eb,Professional,10% Cashback,0
54289fe8-909b-4639-ae83-8f67e7793820,Professional,10% Cashback,1
a171f447-d727-4523-9117-0276a7ae8174,Student,None,0
a684ba64-2ead-4af2-b418-e86ea4140b64,Student,None,0
57eeabda-cca1-4a5f-9cb7-3daf3b31f466,Professional,None,1
206d6349-891f-451a-b235-0f00e1e8f7b0,Professional,None,1
753c1b2b-fdf0-4ef7-940b-b85c205ea3f2,Student,None,0
c91c223c-0af8-4869-92f1-2c44e6163e24,Student,None,1
3c6c2e87-a0d6-45d6-bbca-96a5b1cd73cf,Student,10% Cashback,0
52e011a9-e9d2-40f8-a4d5-02a0587670c1,Student,10% Cashback,0
43ac4944-7030-450e-9d2b-5a92b0610dec,Student,None,0
8c431cce-a419-4c47-a889-ca5b3b447bc4,Student,10% Cashback,1
418bf497-c645-4dac-b5b9-69b32061d408,Professional,Free Shipping,0
71b06207-34d6-4967-ba67-9791a0d36b30,Student,None,0
6367d546-3756-4430-8a19-3818cdf7d299,Professional,5% Discount,1
f5b57f18-7a37-40fd-938c-0564184b6ccd,Student,Free Shipping,0
4e619f34-7cb1-4f0c-ad35-eb481495b028,Professional,None,0
acfa6ea2-3a36-47f7-a051-8b1ace2ab02a,Professional,None,1
eadba2b1-50cb-4ac5-9c3a-af3c7dd43f2f,Student,None,0
614148b1-03cf-4981-9fb7-547c52ca8553,Student,10% Cashback,0
651bd952-8897-4745-a256-a4ec7b91d212,Student,None,0
0def68d0-3f95-459a-a55e-4d5aa94af8f5,Student,None,0
0a828962-3116-4f5a-b226-14bd9a373ab4,Student,10% Cashback,0
50e6342d-fbe1-4a3f-9421-cc807e26406f,Enterprise,None,0
2da9d709-809f-4c35-93f6-6d23ea392f57,Student,Free Shipping,0
1733220a-6f1c-4823-90e4-4148ceb9447f,Professional,None,0
2f7e20b5-2e03-4eef-9dee-77ca1dce55db,Professional,Free Shipping,1
c1e5a8c9-03e6-4cf9-8d75-42f707e8e8cb,Professional,None,1
30f7ab2f-ccd3-438d-b65c-346d798c5b23,Student,None,0
1fb1beb8-f95b-4741-b6ad-1140fcf10fb9,Student,None,1
7ab86cbf-47cb-4d71-81f7-06b6c9c2d790,Student,Free Shipping,1
f88520ff-2c2a-4948-9b21-1997c7cb4ed9,Professional,None,1
bdaa0909-0f3e-47a4-9bc8-764256d37a6f,Professional,10% Cashback,1
44b9ed1f-f1da-4f17-b2b4-4006f558d8a4,Professional,5% Discount,0
35c1e20d-6fae-40b8-9f73-de633589421d,Student,10% Cashback,1
c955f27c-83b3-422d-a5fd-f9806c725574,Student,None,1
4550bbd6-b87a-4fcd-a209-a8e9cae8a81c,Professional,Free Shipping,1
8996e48d-2589-4264-8d62-3574e9d7ea2f,Student,5% Discount,0
ceffa954-b805-4f3d-af50-820c25462442,Student,None,0
bbe136c0-3b70-4b4e-a9b3-3154b96c568f,Student,10% Cashback,0
5b170f4d-5e75-42ca-aa00-aa4b310a3051,Professional,Free Shipping,1
a7902eea-17ca-42ce-bb12-cca3741ac344,Professional,Free Shipping,1
dbba4f74-ea5d-439a-ba39-1af9ba456d36,Professional,None,0
8a579c5a-d885-4423-975b-f25df9396a00,Professional,5% Discount,1
5950b7ee-68b9-41e7-84ad-808a115ee591,Student,None,0
af46fc22-d2be-4714-adca-78624ff0a3f9,Professional,None,0
b58d6ca9-c21e-43df-bfc8-0bcac7a6cbec,Professional,None,1
84efd344-1482-4df5-87b6-eb59cc43f271,Professional,None,1
bbc2a95c-e1b6-491a-a188-bc0ed3c2e333,Professional,10% Cashback,1
2e327924-1df4-474d-a6a5-90ed9ecab68a,Enterprise,10% Cashback,1
544912f5-28a5-45c5-ac47-6cfd618647d4,Student,None,0
82ec60bd-a538-4910-9e6c-b9962d055a6b,Student,None,0
6cc48546-8ddf-4d95-b36c-957f7fa2f6ae,Professional,None,1
5ac0cf72-6ba0-4bf8-8868-fc0391a456b3,Student,Free Shipping,0
08cd645e-19fe-4cdb-a7fb-d17e2df46503,Professional,5% Discount,0
53c63a76-a850-4843-9f8a-058df6af615d,Professional,None,0
3b281d43-35dd-46f9-8ecc-582bdd672158,Professional,Free Shipping,1
0a4c507c-cbc6-4cb9-9e2f-609e0873621f,Enterprise,None,1
dcb8d04f-7334-4e74-86e2-5847406388b7,Student,10% Cashback,0
8c89736b-7273-401f-b945-37d5a5dae264,Student,Free Shipping,0
eb02dd8a-6de4-4eb1-80f7-251b530ebac7,Professional,None,1
01df8b07-60a5-4c12-8c57-c7f49ebacfbd,Professional,10% Cashback,0
af670c5e-59a7-4db3-aae4-dd1fbdc9b215,Enterprise,None,1
e1e9a201-914b-4a9d-907a-c82123b8b322,Student,None,0
d6f0c32a-c87f-43d3-a693-532b68a6c905,Student,10% Cashback,1
ebc54113-dcda-421d-ae91-de43c0fd4175,Professional,Free Shipping,0
53a1cdbf-fb2e-4f75-9600-89d2d1eef161,Student,None,1
eb288dba-a0b6-446a-b0bf-0fbf88dd5620,Professional,Free Shipping,0
b528709d-c179-4e66-9fed-ea0f7720230f,Student,Free Shipping,0
4802f839-a6c0-4fa0-9dd0-b40a34f3c780,Student,None,0
5a640731-eb5b-4201-a51b-c8c0a57fddb6,Student,None,0
8e113a58-0519-4372-b045-bd4e9ca3ebca,Student,10% Cashback,1
abcd0dbf-8ffc-44b9-934a-09cc104d53d7,Professional,10% Cashback,1
4fec9786-35e2-44fc-a896-fe80b87fe071,Student,None,0
2585f11a-49e4-49c5-b150-cfec88394eac,Enterprise,Free Shipping,1
da035496-1d9b-4469-af45-18fbae6826f9,Professional,5% Discount,0
92353090-0d33-454b-adb9-8eebf86a3694,Professional,None,1
64cd7e2b-7f05-4314-8efe-27cb5d0639f6,Student,10% Cashback,0
4f516828-37d1-4042-92f0-001d02ba1db2,Professional,None,0
fa0ba777-2baf-4856-a59c-22f8453cbc27,Professional,None,1
abe3c42f-5de2-48c4-ac51-d3d23ca27fbb,Enterprise,Free Shipping,0
0d52eae4-68a2-4c04-9a50-484ba3e482a4,Professional,5% Discount,1
07c1438b-bbf8-417f-8017-28aa726db235,Professional,None,1
6ced90b6-ec19-4f60-bab1-368eb79b4146,Student,10% Cashback,1
739611f9-b51a-444c-9764-738b1611a734,Professional,10% Cashback,1
43b7ea71-d6a5-48bc-84b9-6bfcaf8d7899,Student,None,0
cce55f41-0f6f-4724-b999-7c59ef864374,Student,None,0
bfade467-2006-4e25-96d7-f640646593f4,Enterprise,10% Cashback,1
686d94f4-10ab-4f69-9cdf-468271e1d379,Enterprise,10% Cashback,1
6f7a069b-6cff-43ee-ab51-c44b587bef6b,Professional,None,1
41c176cb-e3ca-4667-8dba-7be03a4f71fa,Student,None,1
a2456d4f-27f8-4cef-853d-8999bada197b,Professional,None,0
8515f1f3-aa2d-405c-82d6-ba3cbfeea410,Professional,None,0
e016174c-9e3f-4997-8ed9-575620e5aa06,Student,10% Cashback,0
fa582286-ae7b-46a4-a37b-401eafb857f7,Student,None,0
a7bf3802-f12e-4b1f-92c2-17caace44e29,Student,None,0
c7f80101-20e4-4bca-8d09-bf0e8e48a66c,Professional,5% Discount,1
4ebdff3b-f5d1-4ac9-bbf5-044591d410ee,Enterprise,None,1
1cfcdaec-6d96-4fb4-80b6-ab5480e4c133,Enterprise,None,1
41300bc4-2831-4c1e-960b-150fb83eb7cc,Student,Free Shipping,0
f967413b-a4e7-4959-b56c-f19ce3cd4cc0,Student,10% Cashback,0
ecdee900-eeab-4850-a780-831b12c45535,Enterprise,10% Cashback,1
bd09681c-e819-40d2-9e77-193130a664f7,Student,None,0
de9d59e5-222a-41cd-9849-1cf92efb4afb,Professional,None,0
e5e848ea-9495-4904-9db3-fbe7492ca054,Professional,10% Cashback,1
72869885-798f-4171-91a9-d6de7fd6c7dd,Professional,10% Cashback,1
1cf88e09-6af2-407b-9c2d-170b75a05943,Student,None,0
bafdedea-f49b-4da1-8b87-2e03489d2f86,Professional,None,0
6e161356-7a57-4dae-9f78-221a73deb43b,Professional,Free Shipping,1
6ffe18ff-1a4f-4a54-bd5c-7ba2185d4bee,Professional,None,1
8deec2cb-353d-4282-93f9-e7e635257007,Student,None,0
47e613e2-abdb-4767-913a-dafecc8dd7a2,Enterprise,None,1
be4cbeef-346a-463f-bd43-4a14447b7cc1,Professional,5% Discount,1
7b9b52a2-79a7-4ccc-bb6d-f3bd797e9784,Student,5% Discount,1
b7a80dd5-6bb8-47b1-a872-a33ce98fde59,Professional,5% Discount,1
8db54654-f340-45ec-8edd-046426ed0988,Student,None,1
a23feea0-0f2b-41a0-92e1-e33c4a17bf09,Professional,None,1
430d9f2b-21e5-48ad-b818-115b593e9152,Professional,None,1
6d00163d-8f50-4294-9e2b-a8f5dea6b187,Student,10% Cashback,0
9625f877-be6b-43d8-bf68-2cb86ec251e8,Professional,10% Cashback,1
94b6e0bb-2d6e-49fb-9215-463db43baf2c,Student,Free Shipping,1
d1d2ebc2-ab32-4405-9c2c-38d86d99eb86,Professional,None,0
db114fd2-1d6a-4f02-ab2f-2aec3c4620a3,Professional,10% Cashback,1
cd36da30-2fba-49b0-af55-2521728ca30f,Enterprise,10% Cashback,1
7881c84d-69ac-4bf6-8c6b-0c4c25749316,Student,None,0
47afdd51-252f-4eb7-895d-39aa9c5857c9,Professional,None,0
8b45f657-735d-44fd-aa4a-e25cb7282fa3,Professional,10% Cashback,0
5672fb1f-3fe3-4ac7-ab6f-bdbb94e2f382,Student,Free Shipping,0
87404434-83e0-4f60-b158-ff971144a71b,Professional,None,0
58fd1e08-950b-4cde-a111-a0c4e6ec3843,Student,Free Shipping,0
3c2d7911-72f4-4cee-b319-78abaa666e2e,Student,10% Cashback,0
f80d6a58-b24f-417f-a0e8-3d27b4daf98f,Student,None,1
068617c8-4f64-46b8-970a-2fa199a20196,Professional,None,0
8b90e40f-738b-469a-91d1-5989ac4e75f9,Professional,None,1
ff9f8884-eec6-4f25-a179-7901711af938,Professional,None,1
fe6ff9a9-02d0-4144-a495-ab895a2052e8,Professional,None,1
834db632-4c5a-4c0f-8f91-24320e22b640,Professional,None,0
6e5c0ef5-c4db-4153-8f1f-f15707d293bc,Student,Free Shipping,0
9006d07d-daa7-4cb2-9f79-0314a14e9e3b,Professional,10% Cashback,1
8ce14c78-47e1-478b-b2c5-4a2720f80a38,Student,5% Discount,0
c6e2b2ce-d7d7-4462-8af5-3686c916ac5d,Professional,None,0
8f73db38-3ca0-4d43-860f-a17fd80c6780,Professional,None,0
c0804095-3f8e-46f3-9b09-dd64f89b9fc4,Professional,None,1
a1cb0d3a-fd11-4179-830c-ffd461bdb9b3,Student,5% Discount,0
bd5247af-4ba7-4f7b-886b-014c38cb7f7d,Enterprise,None,1
939188a6-dd1e-4f16-8d2d-a097e38952a5,Professional,None,1
9c4f5d1c-1ab7-4835-a0f8-01c8aedc079f,Student,10% Cashback,0
f3c9d480-bc37-4e68-8b28-8d4e27a43a66,Student,10% Cashback,0
a498a629-20d6-43a2-aa6d-f010faf048ce,Professional,5% Discount,0
b9d12be3-881d-4e0b-937b-336e5ee8d4ad,Enterprise,None,1
faee39be-e130-4c90-8587-4a62da07e56f,Professional,None,0
4ea5b49e-c111-4918-99a9-f49c370287b8,Professional,5% Discount,1
f3a5e4c4-928c-4450-b8e0-6353992fb417,Student,10% Cashback,0
a0d93943-be27-4c44-9536-992933e8c7fc,Student,None,0
dabd7310-5f26-4fdd-9442-110934338235,Student,None,0
2cfe4a39-a469-4300-992d-964405007f0f,Student,5% Discount,0
c5557cfd-dc9f-46ab-bb1f-d7271e42452e,Professional,Free Shipping,0
06e1a042-f185-4f13-bdd4-89bd2d623603,Student,10% Cashback,1
da5486da-2840-4c69-a8ef-82de2893e052,Student,5% Discount,0
33f63a8b-6de2-4cc0-8dc5-d1df41901dfa,Student,10% Cashback,1
535ead88-d75f-44e1-9289-4076dbd40fcb,Professional,None,1
9e62b2f0-576e-4790-8e74-fbf5a1a3239a,Student,None,0
e77dc1f4-a51c-4677-a1c3-0fc04caf5533,Student,10% Cashback,0
8c0efd07-698e-45c7-9ab6-72f4b8c52d43,Enterprise,None,1
8eb8e68f-0eb1-43fe-8a0d-01390c0c5202,Professional,5% Discount,1
418197f6-2070-4d94-b9d8-23121f8d0462,Professional,10% Cashback,0
24c8a57f-1314-497a-929e-0c0b63e1e170,Professional,Free Shipping,1
15641672-d64e-4dad-a78f-a2b118f8de36,Professional,10% Cashback,1
06148003-1ddb-4c8f-9628-1d877234bb5c,Student,None,0
4d62563b-1ab9-4b3f-afa5-17c3e76c7adf,Student,None,0
cb396253-051e-4db8-9f4a-ecd27a81256c,Professional,None,1
3100c8e5-4f2f-4cfa-a107-800fdbe9a639,Professional,5% Discount,1
a9d08250-9185-44f2-8ef1-d1f757809f2b,Professional,None,1
31f2019e-7f5d-4dfb-b580-aa1fdb653b86,Student,Free Shipping,0
c1334bdd-b3d6-464c-b842-fd78a8226fe4,Student,Free Shipping,1
67f0f557-08bb-4d5a-814a-cf83ec8e1f73,Professional,10% Cashback,1
43ec6fc7-baaa-4042-9ebc-e26e018701be,Student,None,0
b54f6f9c-cd0f-422e-b9e4-52097572851e,Professional,None,0
16d1dd8a-9f8a-4c01-8181-3831db7f9ec3,Student,None,0
cb5f94be-efe9-4420-91c3-bcf728af1a37,Professional,None,1
2a66ee61-b441-4c50-a0b9-6c7a59ea9d06,Enterprise,None,1
8db7af36-6853-4861-a7e3-bab3b2eae2ee,Student,None,0
32d47d07-a5ec-429c-9968-c711159cfb0d,Professional,10% Cashback,0
02df9e6c-2a60-4a8b-b7f6-3b106a729c36,Professional,None,0
a5d7c204-a4d2-4e2d-93ff-ecc26af8e301,Enterprise,None,0
4935187b-1bfe-47a7-b0cb-9bad7cce970f,Professional,10% Cashback,0
abd97313-452d-4804-955c-2e24f1384dbf,Professional,Free Shipping,1
d13b12e3-20b8-46ad-9741-d2ddb4b2195d,Enterprise,10% Cashback,1
eb9a2bc8-6473-45c7-89d3-8684d1d301ba,Professional,None,1
82ac6878-3c80-4204-ba39-9dcbb620cd40,Student,5% Discount,0
69f426ff-66ff-45d1-9f52-cb23897142b2,Professional,10% Cashback,1
19410627-9305-4066-84f7-b48da77f7a17,Professional,5% Discount,0
80ef49d5-f8e4-4fcd-9aa6-5e185f57a4de,Student,None,1
968e52d2-69b0-4c8c-a79d-0c6df6164e7d,Student,5% Discount,0
5a0bc953-8794-4cfb-b8e7-f78aa579022e,Enterprise,None,1
2d54897a-debd-45e9-927b-adc5f44c62a6,Professional,Free Shipping,1
40ca1d23-01ab-4b5c-8625-e0542de41e48,Student,None,0
d7b78551-9b2f-49d4-ad37-1fa9e6e4c277,Enterprise,Free Shipping,1
f9abaf4a-2600-4557-8508-7e7d47e354e9,Student,Free Shipping,0
cf3cf1f2-9c3a-40f3-a7cd-e5a0afa42837,Professional,None,1
eff261e4-99f8-4e74-976b-55142047d72c,Student,Free Shipping,0
5fe9a244-cd8e-4046-be65-f486c36771e9,Professional,None,0
fc694e6a-d30a-453b-83c8-2af4478dc85e,Professional,None,0
72b4b121-2d2e-435e-b6a6-1ce71b0e51ba,Student,None,0
c53f10f1-ca10-4e35-bb18-3ddb4c00295f,Student,Free Shipping,0
aad07bc3-2bb5-4918-9e98-b4d575f73b66,Student,None,0
71871a77-4f52-475d-9806-4ba1742ef564,Student,10% Cashback,1
b52e6323-cda4-40a0-a2b2-d4ef975947cc,Student,10% Cashback,0
89aad711-a9b1-46b9-85dd-1cb433c6e0fc,Enterprise,Free Shipping,1
10759e72-0f3e-4af5-82f8-87e95fdd45ff,Student,5% Discount,0
b813804b-b783-4d49-b460-8f26c362a9cf,Enterprise,None,1
1fad1171-4bca-42c9-a219-c490be4a552c,Professional,None,1
0d4cf7ba-cdd8-4814-a83a-5a2058a5a35a,Professional,None,1
ca7e6144-c87f-4e45-adfe-9f6286079c9f,Student,10% Cashback,1
8c7a3829-cc5f-4bf4-8d03-041899b78ac5,Professional,None,0
c25329db-3f80-4742-bb72-cf66efa703fb,Professional,None,1
a6ecfe87-c170-467e-8dde-c49a30a03336,Professional,5% Discount,0
a6503249-6ba0-4fca-8f07-857d90f6fd68,Professional,None,1
291c4cf8-7d89-49ae-b651-06773e65f5ad,Professional,10% Cashback,0
889f9a40-4ade-4cb4-978d-4106569365d7,Professional,None,1
0eca53be-817d-4074-8a9c-4f7de82d83a0,Student,None,0
c107a692-0ec2-48e7-8e4a-5dfc0876e8c5,Student,None,0
184a55f9-13ef-4a05-a308-efeaa7db440e,Student,None,1
c9e0218b-83e9-45ac-b18e-8cd3037dbcec,Student,5% Discount,1
85c8a0b3-34bd-4ed3-a1e1-17d028341e0c,Professional,None,1
cf86f1c4-2934-4e27-9fed-0307ddc7cf11,Professional,None,1
0184fa27-3162-4e13-a1b2-9151d68f63b7,Student,5% Discount,0
909dec60-5ce0-4b44-ac3e-dffcab7dd524,Student,5% Discount,0
5fde9b82-eeb6-459d-8fcc-df59bf5523d4,Professional,5% Discount,1
33a8c2e9-9395-4fa8-9e69-ffab8c673fef,Professional,Free Shipping,1
c59c469c-7dc8-4055-b1d5-18be12b1b662,Professional,5% Discount,1
ce239a0b-5697-4951-8b67-29880af7cc22,Professional,None,1
946047f0-2333-4774-9c41-37d338d03d42,Student,5% Discount,0
baa773c9-f2ce-412b-a4c2-7d6f4e49f8ff,Student,10% Cashback,1
49a2df63-8db7-493b-964d-64fe587fd9d1,Professional,None,0
a9e0d6ec-c3dd-4b44-8dff-b9849b3ec2fc,Professional,None,1
39bf5434-f785-40e7-b0d3-1717d8712628,Professional,None,0
4ccaa9a2-cce0-43d0-a9fd-f8d3f39ba608,Professional,None,0
5a788b2a-a890-466d-b922-6b242ef8687a,Student,None,0
0b515600-a818-4a17-b148-c63a79d0af6b,Professional,None,0
db5f73b1-fb3f-4b10-88d6-e4ce8de870a5,Enterprise,5% Discount,1
d3d62fd0-221b-4b99-8c38-ca64a414c2b5,Professional,Free Shipping,1
9ea04e31-18ec-48a4-a30b-bca41bc00941,Professional,10% Cashback,1
242d6940-27c2-44d9-96c2-305378b4e66c,Professional,5% Discount,0
5c26c5fa-c762-4ef2-9662-4ab1b542d1e4,Student,None,0
5f9563e9-618d-4760-abf6-8a071b1cc020,Student,Free Shipping,0
4efdbc62-d115-49bf-aa79-2b8830cfb260,Student,10% Cashback,0
a797e1d9-f892-443d-9a51-9c4589801a87,Professional,None,1
d6a3b052-5fd4-431f-9a53-6ee08f6c3809,Student,None,0
e2a2be31-c630-46ff-a0eb-2c03f376b156,Student,None,0
d837928c-266e-41b0-af80-cb34e5daa525,Professional,None,1
ecbf1d8c-0b6f-48d4-9476-cd26377edd2a,Student,None,0
8c80f3b1-2115-48a6-a028-be6dc62f4577,Student,None,0
fc50016a-a49e-47f1-974e-170475a78103,Professional,None,1
0c40ea23-d218-49e1-ad1d-68f27cb6e8d3,Professional,None,1
fa5041ff-79ca-49e6-bf4c-15dfe8d98db2,Professional,Free Shipping,1
33494b3e-852b-474b-9f6c-08fde6fc6687,Professional,None,0
9b4901f4-6c96-4519-8e18-80b33906a9ff,Student,None,1
5f5536cd-df8c-4a1f-a061-55cb82d6615c,Enterprise,10% Cashback,1
6840a665-32ba-499f-8451-5e19dc0cf06b,Professional,5% Discount,1
4f863cb4-3a11-4b62-bd30-298fdf6dfaf7,Student,None,0
cb8babc3-21f4-4759-b2c5-0d5d66047e41,Professional,5% Discount,0
fea7f38e-a5ab-41f8-b150-4f1d13dbf0d3,Professional,None,1
39531ff4-afe7-4c8a-acf2-f35d8472fa7d,Professional,None,0
bdd3d983-689d-428a-9cc3-93f92a516eb6,Professional,None,1
57f4fa70-6acb-4eef-bfbc-b7c272177cfa,Professional,10% Cashback,1
643df324-ba24-4875-abf8-9fabee730883,Professional,None,1
1a67637f-749e-4173-b9af-c041f5133ef1,Student,10% Cashback,1
093a38ac-6226-4613-8839-f9526120940a,Professional,None,1
9a04e3d9-6c2d-47fa-ba82-fc5e15a08316,Professional,10% Cashback,1
d8f3beb3-2b3d-4bce-995c-61c611d45f1e,Student,None,0
e930b9c4-a400-4480-b2d5-78445bfb9fe5,Professional,None,1
45724b73-1585-467f-8516-9d8c502b0d84,Professional,10% Cashback,1
9751cfe7-7dfc-42ef-af77-ca6a2aafc12d,Enterprise,10% Cashback,0
2198aa51-c911-4990-9e54-c33b6d9f629d,Student,None,1
5fa82e2e-315c-42eb-b351-97e32f0c3dd9,Professional,5% Discount,1
665705d6-0650-464b-a711-8930a1417b59,Student,10% Cashback,0
606e5dc9-ebf0-4c88-8363-1e450663b823,Student,None,1
e880764a-0919-46f5-8f0b-b513db6a0716,Student,Free Shipping,0
8a18bb7c-a595-409b-a4c8-fc99361a68c0,Professional,10% Cashback,0
758e7f30-10fa-42dc-a2e5-cb028b124041,Enterprise,None,1
f9279979-81aa-4af6-9382-649cd676eb4e,Student,None,0
310cd615-bb26-43fc-904c-9689a2edd004,Student,10% Cashback,1
a2cf8dfa-e94d-4ac6-b51a-75dffdc47463,Enterprise,None,1
6681ee61-9d20-4c65-a296-fd0e63ddfb86,Student,None,0
b203ac8e-7515-4708-a51e-84e79575b3df,Student,None,1
0dfe0904-fb1f-429a-a32e-854d527f2eaa,Student,10% Cashback,0
7fe3a69b-d906-449d-bf74-9faa9b863c19,Professional,None,1
21bc9bfc-3ba7-43b6-a396-49a5acd354d7,Professional,5% Discount,0
0baacebd-2846-4c1c-88e6-1d4358fb9c51,Professional,None,1
73adae72-47b3-43db-98e7-16183170a902,Student,None,0
1884cc43-468f-4c69-a685-cfb02e0a8772,Student,5% Discount,1
14cdbef8-b41c-4288-a8a9-e2f76e0ccce1,Student,10% Cashback,1
9047565f-c51a-423e-8cd5-47d04e7be087,Enterprise,None,1
afdec37e-aec4-4747-a098-b32c1d9456dd,Enterprise,None,1
484cf581-617a-4532-b67f-884516677214,Student,None,0
309c8d4d-ebf1-4e22-ab3c-9a936cadbfc1,Student,10% Cashback,0
f239682b-3ac0-4ac1-96f6-5ea585988b21,Professional,None,1
5995f189-020a-4014-b315-17fe3d3ebdda,Professional,10% Cashback,0
945b1a18-a09a-41a1-a024-b24fbfeed1d0,Professional,10% Cashback,1
bfb1220b-1e9b-4f37-bf09-2304905e5a5f,Professional,None,1
ae1eca62-6e88-4726-92fa-7f4076578ab4,Professional,None,0
e2f6d35e-f44a-46bd-9a5f-2d442e5132e9,Professional,None,1
be3ac7c5-417f-4f95-9c35-31da140a5806,Student,None,0
64e1a6cd-8e0a-4084-8934-4e48dc91e9e7,Professional,10% Cashback,0
102878de-6f18-400f-aece-47533a6914b7,Student,10% Cashback,0
2f2d2ae7-4ceb-42da-b087-2dd802faeef9,Professional,5% Discount,0
b5d6608c-e441-4c8c-ae43-7e4fa16541f2,Professional,None,0
10569402-ac17-48a6-9157-80ce3c11c124,Student,Free Shipping,0
c43f5ee4-809f-4fb0-bce1-8e73fc218bc2,Professional,None,1
10a88902-0512-4822-8755-872ba643aefc,Student,None,0
dcb2dabf-50c4-48ce-837e-69717884136c,Professional,10% Cashback,1
196aa9a1-5160-4b07-9325-19e75bb25e7e,Student,5% Discount,0
0ec9cf1e-0970-4cea-8906-2571e586dbc4,Professional,None,0
62e7ca9c-1166-4068-87ac-61110b4375f0,Student,10% Cashback,0
dbc39a36-c659-4d87-af6c-9200d9ffc05d,Student,5% Discount,0
7fb1dc5b-dc30-4fce-b599-5fc9c53b47a2,Professional,5% Discount,0
1b01478d-d784-4c97-93bc-871f001688ea,Student,None,1
acafb5c5-7014-41f8-9831-ea9858aab65f,Professional,5% Discount,1
d928912d-a0b6-4ecd-a8be-0267ec8dff86,Student,5% Discount,0
a6fc7ec2-ad50-4d0e-9082-cbed6bb7d17d,Enterprise,10% Cashback,1
4d922142-a2f0-4d2b-9b38-e8c6e8695269,Professional,5% Discount,0
603584a9-2ecf-4c51-9bba-21d23dd03b05,Student,Free Shipping,1
36296509-ea93-4fef-8f4b-7349406ef69f,Professional,None,1
ea280f6e-5d12-4da1-b9cd-fd5abe6b4204,Professional,None,1
d04513d8-9ea2-4d78-9364-1928d7b7b3a5,Professional,None,1
8679ffaa-7ce3-4746-a796-4ee6303947e5,Professional,None,1
d9e46f97-c9be-4b5f-8d1c-92ba74759e1c,Student,None,0
e09fee86-3aad-4839-a4f0-a0affc9fa92e,Professional,10% Cashback,1
42c52bd7-b584-446a-b566-064a7bad98ac,Enterprise,None,1
ca08c5c5-39cc-493b-a071-7c9a1b80698d,Student,10% Cashback,1
7959c7f9-5872-4896-8ab5-1f3fce02da11,Professional,5% Discount,1
40afc596-c387-47fa-bdc1-822065da8ce3,Student,None,0
7ea39735-a43e-471e-95b0-487f209b5039,Student,Free Shipping,0
fdfd9996-163b-4f11-b4ce-00ad6d020000,Student,None,1
b84ecc05-64dc-4738-80cb-5d712aac02a2,Student,5% Discount,0
9c5b159a-8751-4a88-a783-508b54b09b7c,Enterprise,5% Discount,0
3c69579a-ac44-4868-a411-11ede58aac66,Professional,None,1
5287c171-8bf0-47ec-b976-58320f51b5c6,Professional,None,1
6d3862c8-4c29-4287-8c22-1ecb7bfbc735,Student,None,0
8a93984a-7c87-46be-977f-c9ab649d98db,Student,5% Discount,1
71e2119f-e0a8-430d-970c-2aba7b3c42d0,Enterprise,5% Discount,1
4d6d697a-ab9a-4e9b-b401-d9a08c33a11c,Enterprise,None,0
822274cf-be69-44bf-88d2-77931771be1f,Student,10% Cashback,0
946d9c65-7020-4116-8a20-196a68692a3c,Student,None,0
8bff86c2-c2ec-47c4-937c-4beec192a1c3,Professional,None,1
bb4d084f-9726-4473-a0f1-8330557cc2ec,Student,Free Shipping,0
d184ea5b-614b-403f-897e-b334f9a8e322,Student,None,0
4d98feff-2928-49fd-baf3-767641d37b59,Student,Free Shipping,1
6f54593b-c925-40ae-9866-41fa86eccb57,Professional,5% Discount,0
c86213f3-3060-4382-a3f2-98845bb16dcd,Enterprise,Free Shipping,1
416811f1-624e-4ec3-8519-568c895ff131,Student,None,0
0d4d99a2-6baa-4f9d-81d6-48b3e0c14f75,Student,None,0
974d8e50-e2c2-4936-9eab-12428b593279,Professional,None,1
58a0fa6f-ed2d-4425-aeea-5b3929987d8e,Student,10% Cashback,0
dfafb540-98e4-4788-b8b0-11bbbfdcff5e,Professional,10% Cashback,1
321184cc-5413-475a-a7e6-e89665903395,Professional,None,0
4b7c39ba-c175-4eec-a447-9f6d90fd0fa6,Student,5% Discount,0
7b8fc511-aac0-4966-bec3-31cce16bbb37,Student,None,0
dcad5240-df2e-4baf-a1b2-af209f89365f,Student,None,1
a10849e2-b02c-4769-92bc-ea9940f010ba,Student,None,0
f99836a5-d884-4d16-891f-9b60bdfc093f,Professional,None,0
55a75d5c-6bbf-443e-ae9e-be92a58b2cb7,Professional,None,1
2a4f25a4-bba3-44d5-b244-bcfbfad2240d,Student,None,0
05752140-e71d-43ce-8375-95ea267b8efa,Enterprise,5% Discount,1
1873c868-8394-4ad2-9da8-12d0b0caaeb2,Student,5% Discount,0
8832f2fa-1502-4985-b411-ad54b9175d8c,Professional,None,1
fe46d39b-8baf-40f5-95f6-2ac442050e25,Professional,10% Cashback,1
f5a8397c-bed5-4282-8bd6-41e5ed4e254e,Student,10% Cashback,0
4996ea33-9d0a-4965-9608-fedcc8ea0b72,Professional,None,0
f936e1ac-5014-437a-8975-669d9f0a6493,Enterprise,10% Cashback,1
1b2b9430-46ad-495a-b9ca-069b692babf5,Student,10% Cashback,1
8f97dee3-e696-46e4-8d67-7e2a45951911,Student,10% Cashback,0
b3f974b8-2e65-4083-8bd0-0cae8aad816b,Enterprise,10% Cashback,1
1644041a-74c6-4ef6-88b8-7060577a7e7e,Professional,10% Cashback,1
a3c153e4-6f1d-46db-a411-74d845233c0d,Student,None,0
2e0cdcb1-be45-4ffe-81c6-462246c79654,Professional,5% Discount,1
953d2419-5ef3-4770-82b5-248dc3cb9ee3,Student,None,0
fd94f029-ce07-47fe-8fb0-9c56b34be775,Professional,5% Discount,0
3143fff6-aad4-4d3d-abfe-150b7a021c6e,Student,None,0
2ceec172-21a9-41ca-a801-072e8898c34f,Student,None,0
f97f2254-02ac-45f0-b1eb-b0939e920af6,Professional,10% Cashback,1
0a573f86-7860-44b4-b0aa-783fe48c3f0e,Professional,None,0
eb266c2c-4303-4249-aa39-76572202000b,Student,5% Discount,1
bbc684ed-edd4-42a5-9eef-a8edef1bf074,Professional,None,1
17df15c1-2569-4a39-a900-bf6fced78228,Professional,10% Cashback,0
6eedadcc-1b52-4e73-a8a8-1207673bde1d,Student,None,0
02ec700b-6c89-4ea2-b685-326056f58c21,Enterprise,None,1
3cec0211-4ec2-41f2-a5e3-e014eba3bb70,Student,None,0
0996d432-c4bc-4dd2-8dcc-45cdebdf00af,Professional,10% Cashback,0
8b5deb75-5c81-408f-ab7b-d801baf3a647,Professional,10% Cashback,0
2ad7a8b3-5cec-462d-8482-883e6f961f1a,Student,10% Cashback,0
46f35f47-9949-4f6e-a810-84734ca18b08,Student,Free Shipping,1
4b437323-eec1-435b-a10d-9e520e3d358c,Enterprise,10% Cashback,1
e3ed8290-d922-44c8-901b-56b5b20bad81,Professional,Free Shipping,0
335a8593-9f53-466d-bb29-5a68904b1a42,Student,None,0
27acd00c-0047-4612-b4d1-ee627240c438,Professional,None,0
4eab55e4-8de4-475f-a6cc-9729b6576f22,Student,None,0
100d90c5-2973-4482-bb28-290091ed47f6,Professional,None,1
c4ecc3ce-1914-43ba-b6d7-d99622dd6dc2,Student,10% Cashback,1
a478deca-13a8-46cc-983b-db7805c635c9,Student,10% Cashback,0
b89847aa-1889-48e8-9356-3fadba9b99c9,Student,10% Cashback,0
914a5d9d-783b-4fe4-83a0-660ba5f4a394,Professional,10% Cashback,0
8b55139d-1fce-40bd-9e3f-a1941014dd07,Professional,Free Shipping,0
f61eb7ba-596a-44fa-8327-5143c50ad0a7,Enterprise,5% Discount,1
701fc085-0ba7-48e0-b5e7-5dab20d895a4,Student,None,1
b64639fa-de05-42bd-a5b5-81210e5c4f08,Professional,None,0
119121d4-4869-409c-8289-3336584f37ac,Student,None,0
bf9ee0df-2493-4da1-b76a-db53f39d69bc,Professional,None,0
e0537257-9ac8-4c11-871f-38d0de8fb36b,Professional,10% Cashback,0
24f60b3d-e80d-4dbe-9c83-f377c949a774,Professional,10% Cashback,1
4134eb77-a521-4aa0-bd7b-bf00dfd687f4,Student,None,0
8cb99269-6929-4c37-b680-ad8d875facd3,Professional,10% Cashback,1
2786b92b-2c02-4711-b8ee-04bc5e8ca4fb,Student,10% Cashback,0
0eb4c763-b1c6-4db2-9d04-3aa17da94891,Professional,None,1
9e65755b-33ef-41fb-b4a0-b27774f396f1,Enterprise,None,1
397db3b9-82ca-4d7f-a641-78cd3b935156,Student,5% Discount,0
64d72404-b205-407e-82b3-e90a6d6075cd,Professional,10% Cashback,1
b485c0c9-60a2-45ab-8cee-0889e7eb8be6,Professional,None,0
a2d4b3da-c02d-42db-a2f3-45ddcb5ac0b7,Professional,None,0
7aac3ada-8de7-42f1-87d7-b4309d6de1e7,Professional,None,0
93e0fbad-3602-4f16-90db-955d84a609da,Student,None,0
067d6eef-3108-47cf-b291-e648b3dedb42,Professional,5% Discount,1
f045a508-f5fc-44f3-87ab-6c5a91c94cdc,Student,None,0
99559ae9-4792-4c39-9ac6-3956f05f3f49,Enterprise,None,1
71a551b9-4ec6-4fac-afe3-fa34dfabfbf5,Student,None,0
26d2fa3d-e5cd-473c-94c0-385301e9751a,Professional,5% Discount,1
821cdc8e-7802-4ad2-956f-c167d898cb89,Professional,None,1
36332576-aa76-47db-9440-68e2d4d2e1cc,Professional,None,1
d9ec371d-1ab9-413f-9d34-6dda729cdd94,Student,10% Cashback,1
9b6b1f1d-1b10-4181-ac19-ac936ec344df,Professional,None,0
41df1b5c-4043-42fa-a9c3-62626d88857a,Student,None,0
e1d5b498-0661-46c3-b930-3abc5ca9ad8b,Student,None,0
86fa628b-383b-479d-a2d1-b249a66bc13d,Student,5% Discount,0
948f59c4-8508-44ea-a8a9-928dc913608d,Student,Free Shipping,0
2705ab45-d18c-4390-ae01-55e7619926ab,Professional,None,1
9d363555-6b81-4ad0-828b-0314b1e9945c,Student,None,0
1700456f-d4c1-4489-b2bd-3dbfe1f20570,Professional,None,1
b9f91f9a-44d1-47d1-8ca3-e1288502e05a,Professional,5% Discount,1
5252d06e-f0ae-4c9f-b9b3-290bbd7a713d,Professional,10% Cashback,1
a3bf13a0-755e-4ecc-a3a9-bc1e3cb94341,Professional,5% Discount,1
4cfde7a6-fb31-4473-bd0d-c00ac6b3f500,Professional,10% Cashback,1
4fd960f1-0911-4bc6-bbe8-1cafc76f3e03,Professional,Free Shipping,1
c278355b-0fee-411f-b647-b41c587a85ad,Student,5% Discount,0
30bc8eb8-812b-4a3e-aa2a-405be0e45a6b,Professional,5% Discount,1
a2ae3349-91fc-4a0b-aba7-dc62088cb6a7,Professional,None,0
ab43edc8-9a10-4540-a435-e486ea3cece6,Professional,None,0
c75b72a7-52c9-4233-96fe-90b17dbf408a,Professional,10% Cashback,1
6000a05a-f465-451d-956f-201d6da29da9,Professional,10% Cashback,1
73c515db-69ad-4e88-84cd-33d4fe18ba60,Student,10% Cashback,1
0a32c235-3ea2-4279-aa62-b27a91e8fd1a,Enterprise,None,1
d0277106-d8b5-4662-bec0-7d64707a67e0,Professional,10% Cashback,0
fb8a9842-ece5-4d51-a5dd-59e15a6571b0,Professional,None,1
d73014ff-1673-479b-8df0-aff107d2b054,Professional,10% Cashback,1
ad93670a-efd6-4711-b376-79aca688b523,Enterprise,None,1
3e2c1636-9877-480e-a643-14118e72ef03,Professional,None,0
75cb02e9-95d2-4e11-a7aa-86c8be504df8,Student,None,0
86cb9688-1a96-4a75-98cd-438c1f0b54c5,Professional,5% Discount,0
ed9c2c1c-304f-496a-bbc6-e12a89a02263,Professional,None,0
b9de2cc4-c205-4166-92f5-c95e9e168cb3,Professional,None,1
48293a6a-2331-4f87-9d51-3c5afcc5849f,Student,None,1
5a0173d7-6e5f-4204-af0b-4a2cea66ad1d,Professional,10% Cashback,1
c98717be-db94-4ab0-989a-74d3a6bbc9e9,Enterprise,None,1
157a6ad9-018c-46db-ad38-bf361960e00a,Professional,Free Shipping,1
61cb2093-9600-4a30-a684-459216b34d8c,Student,10% Cashback,1
06ec3f7f-5826-46a9-8e52-67c9ce342800,Student,None,1
aa526521-22db-4c12-a052-cf199282d415,Student,10% Cashback,1
5a0e2886-5990-4194-ad30-e830cfaa286f,Professional,None,0
f3834037-ce89-4ad5-b9d5-59294629736a,Enterprise,5% Discount,0
52b492d7-5ccf-4a08-9484-ebcdccb943a3,Professional,None,1
07ab3e51-0fbb-4cb0-a4a7-f4c14a7bb2f4,Professional,Free Shipping,1
2c4c986e-652c-472e-9c7b-6db9ba7c851c,Professional,10% Cashback,1
ec600a3b-97bd-45c0-a204-ef37a9f336a3,Student,5% Discount,0
d2e3432f-88d0-4e37-995f-dcad77e40ae1,Professional,None,0
cc903763-78bf-4052-908f-8e7bc0c2f98d,Professional,None,1
75cba16f-ab6f-4c4c-b01a-4bf1f101150a,Professional,10% Cashback,1
b338bee2-e85c-4d31-a2a4-e39ed4926eba,Student,10% Cashback,1
89f2c5af-a385-46e0-a409-27a1c6b041ca,Student,None,0
d809802c-5ba3-4f04-a7db-b6dc983da0b9,Student,None,0
a8c55902-0a15-49a6-aa4a-a28d734fe6f7,Enterprise,None,1
c33e9aa5-2d8a-46cd-ae16-0dc648eedc16,Professional,10% Cashback,0
18fe4abc-b01a-4925-9f80-2356fdb78285,Enterprise,None,1
d28e45ee-fa25-47ad-88da-82753fdf60b9,Professional,None,0
9b58a608-27b1-4da5-aca5-12e8014aec8c,Professional,None,1
9861b8e5-b0e3-4957-8f24-280a43bd5029,Student,None,0
1296d9ca-c7ee-4069-84a5-cf1ba1933007,Student,None,0
49eff189-870b-424d-9011-2aca76f4189c,Enterprise,Free Shipping,0
52343d50-8a10-486d-beb2-a1c512242770,Professional,None,0
145d07c3-14fb-46e7-9f37-12664ed481a4,Enterprise,Free Shipping,1
6f214923-acdd-4dd5-9efe-8ddf142ac6a6,Enterprise,None,1
3c03e9da-38a3-482c-9c6a-2294d5ef6e55,Student,None,0
aa594e01-6871-49ea-b056-445b3599475f,Professional,None,0
a809b55f-0e62-447c-9891-db4928985797,Professional,10% Cashback,0
da6f2ef3-7a86-43b7-a6e7-13f0cb70fb86,Student,10% Cashback,0
065e63b3-0c2a-4cf9-9a01-0e54de503b27,Professional,None,1
87bed6e8-3e68-4cfc-bb9f-64d91dc0cb9d,Student,None,0
9eda3326-92a9-42f4-aaf7-dc16ccb04202,Professional,Free Shipping,0
aec11e70-78fe-4ba4-ad56-109522784cc5,Student,Free Shipping,0
6835702e-1cbc-497b-9dca-291d8b13f280,Professional,None,0
cefea503-27ab-4f4e-88c6-b3e63b593ef8,Student,10% Cashback,0
a31cf47b-c30c-4be1-82eb-fa411dc33379,Student,None,0
692e3da1-019d-41f3-b34e-7fe0282914b4,Student,None,0
263998dc-25ca-496b-b261-60fbad56a867,Enterprise,None,1
e1711de8-46ea-46c5-939d-0fbfc91df84c,Professional,None,1
206311ed-e0bc-48b6-a08c-093696c39da6,Professional,5% Discount,1
9fd1b999-ca39-4993-a199-1830b601aeff,Student,None,0
5c0812ae-dd3b-4105-ae39-9eb4c456026a,Student,10% Cashback,1
f9f56e39-457b-40d8-86f5-58b476f28c12,Student,5% Discount,0
5759f7e4-6b89-44a7-9efa-7c1817ee66a5,Professional,None,1
140a3e60-a044-484f-b144-1f222dd997e4,Professional,None,0
adfe0c16-6e2a-4378-9381-59c65313961d,Student,5% Discount,0
060c0dae-d7b2-4a17-858a-67cb008b57dd,Professional,None,0
4fe85506-b7db-4f70-b784-48dfeed4341f,Professional,None,0
f1057cfe-5c62-4663-be0b-0c83e4f91f48,Professional,None,0
d9fc6041-82d3-4a27-a9aa-9b83b28c066f,Professional,None,1
c9e8f452-65a0-4bdb-8999-93e957e1eabf,Student,5% Discount,0
2377b4c0-750e-4947-bcd2-9586fcc77ab3,Professional,10% Cashback,1
f21cac59-be80-4907-82dd-1eef03d080c0,Professional,None,0
305ac946-1318-4487-92a6-9ac3ecf8be77,Enterprise,10% Cashback,1
e6ea06eb-24f5-4c23-b2b7-88f59401eaef,Student,Free Shipping,1
e7475895-dfc3-4704-aef4-fdd3df64bb03,Professional,None,0
c587c9e9-1563-49f3-a518-2e588d2a2e37,Professional,None,0
e9e3965f-3688-4427-b10f-abb13a357186,Professional,Free Shipping,0
ff72d974-3b62-4daa-9df0-3c352772c913,Student,Free Shipping,1
bbc3206c-d5ee-477e-b7cb-0a635ba0ed55,Student,None,0
470c22fa-7701-466f-b57e-5f064ffe9191,Student,None,0
b655da2a-ce1d-4c6e-9eeb-3321ee10e603,Student,None,1
44f60c71-ec15-4ad7-8458-2deb14301b75,Professional,None,1
8679b94e-4709-4c51-ab06-e4d64a341a88,Professional,10% Cashback,1
15f635fb-e6cb-49cd-893d-99e708eb15bd,Professional,None,1
f9c6a038-6f8b-4214-abe1-ac3005ec1d35,Professional,None,1
436312ba-8e5c-478d-97a6-1b8a3ad1c83c,Professional,None,1
07026598-2974-45d1-b645-f4e9585c1b9d,Professional,Free Shipping,1
cbdc1644-20f1-429b-a43a-675b45fb5955,Professional,None,0
83241fd9-f527-4546-9775-f1f54e932edd,Student,None,0
f55d8410-5fd6-4014-a23e-57d8a0d9928b,Professional,Free Shipping,0
94471cf0-e374-4a29-b3e3-d812b7223820,Student,10% Cashback,0
70810555-07e8-4f1d-8b74-7aab94c561cb,Student,None,0
de58366f-5afd-42e9-a15e-95dd5898fd96,Student,None,0
c0a44ac3-f46f-4f04-a5ab-d5ca4fe348f5,Professional,None,1
c8cceac9-193a-4829-8966-f65bc17f7cde,Student,10% Cashback,1
3991079f-3a95-4314-b4ac-a72a40013f8d,Student,None,1
9b490b38-0d9c-458e-9a40-ad48340be2f7,Professional,None,0
bd406b4b-61d3-477c-a62b-dcbf23357256,Student,None,0
bd691b9b-996a-4ba9-8075-7e53d20b6d9b,Enterprise,None,0
32adc3cc-7d67-40cb-9e08-cbe359ef5a7a,Student,10% Cashback,0
e62e5457-500e-49f5-910e-1863fec9a058,Student,None,0
153736b2-2393-4c77-a984-ade73d6db306,Student,None,0
7d04ed96-dea6-43de-98a8-3a5e645ccf7e,Professional,Free Shipping,0
bc82c2f8-6a4c-49fd-8ef1-74ae33332672,Professional,10% Cashback,1
9cf08bab-b1ee-4eb4-9c09-4ad6ecdcecc3,Professional,None,1
e1acf5b1-ad13-4ff7-b9b1-be5ae643678c,Student,10% Cashback,0
5aa1b847-6995-42d1-a56c-fb005662fdec,Student,None,0
6fdc9439-0bb5-4cc1-be9d-7dd26222c24c,Student,10% Cashback,1
404101c8-8e57-41be-9eae-47c317c7356a,Professional,10% Cashback,0
c561bfa0-72f6-4f1a-904a-9a903d3788cf,Professional,10% Cashback,1
3a4de6aa-cd73-49d8-90c0-eb9ba62244e3,Student,10% Cashback,1
6d917912-94fe-4d45-adfd-0bdc6e4dcaca,Professional,None,1
ab9a4be7-db00-42eb-9513-6f9223581d45,Student,10% Cashback,0
85f65d0f-c036-4296-a0a0-8a9fa652cdf7,Professional,None,1
6f81d775-d64c-47e4-bebc-c22f4d29224f,Professional,None,0
d3127dd8-f2f7-4a50-920f-751b41204a7f,Professional,Free Shipping,1
fe5be041-b2fe-49d1-bc61-e7981411a9be,Student,10% Cashback,0
d64bef13-1ff7-4be4-ad18-92e3abe20145,Student,Free Shipping,0
92c2a1a7-b29f-496b-8bb7-29e29ee5f94a,Student,None,0
9566d63d-c6c2-40a6-8fd4-04e81bab0510,Professional,None,1
1e6e45eb-3b71-424a-a159-bfea3a4829aa,Professional,None,0
c74ea53e-4b3a-4969-967d-4436f98faf30,Student,10% Cashback,0
913fbd64-cef8-4c2d-9a1d-39b0752dbcee,Student,None,0
310842f2-f8a7-4e62-a6e3-ed404d79cfb3,Student,None,0
3c878e11-2cca-43a5-a038-42395445526a,Professional,None,1
d0fec8ce-2ab7-4b55-8455-b37e4afc6f46,Professional,10% Cashback,1
d35ffaba-fc38-435c-9d02-55be8f4b632c,Student,None,0
58a4bf96-1cee-4be0-8125-6b3cb2eef103,Enterprise,5% Discount,0
376b84b2-e62c-4670-903b-1f820a7e7fe2,Professional,None,1
c91cd546-586e-4c64-9381-7c305c6a5602,Enterprise,None,1
9e6354c5-5dd3-47a3-9807-c4e5948fe738,Professional,None,0
f4e11314-5426-40da-880a-3e740d3c09d2,Professional,Free Shipping,1
f9bce82e-c502-44b0-9a8e-7e9143e14c15,Professional,None,0
33da5690-a85c-4d98-9717-146899dc2cef,Student,None,0
c01ac71c-a87f-482d-ba71-279df462c1d5,Student,5% Discount,0
eaeaa2e8-cddc-433e-b51f-ce0c6b5e8348,Professional,None,1
5f9cf51b-59be-446b-8981-8681369c3eb4,Professional,10% Cashback,1
c846a675-309c-4404-9dbe-d4d379ca3145,Student,None,0
1c3a1b98-45d7-4249-b9a2-0eafff0aff84,Student,None,0
674366b0-d3e2-452f-b515-9773ab8ae421,Professional,None,0
88548962-dea7-402b-8183-27f4c1877fb6,Student,None,0
bec6bf45-3a28-45e7-bf89-eabaad5222c3,Enterprise,5% Discount,0
ba9c88c2-1084-4226-88c2-891cf3992031,Student,5% Discount,1
d2c54b71-59cf-4965-a41c-bd4a888f67d5,Student,10% Cashback,0
38b1b6ba-262c-47d7-98f2-9c62f3152faf,Professional,Free Shipping,0
16ddc8ae-2083-40e1-a1ea-4d490e9b7327,Student,None,0
3f7ada61-e320-4761-86d2-d10f12bebad4,Professional,None,1
948b4048-d4fb-4ba1-8b31-807d14e1e20f,Professional,10% Cashback,1
b520fae7-04c5-440e-8f20-ba7a07d2df42,Professional,10% Cashback,1
3f6c57ce-6c0c-46c5-97f1-d79a59df34cd,Student,None,0
a0f866b5-7b91-472e-993b-e47c2cbed0d2,Professional,10% Cashback,0
4b51b6d6-e9a9-495e-a26e-3d91d64af8de,Student,None,1
07892d6d-e6e7-4ffe-aefb-0cf825151157,Professional,10% Cashback,0
bf5d0ee2-a808-4381-8cdb-8ae8a9020c77,Professional,5% Discount,0
b3b4f291-29a1-4a5a-8f9c-6ec5a8939dc9,Professional,10% Cashback,1
e01ef6cc-e87c-4c97-a8e8-4204bc69123b,Professional,None,1
a549b859-c467-422f-aac5-76861c5ba40f,Student,10% Cashback,0
1ea1f7aa-4ee1-46af-b578-0000f64842a1,Enterprise,10% Cashback,1
d236af3a-9024-40a1-bb03-edc901b03407,Student,None,0
25dd0af2-a206-4713-b63a-5c3993e4197b,Student,None,0
eb705ee4-a211-4b33-9a51-a15b32c2f098,Professional,Free Shipping,1
45e8efd2-8dbc-4f15-b718-9aee11feeb6d,Student,None,0
607399b7-33ac-42b0-86cb-cd48cb9be47c,Student,None,0
5f204f81-a242-4878-8d89-1b3614118a48,Professional,None,0
710503b4-7f20-4aa4-8329-3ba88ddac998,Professional,10% Cashback,1
51d21b1f-61b0-4179-852e-e7aee9035f26,Professional,Free Shipping,1
4c25beb0-f4aa-49ba-9f1e-2ed3af77be09,Professional,10% Cashback,0
5869ab94-e7f8-422d-ba97-250242a6721d,Professional,None,1
aa571e33-6509-4aa7-a4c0-a18432588df0,Student,10% Cashback,0
8e8d94ff-06e4-41f3-b10c-9a5584825344,Student,10% Cashback,1
a9026df5-732c-42cc-bb08-ff0f3b958312,Professional,10% Cashback,1
8bad02f8-35f5-4b1a-88fb-8ec54bd5a696,Professional,None,0
fb235b9a-f2e3-41eb-b534-710c68117122,Professional,10% Cashback,1
70106366-153c-479c-b37b-cb5beaab348f,Professional,None,0
519d13e1-c758-4ed1-88bd-f11a49c2c536,Student,None,1
7ad8172e-a706-4019-8c0a-9befb0725b5c,Professional,10% Cashback,1
dcf0e4c1-a4f0-4e54-aea4-a0fad30802e1,Student,Free Shipping,0
900f47d9-7f3a-4501-9908-25da3a49eb49,Professional,None,0
b17294af-1018-42dd-a90f-90968bbce31e,Student,Free Shipping,0
80c160ab-a838-4c0c-83fa-65cda2fff445,Student,None,1
3d15d509-f10a-4de0-94b4-bb2f9ff3f139,Student,10% Cashback,0
a81e3c09-17d6-4c9f-8fa3-07dc013d186a,Professional,None,1
68479922-681c-4fa7-a799-696c3c3219c6,Professional,None,1
590a050c-4c0a-46ed-8172-fb7419309532,Enterprise,10% Cashback,1
fdcecf80-9be6-4867-85c1-f6ce4346bf39,Professional,10% Cashback,1
9b6b3297-2a05-409a-aa62-db979188935b,Student,5% Discount,1
a5c58379-d36e-4b65-801b-e7e5e2e0402c,Professional,10% Cashback,1
693097dc-c260-4d57-8468-74a4a59c6abd,Student,10% Cashback,1
0d541a76-7881-44e2-bd3d-e998266c44c7,Professional,Free Shipping,1
e3b670f9-23c2-47ca-9bb3-8fca336bc639,Professional,None,1
b1242d65-d563-45a4-9288-63c9a5f4f82e,Professional,None,0
f40a1c4c-502c-4a78-b97f-3b1450b0756e,Student,None,0
7d4067a5-d18e-486c-9505-3613e570b094,Student,None,1
064574f7-136c-4928-88f4-f440ba67bc1a,Student,10% Cashback,0
11eda94c-d66f-4c5a-89e7-7afcbaf9dd68,Enterprise,None,1
798afc3d-63d7-41c0-822c-69644c9b311e,Student,None,0
886b90cc-1e9a-4ee0-a8f3-5dff0ee4716b,Professional,None,1
c95999e4-8fdb-4299-bbfc-e0bae7eb9ec6,Student,10% Cashback,0
62e224f8-3e87-43e0-8495-1b851861461d,Student,None,0
097e3044-1947-45d7-81f3-a131ce4767f5,Professional,None,0
d387f25d-2717-40c5-8d56-642e116e533f,Professional,10% Cashback,1
3879ef0a-60ea-4937-a1ec-3ec3428bb893,Student,5% Discount,0
8d3236c9-7e46-4275-be67-6fb45078477c,Student,None,0
0939c24b-9091-4692-8950-334d44b8d161,Enterprise,10% Cashback,1
b3b9586f-7fc2-4098-a724-231246eb398c,Professional,None,1
e2805d5a-5bfe-4ab7-af8c-fff08c898e4c,Professional,Free Shipping,1
89a462fd-bd5d-4d4f-874f-105cf339deb6,Enterprise,None,1
ec9a77d7-28ee-4953-94c2-c9c0a67a94eb,Student,Free Shipping,0
ef875f8b-3a8d-4985-ac8e-037c49387129,Professional,Free Shipping,0
3fa6b762-1958-46a0-af29-576dfc11e0d3,Professional,5% Discount,1
3345df89-d198-48ff-8427-5ca33c5d4182,Student,None,0
8b4ef57c-64a6-4eb2-9b43-f1be2ffdbdf1,Professional,10% Cashback,1
d4f09f96-b2b1-467d-9734-c6da2547446a,Student,None,0
dcd36a73-d54a-4da1-9945-f25b399f6b20,Student,5% Discount,1
7415bb41-b59a-46ac-8fdd-5171f0aa20e0,Professional,5% Discount,1
2ccd5074-3a73-4f6f-8f27-8ca81577f80a,Enterprise,Free Shipping,1
0d86e8db-f0f4-46e4-92ea-1aebda47db10,Student,10% Cashback,0
c7e95823-a58b-4421-a712-9695af265f0b,Professional,10% Cashback,1
baf1b02d-7892-4958-baf0-d765917b1991,Professional,10% Cashback,1
6f76d0ff-1d14-4e78-9dae-89a03524bbc9,Professional,None,1
74bbc8b3-8203-4c14-8e9a-39b0f34e9bfe,Student,None,0
74241aa0-ca02-4ed2-aac9-2e6bc3613a69,Student,10% Cashback,1
5187b087-7708-4804-8744-13c508775f63,Student,Free Shipping,0
77bf5438-5f6f-4507-b340-6b3aa2b0d004,Professional,10% Cashback,0
55ae04a1-345e-4747-9a28-1d02c25b96d9,Professional,5% Discount,1
1dc89f61-6bdf-4205-9324-4c3fdbaf00c8,Professional,5% Discount,1
cec48372-5370-4313-b5ad-32d1714872e2,Professional,10% Cashback,1
dc9e630d-f980-4e6e-bc30-fadd9b2073b7,Professional,None,1
859f1bcf-0f1c-4ef2-b4df-1a223d4a6aa4,Professional,10% Cashback,1
7c5cee4b-5c77-4748-8156-8c3534a51684,Student,None,0
8e82d67f-de92-4482-85a0-8c1f7b6ffb14,Enterprise,None,1
6de7ac2f-25ea-4cbb-bd83-44f87eaceab2,Professional,None,1
805906b9-96c9-45f3-b253-585066f4f425,Student,Free Shipping,0
8f2e4a03-0b5a-4988-8279-235db9aaf19e,Professional,None,1
9df23468-87e5-491b-a9ba-5917f6ed0c31,Enterprise,10% Cashback,0
17f8cf20-2c58-462b-90d7-60c026f5dd68,Enterprise,5% Discount,1
3206ba9b-a81e-4b59-b3c1-072b85d31bbb,Professional,10% Cashback,0
25749e2b-f424-4556-a42a-fc833632f890,Student,10% Cashback,0
2447321a-f41a-4477-864c-e5881f8b68b7,Enterprise,10% Cashback,0
84880ddf-5201-4f23-9a51-6c94ff26a742,Student,None,1
9abe1a60-cd0e-4857-bbb3-28e3c3eea5da,Student,None,0
84ea28aa-dcaf-4bcc-978d-39882bcbd86a,Enterprise,Free Shipping,1
965ef54d-5fba-4655-a506-dc271e10da0c,Student,None,0
df5e2145-50d6-406e-aa69-1f85c8f40a8b,Professional,10% Cashback,1
a3a7abb2-6de9-4efb-a5c4-5ac3410b2459,Student,10% Cashback,0
58db980d-ea6d-481d-b092-e3ee40f4fcf3,Student,None,0
72665072-1b0e-4fa8-93ea-76a19a449cad,Professional,Free Shipping,1
25d0bd1e-0cd9-4f61-b314-d7ed54d4188b,Professional,5% Discount,1
b0b0b8ea-f5e2-4965-8657-4a8f84a2ae19,Student,None,0
8612538c-ddc0-4f0f-b7e8-c7c2ef2a48d0,Professional,Free Shipping,0
4d928942-8d58-4b92-9bc5-d10655daf7ed,Professional,10% Cashback,1
2f4b8079-9ce5-4151-8781-ae2ab39cd22a,Student,None,0
c3516741-81f8-49f1-b642-aba49f83574e,Professional,10% Cashback,1
c5bfec25-f362-4fc8-b1bc-0391d55ed360,Student,None,0
76d2bea1-2f97-423f-b717-94017ef69428,Professional,10% Cashback,0
77bd9048-5ce2-4e59-98b1-ff3d61b7e31b,Student,None,0
d359defc-d3bc-4c86-a85a-087f73570d13,Professional,10% Cashback,1
fbf6f4f3-5e96-4b8b-bfdf-d96dedf2419c,Professional,10% Cashback,1
9abdf0ad-8757-41cf-9218-e699ffc86aaa,Student,5% Discount,1
e4abca0b-057f-4786-a5c1-584578e49c4c,Professional,10% Cashback,0
a14a4036-5f77-48ab-984d-ecd410bf56f1,Professional,None,0
9be563a0-f9cd-4c37-b316-b0ec16a9537f,Professional,5% Discount,0
701a2198-bce2-4f41-b286-ae2e9f9969b0,Professional,10% Cashback,0
2b6d94f4-f113-4831-88c9-b1557fe5f16d,Student,10% Cashback,1
08573217-ab77-4808-aa8d-818e75ab212e,Professional,None,1
38fd607b-7cb5-4113-a92b-37f24724acf2,Student,5% Discount,0
382eece6-cb5e-45d0-9cdf-f1239e4b2381,Professional,Free Shipping,1
a1d65786-eadb-4ee7-ad5d-f1aec2f569c2,Student,5% Discount,0
8490b2fa-91cb-42b2-8d48-ab129d7746c4,Professional,Free Shipping,0
398a733f-6213-4087-a735-fbb473f85dde,Professional,None,1
600dbc48-49b1-449b-b5d4-b2cfdc1d2a00,Student,5% Discount,1
dd1f59e6-08c9-4e86-a497-73b69ab69df6,Professional,None,0
9cc959af-701e-411e-9cb0-df48949876ab,Student,None,0
c9bbdfc1-676c-4af7-b029-351b5ecca598,Professional,10% Cashback,0
7a3be5c0-3ade-4f78-91e7-fbc0195ae041,Enterprise,10% Cashback,1
88f3a141-0ef9-4ac6-9cb7-4e00fa6b8253,Professional,None,1
2ee85c5b-db7e-4d86-9229-ea65d2ee8999,Student,None,0
2f95db70-4929-4aea-aef8-7b1c14b4c215,Student,None,0
2e785044-094b-49eb-aab3-49a59587ac38,Professional,None,1
f3bd83f3-0f51-467b-a74e-ca4560fecf1f,Enterprise,None,1
1769743d-1213-4c66-90e4-abb283ce358d,Professional,None,1
300bef0a-d7e0-4f18-9bfa-ee798ca5e3b0,Professional,None,1
a6920f7d-17fd-41b0-b5c4-7598088334bf,Student,Free Shipping,1
e02e5816-129d-4844-9b5b-0aad05c0ce3f,Professional,5% Discount,1
da878034-a37b-4f1d-b356-99dcf9ae187a,Professional,None,1
d8d5b4aa-656b-4b7b-806d-3761c848c7db,Professional,Free Shipping,1
660b33a5-a3d3-4cef-a457-faa5829a0f5e,Professional,10% Cashback,1
836a9045-8257-42fa-ad4b-79f18c5a1a5d,Student,None,0
886e24b9-a96a-47f5-8269-9a3e9a17a449,Professional,None,1
043d8ecf-2e20-4c9d-ad9e-8d2a9883fcf7,Student,None,0
7e612429-b4bf-4c01-9a37-5ed382beeff8,Student,None,0
82d1ef57-71f8-4f10-a5d9-02ffeb4cd8d1,Professional,None,0
b6bca479-c963-40a5-93ab-1a44da1b4073,Professional,10% Cashback,1
bf9d287e-3d69-4591-bf7a-7c7547881723,Enterprise,10% Cashback,1
81489c7d-64b1-4cee-a070-920fa98fcb55,Professional,5% Discount,1
5a408022-ff5e-4214-9cc9-5a1a760963b6,Professional,None,0
e91294fd-16c0-42d1-9696-a8d90b8353b6,Student,10% Cashback,0
63fc48f7-16b6-4b64-8c2a-a55429ffacc5,Student,10% Cashback,1
a226e90d-9d66-4dfe-8673-8bb441db43fc,Student,Free Shipping,0
fc68c980-4a1b-4f4c-99aa-f4af9c98b30d,Professional,None,1
388e7f86-99d5-45d3-8694-43638f9a420c,Enterprise,Free Shipping,1
86997d45-91f6-4c5b-adea-0eb5c96d8dcd,Professional,5% Discount,1
b0358ab2-e4a0-42c6-9ec3-41be7bd7ce13,Professional,10% Cashback,1
a89281a8-fc4f-4fb1-82a1-4202c2418e28,Student,10% Cashback,1
1ba4a48f-bd1f-4181-89ce-231c5639da1a,Student,None,0
b1f5ba93-1b61-4b19-a6b1-0f63ea2a5e51,Student,Free Shipping,0
eb5607c5-b61d-4e0f-949f-265395400f99,Student,None,0
b6bf2b0a-d4d9-4e52-a76a-ec904c7fd6a3,Enterprise,10% Cashback,1
0795d4fb-a691-4001-8bb6-a52465e7717e,Professional,None,1
ec6da1cf-9835-46e1-8fd4-dd4236426ead,Student,None,0
df780684-f1c8-4eb6-8bbb-0159fdf18674,Student,10% Cashback,1
3a29c07e-78ab-43a3-bb67-19adf7b2b48a,Student,Free Shipping,1
474918a2-cdbd-4351-b806-b48ed9d8fc6e,Student,None,1
a396c36f-f5ba-49dd-9dfa-3f2b200f1ce0,Professional,Free Shipping,1
d088c992-2561-4f88-a86e-7f1f9d164199,Professional,10% Cashback,1
fc1e7b75-654a-46ea-9e0c-473e81791027,Student,None,0
aa35170a-6470-4745-8d28-7036d0648856,Enterprise,None,1
063cb9c3-5aec-4cff-b5c3-3c6dc2caf716,Student,10% Cashback,1
9a315c82-b119-4217-95e1-ab8a8a498bbc,Professional,None,1
3951750b-93ec-4146-bb67-99b4fb3638c8,Professional,None,0
9e2fa945-2776-4bb8-b554-3d840ea9ab09,Enterprise,None,1
8204b309-8b68-4fe1-9fee-0de1023adc6c,Student,None,0
35bb1035-ecb5-4013-80a9-f1fdcae61f4f,Enterprise,10% Cashback,1
772cca0e-dc95-4b65-90f5-2d59af08e371,Professional,None,1
072347ab-1ada-4d7a-ad24-2809e05775f6,Student,None,0
44fc884f-4e6e-4980-8796-8f28f692a1d4,Student,None,0
d4632ba1-11f3-4e37-9993-0c265f12ce2d,Professional,None,1
4b7e6bd0-b33c-44a7-a61e-9c53bf3186da,Student,None,0
20db5041-88d8-4243-b1e4-a48a1a097448,Student,10% Cashback,1
f6ba83bc-4ec0-44fc-963f-eb37fc296348,Professional,10% Cashback,0
ac9ff060-a18a-4bbd-af4b-6f30eacea1b9,Professional,None,1
e03ec94b-2849-41f9-9e88-1845e98a690d,Professional,None,0
641202fe-7d0d-4fbe-84d6-98650e1841e8,Professional,None,1
c7e25c34-a2ac-44a7-9f56-34e9622856de,Student,None,0
3d592476-bfc6-4aed-9a5c-1e3cd9cd67d3,Student,10% Cashback,1
a5eaf8f4-a604-4fdb-b6f1-d7617ee096d4,Student,None,0
642cd2cc-58c7-42e3-ac67-bf2971912972,Student,None,0
03e86528-40b0-4da0-8784-9b69af30978f,Professional,5% Discount,0
c9c5dd55-de8b-4475-9e78-6f04ab086a3e,Professional,None,1
1e7a8ad8-7558-4c54-b85b-b67240951c0e,Professional,10% Cashback,0
254a75a6-a2a4-44ac-9d8f-b16e82309b7c,Enterprise,10% Cashback,1
a06c94cf-91aa-4e1a-9664-a3a11a266c00,Professional,None,1
0a4ed5be-bc39-4b2f-ab1c-57805d9ba5f7,Professional,10% Cashback,0
dffd2020-edda-48a2-87c9-bde81f78f450,Student,10% Cashback,0
573752f7-4d9b-4592-8bb0-dafa0a45ca84,Professional,None,0
383ccf80-04b5-4cee-b7f1-8ba95d044c01,Professional,10% Cashback,1
6ebf189d-caae-4e9c-b109-4d728defe8ee,Student,5% Discount,0
04deb67b-11e8-430b-8101-bad936b7fdc4,Professional,Free Shipping,0
cb81d444-5ce3-4a91-93c0-201caedce754,Enterprise,10% Cashback,1
6c0a5f69-0f31-4168-87b5-ee7ca7cb2521,Professional,5% Discount,1
97deaf87-4065-4cb8-9e0d-61bf942df907,Enterprise,None,0
113d56ec-fe91-4ac5-97e2-db4c414e3367,Professional,10% Cashback,0
f111249e-f882-4fd7-be34-2ad80a9e4070,Student,None,0
12aae8e1-a2a5-46ce-a54b-afa1bd35942f,Professional,None,1
bc7149b6-0188-41a4-a061-86c4d3f1d863,Student,10% Cashback,0
f487e5e5-ce6e-4fb9-b373-ddad037bc183,Student,10% Cashback,1
18ce9efe-5e5f-47b3-8cae-c52078dca8a8,Professional,None,1
d9522d34-35ee-49dc-acde-f6c27f06338e,Professional,10% Cashback,1
d228907f-26c9-4c52-a128-a9b8f72fa91c,Professional,None,1
5cddca88-fbbc-4c60-b1b4-8fd6aa14bea7,Student,None,1
73ad239c-a499-418a-8743-e82ea299e667,Student,None,0
00b31223-3517-47f9-8dd0-7a70bb8f5a8f,Student,None,0
2f0ef477-1d20-466f-9dc1-41f2a7bb7c7f,Professional,None,1
c48ea440-48cb-439c-9051-532455a2bb8c,Student,10% Cashback,1
255cdba5-46e9-484b-a98b-955f0976b24e,Professional,None,1
22debb59-886a-4b6b-b99c-6c12d91c195d,Student,None,0
d56cb0a0-5730-4add-ab1b-9cbcf8ba1194,Professional,10% Cashback,1
3a0335c4-19ba-47ed-aaa9-b19f96a33d0f,Professional,10% Cashback,0
fe63c0c0-788d-4db7-a98a-15e9c940ee34,Enterprise,None,1
33dc4dc2-27b7-4df7-82f5-2da22fa052e2,Enterprise,None,1
ab5d7299-7b8c-4277-ad22-70a87e2c70f4,Professional,None,0
c86cebeb-04bd-403e-b697-529887bf6715,Professional,5% Discount,1
e52b184a-cb3d-4624-ab57-fff35546f501,Professional,5% Discount,1
b61f2e7c-5845-4bb2-b84d-b0bb977157f8,Student,10% Cashback,0
20d7da7d-fa3e-45c1-b703-5e30f94194cc,Professional,None,0
d21cedc5-e328-4306-a725-bd2580a1825a,Student,10% Cashback,0
fcadc5a3-7474-466b-b104-8040147a9b76,Professional,None,1
4e84d97f-849e-4583-8710-cc937262aa95,Student,None,0
c795eb0d-af76-42a4-abed-15241d5acef7,Enterprise,None,1
75fa5d65-8209-4296-97f8-f09f219589ae,Student,5% Discount,0
5682c9cd-98bd-409b-a9a7-7ecb61ba9de3,Student,10% Cashback,0
64773e6e-d366-40ea-b352-997958b35d13,Student,10% Cashback,1
2c53e209-7e1a-4d55-9b84-b28b4d541ad5,Student,10% Cashback,0
0737fcff-225c-4bc9-846a-c259ed6dcb47,Professional,None,1
0b0eb805-de3c-4a0d-b437-d91fdd5ad868,Student,None,0
df3d5b64-09fd-42c8-8155-a4c85e31a4c0,Professional,10% Cashback,1
b291abb7-acee-45bf-8165-87cf10cf9fe6,Professional,10% Cashback,0
eb8caf65-439b-46d8-a374-56965ba1c1a5,Professional,5% Discount,1
f5e038dc-b6de-4b89-8601-8ee46e3fc7b1,Professional,None,0
0e4463f2-866d-4c11-92ff-9780c85813cb,Student,5% Discount,0
44e558fe-aa70-49a7-a256-bb76c801677b,Professional,None,1
2b5bb137-d7e3-4948-b1ed-6ffc76327e46,Student,10% Cashback,0
0b4d8b22-a3ef-4b5f-81a1-13dfa46fdcc9,Professional,None,1
420032c9-551d-4e0f-8e7d-a44ae99de0c2,Professional,Free Shipping,1
ed6acd99-540d-4266-b791-08fa8125e63f,Professional,None,0
cb0985c2-9afb-4b66-868d-c59a03ecfec4,Student,10% Cashback,0
43afd268-3235-41e4-99a2-c150509a406f,Professional,10% Cashback,1
07a50661-c218-452e-b3a3-a18edec6af0f,Student,None,0
38e28430-d2c1-4f1c-a54b-1fdf5d7b35e1,Student,None,0
6d09f463-ba11-43f5-b996-7eee3b28a72c,Professional,5% Discount,0
2e6ff386-a80d-4719-bf26-91036ba6e851,Student,None,1
0a43a757-df86-473b-b673-0cea562e4881,Professional,None,1
30a005a3-a2e1-4792-84b4-2517ba6b8d31,Student,Free Shipping,0
59477f59-feda-4e97-bcda-152614312243,Professional,10% Cashback,0
ec886cfa-e161-40ff-afc7-6b0e41ddcffb,Student,None,0
04401734-78e2-452d-a351-7a00f888519f,Student,10% Cashback,1
31ab56a1-ca67-468d-82ff-b41b02d03768,Student,10% Cashback,1
cebfc57b-41f7-457f-b25f-95dc50b181f1,Professional,5% Discount,1
8733bda8-1943-407c-be04-f554faf940dc,Student,10% Cashback,1
02d46236-bfc8-4024-af26-78eb7fa43154,Student,5% Discount,1
8f705d35-020b-4895-b8c7-cb0d78b8c52b,Student,None,0
2a83e23b-e5aa-4ee7-a4ce-0fab2b5ff51c,Student,10% Cashback,0
8af47179-a688-4d21-b790-0c1c64f34d07,Student,None,0
5faad5f9-56da-4b7b-9262-f60527aefd6d,Student,None,0
e0f5ed63-a8da-4fed-93b6-e70be8789bcc,Professional,10% Cashback,1
198327d3-0307-4cce-8e1c-d8e30450f318,Professional,None,0
10c80b55-f48f-4b5e-ab57-0c02af71ccd1,Student,10% Cashback,0
32dbcdba-db0b-4351-b859-174f1f7568ac,Student,5% Discount,1
c5b4e45d-e448-4364-9c65-ff3c7d0e486e,Professional,None,0
bea1d7fe-7450-422c-bf20-1345cc5af74c,Student,None,0
f54e6240-529a-4e45-9975-63a2e01bd38d,Student,10% Cashback,1
c78213c6-719b-4766-b7ac-2ee880070517,Student,Free Shipping,1
f0c80767-6c52-4ac3-bfbf-d3e9ae4e08a4,Professional,10% Cashback,1
bbb54a90-3715-4ed4-8412-7b2158d692fc,Professional,10% Cashback,1
9275ed40-0144-428f-8e41-0db2b797023b,Enterprise,None,1
e96f5eae-be01-4ba2-86dd-01c2b622777b,Professional,None,1
a80732d7-8165-4f89-8f77-a4527bb6955b,Professional,10% Cashback,1
ad39e431-f9ef-4b08-b97e-48485f944f1d,Professional,None,0
42930014-e8c2-4846-a9f1-a13f9472eda5,Student,5% Discount,1
4dab4790-6099-40e6-9439-bfad7c4adb8f,Student,None,0
88787da3-92da-40ed-8b31-580c422d8423,Student,10% Cashback,1
8f8d201c-7746-47eb-b663-74d6509a32c7,Student,5% Discount,0
662dc958-4a14-482b-a096-1b0199d7ea76,Enterprise,5% Discount,1
16378a55-a9d2-497b-8391-9ddfed36e887,Student,10% Cashback,1
0719ea32-11c2-4a95-9d17-39d00cd5b6e2,Professional,Free Shipping,1
8365ebe2-0ef5-43c8-bb85-71bdbdce4576,Professional,Free Shipping,1
b7c6e80c-628b-4d0e-9085-c0ee55fc4771,Professional,Free Shipping,0
b3cb1b64-9e64-4d14-8598-147efde27201,Student,5% Discount,0
4217bfb3-584d-4597-8b4c-354fdbd71464,Professional,10% Cashback,0
0bba4196-e88f-444c-9ff9-e7348b9d3bfe,Professional,10% Cashback,1
b68fe27c-28b5-494e-9ad6-b3835ee78535,Student,None,0
cbd098bf-2c21-4dc4-ab31-f6919eb96027,Student,None,0
b0ea8230-f7db-404c-bc07-6659f272af84,Student,None,0
1c4b1de9-cd04-46c5-821b-58e09a29f497,Professional,None,0
929bade9-f0e0-446a-be6b-9e47e5316c27,Professional,None,0
b2ea6913-e1a2-4bcb-8f72-c3b846d3b20c,Professional,None,1
771f2e98-9218-4a12-9e9d-7fc1598fecc5,Enterprise,Free Shipping,1
c8066e4f-c38a-4d5a-9560-567bf52b6f07,Professional,5% Discount,1
e394c4f8-0569-417c-89c7-40d0880d021c,Student,None,1
890a7284-ead2-4c2c-87ad-c4b9edc66b2a,Professional,None,1
f59d13af-3682-4c0c-a393-a6023cbbc655,Professional,5% Discount,1
54747b45-4559-4e41-b3f1-71a20153b10f,Professional,5% Discount,1
4df38357-24d8-4493-ba92-3ed7d1e02efb,Professional,Free Shipping,1
4fe6141b-1f68-4dc7-8bd7-c4e5267877c3,Student,Free Shipping,0
a0a10cd1-ba90-46d6-9e15-c16c375cc307,Enterprise,Free Shipping,1
c6fb6cb6-d72a-4235-95eb-caf09db086c8,Professional,None,1
e70b30b4-de64-45f8-8632-5eb4ee8a8407,Student,None,0
91c79450-0c47-4bc9-9ec8-20817f539e61,Student,5% Discount,0
6f60d556-12dc-4a6a-bf84-521c76831817,Student,None,0
b00c3245-1d65-454a-b4ad-5a10946bc964,Professional,5% Discount,1
9bbf5aa9-ab5e-4c8b-b4bf-03882870fa66,Student,10% Cashback,0
e78ab53a-a1b7-46f0-8e83-3efeaef6339a,Enterprise,5% Discount,1
27fd198f-bc26-4a96-a02d-24632580551f,Professional,None,1
8aea1b44-2b24-48fd-88fd-0929af1feea7,Student,10% Cashback,1
dee99403-88bb-442c-92c6-4f03ce1eda6d,Student,10% Cashback,1
81682caa-ed68-45f9-bc93-9343d953ea7a,Professional,Free Shipping,1
40223aac-9fa6-4bd6-bfcf-5039c7fbaced,Professional,None,1
27048a2f-48e7-4190-b890-fb037d4fb0f1,Professional,Free Shipping,1
e148e893-a5cf-4613-9230-b0419a8b9540,Student,5% Discount,0
9099394a-fb3b-41a8-b610-881ac8780dfe,Professional,10% Cashback,1
e41d4a77-4a88-4a12-8356-e13e979e3886,Student,5% Discount,0
a95c9271-5d60-45ba-9aae-4afab4acf54f,Professional,10% Cashback,1
89a5130e-05b4-45ab-a686-0467fe4b7caa,Professional,None,1
78f70fd2-8167-451d-a3d2-120e290b0e61,Professional,None,1
6fe6d945-0140-45c4-983f-771064c2ac62,Professional,5% Discount,0
5ef68360-3f27-4851-9de5-465e285a018f,Student,10% Cashback,0
e1f87c4f-6ce6-4500-b6d4-be989a17efc4,Student,None,1
8a5793d9-f219-4ce8-af34-b5dd02169e62,Professional,10% Cashback,1
2198a4ec-3059-40a4-858b-846a7fdb3fd4,Enterprise,None,0
b72f3db8-be40-4a8a-8f28-a239a9004124,Professional,None,0
93ee16ac-40c4-4f31-b3b9-6ddfdc56f78d,Student,10% Cashback,0
b0ae7258-e2b2-4338-982f-6855cccac442,Student,None,0
9f8d22a2-05a5-4e33-8eac-2c0ce68cb167,Professional,None,0
d0fe8f97-7868-487b-8dfe-83fdf2353775,Professional,None,1
c518f4fe-26be-4d39-941d-2644bd1d002b,Student,10% Cashback,0
52abf40e-6880-4a16-a312-1951cbfcb595,Enterprise,None,1
04dc19cd-1e05-4062-83a4-4e86168371a1,Professional,None,0
57124380-613e-4b6a-b83a-7e0e056e743e,Student,None,1
8965339c-12ad-485f-b5ee-b2450c69175d,Professional,None,1
069800d1-b5bd-4057-8dce-45cef5a69b9b,Professional,None,1
072d5880-154e-4b05-987c-eb35ba01b89a,Student,None,0
85a47a9c-620f-432a-acc0-c09c9d9f742c,Professional,None,0
039ba842-07b8-448d-bb06-38c9417e5d05,Professional,5% Discount,0
8e0e4f40-c081-4a39-9079-156f26b9046e,Student,None,0
c0751210-11da-4c0c-a01f-9f1b24a3fe28,Professional,None,1
fe1f8721-2041-4bca-a63d-7bfbe2e68264,Professional,None,1
6485ac16-95fe-4154-bff7-05ab194a110f,Professional,None,0
ad685d72-9e71-4799-847b-51d3982d7e92,Professional,5% Discount,0
3591777b-b3df-4f33-b4f8-2ca4ce534165,Enterprise,None,1
276cd0f1-cb88-4eb1-92a2-35bae336b0b4,Student,None,0
bd15291d-9196-4d9f-baeb-05120795a053,Student,None,1
3473d88d-070a-4fbc-87e6-4e3cf7cb21b8,Enterprise,10% Cashback,1
8b866dcc-9574-4527-af1b-e954c8b8e50c,Student,None,0
d7f1f22b-62ce-4b25-8f26-994fb6cbf568,Student,10% Cashback,0
c948d2fc-56f9-4043-89b2-88aeca691e27,Enterprise,None,1
030cf99d-dba2-4664-9135-b93187280c9f,Student,None,0
a7edacb1-e36e-48e9-b858-f26ccb1f489f,Enterprise,10% Cashback,1
0511ba9c-8f3d-4df0-b294-99606faf4811,Professional,10% Cashback,1
1c5a2321-6e9b-44d7-8bf6-06b75b9a6176,Professional,10% Cashback,0
76d087ea-5cff-441f-bca4-65cd6dde8495,Professional,None,1
086ad9f8-5b12-41d5-88bb-4fd2729a4919,Professional,10% Cashback,1
ae2a5a71-f9b5-48ee-af0f-7e373c198382,Student,None,0
fe3c944f-bad8-4ee2-b554-c5811afe27e2,Professional,10% Cashback,0
4487c51a-bde2-4288-8624-7ba39ff8aabf,Student,10% Cashback,0
fef9042e-8f92-4602-92f9-e9fbb2df5e3d,Student,None,0
c1bda380-5312-43b4-8e24-f77c6acb7f40,Student,10% Cashback,1
ec23cd47-2e47-46d8-a4f8-987b1312467e,Student,10% Cashback,1
9f9a1d87-cbc1-4f05-8a79-4891e7dd8ea6,Professional,None,0
019850f5-b687-49e0-ae58-696ef8a7d326,Student,5% Discount,0
36b87a29-0a2a-411c-90d8-317c08b37ad7,Professional,5% Discount,1
aa35e84a-275d-44d0-9223-8bbe21f228d4,Student,None,0
dfab5ac6-8fc9-4ce3-9ab2-e46f2a787885,Student,Free Shipping,0
4c3564e4-1a34-4e26-bdf8-ea6defada1d5,Professional,None,1
6e03abd3-efd2-4ac7-b07e-666785c9856b,Professional,10% Cashback,0
b6840b04-19af-44f3-be9f-2d42024534ed,Professional,5% Discount,1
2fac37d5-a22c-427e-aa8d-ff2751d438ce,Student,10% Cashback,1
4cedfe2b-fb27-4dd9-a38a-d9cd4c8c1514,Student,None,0
8783f2ca-412a-4638-803c-38549f62cfd5,Professional,Free Shipping,1
ea31416a-8312-456c-a832-503de1411e55,Enterprise,None,1
55c94967-e4ea-44f3-855f-dc5d3a2e1abb,Professional,None,0
7ceba9f4-2023-4c5d-ad8f-5f76273ac7ea,Student,None,0
3b11fca4-65e4-4695-a91b-36c4cad6944f,Professional,5% Discount,1
041930e7-ef50-40df-8af9-b0694fc0e026,Student,Free Shipping,1
06371573-ed04-4e67-82fa-cdb83062a842,Professional,None,1
d9dbcc6d-dab4-490f-b4dd-c72fdf1ece57,Professional,5% Discount,1
15f1fd71-99dc-4d23-a75f-1b3dd1c7b4bf,Student,None,0
3a318ee3-4127-4690-a8b4-f23d02a39da4,Student,Free Shipping,0
42dcccf6-5d43-41bd-a9cf-096a4de5d781,Student,10% Cashback,1
0b11c770-7033-44c0-a680-7c2211a3c456,Student,None,0
bb7749b6-6247-4ed4-a801-ba1271ef53a0,Student,None,1
4b9347c1-449a-4b82-865c-dde8b1f30243,Professional,None,1
05bd02a9-8a5a-4a74-a5b4-7325eb46b993,Student,None,0
bc8996e4-8c7f-479c-96b0-a23f74cac688,Professional,5% Discount,0
c2db7747-2afd-4452-ab37-0738c74ef3cc,Professional,None,1
29838f61-8f27-406f-a55c-9b52d797f68f,Professional,Free Shipping,0
e203437f-0ab1-4541-9855-e905cc0d40e4,Student,10% Cashback,0
ae25a36d-abe8-4ec0-aa06-06f30080cd7e,Student,10% Cashback,1
09d962c9-a5bf-4a82-b84e-dc7fcf9cdf1e,Enterprise,None,1
a40e56b4-9772-4a6e-892f-c82c395cd089,Student,5% Discount,0
d2f6299b-b9f2-49f3-a4f6-45506ee22d05,Professional,10% Cashback,1
9b3c18de-a767-49e7-b319-d4b294867e62,Student,5% Discount,0
dd4e0026-5ce0-45d4-9762-df869d27949d,Student,Free Shipping,0
5fa20842-b1a1-4343-8f07-a76256d435a6,Student,None,0
b6147040-1ef0-432b-be46-37eb2e9185a3,Professional,None,0
d1fb1ebb-b6b8-4c0f-8771-d5012b40e5d3,Professional,5% Discount,0
50871fa4-32cd-4335-8ea3-0e9841e78fb2,Professional,5% Discount,0
7581a16d-c58e-452a-8f1d-ecc5ac522854,Student,10% Cashback,1
3449d72e-a8bb-4a1d-bfde-26da869e798b,Student,None,0
6a1d955c-4cc9-4144-bd7a-9c5f049c7c7e,Professional,10% Cashback,1
5c71b9d4-2a8d-4519-a1c1-a975b45cf3e2,Student,None,0
258b5097-953f-4598-9d02-fa0f8605fa16,Student,None,0
80fe5c4e-6cc3-49ae-90ab-939f95cf012b,Student,None,0
dfaa6591-b8bc-4830-bf66-e0ae24ccb7b0,Professional,None,0
5a7278ff-094a-43db-9d74-633717992ba8,Student,None,0
c273610d-8d92-42a8-9479-540b4a189c97,Professional,Free Shipping,1
d45ba32e-31ba-4008-a676-278bf0eb8bd2,Professional,5% Discount,0
d6034a78-160b-4d42-8dd0-74c85a53d7b0,Student,Free Shipping,1
80e73bbc-989f-4f2b-a471-82aa6e4ea467,Student,5% Discount,1
45c417c7-3a6f-448b-962f-55c105027473,Professional,None,0
11f5a742-abab-4e0a-9cbb-b4d78910d899,Professional,5% Discount,0
90814f1a-e677-47d1-960d-8a20f543601e,Enterprise,Free Shipping,1
1e0712ff-6e92-4beb-9d89-3dcbff47a4fd,Enterprise,Free Shipping,0
102126f6-7783-4277-8fe5-55cf4182b496,Student,10% Cashback,1
11db2be4-06ed-47c9-a7c7-7e02aaff3031,Professional,None,0
c97277e9-6536-45a3-abb8-de92be77ded6,Student,None,0
64047a3e-dfdd-4387-ad33-6267ea02befb,Student,None,0
b8417854-733b-4546-885d-9d16b22e7d59,Professional,Free Shipping,1
c9c23eee-ba38-4387-a0aa-af9add4f7496,Professional,None,0
ebc347d3-6d8f-4e2d-a027-65aaec076779,Student,5% Discount,1
7eeef78d-10af-46f7-9bb5-b656ca8d3475,Professional,None,1
f7589cb7-4997-441a-96c7-b68ce2d5d8d9,Student,10% Cashback,0
bc0aed72-b525-4a7d-b11b-04266ae3a01f,Student,None,1
ae623f52-201f-4d87-8513-f1f0510083ee,Student,None,0
ebb7972e-49d0-4325-8356-3ea060e607da,Professional,None,1
7bf546b3-e6c1-4d53-962a-883ee9e5fbdf,Student,10% Cashback,0
edbba067-d472-4786-946f-48bd74f277c8,Enterprise,None,1
ca2697a5-5997-4824-a03a-4a1c5bf28e31,Professional,5% Discount,0
f638fc4f-de4f-4295-87a7-c698193c46fb,Professional,None,1
b93fcc29-9855-4248-a9e1-bd9a3779e25e,Student,5% Discount,0
7b2dc68b-007f-4a21-b97b-bd5bcc18aea5,Professional,None,0
bd8031bc-4eb1-4e77-9068-b0dfd348ec8f,Professional,10% Cashback,1
4531f3eb-3226-4d6b-b8c8-d5f5392632db,Professional,None,1
17525b6f-5ca9-405e-89b5-cfeab49f4d7e,Professional,5% Discount,0
b723ef1a-008a-4df9-b4e8-c31007180f79,Professional,None,0
8c258be6-dfee-44a6-9afc-71ef827f9ed3,Student,10% Cashback,0
2f634166-e76e-45d6-ab15-a50124ac36d5,Professional,Free Shipping,1
561b095c-bca1-4363-a510-1b6e417374f5,Student,None,1
8d85d1e2-fddc-4f5c-b53b-7babe0cdd23b,Student,None,1
7514d15b-7269-4896-ae19-90c8341236e0,Student,5% Discount,0
0b5e5f95-6040-4f9b-b89e-260636fd3ace,Enterprise,10% Cashback,0
2d3d462b-eaee-43db-b8b9-7c93535bb0b6,Enterprise,None,1
b52918e3-dd80-4130-9006-4f7d4cb62e98,Professional,None,1
614f1ef3-ab85-4f05-9ac2-055de05195c9,Professional,None,1
a022bc1a-aba7-4ec3-98c6-d7f23bf3fc2e,Student,None,0
69e07d64-1a1d-4142-990f-c66c49870a6d,Enterprise,None,1
26985b93-e6f1-4966-bd30-b2cf6b346fa7,Student,5% Discount,0
828a3cb9-735a-4098-b03e-b5757369c410,Student,None,0
d74294b5-c370-4066-a875-27d1b6525549,Professional,10% Cashback,0
75749eca-56f5-4067-a7ff-d7f60bbf5f23,Enterprise,5% Discount,1
7f374766-c6a4-4819-af48-594d37ab05c4,Professional,None,0
9216c916-9302-460e-9a4d-50a805464c3a,Student,10% Cashback,0
a8e81786-561a-49bd-a4b8-d908e45267a7,Student,5% Discount,0
d1e200d4-25d5-4dbc-87c5-2428525c82ed,Professional,None,1
47ae05ce-98ff-46ca-a242-067e72e19802,Professional,None,1
b6d407c1-a06d-42a0-bf47-03d4b895e073,Student,Free Shipping,0
6f64d062-1a93-4640-bd45-519d8e02391a,Enterprise,Free Shipping,0
fcff3aa7-afd2-42b7-96fb-dd0a7e8f4328,Professional,None,1
efbf38b4-4bd1-4ce7-b998-f21caba4d0c9,Enterprise,None,0
82cb09d9-f85d-4295-aabf-787b8ae75f3d,Professional,None,1
702ab78c-dcfb-452e-830a-2b830d140e5e,Professional,None,0
19de8cb3-33bb-4b45-a066-edcd8536f293,Professional,None,0
798d77f3-62ae-4679-b04d-0338b725e6cb,Professional,10% Cashback,0
90cd6591-1db3-415b-ae90-c348879fb60f,Student,5% Discount,0
d871f030-efca-45e7-af23-e4ec5223a873,Professional,None,1
286ebe6c-cd9d-4e61-ba6a-54d135c0ed58,Professional,5% Discount,1
84d43c1a-325c-4454-9b22-ea0afb3a8d53,Student,None,0
0a193e5c-24e0-47db-aaa3-287602510904,Enterprise,None,1
95f482e3-ae73-4f63-af40-af59591aafbb,Professional,10% Cashback,0
0d75526b-3553-43b9-a512-f902505d7d0b,Professional,None,1
633bdbd6-bb6d-4995-a13d-574aaf436a8f,Student,None,0
ce2aaf8f-2665-491f-90e9-b8c8651dd88f,Professional,5% Discount,0
cb9cfea0-11b1-4811-a840-a46dbc2bd820,Professional,None,1
1829402b-a193-4ba1-8358-7df586407ac6,Professional,10% Cashback,1
3eaf2443-5403-4470-bff9-cf227c654171,Student,None,0
a0fbf7af-a9fb-49f8-8671-bc3e923d849b,Professional,None,1
a2614996-52af-4515-b287-1f9db06a93fd,Professional,10% Cashback,1
06f0cbdd-94f8-4a1f-888d-e84901fb4772,Student,5% Discount,1
ec8992a1-191b-4935-9f25-8b3c0bfb355d,Professional,None,1
4b9b88b1-46d3-4476-b267-8e06ac79a072,Professional,10% Cashback,1
95682884-c71d-41df-ad14-3cced697c71b,Enterprise,Free Shipping,1
a4610769-f983-4cbf-ac26-aee44628ddc3,Student,5% Discount,0
567b7011-db5f-47c5-8bbd-7fc8cceeb7c8,Student,None,0
f9bdaf0a-5c29-497f-ac48-cab55d2007db,Student,10% Cashback,0
a7fe68ec-fd4c-4741-a68d-614ed56996d2,Professional,10% Cashback,0
dd2c481c-b561-488c-a4d3-34b9351f7df2,Professional,10% Cashback,0
1aab59e7-68b9-47a8-8d72-c6d3bd93be1c,Student,None,0
e3f5850d-bf63-4b14-b67b-4ef30960729d,Professional,None,0
783db51c-ddb9-4382-8519-4a03c0a35361,Professional,10% Cashback,0
16c047e3-7f37-4f55-b440-b16123a4d9e0,Professional,None,1
8f85f15b-d52c-4fea-92cf-9827498a58dd,Professional,10% Cashback,1
d2d898f2-f023-4de2-9007-b95a8a52b918,Professional,5% Discount,0
7fd68d70-7167-4c60-b3b9-94e40acc9bcc,Student,5% Discount,1
cdcef5c4-5cdb-4208-a0fa-0e473caa0dce,Professional,None,1
42bf928c-9315-4e05-aa59-71af02a7bd1e,Professional,None,1
54c3ba08-9d3c-43e1-82eb-c4d18362b476,Professional,10% Cashback,0
cd36f819-45ee-4b0a-ad51-fe7eaea9c1a6,Professional,10% Cashback,0
032f8e4b-1dec-45e2-86a0-ce1f5c0e3518,Enterprise,Free Shipping,1
83f0f219-2e37-41ce-952e-dcd491cb2d2e,Professional,10% Cashback,0
bc4646db-7794-471a-812f-6b101002b4fd,Professional,None,1
dbeb265f-436e-47be-8cf4-12376037a4b7,Student,10% Cashback,0
072d5ce1-d5d6-4a82-ad5e-2b075c14b36b,Student,10% Cashback,1
72284d4b-c355-414a-a10a-eb5e872774c8,Professional,10% Cashback,0
46de7272-5c4d-40cc-9b2d-98c7a2d264e5,Professional,10% Cashback,1
1ab1bbb2-9a8d-4908-bacc-a5a47e87f7ff,Professional,None,1
14b66bdb-6e21-49aa-8f89-957e8e7765cb,Professional,None,1
87535c8f-0da1-495d-bc06-d3f764b32c63,Professional,None,0
90dad8c1-b526-4f4b-9454-6452239412d8,Student,None,0
4b64fa41-069a-43a5-8145-0934f5ecb988,Professional,None,1
26c7ca02-f001-4372-9505-ae144c93f63a,Professional,5% Discount,1
62aba4d4-178b-4c8a-93ba-cb0beb46d958,Student,None,0
14748dff-ec9c-414e-9d20-f153f587cd08,Student,Free Shipping,0
7d5708a9-b08e-45bf-b6fc-70881c09dfe4,Professional,None,1
d6d160ab-614a-421d-b4b4-85b695727388,Professional,None,1
28c76ddd-e6ec-4f47-87fc-32480c8dd1b6,Student,None,0
ce488cc6-4582-4fab-8a9e-46be1e9d76d0,Student,None,0
1a2fde13-8e9d-406e-8429-32171134de98,Professional,Free Shipping,1
91443e86-9098-410e-9ffc-16b874fe91cd,Student,None,0
b022733b-36f1-4adf-8fc7-05c215cffa49,Professional,None,1
738bea87-421a-4dec-9347-3d9bae8262a4,Student,Free Shipping,0
d5236e37-1269-46d8-aa19-141a85f1ba0d,Student,None,0
37d0595e-f576-44cf-b248-7890f8bb1254,Student,None,0
afc76688-1cf4-4fdd-9306-df568831d6ab,Enterprise,None,1
021dc1ea-ebd4-4af6-a6ec-dc1b9f5f8922,Professional,None,0
045e8bcf-3f02-472d-a8af-632e6762ee3e,Enterprise,None,1
19a715fd-aaf7-4c0c-a0a5-5e2fa6305e47,Enterprise,None,1
acdfc817-f304-46e0-82e9-5b96a90311ae,Professional,5% Discount,1
f0162a31-5310-490f-a747-6100059f462b,Professional,5% Discount,0
2bc04b7b-b105-4dfc-88e7-9ef69766ee53,Student,None,0
45458c78-c13a-41ce-86d2-73a03083dcf4,Professional,None,0
d456fe7e-3664-4262-9717-2d19a89d7735,Enterprise,None,1
52968727-be28-4ef9-b2fa-1edb8c0ed96b,Enterprise,10% Cashback,1
61a0ec4b-0d1c-451e-b443-e0071ca8fb63,Professional,None,0
bf16fde7-dc13-45a2-b370-499df73c867e,Professional,5% Discount,1
8dfc4c22-1e13-42bc-88bb-b2334e1600c5,Professional,10% Cashback,0
4b7e4bd9-2420-4c0e-8c89-48f6cff7c551,Student,None,0
cc3e5aa6-c625-4fa0-bc2e-1a4dd9bcaddb,Enterprise,10% Cashback,0
89f5d740-3a61-4971-850a-6881519d65cc,Professional,None,1
1dcc49b1-c472-46f7-abe0-3fed3577550e,Professional,None,1
e28ae599-b18e-46db-bc00-0955feb4fe7c,Enterprise,None,1
3472e689-352e-4fad-8929-9efccff6c62b,Professional,None,1
5f9b7153-c414-45f4-a55c-6fce458fd853,Professional,10% Cashback,1
d290d226-894f-4b1a-8306-26f51a47a577,Enterprise,10% Cashback,1
74cbaeec-9fbb-48fd-9be5-4d2cc3673741,Professional,None,0
1510bfcf-6e66-40e5-9ae3-3603b9f7c8dc,Student,Free Shipping,0
5c6d3160-8473-4a77-8f44-9f0afa8e491b,Enterprise,None,1
3892c55a-0f17-40cd-8b30-e01c4f295d99,Student,None,0
7cc26890-d509-4988-8f58-3f0aebaf4e86,Student,None,0
d15f7ff7-0b4d-46c0-ba4e-bf432a1284dd,Enterprise,10% Cashback,1
d8b0df3e-8d40-4e6f-afdc-ca81169cd58c,Professional,Free Shipping,1
c24a891a-3f1a-4a23-ae09-42da0f7b42d9,Student,10% Cashback,1
18a53237-42bb-437d-ba69-121bded2f19b,Enterprise,Free Shipping,1
4d04f070-2acd-4ce8-ace6-8777db6ac20b,Professional,None,1
8cc0d9cb-34a8-4195-a97d-d41c050a2221,Student,None,0
f9f7373d-8a19-47da-abb6-48f80ec7bfe3,Student,10% Cashback,1
0dada801-91ed-46c6-a775-4bef4f35a065,Professional,10% Cashback,0
43810ead-e83c-47e0-a8b6-e40e45533d9c,Student,None,0
31310b4a-66ef-4171-a1e3-3ae8a9899d0f,Professional,5% Discount,0
8436bd5a-224a-4567-bf46-ef9e9f782e93,Enterprise,None,1
e9c44a69-e2a2-4df9-b00c-e7ff77e08483,Professional,None,1
22596cd9-0dc1-4e30-a8a6-de3ad8201194,Professional,10% Cashback,1
f3048aee-ee61-480c-b11b-5c0b023e3ce6,Professional,10% Cashback,1
904097db-cbc3-4b62-845a-368f5ae23fe3,Professional,None,0
42ba167d-eb67-4b1a-b414-38ef1faab257,Professional,None,1
8ec42a5e-bdcd-46d3-86c8-58f94d4c7cee,Professional,None,1
ae5a1c02-5969-4fb9-b421-cdf51a2d044e,Student,10% Cashback,1
1cd73f0a-1611-410b-b3c1-4e466974584e,Student,5% Discount,0
cd2234c1-bc98-4c25-8d21-8e72b3a73d96,Student,10% Cashback,1
307760c1-164a-44a3-80a7-8876163675de,Professional,None,1
826d83a4-0b49-4361-a768-692ce0f39f21,Student,Free Shipping,1
c5fb60b3-19ee-4953-96b5-5ca692d718bb,Professional,5% Discount,1
fc2673ae-f696-403c-b7ba-2afeb1e80a20,Professional,None,1
ef94a41f-70d4-4dce-8940-8e4b40426e80,Professional,None,0
e60ea5a0-ff33-4fda-b791-b5aa4c556e89,Professional,None,1
1d2be67f-455f-461f-82d4-8b1c6109973f,Student,None,1
a2372464-31ed-4693-b977-b38b7b25a44f,Professional,5% Discount,1
1be5f278-da04-4964-a945-28f7f61eada0,Student,5% Discount,0
68acf738-eb16-4402-aaba-f5341aca0a47,Professional,5% Discount,1
f9e3d970-e245-4caa-a14b-d9c7557acced,Enterprise,None,1
9cec7cde-2406-4fed-8402-83804703db0e,Professional,10% Cashback,1
2f7b8782-4b24-4d10-ac60-aba90ce8c6f9,Student,None,0
01d6c130-253c-4b81-82e8-501bca6ee679,Student,None,0
670f7a57-3bab-45a5-ace9-76c5d61cc124,Student,10% Cashback,0
1685f52b-4b4f-4759-aa55-bf0c18b7bc37,Student,None,0
d4702301-9077-48f0-b011-ac1de3966736,Student,10% Cashback,1
f3e3ee66-5871-47db-b7f3-d4cc1120a7f2,Professional,10% Cashback,0
98d88989-8624-4915-ab11-43cf4ae2055a,Student,5% Discount,0
5bc30026-52fb-40be-9a39-49c5565eb1d8,Professional,None,0
6e2bb6dc-9a53-4fb3-a908-9636d140b2fa,Professional,5% Discount,1
3aa6fcea-a0c8-4670-9138-87ab6144f719,Professional,Free Shipping,1
142f826b-61d8-455c-9991-afd42f45bcd6,Student,5% Discount,0
a80339ad-b696-49c3-8002-7f705db943bb,Student,5% Discount,0
7f12a5c9-6d98-4f1b-8bf1-b57724ab257f,Professional,10% Cashback,1
bb149a50-9a9a-4a44-bb24-65bb0e3fe00f,Professional,None,0
8ef94075-b59b-45f8-9778-6ae5b24837fb,Enterprise,10% Cashback,1
2f0d247e-ee77-4179-94a0-2e5af53c0af5,Student,10% Cashback,1
a981b614-46d3-43b5-b396-671e9cb9a8e7,Professional,10% Cashback,1
404969da-5ce2-4339-b372-3aa8d30c1728,Student,5% Discount,1
4bf66d5a-8cc2-47d9-bb77-79621ba2d8f6,Student,None,0
58bb2ce8-de03-43bb-a8ea-728df4dc4836,Enterprise,None,1
3e3420e1-da86-4433-a611-65732b455da0,Professional,10% Cashback,0
3b44f8f4-cd64-4159-87ca-63a63d18c5e2,Student,None,0
9e2c0067-6de3-4971-970d-4a3be216d425,Student,None,1
fdc55f7e-834e-46d3-afea-5e4d8d2d1223,Enterprise,None,1
ab0b92a8-4326-4941-8ec8-69102103efa3,Professional,None,1
a97384e2-e78c-4da0-a530-b43f14b2dd17,Enterprise,5% Discount,1
31ec5cac-080b-43ba-8fb4-2ff2b3cdae43,Professional,10% Cashback,1
a11bd815-cdc9-411a-a5fe-e65bc67672e8,Student,None,0
08997d7f-213a-4222-bd73-8d96fb0d6dea,Student,None,0
6fcbec56-7123-4087-aaa3-5f0d640f576f,Professional,None,1
81a01931-9818-4b4c-ab9f-d47743be84ca,Enterprise,None,1
19b2dd4c-89c2-40cc-a467-cae8b537e3d4,Enterprise,None,1
1b4cd14e-9c0d-49e1-9ee1-8e690d58cc0f,Student,Free Shipping,0
661ff531-cc91-417a-b9f9-c682942fdf53,Student,None,0
2c80423b-3023-44de-88ac-d7f570a56943,Professional,10% Cashback,1
2ca0b431-f6e7-42b8-af76-4efd40465e88,Professional,5% Discount,1
2ab5b362-516a-41d0-aefa-8d915f298bc7,Professional,Free Shipping,0
e9bfe100-bbc2-4ac4-bd2a-e3cf61db88ab,Professional,None,1
daf6d04d-464c-4e5a-8741-88bc00fb3f91,Professional,10% Cashback,0
cb781871-7779-4005-909f-067ffac8f32b,Student,None,0
ee9a009b-9720-4956-ae2d-f2d5893d999b,Professional,None,1
02c9d437-62b8-4290-a220-ac036d426a58,Student,None,0
ec5100d6-eaab-4a7d-8037-791381db4e50,Professional,5% Discount,1
55143eb5-ecbe-4a3a-95cf-70ddd710edeb,Enterprise,None,1
7e3b2fe0-ebfd-4033-906e-75f5bf00a44f,Professional,10% Cashback,1
31219dc9-7cc4-43fb-b044-b67bf499a5b9,Professional,10% Cashback,1
e0f4b634-2ee2-41e9-9c45-f163407e3720,Professional,Free Shipping,1
fa65fdaa-a562-4d6b-bc0c-fd7fc4546a7c,Enterprise,10% Cashback,1
7be34143-4521-4e95-aa2a-0e584a7aac4a,Student,None,0
02506d57-a73d-4182-985a-76e1c51b4432,Professional,None,0
7da08b88-43d5-48e6-be81-76853549b023,Student,None,0
65e61d0b-7164-47a0-81b5-c25738355f96,Student,5% Discount,0
ad619db2-60d9-4382-83ee-184431982cbd,Professional,10% Cashback,1
b9e99000-b057-4827-b854-89e2e1865c2f,Professional,10% Cashback,1
720ea018-b22d-4b65-8ab6-6efe4be401f0,Student,None,0
b20d9776-3b4e-4e74-bc2e-e78985956259,Student,5% Discount,0
7be34e57-d00d-4b61-b083-254bd95ad02a,Student,10% Cashback,0
5f88d9ff-f7c5-4267-8ffc-1322da9788e7,Student,Free Shipping,0
2c3f6797-3fe4-4de3-b3f9-9c1cee998ff4,Professional,10% Cashback,1
0467eadf-b11b-45d7-98f9-26dd73d0af5c,Professional,None,0
cac6478c-0a0a-4207-944e-f3a00891d6f1,Student,None,1
57318044-be54-411b-a302-c6bb21f0a0c1,Professional,None,0
005364a6-9b1b-4f3d-a292-fc379152763b,Professional,10% Cashback,1
bd4a8c4e-6cf2-402e-aada-c4a303476ae4,Student,10% Cashback,0
9433dd9a-4ea3-4d90-810e-f40bd6b34444,Professional,None,0
53358fa9-1ef3-465c-9a95-0de0874da362,Professional,None,0
bc9cf627-2082-4a21-82b5-8b2dbce73a89,Professional,None,1
2da1de3a-2494-4eb7-bb93-7ae3ca7eb529,Professional,Free Shipping,0
c3405010-19d1-459c-8d5e-a32a614a6ea2,Professional,None,1
958acb94-7cbc-4118-8588-47e6b01a6f5f,Professional,None,0
34d72526-f73a-412f-9057-b03634793016,Student,None,1
7f52d883-49b9-4f2e-92a5-2476577dd028,Student,None,1
9f5924e1-562f-4b4d-9426-d391b9989993,Student,10% Cashback,1
96a06507-f528-4ace-9895-8167ac16d4be,Professional,5% Discount,1
c9feb730-cd9a-45c6-b411-3e64cf9d3f7b,Professional,None,1
7850b5e5-317e-417a-985b-19cc7959ce44,Student,10% Cashback,0
58e6e2d4-f810-42b4-b559-c731eded956f,Enterprise,None,1
88a979ce-2d31-4c5a-9e72-4a0d98e898eb,Enterprise,Free Shipping,1
4c874fa4-3ed0-4322-b22f-2160aa27e803,Student,None,1
fda8023d-02fa-440e-97bd-cae76921aeae,Student,None,0
a69632e0-f6ca-4ec2-a41b-d96822b4a913,Professional,10% Cashback,1
c2f8e515-579a-4da9-87ad-6a2f8426285d,Professional,None,1
26502d80-dd49-428c-b76b-f0d7d314e6d6,Enterprise,None,1
160487f2-1916-4cf5-a95c-f77d40a67dab,Professional,10% Cashback,0
68dec201-3b3a-4d63-a81f-67efa1d07d0e,Student,10% Cashback,1
c6188e19-e592-4f97-b671-79e30e5f6290,Student,None,0
ad4d1fe6-5959-4e44-88a6-982e2cc5adc6,Professional,10% Cashback,1
51d34188-a7ea-447e-9e48-290a3a2a0fbd,Student,10% Cashback,0
c8987d00-e523-44a1-a989-37d25da402b4,Professional,10% Cashback,1
b114038e-a35b-4315-9f1b-b4b3521e61c7,Professional,10% Cashback,0
06909f53-7cd6-4ee4-ba3e-1c581dbc5ce4,Professional,10% Cashback,1
4ef7b956-a690-42d6-9178-1102c103e0fd,Student,None,1
79960848-0890-44dd-8eca-f8a4d1f62dd6,Professional,None,1
db5c3f97-1eda-4f53-965c-027cee2c5edc,Student,None,0
2a6e1413-67a6-4e23-a9dd-0c00625b8f76,Student,None,1
c5f5eda6-2a41-4b42-a36b-e1cf6a7d5a42,Professional,5% Discount,1
b37e0621-f086-454f-9ddc-4bc9808ec3e4,Student,None,0
21afd08e-7a98-46b8-92e3-8efd78c3e095,Student,None,1
84e16b49-9381-463c-925b-ec1b34f7646f,Professional,None,1
792ef323-4c31-4628-af15-05016c4fb8aa,Professional,None,1
72a9c895-6394-42cb-9fcc-3affd8e339a5,Student,10% Cashback,0
011dde4a-b6e9-4154-a159-751c1d857ccb,Professional,None,1
8548e32a-87ef-452e-8bba-9517042ae2f7,Professional,10% Cashback,1
ec583c93-29e7-4074-9cc5-480899c787ad,Professional,None,1
567bc28d-492c-416b-a11a-6b0eea672944,Student,5% Discount,1
50d18229-89bf-469e-8ea5-2e930248cb45,Professional,Free Shipping,1
0d36888b-2866-49d6-8eb8-f9f1d32e7eda,Student,10% Cashback,0
0f8fae2e-e0bc-4652-8920-8ee301cab983,Enterprise,5% Discount,1
a46d1111-1d42-44fc-9db9-9bf95c484476,Enterprise,10% Cashback,1
65ba0ec7-1b2a-42b2-b923-95fd2beb4b09,Student,Free Shipping,0
33cd4d3c-f20e-45d7-8df7-995fba3bdad5,Student,5% Discount,0
415cab5c-8f91-4f16-8abc-b52b7be38ed3,Professional,Free Shipping,1
33152bfd-4049-4532-8f45-18f18a3a1430,Professional,10% Cashback,0
50e7e329-0c26-4d8f-ba1b-53efbc854b60,Student,5% Discount,0
2eeacc30-d9e6-4f5e-8483-a955bc45c39e,Student,10% Cashback,1
c6fa6baa-2505-43d3-b368-a11ce3221933,Enterprise,None,1
7d23b084-c226-4cee-8af4-90541d07981f,Student,None,0
d4fc9972-6195-4c21-93fd-aa8fd4ee1d2a,Professional,5% Discount,1
d57665ed-a1f0-4293-94cb-d36595786332,Student,None,0
1c77d51c-1286-474d-a530-635a944ce55f,Enterprise,10% Cashback,1
c57cdcf0-f4e6-4158-bcd4-8bce7fe69c7a,Professional,None,1
564b28b2-c099-44b9-8526-0356d4d893a4,Professional,None,0
2d42f92d-8f50-4874-b10b-efb5bd6307a7,Student,5% Discount,0
2cf07f5b-32b9-4529-bbbd-6345e9092c55,Enterprise,5% Discount,1
4f702883-43f5-45c8-9c04-260f0059f55d,Student,10% Cashback,0
585b9ee7-b705-41a9-86ac-af123d236f50,Enterprise,None,1
4e415866-3f6a-421f-b6ea-4ceafb194357,Professional,None,0
3020b38e-4723-4bdb-ab57-1ba497b5be82,Enterprise,None,1
825e488d-1aad-4812-83f5-73f03e71c7e7,Professional,None,1
0b0a06e3-2747-4015-b5d1-d2307b22881b,Enterprise,None,1
5baeadb6-4727-4910-87a2-ae6b64712bcb,Professional,10% Cashback,1
d20dc0e8-a98e-4903-8bf6-77accb9bb25e,Enterprise,None,1
0e5b516a-0b3a-4b5e-b4ba-b736753de2db,Professional,10% Cashback,1
0f81cc72-880e-49db-9476-1b657de3ac0a,Professional,None,0
8b51a33d-aed0-4ba1-8bd5-abd41198d663,Professional,None,0
54dcd762-7803-48b6-9176-4ec075f6e35e,Professional,None,0
a8f37fbe-ce15-4f83-a4ef-550e7fa12d9c,Student,Free Shipping,0
b6cc85ea-f0b6-4b24-990c-7d2fcbfc9351,Enterprise,10% Cashback,0
90b93cdd-8a10-4c16-a9e7-d1d9f570f3f4,Professional,None,0
80260ad7-a6b9-4777-b140-e7f526e4aa79,Student,10% Cashback,0
b761876f-f1fc-4c32-bc77-5ab0450f6a5d,Professional,5% Discount,0
c25f2166-e65a-4f84-ba38-0d54aec00ae0,Student,5% Discount,0
76967e4a-9766-486b-9893-393064c5532c,Professional,10% Cashback,1
de598cb2-9ff4-4454-b6a6-84420bd3491d,Professional,None,1
f2e11e58-8611-4a9c-841d-602eb95f68ec,Professional,10% Cashback,1
d385130e-a113-4e77-a0dd-d2ad05f38015,Student,5% Discount,0
4d49ae2d-7ef1-4519-aa45-d76cab39318c,Student,10% Cashback,0
e0289da6-94fa-435b-8137-ebac9db7895c,Enterprise,5% Discount,0
2f052af4-3fae-4e82-b1b8-fb2911902da5,Student,None,0
b8fda16f-f86b-4639-a354-953f8aaee0dd,Professional,None,1
a8994e38-943e-47be-b8c0-e2fa49432f58,Professional,5% Discount,0
57e859f4-2d9b-47e2-a756-99c01c4e78da,Student,10% Cashback,1
0c6c8529-0e73-444a-899d-91ae53f6ba66,Student,None,0
c844ba20-705c-48c2-b333-27de2fccee03,Professional,None,0
76d59a8a-6f30-482f-9fe9-f49d3feac905,Professional,5% Discount,0
8883e7d1-8552-4776-a9d1-d174ce7d020c,Student,None,0
9d16a217-075b-42a8-958b-1b20f55e773d,Enterprise,None,1
a68ce231-3fb1-4e04-8d65-ff9dddad37d1,Student,None,0
0a0d3f8c-c2bd-4c6e-8438-dc630cdea60a,Student,Free Shipping,1
0ee55e5c-909d-43b8-8231-5287f920e5cb,Student,Free Shipping,0
f9b15ae9-5440-40a8-97c5-5467994251b3,Professional,10% Cashback,1
0e0ef43e-adf3-4dd1-ab17-e815fcebdf88,Student,10% Cashback,0
c6553791-04e2-4651-8df4-41d73fab0b19,Professional,None,1
16f0de45-8806-4508-8efd-ed1b6886e8f8,Enterprise,None,1
8d20a228-2ee4-4a7d-a11d-92799b003274,Student,5% Discount,0
c5a1a112-e574-4725-994c-f9eacae92f08,Student,None,0
6214d38e-cce8-4a5e-9a3c-e93e5c6527c0,Professional,None,1
23fa631b-12d5-4ad8-9128-1bced8816db1,Student,10% Cashback,0
d763d708-7fa9-44d1-9c05-d14f195b052b,Professional,None,0
44629717-0473-45ec-87b2-dcf25eb6d11e,Professional,10% Cashback,0
2bffa3aa-c5fd-46bc-a118-17d2296b8cfd,Student,10% Cashback,1
8d46bb7d-a4aa-4e19-9f80-1e244e01fe6c,Professional,10% Cashback,1
6b6a7857-27f5-49d8-ac24-5fbf589d99c1,Professional,None,1
01c22648-200c-4db0-8261-ede7324b3fee,Student,None,1
b81f07ba-fa6e-429c-89f2-cc81095a06aa,Professional,10% Cashback,1
2a5714b7-6dbd-4663-a6f7-10058f777cf0,Student,Free Shipping,1
b86db7f5-2a02-47cb-947a-30d1881b1f26,Professional,None,1
4fdce471-dc63-4ca3-8d15-565b86790f2b,Enterprise,Free Shipping,1
e16f16b5-5b2f-42e8-ab26-af3577fc56cc,Professional,10% Cashback,1
a786c54f-a23c-4c2f-a875-1161ceeac72b,Student,5% Discount,1
08c80af5-34c2-46e9-9993-592c28ff74dd,Professional,None,0
5339f0a0-60cc-4377-996f-80f3b5b33933,Student,None,0
d8659060-3956-40bd-b9b4-ebc1d44891c8,Professional,None,0
043da6da-5ab8-48dc-8ac4-1c931a2db49a,Student,None,0
8504d248-e31b-4df0-9516-ff0c40c5fbbf,Student,Free Shipping,1
abc182ee-a28c-44c6-b893-f05a20930fe2,Professional,None,1
1c7560c2-c8c3-4179-8c93-370ad876dcb5,Professional,10% Cashback,1
ebabfe2e-e34c-4b14-8479-02b2382d9cc3,Student,None,0
1f50747a-3a0c-4246-b969-a642c5664940,Professional,10% Cashback,0
8b73e7f4-54b2-4960-84f5-6ec4cc863f2f,Professional,None,0
4e6c0448-187c-4128-bd0c-baf02c004845,Enterprise,None,1
dad3c03b-572d-4d74-81e4-192ce2b9e680,Enterprise,None,1
a624bf3f-6e45-4bcb-a42a-84d50833112c,Student,5% Discount,0
48823220-fc9d-405e-ad61-171989e3ea00,Professional,None,0
8d892226-5f03-48ca-bf23-9b8bed72c82c,Professional,None,0
f2b6b433-4a58-49cf-9d5c-b6a81045ca8d,Student,None,0
304e8b08-5ac4-4ebc-a4bf-8b7374623bed,Professional,Free Shipping,1
3f9b574c-7111-44c2-9d4d-a3386f72cf49,Student,10% Cashback,1
fb16505e-a635-4ad0-8f40-c4026867f8a8,Student,10% Cashback,0
f45731e6-02ca-4f9a-a113-ba35fe44bdf7,Student,10% Cashback,1
65ab402b-ff24-4ca4-9ba8-cda018b4b7a9,Enterprise,None,0
6043aaad-8832-4c72-bcf9-f820af91fe4a,Student,10% Cashback,0
a20620a0-064f-44b7-a7a7-e5a4f48d9401,Professional,None,0
f28a9108-af15-494f-a8d7-b93406db3561,Student,None,1
371005a5-24f1-4923-b065-8d059cf9238b,Enterprise,10% Cashback,1
ce339298-5312-4245-8cc4-443ad2d7f516,Professional,10% Cashback,1
ffc82c98-8111-49ba-868d-80c45e39a7bd,Professional,None,0
39f39fb2-0d2c-4c6b-b4f4-b222195d647e,Professional,None,1
27952958-0ef6-4609-adb8-f2c5bfa3f8a7,Professional,5% Discount,0
73247af0-fdbf-4380-a31d-375542b7dda3,Professional,10% Cashback,0
31538d1a-c35b-4b0d-9dcd-1672d9cf1fce,Professional,None,0
14dd0059-a330-497a-bda4-bf2ce3950e1c,Student,None,0
13594456-9c51-49f4-9196-d97ce6c0089c,Student,5% Discount,0
286113ea-946c-4beb-9c80-20ac24939acd,Student,5% Discount,1
a97801ea-10a6-4dee-8fce-53731666b9ca,Student,Free Shipping,0
b4fda793-d9dd-49f4-9403-1f45278cd05e,Professional,None,1
4fd38b12-b55b-4084-adab-10e0ba045d73,Professional,None,1
0371ef33-8d63-437e-a129-b10d8321dce5,Student,None,1
dfa93282-b657-40c0-89b3-bfc969eaae25,Professional,10% Cashback,0
7f4ad01f-54f0-4aca-8645-8e041e8b726d,Professional,None,1
e52deb1e-82f4-4469-8e5f-97f92b70988c,Student,None,0
519cad7f-a8e7-4c1b-930e-d27ae34fb2f8,Student,None,0
bd347bbd-d0d0-4b8b-956f-02bc5183db98,Student,10% Cashback,0
ac623f41-6caf-47ff-a9a5-24670fbd749f,Enterprise,None,1
537d68f3-f87d-4574-a83f-3b7c2ee99253,Professional,10% Cashback,0
28ccf406-7f6b-42cc-94dc-5b2ab05db237,Enterprise,5% Discount,1
a48ca805-5b76-4c44-a9b9-ada6456388c6,Professional,10% Cashback,1
f44db700-cef3-485a-a70f-bf6359de21e8,Professional,None,0
095f079a-1740-4969-b6f7-0fa7eb286eb0,Professional,Free Shipping,1
0516b245-d842-4507-a327-bcdd3bd97ba7,Enterprise,None,1
d488d3d8-d3a7-4177-a0e9-8f8086fdd494,Student,None,0
d29e5f6a-e79a-477d-9b42-345cd88fe192,Professional,Free Shipping,1
7dfaf5b6-ccc1-4c47-982d-977d1400dda5,Professional,None,1
f898b49d-41c3-4cd9-97b0-d19d2f2fa179,Professional,10% Cashback,0
f75807da-2ebc-4727-8ca0-56e4aa59da8f,Professional,None,1
22a8857d-efd2-442c-997b-aa5ca5d2c6f4,Student,10% Cashback,0
0683cf51-0178-4842-b5d1-e77e2dcf3df7,Professional,10% Cashback,0
2f7f1e7d-5439-48ab-a751-4c802d3187d8,Professional,None,0
3a06fc52-a7ab-45f8-a186-479f999cf764,Professional,10% Cashback,0
8593c302-f4b3-4f6d-ac3e-5554bfe61bf7,Enterprise,5% Discount,0
25f596e2-39ca-4e53-8a73-cde97218ed47,Student,None,0
e03f7712-2a20-4bfb-af13-4e3fd0770c3f,Professional,None,0
33f8f09c-7f6b-4053-a950-207bebba50b9,Professional,None,0
4b7e5c08-b322-457f-8a1a-8f5ee094f3a9,Student,5% Discount,0
bf1f7cde-a865-47aa-b3b0-73dc35bbf8f3,Professional,10% Cashback,0
4283897d-2e66-428e-abd5-444da08fb3af,Student,5% Discount,0
83a2ea20-4963-4f87-a23f-fcd9e1bf291a,Professional,None,1
c5081125-4b2f-45f8-8390-efc0e0e44cf7,Student,None,0
a43b1445-87d4-47e4-be7b-be0722167fd6,Professional,None,0
4f74ebe0-fe54-4797-8098-cd88bc0d60a7,Student,None,0
0f0ed76b-67e9-47dd-a273-58000985e17b,Professional,10% Cashback,0
7f6bd2ca-af49-43d5-b362-3c5ecb1fa6b3,Professional,Free Shipping,0
4d484f77-f744-49cc-be7d-5fd0dc8cfecf,Student,None,0
3f4453ed-1e50-4add-9511-e6649806726b,Student,Free Shipping,1
a9a4d00a-a84d-4a6b-a7b2-58741b226a4a,Student,None,0
619e91c7-c920-4937-bb9a-887afeb694ac,Student,Free Shipping,0
786b591e-cfd1-463b-9150-58249abe2a90,Professional,None,0
e6154337-7008-4cbf-9549-8d3e8f52b2cd,Professional,Free Shipping,1
f986be66-4e21-4305-a3f0-78722756f4d8,Professional,None,1
0aa73d59-0fcb-461f-8534-3edb1063de9f,Professional,Free Shipping,1
810a70a0-1340-41e1-9ffb-47da526092e7,Student,None,0
a8b1e78d-1eb9-4f62-8655-47538475e3fd,Professional,None,0
fc21c5e6-6388-455d-b6ba-86ba6e468903,Enterprise,None,1
ffd22922-3208-489d-848f-d968df45c365,Student,None,0
64d0fdd9-f26a-49cc-b994-9ba15141cc37,Professional,10% Cashback,1
22dd4bed-9257-46f5-b0f7-44a6514dd819,Professional,Free Shipping,1
9646f6f9-5d88-4ef4-96ef-d68f3697e226,Enterprise,10% Cashback,1
81e9ea8b-8cb1-4fae-b7d3-8cf777af04df,Professional,10% Cashback,0
bb065561-5ce9-4b78-b073-0df16c42da57,Student,None,0
270e20b5-c803-4937-87c1-637ef2db4357,Professional,10% Cashback,1
ffcff92a-cba1-4274-85af-00e9adf198fe,Professional,None,0
2bd08c15-b23e-44df-9e11-8c274c676520,Professional,5% Discount,0
bbafdec0-d097-46ea-aec3-126ba4e2971b,Enterprise,None,0
b169ec18-a663-44e0-9194-08aa6c4baccd,Student,10% Cashback,0
67b3345e-b88e-473a-bbb9-0d7a3c81272e,Student,None,0
6564b25f-45e9-4961-b90c-12f4e455c0c3,Student,None,0
5f294250-3d7d-403c-8049-477546f10eb7,Enterprise,None,1
e5fe9b5a-f432-4e0a-bfce-8c0c7c8b8f32,Professional,None,0
d7f0b6ac-eec5-4bdd-8e13-9679fed61f31,Student,None,0
2875dbf4-d50a-4242-8135-ea9cd4286de4,Student,None,0
3200c689-4416-430f-99df-39660b6bfa2d,Student,5% Discount,0
82036f7a-0b60-42a8-a165-6ff4c73a1422,Professional,None,1
131f867d-b92d-4597-986c-f5bc5c01f1f1,Student,5% Discount,0
dffa3b45-19b9-444b-90b3-627fd60ad4ab,Enterprise,None,1
01aa5934-6d5f-4add-a2cd-f92737267d5d,Student,None,0
948eff6a-57f3-4843-a0bc-8b5f74370dbf,Student,10% Cashback,0
8a3d86da-cd3f-4902-9b3f-196dc155f546,Student,10% Cashback,1
13574530-6a5c-4898-b10a-310dbba6a8bb,Student,None,0
11e3ec4a-9f08-43a4-b546-d556c1a2e2c3,Student,10% Cashback,1
c2ccd13e-2dd7-4882-b264-706e71c41164,Professional,None,1
2ed86e11-9eab-4978-9610-2086f7811363,Professional,10% Cashback,0
596863b7-6d15-4c06-9e35-cb018c3c7912,Professional,10% Cashback,1
01beea67-2927-4849-8274-3cceaa48f9d0,Professional,None,1
65ada6cf-f75f-4747-bad4-cc766e0585b3,Student,5% Discount,1
f599c117-5c1c-40e7-832a-738a6603325e,Professional,10% Cashback,1
61315527-3a37-48fe-8feb-fb600c674b1e,Professional,None,1
4c65b280-d275-4ad1-8368-a9e4e55d2c4b,Student,5% Discount,0
7fa7e6cb-24c6-4c6b-8ace-95c9c1085a78,Professional,Free Shipping,1
8727fa8a-6c0c-4756-8c3b-33c74672b00a,Student,10% Cashback,1
e85dc11d-c036-4a62-81d4-da2f0676cb35,Student,None,0
c4411ed2-8c68-4604-acc5-6d222393cf21,Professional,Free Shipping,1
4fe7ffee-19ab-4e32-9530-e7b9eb73d815,Professional,None,1
3c65e1d5-fe84-43fd-9198-93647af430ee,Professional,None,1
ff8a1bc0-39d1-4ea5-85b1-d707e775e66b,Professional,None,1
fae981b2-888c-4ae7-8fd6-48ae6235616a,Enterprise,10% Cashback,1
a982b1e0-6501-4061-ae9c-2d0bc74b4f1d,Student,Free Shipping,0
4008c59e-b041-4731-b94e-8ea0110fb665,Professional,10% Cashback,0
f44948ec-3446-4a51-b0fd-42e1d1eb1277,Professional,Free Shipping,0
87bdac74-a2aa-432c-b08e-7fa58b1f62a2,Professional,None,0
66e74a21-129f-44ea-afff-23f418c8fd51,Student,None,1
ed5c9789-cac1-4a96-8176-f98843f5ad02,Enterprise,10% Cashback,1
623a66a8-b601-4baf-80a2-225929ad852c,Professional,Free Shipping,1
e0d0a160-ad2a-4d5b-a3c5-dba3bb8f8fb4,Student,10% Cashback,0
b5351eac-cf0f-465d-86b6-002e1ddd6bb4,Enterprise,None,1
f8efab35-001d-4c0f-8365-2c7e4fa371bd,Student,None,0
326b64e6-bcde-448e-bdef-2b43e02d6083,Enterprise,None,0
709a0dfc-2b8b-4070-9edd-dd08fc315e40,Student,None,0
11271b2f-7a88-4de0-a32e-a7563d08b9bd,Enterprise,None,1
79403ea9-f509-4484-afec-cac38e18fb63,Professional,Free Shipping,1
a6c3ab65-ea85-4a2e-b084-d53679960c3a,Student,10% Cashback,1
3ca2ca46-e6d9-477e-9104-8e0e7e797d0e,Professional,10% Cashback,0
fa400e0c-29cd-4fe1-9ab5-c0612574ba01,Professional,None,1
59273f12-4ee7-4ded-a191-d8c62dadd8e6,Student,None,0
bebb64c3-58ed-4c41-81c5-6cfb1276a095,Enterprise,10% Cashback,1
d71e69d8-9336-4e15-88a8-3c46d7344f2b,Professional,5% Discount,1
43c26ab6-8d1c-4d0b-bbcb-79ca98f90360,Enterprise,10% Cashback,1
546bb257-599d-468f-9cbf-41b6c5c28dc1,Student,5% Discount,0
d69da17c-955e-4f30-9a3c-c93bfa604237,Professional,5% Discount,0
0dfd6a93-e491-4c3f-a2ed-747bd3dcd2df,Professional,None,1
db298a42-5ad8-488c-a49c-8b2bc52b300b,Professional,None,0
fb809cdc-d11d-4a33-8580-4783603140d6,Student,10% Cashback,1
8c81eb7b-1146-462c-aded-af96d4ebf302,Student,None,0
bb62442f-ad13-4ee4-a014-3d7e55f74be8,Professional,None,1
b15f450a-0a4a-493d-b141-afaa4f89291a,Student,None,0
e9319f76-723e-4acd-94b9-818b97b98585,Student,None,1
e94298b7-b3b1-463e-8980-f85b1a1164fd,Student,Free Shipping,0
bb4037da-dfc3-4d45-ba37-4942794e479e,Student,None,0
15d87f5e-ba05-4559-8f62-86b45ee532c6,Professional,None,0
cbfb26a8-f514-4adc-8c7f-b075453869fc,Professional,10% Cashback,0
978cf09c-e6e5-4479-95d7-59fa0d9a8157,Professional,10% Cashback,1
ad83332e-164a-48b8-8389-a12b9d0dda44,Professional,10% Cashback,1
b7b3e802-7cb3-4eec-8a53-042f334a9087,Professional,Free Shipping,1
912ec964-3273-476d-afc3-cfc4e866d084,Student,5% Discount,0
7c67e257-b23f-4abe-8980-9e9accc09034,Student,10% Cashback,1
1bc8570f-d3d2-4921-bcd9-9a32d1d1e79e,Professional,None,1
ac139371-fea5-49f6-b6a8-d3b2776d9e99,Professional,None,1
e9f6feaa-2c7c-46b7-981a-d8dc7a4a29dc,Professional,10% Cashback,1
6e8a5956-1a9e-4c99-b234-9282ae0951ec,Student,5% Discount,0
c6c77ce6-b67e-4bd1-85ee-8d6a23e8b881,Professional,Free Shipping,0
6da3223a-665c-4c42-9592-40b17d03dd21,Professional,10% Cashback,0
a85a20b0-a2cf-4d87-ac32-570b9213c7de,Professional,10% Cashback,1
656b1f3f-156e-4d1a-8608-b8806a6004fa,Student,None,0
bf81d08f-3e36-4df9-b80f-a814d541a583,Student,None,1
9c7d6916-7edc-4663-8b15-bc90901816ca,Professional,None,1
5e97c3e8-1eae-4cf5-8895-fe329798626b,Enterprise,None,1
d1b48453-8260-40c6-87ec-a1fda9d93a99,Student,None,1
ce56d137-c100-4b29-8ef1-4edd1988dd1b,Professional,None,1
c22d2563-6890-42b6-9793-bdc20ed32b4a,Professional,10% Cashback,1
2d113b13-72d4-465c-b268-505a0f0f27ae,Student,10% Cashback,0
aa3857dd-130d-4f5f-8972-201cadf2349e,Student,10% Cashback,0
009b5aff-3451-4860-8e24-edff305c3d92,Student,None,0
f772e879-6d7c-46a9-bcd9-2e7d7adb1dde,Student,None,1
af51e9cf-8cfd-4a67-a153-b43575ac6aac,Professional,Free Shipping,1
efeef6b8-217a-4d52-80e4-e07d7e81d807,Professional,None,1
85e9a323-a957-451e-a0d0-26bf0e0f2768,Professional,Free Shipping,1
90443716-7329-4811-817a-32bd32191b0f,Professional,None,1
bd797d0a-ceef-48a6-a625-ffd763ffeb46,Student,10% Cashback,0
07e99a61-881a-4701-b237-6581af204507,Enterprise,None,1
1e199753-40e4-454b-ae85-5a4e4126a778,Professional,None,1
530875b1-2c8a-4296-ad4a-7d111bcf8f1d,Student,None,0
9b1b0f1a-b8a9-4d6a-b78b-9f6423b723c2,Professional,10% Cashback,0
9f895353-1b4f-44b5-a6d4-869d08ee5b68,Enterprise,None,1
e8db1c7d-63a9-4dee-9f63-5069b734294c,Professional,10% Cashback,1
f06d7138-800a-4f60-b38b-aba6d9e2ee78,Professional,None,0
d9e764e8-4c75-4898-ac8a-2c2659351120,Student,None,0
79d9f59c-7da4-45c6-a2aa-3fcf3decad30,Enterprise,Free Shipping,1
bf9c2718-0dc2-40e1-95bd-32565d4fbaa7,Professional,5% Discount,0
5d31bc3f-6562-4ec2-b5e1-b0f1e0e8985b,Professional,10% Cashback,1
fcb25721-de7c-4e8d-8520-1a1af6d6c228,Professional,None,0
b140065b-fd1b-4e00-b8d5-ed4e710b3ec7,Professional,None,1
6e17ecc0-b4df-4e16-a320-dc6f9ccd11ef,Professional,Free Shipping,1
62d13cb7-1461-4fee-b8fb-3c5e0327f9fe,Student,None,0
2b3f45ed-1a3f-44b1-9cea-abc5176bbcd3,Student,5% Discount,0
e1a84025-ff2a-4305-be9c-670e96d915f7,Student,None,1
703f799d-60e3-456a-9e8c-4462fb92ce97,Professional,Free Shipping,1
6f10aeb7-6ff3-4f60-9260-823c5025e0de,Professional,None,1
7b4d5cc6-6adc-404d-a9c2-f1b774f26039,Professional,None,1
734e5fae-cff8-41d1-9171-870ac0eb19bd,Enterprise,10% Cashback,1
850c9171-e9d6-4d5e-af19-d9db47c99ad6,Enterprise,Free Shipping,1
628d615f-aa8c-4de8-b1a2-fba5fc40df00,Student,Free Shipping,1
d92c83b1-3e1c-476d-81de-1049967c7dec,Student,10% Cashback,0
b78d7bd2-8fe1-4031-a8e9-27c69255fdf0,Student,5% Discount,0
f6f3f77d-eefc-4414-a468-72f3af32441e,Professional,10% Cashback,1
f3f32607-742a-45f5-b10e-4d6d72aa4c64,Professional,5% Discount,0
e436e7d6-2f0a-4129-9b2d-76bc064654cc,Professional,5% Discount,0
f457f33f-d542-42bc-acd9-a178aa94768c,Professional,None,1
d8daace4-bb49-4a3f-bb98-beab9be75d65,Student,10% Cashback,0
b6578c90-c213-47ca-a136-cc41e6d687dd,Professional,10% Cashback,1
b4e7d4b0-9764-484b-8aff-5a6e0cca031e,Professional,10% Cashback,1
f984ff6a-6ea0-43e6-830e-e9cbd6a32d8c,Professional,5% Discount,1
83833913-3420-4f8f-8cc0-694415a5ddb4,Student,None,0
b17b2697-691f-4931-ba65-443032c268b2,Professional,None,1
9f87d570-a373-498b-84a3-aa0f6d12a22d,Professional,None,0
dd170daf-cfdf-4fc9-9ad6-c83caa60726d,Student,None,0
595d5599-9eb6-4048-ab62-6e80d833d0ca,Student,None,0
8cc4a077-1483-41eb-b2dc-a291b67a5b9d,Student,Free Shipping,0
bcdbb992-8c28-4a5b-acae-a4e6b7937bac,Student,10% Cashback,1
2c0f5cb6-1a0d-41fa-8eea-4d9770713503,Professional,5% Discount,1
de42e6c5-0bf2-4c55-84cc-388260d9af20,Professional,None,0
e520fc64-0ac8-4d1e-86b0-b5b47e0a95a1,Enterprise,Free Shipping,1
2b3a5592-5fa1-4896-a8fc-3427c5b3809c,Professional,10% Cashback,1
c76fa697-09e5-4b0d-850a-855f9fa2538f,Student,None,0
19cd956c-eaab-4f21-9374-f4ff4f71579b,Student,10% Cashback,0
f3b88bcb-b599-4bc5-956d-4f9c6a5d30f3,Student,Free Shipping,0
8d224b75-9920-4612-856a-e03c5efee633,Student,None,0
205021d6-c95e-4666-86f5-a794e5ff027d,Student,10% Cashback,0
dce9cb6a-5ae2-4810-a5fd-535a5049f838,Student,Free Shipping,0
0768a330-363d-4060-b50b-5f79660c5dab,Professional,None,1
88542b5d-9025-444f-9a99-da2b1dceb3ef,Professional,10% Cashback,1
fea8ef07-a404-493d-9d56-e74c38733faf,Enterprise,None,1
93f43d69-8866-4a64-9e55-68dfcf63ea1a,Student,None,0
bad66510-ca71-49b8-9a96-ddc9ee6f25b8,Student,10% Cashback,0
dcc8568c-3c27-4ea6-8c60-2dccf06e8ecd,Student,None,0
21edc27b-c29f-46cd-88d1-dec1079bf56e,Student,5% Discount,1
46756498-5d76-4b95-8c90-276a1d4ee8dd,Professional,None,0
6fc6d9ba-ac85-4d30-a2b4-d1bf4a2b9539,Professional,None,1
72615d6e-3fcb-42e3-bcf4-c59de0479fb9,Student,10% Cashback,0
4819ca56-67e4-4b83-a233-00201eaa7dd7,Professional,None,1
3e78d957-04f8-4f0a-9edf-876da75998bb,Professional,None,0
0622c349-9fe2-4717-afc8-d92c170cef7d,Professional,5% Discount,1
f96bb492-af78-4a6c-9826-de5422078dca,Student,Free Shipping,0
7a5302c6-0f97-4300-be70-eb72e6b63d2d,Student,5% Discount,1
fb42ccde-4cb3-4bfa-be70-36746cba34e2,Student,10% Cashback,1
385c2a09-303c-47ae-a997-3d32fcade725,Student,5% Discount,0
84d0ad92-b1cb-483f-bf1a-ef4a08b08e0b,Professional,Free Shipping,0
eb6cfd3d-a8da-4183-b6cf-6a6172cda58f,Professional,None,1
2f411e48-b427-407d-aa54-83a2f52dc2ad,Professional,None,0
1f1ed7a3-bb24-4be6-806b-5d4d3376148a,Student,None,1
c8f366ec-0628-4071-b08b-9158511ff15b,Professional,None,0
be37d06e-0fcf-4cd1-9416-3080d8886a1c,Student,Free Shipping,0
df5791d9-2e45-4908-aabc-95610a36998b,Enterprise,10% Cashback,1
145c7062-f411-4dbd-aa0b-1f35da5f6692,Professional,10% Cashback,0
2582183f-d17d-4e69-bc39-476e96a8e82c,Student,None,0
78914860-315d-4b32-a438-c019b01f7a82,Professional,None,0
90308d1c-0874-40c0-b695-8225923e1edf,Student,None,0
558e79cf-5d25-4328-8a85-f928dcc574d5,Student,Free Shipping,0
342a95a1-f3c0-449a-ba8a-2641b0592a7c,Professional,None,1
79ec5d85-6c99-491d-93ef-319358e9733b,Student,5% Discount,0
bec4aa24-0402-45d7-a624-f5e9aba9d1df,Student,None,1
06e76b50-8112-4fa9-85ce-f8d36ca00bbd,Student,10% Cashback,0
ebacdb2f-19f7-45ac-8aee-8c0bba39ec89,Student,10% Cashback,1
ef8a8528-77a5-415f-bf46-1892b5668a35,Student,5% Discount,0
16d36c9d-6a12-4988-ad9b-521e7374fc41,Professional,None,1
739b9917-8edd-46c2-8738-3661c5aaa569,Professional,None,1
bee1f5ab-da22-41b5-b0bd-7ff07af9a313,Professional,None,0
c70b534e-1d94-49d2-8167-adafcc74a581,Student,Free Shipping,0
db2d48ed-9410-448d-b626-dce7eab9bf8c,Student,None,0
389700b9-f561-491b-a90a-2b490f054780,Student,None,0
fa9f8007-3732-4dd1-99f4-478cc66408f1,Professional,10% Cashback,0
9ac661ae-f53a-4df0-880e-684b939e226f,Student,10% Cashback,0
5203568a-6a2d-4138-9378-c76cef2bcb47,Professional,5% Discount,0
274c796e-b4e9-461e-90d5-1ecf878a1062,Enterprise,Free Shipping,1
37b33694-4407-44ac-8b3d-cdf133a31e17,Professional,10% Cashback,1
674e8017-cad1-4b17-b7ba-92f369a817e7,Professional,Free Shipping,0
55ffb30d-f7ad-4e88-b45c-538642bcf037,Professional,10% Cashback,0
b71b2a45-8503-48f7-8c70-97277b45342f,Enterprise,None,1
43ba6c27-2938-41cb-b8f3-0e821cbe8f75,Student,Free Shipping,0
c7a3d0bc-443a-4eb2-ad45-74adf4136706,Student,10% Cashback,0
0d130169-1a7a-42a3-bbd2-386e31a6cd32,Student,None,0
e4dde2ea-fd86-47a4-9666-3f88eb16a6ce,Student,10% Cashback,0
d5fc4cff-5664-485b-b25f-46674e04e49f,Professional,None,0
a2c5b913-dc2b-4dcd-8988-610e13d67862,Enterprise,None,1
c1ac3c12-3d1d-4aa2-8c68-321aa74fee73,Professional,10% Cashback,0
1502ab99-46a2-485b-bc85-665634cf157e,Professional,5% Discount,0
6b339601-1d85-41af-9013-c176ab3ba9db,Student,10% Cashback,1
cb90fcb4-3e71-48b1-b5a2-8933f1a314c5,Student,None,0
3e5466a0-0baf-4bec-82b7-b149b0d9c52a,Professional,Free Shipping,1
1c637659-9ce2-491d-ae6d-f1ec9d362a1b,Professional,None,0
de8135af-5f61-4c8e-bdb4-33e63ded9669,Student,None,1
b80fa4d3-b835-43e0-89ed-bcfab67a7907,Enterprise,None,1
82aaa57b-835b-4cd1-a791-5e2dbe74cdec,Professional,None,1
489e7c31-3928-43a2-ade8-82a183d06717,Student,None,0
68b6ba9a-db31-47d9-b437-632cc7315e61,Professional,10% Cashback,1
1b9412d7-bbd1-445c-99a5-c2815ab9a0c7,Enterprise,5% Discount,1
ad1f7c7b-51da-4ebb-afeb-e6eef3e5408a,Professional,Free Shipping,0
8e7261a7-40e5-4bcf-acc4-b5b966782d91,Professional,5% Discount,0
9f4049e3-a549-4fd4-8309-7b01127585af,Professional,None,1
a9607883-b6ee-4c8f-a193-13c5c4caf261,Professional,10% Cashback,0
61a55114-d061-4224-ad6e-b401ea06846d,Student,5% Discount,0
5353e3e9-3495-472f-8a08-f5763b265a12,Enterprise,None,1
5e134a79-03e5-4da9-b37c-344df54e7c19,Professional,5% Discount,1
ede032f7-21b1-4a0d-8462-2d2cf8991e90,Professional,None,0
8afe031f-5ff4-4a2d-8dda-c04591ef39c8,Professional,None,0
0a5d8695-6ac4-4404-b064-7db12a393961,Professional,10% Cashback,1
61e667d5-dc7d-47b5-9a07-320db63f4907,Student,10% Cashback,1
293e4549-da44-4752-9e95-f001ff49a6e2,Student,10% Cashback,0
2de875b2-f8c1-41e8-b50d-c6cc1a1e61cf,Student,None,0
a6acdb60-de2f-4295-b634-1298eea13ea9,Professional,10% Cashback,0
5bb6cbaa-4477-44e4-bdbe-6cb61d0c95d0,Student,Free Shipping,0
47979c11-c8f8-4c35-b08e-da492765d3a5,Professional,Free Shipping,1
b2bac82c-4a7d-4692-be8a-f7d88ec1f369,Professional,None,1
e93bbcbe-7c67-472d-937d-db9a5733c2e0,Professional,None,1
f701a700-0c83-41f9-82cf-acf3bb0dd17e,Student,10% Cashback,1
de148db5-be1e-4d22-b13e-4c72aeab1b31,Student,None,0
f0e38ff0-b175-47d0-864e-01b9cd8f4846,Professional,None,0
75cfc09f-1fc8-49a7-be6c-22aa87ec2208,Professional,None,1
b16b0d2a-cc5c-4f47-a935-6e2cf1251523,Professional,5% Discount,1
b142cb00-b433-496c-8874-3aba03d494bf,Professional,5% Discount,0
400b45b1-2ec0-4931-818b-3b6d05b9dbb0,Student,None,0
5c7cbc93-365c-4eec-8325-bfcd84c7c27e,Student,None,0
3365f412-f5c8-44da-b169-cfaa6e780493,Professional,10% Cashback,1
bac62256-ea68-40a2-8c44-3e812d204b6f,Professional,None,1
16466708-63e2-4741-af3c-07eda075a82e,Student,10% Cashback,1
2b646d0f-1569-4537-8221-edf11a1c787b,Professional,None,1
f44a5e4b-bd69-4f77-992f-daffeed9a77a,Student,None,0
88e6cd9b-8caa-4c81-8ed9-469af46cf11a,Professional,None,1
dcdf42af-14fe-4ddb-9b83-05cca5348c79,Student,10% Cashback,0
6ed9acd1-68db-4abf-87bc-40bc72015102,Professional,10% Cashback,1
fae5d864-17ee-48b4-9d9b-63b2434fa9c2,Professional,None,1
2d80a8f0-a850-4814-a7df-184cfef09e0b,Professional,None,0
f12f1f09-48db-4830-9fbd-143fc2a6ce37,Professional,None,1
8459e6ae-de7d-4c28-99b2-eeb6ad96c227,Student,10% Cashback,1
61d435e0-6346-4d02-bccf-cdc04fcb26a4,Professional,None,1
3f818e67-52be-416f-b6d8-dee9eeeac888,Enterprise,None,0
606c3dda-7233-4db5-8cb0-8686734d3ab2,Professional,10% Cashback,1
e45b7299-1f7b-4a33-bace-effca7626bbb,Professional,5% Discount,1
7ee5308a-68d8-449d-a728-e8f40d6cdc79,Student,None,0
31978a44-cf20-402e-906f-d0fd72008985,Professional,None,0
04856931-2ca1-4236-ba41-43c374158929,Student,Free Shipping,0
c729fb4a-84d5-48c6-b930-8c85d8721950,Student,Free Shipping,0
54c91851-ec53-45ee-a0ff-e2d8516801f8,Professional,None,0
edc46eae-e2bb-46a1-993f-2c8371d6a4b6,Student,5% Discount,0
8092f287-83bf-44fa-a70b-dc71f256677a,Professional,10% Cashback,1
0e7f3904-413c-416c-8584-b19e52252c69,Enterprise,Free Shipping,1
247651f6-3a6d-4d76-830f-867eea579850,Student,None,0
451cc54f-4a9c-4256-a652-5663d4ad75e5,Professional,5% Discount,0
5dfaaf4b-6950-4362-a32a-078c758ad412,Student,5% Discount,0
98acd880-ffd6-4155-8d27-e51eb8426bc8,Student,None,0
4181f1df-ac7c-4bc6-a9ab-f51bd033c36e,Professional,5% Discount,1
92e6d9cd-1a8b-4988-bab4-0a8b2b5aaeca,Professional,None,1
1dd6bf4b-d5e5-49e2-8a98-4253b09aba87,Professional,None,1
724166fb-a350-42f6-9312-597330004f0b,Student,None,0
13313ed7-f9fc-48f6-bd26-010a7e35bf6c,Professional,Free Shipping,1
4bf36a76-f323-4619-8619-b09b4c4b2513,Professional,10% Cashback,1
2772fbac-ecd7-4cf3-b09e-76c258ab7e36,Professional,10% Cashback,0
fe14b489-cebf-4f68-83be-be4287152814,Student,10% Cashback,1
14567772-5461-45a8-a285-ca3342b64537,Professional,None,1
bb1644c2-0bc2-414a-907a-db3f58a0e236,Professional,None,0
af5d1753-e89b-4ee5-b199-ec702221b746,Professional,10% Cashback,1
d4ab9145-1564-4d1e-ba50-818e15d4165c,Student,Free Shipping,1
e5fde6c1-1cf6-41c6-8043-2b76cd2413dd,Student,None,0
d551f0ad-8cdb-45b1-99f5-78abd3fb0f56,Student,None,0
20435db9-4f9b-4680-a3a2-0b7cc5e23ee4,Student,None,0
18d2d29a-ea0f-4683-aac6-a10276dffaf5,Professional,None,1
f053acd6-a60f-42cb-bf09-f9c35ef1ef45,Student,None,0
c74c2561-e759-4a67-b66b-c8b61c47a2a2,Student,10% Cashback,0
101d1d3a-9655-49ae-9959-a809decb545f,Student,None,0
5c495332-90f8-4ea3-ba20-1ee628cbe47d,Student,None,0
dc18144d-fef1-4f81-ad29-2e6a6871fec5,Student,5% Discount,0
734a5893-3bcc-4718-8d70-9b93996fa16e,Professional,Free Shipping,1
fc0a30a2-e125-4a34-a7be-5e868e4f1921,Professional,None,1
f43f456f-07b4-4248-ade1-ea90b9377120,Student,10% Cashback,1
a4c444b5-a9f6-4778-a671-bf2391fba2e0,Student,None,1
a47f6390-ce51-494d-99bb-0811d1d8a07a,Student,Free Shipping,0
43a71cf4-0420-4709-96b4-61de558032d7,Professional,10% Cashback,0
8ca96d07-06b4-4fc4-9b39-be5a6d09f81d,Enterprise,5% Discount,1
ad6ea30f-ef9b-46fd-96dd-7ea5a356f25a,Enterprise,None,1
9fa47d45-0495-441b-84a1-5f173b54f081,Professional,10% Cashback,1
147de881-b5f0-4e76-9cde-b1eb9c7c9c41,Professional,10% Cashback,0
5ca9fad1-c3a9-4bd3-8dd0-dfbac4085955,Professional,None,0
0f1ab87d-641d-4529-8e15-7006c5b98a9f,Professional,None,1
3a7387d1-271b-4ab4-b7eb-1cf2d0fe81a7,Professional,10% Cashback,1
5867ffec-d7be-4f8e-b92a-e4aacbdaa299,Student,10% Cashback,1
fe85501d-4c48-43e2-a9b7-6abfe5618ad9,Professional,None,1
7c40e17f-1f65-410a-80cb-672a5c037a9b,Professional,10% Cashback,0
376637c1-6efc-45f9-97c7-d49febb68e52,Student,None,0
88b96806-b16f-4cf0-8d1f-38717b885412,Student,None,0
10858756-a903-4db4-960c-5db92053788d,Professional,10% Cashback,1
ec8da955-6654-4e6f-aa4c-e0973bf080f4,Professional,None,1
86a6cd2d-f997-464d-ae5a-eeea1c162412,Professional,None,1
88430fd8-42dd-44cd-872e-1286d6b25959,Professional,None,1
7f365cd7-871c-40d0-bfbb-3bf3c1d50e02,Student,10% Cashback,0
6917c6a9-b4d4-4153-b08e-9636e8187499,Professional,None,1
403841e4-55f8-4b99-8c51-951da562c11f,Professional,Free Shipping,1
c67e0ca2-5421-4841-88c9-ccddad7e8676,Student,None,0
e6934167-ca4f-4725-a91f-90e590742100,Student,10% Cashback,0
9f2f16f3-d5b7-4e58-96d7-ff86e0fcaf62,Professional,None,0
6ff068b1-992f-40fc-b662-1ad1c4ee34ad,Student,10% Cashback,1
99f646b9-c8f3-4d46-88e8-07540e72c10b,Student,10% Cashback,1
7a2e6ee7-7d63-41aa-9c9f-da9e6668bf7b,Professional,None,1
5e4b3995-bf36-49e1-a4b6-1c5e9e555996,Student,None,0
65fd5b5a-7ba2-475c-8af9-02246d7a3770,Professional,None,0
7e201b4c-a503-4f49-a843-ba4895f9d39d,Student,None,0
b0949a24-9bdf-4a9a-ac5b-dea3c8d5aedb,Professional,None,0
0f853a45-8d4c-47aa-aa8c-ba7cd9d9e43c,Professional,10% Cashback,1
28f36854-d5e4-4f29-a462-522e43ea8d23,Professional,5% Discount,1
22a48ca2-301c-4884-ba9e-1cf6043538c8,Professional,None,1
800d4c91-1871-41ea-b3dc-75af40209da1,Professional,None,0
8345d730-4523-415c-a6a8-f3cc1ea4ff51,Professional,None,1
e247352c-7ca2-49b7-9278-343e06f96efb,Professional,None,0
87459633-2ba6-475f-83f3-84b06be75214,Student,5% Discount,0
f03324d5-d799-49ce-bafd-d2855ef1fadd,Professional,10% Cashback,1
55a0df58-032e-4217-b02a-b6dd5f2575ce,Professional,None,0
b5e10d82-5059-48c3-8720-95db81743aaa,Student,None,0
a95e1a31-b8b0-4b82-a4f4-850e21b570b4,Professional,5% Discount,0
821d4743-fe80-4891-8f3f-4ef972e6f654,Professional,None,0
7c535459-c950-4699-bebd-e5f4604ef60d,Student,None,0
dd6782ad-602b-4166-8d62-6bb218d362c0,Professional,10% Cashback,1
82eae690-a930-41ef-bd24-71cc9781952e,Student,10% Cashback,1
8ad3e2d3-3e98-4b8a-a90e-d83da8d3c550,Student,None,0
08e97c3a-340d-4856-aad0-76d173217fbd,Student,5% Discount,0
88858747-00e0-4f4b-a81a-d66fda5ed02b,Student,None,0
4658ff12-6b71-4e7f-bab3-48554155baaa,Professional,10% Cashback,1
130bb9d1-a87b-4ea8-94fc-9a47632cdf09,Student,None,0
5da4bcdd-784a-4605-adaf-7ad0262f655e,Student,10% Cashback,0
c1030b48-5715-4e8e-b53f-a1db7acf2d61,Professional,5% Discount,0
3e9d36ce-0d05-464e-a021-95aefa9777b6,Enterprise,None,1
ed2ca443-1665-4e42-8a6c-bd037b3f1dca,Professional,10% Cashback,1
e15dc8c3-0ba2-4c06-9e99-4e4eb3eb9fa5,Professional,5% Discount,1
72bc694b-be07-4b60-8cf3-d4bdbd0d75d6,Professional,None,1
c5321e6c-788a-4a98-8f0a-8ccaf17ec155,Student,10% Cashback,1
779dd824-ae59-4bd4-893e-12b26dde0cd5,Student,Free Shipping,0
c45ab93d-e518-49ed-9c51-028233f95d04,Professional,10% Cashback,0
bd69e712-0344-4f83-8abe-48e196379b9b,Professional,None,1
3c68e614-8122-4b2f-8d80-45501b9a9a90,Student,None,0
8e0d2644-d65b-4822-bdb4-dd43b6e92ac8,Professional,None,1
f06e149d-c1a4-4f25-935f-cccdc8ddbff9,Professional,None,1
07a76eb3-1df9-41b2-a59d-f8bcc2036c63,Professional,10% Cashback,1
b348dc84-fa1c-4507-8947-11b0804756e5,Student,None,0
6c015381-badc-4689-8cb0-82e7dfcab845,Student,None,0
a04db316-8d33-4edd-8c1e-827d43706544,Professional,None,0
5390d0b8-65ee-440b-894c-99d6b505c5dc,Student,None,0
dfa874ad-82cb-46f5-a87b-dfc811ac0b5d,Student,10% Cashback,1
ef049c96-7325-4720-87b9-082bdf720511,Professional,10% Cashback,1
ffc8bdef-f279-4388-a35f-8d9c7dff7156,Professional,None,1
ec5be618-0cb8-4a1a-9254-f6b48f7c4ea7,Professional,None,0
dcabec9d-e36b-428b-be43-f0cdd317e611,Professional,None,0
5f61d782-044b-483a-8c30-214ce0bc17ae,Professional,None,0
33ba17ea-582b-463d-94c9-bd1dbdad4d17,Professional,None,1
34a8e5a8-9302-4fd7-9248-63a122237bf4,Professional,10% Cashback,1
56120274-5571-43ed-aebc-25ec74e04b35,Student,None,1
da9c23bd-3bf7-4c52-b199-d27d282dbdf8,Student,Free Shipping,0
2fbb88d5-a826-4e6a-b83f-aa937149e371,Professional,None,1
a09cea31-39c3-4030-a3a9-48bc42e07e00,Professional,None,0
c5ee0248-3244-4830-afe0-143b838b19a1,Student,5% Discount,0
874d5b2e-1c1b-4be6-82c6-0a69afb590ac,Professional,10% Cashback,1
777b6fa0-5b37-4c1b-8637-ab09bdae774a,Professional,10% Cashback,1
2b32a9e5-cefd-4155-b3d1-a832961e509b,Student,Free Shipping,0
7d2e747d-3163-492f-bff6-e3bcade4d091,Enterprise,None,1
ba1b218b-4227-456a-a9e5-68bb857d30cd,Professional,5% Discount,0
185a0b2a-29de-40bc-b5a2-d570ea9b78cb,Student,None,1
19d20d11-2616-42cb-8cf0-b390e0e46b06,Professional,5% Discount,1
5e64477c-0df3-4bec-a398-1c021eff588b,Professional,None,1
08e7bf2c-0570-4b43-a0f5-4b28ec5f00da,Professional,None,0
1e8bda74-d309-43e5-a563-594f1717f12c,Student,10% Cashback,1
49254175-80ed-4458-8e98-91fb538f6d92,Student,None,0
71cd0964-cb2a-4569-bd93-39f1e8866fcc,Student,None,1
ecfaf35f-cb35-442d-a12b-39df765472cb,Student,None,1
eb764d0f-6392-49de-9e73-c409970a9293,Student,10% Cashback,0
6d5a1a7b-5fa6-49c1-a9cd-95566f38a3f5,Student,5% Discount,1
7f71677c-fe6a-478c-b684-71b3b6899bc3,Student,10% Cashback,0
d6a32f12-de33-4ed8-bcfc-8eaa95585efc,Student,5% Discount,0
5c334963-7b75-431f-8050-a4753cb9133f,Professional,10% Cashback,0
cc0b962d-1a52-4d73-8638-c5c463fbd25a,Enterprise,None,1
11ced532-51ef-4803-8b25-464e4c0f063a,Student,None,0
33f66353-07eb-4202-9eaa-140f214cccfc,Student,10% Cashback,0
c8f8a214-613d-45ce-9d0a-a160ed71118e,Enterprise,None,1
02a8f87e-ce11-4104-bd47-7e8724f8fdb1,Student,None,1
a4a5e51a-8569-4268-9b22-75a5bea1e566,Student,None,0
9bde47f2-c79f-4925-849f-9a9c92851281,Professional,10% Cashback,0
94d28dbe-8ce5-4e8c-86b4-8f7111805279,Professional,None,1
eacca32b-1d24-4d74-b575-293986543bfe,Professional,5% Discount,0
c74ae263-5433-43ba-ac73-753a82f457cb,Student,10% Cashback,0
1cd79b3e-beff-4711-93bf-ed8fb94f39bf,Professional,10% Cashback,1
ab1c2d78-085a-4b3e-b87e-cd8701f36274,Professional,Free Shipping,1
a1c33a61-bc33-4515-9346-290f9a99cc04,Student,None,1
23890df1-dc0a-490d-9064-216765337a59,Professional,10% Cashback,1
0f0b7352-c9f1-4915-af39-10e0bf0b3595,Professional,5% Discount,0
6041f59b-4a79-46e5-b3cd-91bd4722ac2f,Student,10% Cashback,0
359a853a-dc4b-445f-b3ea-0243f87483b1,Professional,5% Discount,0
a0ff40cd-ecb1-47b9-9b94-e233a77a70c6,Enterprise,None,1
0a01e483-ece6-4ec1-9d52-f714ed33c373,Student,10% Cashback,1
2293be51-1cee-4377-8378-29ca133bed21,Professional,None,1
60b04920-1fd4-4abd-a30b-bf8b5c5a7a32,Enterprise,Free Shipping,0
b9b2c7e0-481c-4745-9286-9ee88b2e6f5c,Student,5% Discount,0
b90a50cd-86fe-43f3-877b-9f7445e45f51,Enterprise,5% Discount,1
2efea6dc-2b3d-460a-aafe-f822d53f4c7e,Professional,10% Cashback,0
09f51c8c-8cc1-4a05-93d8-2859c9af6697,Student,None,0
f13d3356-775c-40bf-b89f-0d97aff78575,Student,None,0
0a7309ad-ad23-4aab-8bca-0774205e8484,Student,5% Discount,0
7148f57a-57e0-4363-9053-39fbdd20fc84,Professional,None,1
efae1fac-6ae0-479d-ad64-5485d6a8be78,Professional,None,1
72ce6687-183e-43ee-b0b7-b23bafc53312,Professional,10% Cashback,0
02320285-47ee-4ec1-8eb4-956dce6c32b6,Professional,None,1
b7f9a300-0a9a-4480-91a4-a086b6d1491e,Professional,10% Cashback,1
d1abe3d0-15b2-4c3d-affc-33b4a4595efc,Professional,None,1
53de9720-56a5-4aec-8edf-f9522f7d9b39,Student,10% Cashback,0
fc2c0cd2-15ed-4300-a446-9a85c8f3f209,Student,5% Discount,0
45507b4b-1738-4489-96c5-62b90776af14,Student,None,0
f0b487f5-0ff9-4866-bbb8-268a9097ed5f,Enterprise,None,0
ecc9eaaf-4385-432b-8323-25afeea369f3,Professional,None,0
880ad4ee-c36c-4e36-95cb-15864a72e258,Professional,Free Shipping,1
8a729441-e30b-4f28-8ad6-dada0d534a12,Student,None,0
86ed9752-eb17-4020-b9e5-93409d75eb8d,Professional,None,1
4ddbf326-425c-479d-aec5-42548a0934c8,Professional,10% Cashback,1
71fca784-8501-43dc-84e4-55b6d4d119aa,Professional,None,0
f7af281f-4668-4494-a836-1ad8ebc8e5c7,Professional,Free Shipping,1
1451d1fc-dbb6-4426-9742-f7e88aadfc7b,Professional,5% Discount,0
5bb270cd-ce8f-4d0b-aa63-3d2b59813fd7,Professional,10% Cashback,1
844d38aa-4111-4eb8-bc95-fd4e4706ceeb,Professional,10% Cashback,0
141ebd52-c3c4-4ebe-9760-7ae964de76d9,Professional,None,1
bc76a40f-a8c1-4be9-ae66-acbf54831ad9,Professional,10% Cashback,1
f01fe2f3-0bd1-4481-8c59-5a210ccef7e3,Student,10% Cashback,0
3725eef0-57a8-48ce-be02-d06aa8520c1c,Student,None,0
6fb81990-9124-4e37-88ab-31a36e8f1bf1,Student,None,0
93483713-bfe6-4705-a969-f0bc4f5826a7,Professional,Free Shipping,0
712132db-05d7-417a-a859-c57ea0abeac1,Professional,None,0
42cb4856-e8fe-475d-95ca-243fd85c35fd,Student,10% Cashback,1
aba480f1-62b2-4348-af91-7b49e6d8b6b8,Student,None,0
cb746597-87f7-4320-ad98-4dfe5ed31c4d,Professional,None,1
4c3d35f8-28ab-4b9d-adc6-75c48be8cc70,Professional,5% Discount,1
c1da32ba-70d7-4eeb-a0c2-25143722bcc7,Professional,None,0
fd8eee53-1055-4396-8287-7d2e2e5ae258,Student,10% Cashback,1
33b1a51d-f1ed-486a-a3e9-dc4301228dbe,Professional,None,0
daf6fec0-bd0c-431b-a673-dfc748423efd,Professional,None,1
6d3a2fa8-6da3-4168-a866-9812cb525da3,Professional,Free Shipping,1
3da16048-89db-4c2e-8a98-d02f9f12ecec,Student,10% Cashback,0
891de9c3-51e9-4a35-a8ca-223a61dc9fdb,Student,Free Shipping,1
42d26afb-479c-4f09-8196-9903e03bf469,Professional,Free Shipping,0
fb0dffc9-f1a7-4a96-8d7c-22c7e659e68e,Professional,Free Shipping,1
5d3877b9-deb3-4660-af35-d3f0f54cb573,Professional,5% Discount,0
ddb1b1f0-07d2-4818-872e-4f5d1385d763,Professional,None,1
5707fb7a-390f-4cf2-90d7-c2a560c42051,Student,Free Shipping,0
18704e6f-7d5c-4468-8e32-a2f95ca95558,Student,None,0
92f03c1e-c1ca-4e10-ade1-fe609e9beb06,Professional,None,1
8b0931f7-78cc-4ec6-acf0-19fc71720b98,Professional,None,1
8425d04b-7c03-46ef-9bd6-61782fd4a111,Professional,None,1
a600075c-5dfb-4692-b8a2-aaf9c0b3f6da,Student,10% Cashback,1
3d707738-ffd2-4260-916a-9a90b8befac3,Professional,None,0
6bdd2a05-473b-41cf-b198-bc1f475c6c0a,Professional,None,1
6e978543-0e06-4cfe-8cb1-f98acd21b100,Professional,None,0
d0ae75ce-df8f-4401-8c91-d12e052be065,Student,None,0
f7599716-136b-4fff-8499-5e1b8504c676,Student,5% Discount,0
5e51e3b6-f53a-47f9-a9e1-8e424664d386,Professional,None,0
bbfe7194-c8bb-4398-804a-acaeebf85d9b,Student,None,1
c0150d25-ddd2-41f1-a06e-75469d89e22c,Professional,None,1
3f2482d7-5cb7-4d66-9887-7164e7f72054,Professional,None,0
0e06c9c0-a054-4b2d-af9c-980d12512a8c,Student,10% Cashback,0
e6fa8923-ab44-4d5c-b7f7-4900bc291f59,Student,None,0
cdfb5edd-be3d-4dcf-844f-637cd7aacf7b,Student,None,0
bf7894b2-05c4-4cce-8a6a-d2c02134500b,Enterprise,None,1
bf61d485-f564-4249-8db8-e3c333c1be44,Professional,None,1
6cc853ef-78fe-4a9f-9eef-374f574a50d6,Professional,Free Shipping,0
7802d8b6-12f0-458e-95ef-61e4e81b87d6,Professional,None,0
a3758552-10e0-4e3a-ac32-8931c3879c92,Student,5% Discount,0
74442313-a3f1-4f54-9633-0f3fcbb87dc9,Professional,10% Cashback,1
712b47cc-e000-4fcd-9daa-056bf7d74377,Student,None,0
43bc6298-c5d7-4032-a4b8-7a4eb8d63113,Professional,Free Shipping,0
44f6ecbc-15c3-406d-bade-6a68094a64e0,Professional,5% Discount,1
98da6dab-06a0-46f6-82b5-681445fa1697,Enterprise,10% Cashback,1
80c6428a-4b41-48df-8f28-a134a1e59bdb,Professional,None,1
0d99fa43-2573-43f3-b054-f4552ad649d6,Student,10% Cashback,0
9222771a-8360-48cf-9844-26d9282b9e7e,Student,None,0
f87c107d-73bc-472f-9c83-9bdb6809413a,Student,None,0
beff9c88-3943-480b-b9f8-f907c2366090,Professional,5% Discount,0
745ba963-1b3f-471f-8f28-d99c82778dfc,Student,5% Discount,0
4baa4ee4-2283-4ce0-a2c6-3534d434ecbb,Student,None,0
273633e6-cb87-40a9-96ec-ae1fd35fd3a7,Professional,5% Discount,1
70031d22-b1b7-4748-a685-323cb77e1e4f,Student,10% Cashback,1
8b1a36f3-a9e6-4fc8-924c-1516430dcee7,Professional,None,1
f9f558d6-8abe-484f-9928-d83da21f7a4f,Professional,None,0
a797c924-9c27-47c6-9045-f549c15b2a89,Professional,None,0
f492da41-0d15-41c8-8f5e-1b974894afda,Student,5% Discount,0
e64fe966-f1ae-452e-8f5c-db04d194ce4c,Professional,5% Discount,1
e2639f6d-0a18-4625-be9a-5b8035841096,Professional,None,1
3ba29fc1-586c-48ee-8165-11d48656e86a,Student,10% Cashback,1
dab7b66f-0a3f-4038-a8b9-eab4ad95eae0,Enterprise,5% Discount,1
2f814786-8ded-4a44-a7a1-5b7cb8fb471f,Enterprise,5% Discount,1
fe4d59ca-b795-4ca4-b689-d3ddcd54338c,Professional,None,0
641e8497-3872-40bc-9718-1a80453c3cbc,Student,10% Cashback,1
26d47ed1-6379-4615-bece-22ab25dcb369,Professional,5% Discount,1
16af9c10-db8c-4583-8be3-cd340b05961f,Professional,None,1
e3f567d2-0e4c-4cc2-acf7-b71ecdc1ef08,Professional,None,0
e529fd7b-a2a9-4dcc-b4b9-8ecd3b807565,Student,5% Discount,1
1a4cb53b-4771-4222-9a1d-60abb3419de6,Professional,None,1
9daacf7d-8187-4f38-856e-82991201936f,Student,5% Discount,0
b41ab880-2560-4ac8-8b38-2f23bcd2235b,Professional,None,0
f0139a1b-9cac-4897-ba79-43214e66679f,Enterprise,None,1
78120db5-fa5b-4d08-a26e-1678586b25ec,Professional,None,1
c96b8c2a-d14f-45a5-b5be-0cb42ef1af1d,Student,None,0
6aeeecee-bc20-4b77-a78a-9d2a9ecb1731,Professional,None,1
04c45195-e429-439e-95a5-7cf3c37e4010,Professional,10% Cashback,0
c34a0fa5-fa10-425a-a07e-e8f2fc33e29a,Student,None,0
563bdf43-25cc-494a-920d-93a512191049,Enterprise,Free Shipping,0
0aaac34b-14ac-4bfa-8099-a23e4100ecef,Professional,10% Cashback,1
99329e08-0790-4c6a-8b67-0b43f383d527,Professional,None,1
2f813aff-9e22-4110-9c0e-732b7208b007,Professional,None,0
bff2da47-1e38-43da-a108-f272ed204d1e,Professional,10% Cashback,1
d043fc6a-f809-4726-b6f0-e1411299a9dd,Student,None,0
44db991a-e3dc-4b97-bd52-e381b694bf47,Student,None,0
5c3bd7f5-9769-47a9-bb9d-7df87e7d0584,Student,5% Discount,1
9abdfe0f-6862-4a9e-9326-c6d357092722,Professional,None,1
aa1010c6-12d2-47c9-a4a2-3a432d05e88e,Professional,None,1
30403a52-11ea-4dd2-a246-36da8b228805,Student,10% Cashback,0
836aab1b-c092-4390-b727-9638887d12d9,Student,10% Cashback,1
def26f64-e65c-443d-bdc0-70cf2fd04b0c,Professional,None,1
3db9ec54-d922-4cd7-84ee-8b8754653e00,Professional,5% Discount,1
90ccf48b-05df-4707-ac70-405ac33b2856,Student,10% Cashback,0
00dc0eea-8d61-4811-9784-fb04da05e8f1,Professional,10% Cashback,1
6ea1d3a9-29f5-4244-9db8-c7c63378a5b1,Professional,None,1
861b55cf-1a1a-4d57-bc20-2cf737815276,Student,Free Shipping,0
f9b776ce-3ac9-42eb-a5f8-fdeaa729549d,Student,None,0
a224727e-3252-411a-a971-474d9ba00ac9,Student,10% Cashback,1
fc0d6a93-4a54-4989-a566-240ee43330f0,Student,None,0
77de903f-48cd-4381-86cc-b2a54b521d64,Enterprise,10% Cashback,1
fe7a5ee9-a330-4336-aa30-f09025a40c78,Professional,None,1
30b3d4b6-467b-447d-9e7b-90616220bafe,Enterprise,None,1
50f403cb-55f0-4904-8851-4dea06bd6342,Student,5% Discount,1
b021ff5f-30f1-4300-aaf7-79a82a1251ee,Professional,None,1
97dd53ad-104d-4f17-8ed9-9ab19081eb21,Student,None,0
da6c7453-2a00-47a0-971d-a1d897131a54,Student,10% Cashback,0
2ffb16a1-a103-4687-9c48-31df8412fe62,Student,10% Cashback,0
7ba90a91-2910-49e1-b05a-59051ab5d54f,Student,None,0
01756156-94ce-40be-8795-947043bed830,Enterprise,None,1
b95da52d-9d65-40d4-8b46-31395ab30d90,Enterprise,Free Shipping,1
fc704700-3756-484b-b4e3-b9578d3d8e6d,Enterprise,10% Cashback,0
d49d0741-f040-40d9-972c-1c4bb43c540b,Professional,None,1
03519fd2-0177-4b76-8735-de3fec906e30,Professional,5% Discount,0
267590b3-9050-466d-b0c2-8be24ee69b83,Professional,10% Cashback,1
1dfafefd-1343-4275-8ea1-6710ea625f48,Student,None,0
42389fc0-0701-4dc0-9a04-56096af11e93,Professional,None,0
3d06d208-ba1f-4e4c-ad95-caaa1bb76e6e,Professional,None,1
bc71475a-979f-46f1-a938-dc1095f718c0,Professional,5% Discount,1
0137464d-6eab-41c1-b574-8f49796d8e38,Professional,None,0
1343cd72-7d53-42ab-84a6-b650443fcaae,Enterprise,None,1
13ed3b7b-eb20-4ae5-9624-57c7bc069887,Professional,5% Discount,1
9d2d7932-4e4c-42fa-bad4-03b18061cc67,Enterprise,None,1
7da47f9c-1d66-4532-8aca-11b8c802dc88,Student,10% Cashback,1
5fb5121f-254c-44f9-85cb-c5927093d816,Enterprise,None,0
08458417-71c1-4ae3-8ae9-645ffedf6bf5,Professional,10% Cashback,1
ffda928a-1911-4410-8236-2506defb3c2d,Student,None,0
d9b4de49-a752-4264-9e02-8d58dd2d30b5,Student,None,1
07d6fb15-7a59-47fc-bdf2-5c8b64c28fa4,Enterprise,10% Cashback,1
c9c046fa-8dc8-43e5-b5d7-21705fe0f35c,Professional,10% Cashback,1
51259708-6be7-4964-8df4-d3f45c545e50,Student,10% Cashback,0
7f54a993-07dc-49d6-a0fc-37170501e20a,Student,10% Cashback,1
261a01a2-fcb0-43d5-b394-a26ef7736c1c,Professional,10% Cashback,1
b2e816f8-fca4-47e8-9065-d1ef6ccda0c6,Professional,10% Cashback,1
fe854e23-88cf-4870-b044-712323eed9db,Professional,10% Cashback,1
9701fb54-8bff-4f8d-950b-c24ec05b785f,Student,10% Cashback,1
e3d8b2a1-5b30-489c-8747-6eaf532755ba,Student,10% Cashback,1
aebdf136-4c5c-4032-b2e1-03c31febe9ee,Professional,10% Cashback,0
a6dd14de-1966-4b7b-8c14-f20a05576ec4,Student,None,0
f79e6c83-ed32-4389-8f11-d2d78a11b8c7,Student,None,0
bfac0e37-b2de-4eb6-99db-a5e9349abce0,Professional,None,0
7da64cc8-328d-4540-897b-9a02426ceb66,Professional,Free Shipping,1
576fc84c-1076-41d6-9e05-92d157eb2d7c,Enterprise,5% Discount,0
0a4472c4-a4e7-4d9d-8c1e-84bba777040c,Student,10% Cashback,1
a71c3c4a-67a6-444d-8ca7-745915759ce5,Professional,None,1
5f12d30b-8cb8-4336-8aa1-1498520a34c3,Professional,None,1
6bb7c8cc-35b4-448b-9f75-734de30bddee,Student,5% Discount,0
e65897f7-699b-4c72-bc19-b5686a62057d,Student,5% Discount,0
59fa9408-254c-4202-8c30-0e011baf86c2,Professional,None,1
9364f5fe-a736-4b7f-a9ca-b1b09571418b,Student,5% Discount,0
0d76017f-fa70-4a47-829d-f2c137c9536e,Student,None,0
649df35d-3863-4284-93df-81b592a02b6c,Professional,None,1
e8f6b14a-c7fa-4c7b-a242-384a2df28443,Enterprise,10% Cashback,1
570ccb3e-8a06-4394-bae0-23323d60fe26,Student,10% Cashback,0
7ce88409-8850-4966-8a8d-7c81ef9ebb6a,Enterprise,5% Discount,1
6988ff0c-cd22-4ac2-9853-8263224b09c3,Student,None,1
d2ef31db-87d4-4175-89ea-65e92244923e,Professional,None,0
90dbb4e5-2794-4e2f-81b9-33bbbaf27fc9,Student,None,0
3e9198a8-aae0-4821-ba45-7eae329e5bbe,Professional,None,1
e55d6e2f-744e-4c43-9be6-44a8dc4f574f,Professional,10% Cashback,0
36dd3df7-d728-4aa8-92b9-e25ec7908447,Professional,None,1
dc304769-d6ab-4b56-adc1-0615d166dc56,Student,None,0
eee80712-e4a7-4ce7-954d-0c593734e255,Professional,None,0
bebeb8d9-e545-409f-8147-a6b11f8aa1c9,Student,10% Cashback,0
ed97ac80-fa2f-45dd-8d5c-fb4b2f2c9995,Student,10% Cashback,0
328f477b-1c3f-4d90-8f46-70942d364f00,Student,10% Cashback,1
bbc5d3b4-ca83-4458-958e-73d0c6b15bec,Professional,None,1
ad31daae-98fe-4768-8de9-12c5a180382e,Professional,None,1
ca402553-a163-4e53-a7af-fe87b392dd6b,Professional,None,1
6a365baf-8a8a-4898-8919-385e6f001358,Professional,None,1
0625ec57-c6b5-4f8f-94dc-40a6daf8468c,Professional,None,0
052028ff-b641-4e7f-ade1-0964dbb30afb,Professional,None,1
ad974290-01f6-4741-8562-f6bc4f5655db,Enterprise,10% Cashback,1
3dfa6ed2-6abb-4497-b284-e29c37d20a46,Professional,Free Shipping,1
e3db4e6a-9e1c-4a13-9ef5-7ca8ac950adb,Enterprise,None,1
a6bd2192-946a-4ddb-9294-872d9db52ebf,Professional,5% Discount,1
bfbdcffa-6c4e-4db6-bd30-525a513e4c42,Professional,None,1
4497dcb3-edb2-4d4c-b1db-a6f7a4767824,Professional,10% Cashback,0
0c2ac6ec-5925-44e8-9f0c-90af7c95c72f,Professional,10% Cashback,0
4c14292d-f498-4b29-85ca-7ab4f5fa0bd4,Student,Free Shipping,0
ef06cdfb-0c13-478a-8a3d-ddbd914b4a05,Student,None,0
7e108bfe-ecf2-4888-94c0-65e9f37b52e0,Student,None,0
a702ec19-d71b-4aa7-a75c-4ca51d58051b,Professional,None,0
c2522821-9c8e-4419-aa4e-28d1a0cad439,Professional,None,1
c82b0d8d-bbe1-4f02-bc17-313909edae0f,Student,Free Shipping,1
6faf0220-e768-46b6-9fc0-e8fd1e2a9851,Student,5% Discount,0
706a59ec-779c-42a4-960b-d1b3c86f4565,Professional,10% Cashback,1
f06f8280-3508-4aed-9f50-c9ee8d5d6271,Professional,10% Cashback,1
ca9802cc-55fd-4b16-932f-7d64e391c84c,Professional,5% Discount,1
fb5a4771-ed6d-42fe-821c-5b7aa41659e8,Professional,None,1
b6875371-8998-4220-8a98-ecf550ad49f1,Student,None,0
95c4cb6f-4941-4da6-affc-141a6577559a,Student,5% Discount,0
df38cc04-0e80-41b7-9345-01bc100a2cdf,Student,None,0
9eca307a-04c1-4412-a23f-6b432c411d99,Professional,None,0
5840ef55-e871-4240-80eb-8002d5a43379,Professional,None,1
5b34e35d-1c97-4e59-8fa4-b70bdb89e3d8,Professional,10% Cashback,0
fdecd80f-d21f-4f43-b9cb-8e43932b0ecf,Professional,10% Cashback,0
476344a8-8b79-4529-b9ed-e55ae191960e,Student,None,0
c699a51d-ef7a-43cb-adc7-5b525b8d3754,Student,10% Cashback,1
64382fb3-c76b-4359-941b-ccca3b6dff1c,Student,5% Discount,0
dfa6a465-8519-4ad1-8c6b-882cc7490e31,Student,Free Shipping,1
b3726b97-2619-48d1-8a8a-45b07ba9f682,Professional,10% Cashback,1
38577b50-9687-4309-9293-4fe9c4328bdf,Professional,5% Discount,1
51bf3947-23e8-4aa2-9a16-99ce03b809ba,Enterprise,5% Discount,1
e34f2a5b-5349-496b-8270-23ac622a120b,Professional,None,1
b5b47d89-99e4-42cb-9034-e99d381e7e7e,Student,None,0
a740caa6-71b6-401e-9664-31b15087b6ea,Professional,None,1
d09d1bff-f9df-44fc-bd4a-ed9b5de859c5,Professional,None,1
1aff4f9d-47e2-4bec-900e-84d324378cd5,Student,None,0
e7a71cee-ac30-41bb-a0ae-329bc6f1e09b,Student,None,0
5c1c70e6-276b-48ac-9398-50e2bdea7e97,Student,None,0
53a3ec85-349d-4cb6-925d-1cca7dd54948,Student,None,0
3f2fe532-8354-4490-a0f3-53879648bf0c,Professional,None,0
a86d3028-65bf-4802-9bb5-63bf60fcdd8e,Professional,10% Cashback,1
9ff32426-d36d-4280-a466-db0424eb8334,Professional,5% Discount,1
738d4adc-2eb0-4d62-a913-3d9ef0afdd2c,Student,10% Cashback,0
c4e5e48e-2893-431c-989a-ec097b2d3e56,Professional,None,1
49fa9871-a47c-439b-b88e-0fbb08a4d3fd,Professional,None,1
21a0d052-6d9e-4136-bfcb-db1b40d8ef49,Professional,None,1
efed0a9e-501b-47ec-911e-e5d0806a3175,Student,None,0
f24f6b6a-6145-45d0-bd9d-6878623b8136,Professional,5% Discount,1
c33b685e-c1d0-44f8-9b92-408ea8058a53,Student,None,0
e6def342-bf23-4b61-91ab-cd8f2ace88ba,Professional,5% Discount,0
53e686b7-3122-4789-b267-734905c89310,Professional,10% Cashback,0
a88e078f-965d-4310-991d-b51b9f64d826,Professional,None,1
cefa3096-5820-4049-a573-354635f570f0,Professional,10% Cashback,1
04445948-163b-4b77-914b-4237cad67baa,Professional,None,1
be7eea11-8fe3-4776-b9f6-e5f15123dfda,Professional,None,1
3ed9e311-9d44-4c92-aaa0-756f943a6c61,Professional,10% Cashback,1
e2af6307-3903-4000-bb41-a9f99acbc481,Student,Free Shipping,0
58b6832f-d328-4f37-837c-38c30fd017e7,Professional,5% Discount,1
8ac8fdd9-ce98-4e21-a83c-972f32841a82,Professional,Free Shipping,1
16e896ac-8db2-41aa-8151-aebf502833de,Student,None,0
adb24473-19ab-495b-97b6-5de522ed4db8,Professional,None,1
669e5002-ec4d-4faf-8747-9f7147a63e11,Professional,None,0
875d5f03-78d5-4a7f-9cae-52aded76513a,Student,None,0
7e8d013a-cb3c-4313-a40a-8384b2e04659,Student,None,0
0fa080c5-b337-4817-a03d-d212d8f8d7a9,Enterprise,10% Cashback,1
07250c7f-6436-4f80-a940-fb4214416cfb,Student,10% Cashback,0
e84d132a-0d61-4875-a77d-f0df930a5d76,Professional,Free Shipping,1
1319f0e2-da66-4a78-be4b-b58af4caffbf,Student,Free Shipping,0
c892c198-be29-4f27-93b4-1982d93159b4,Student,None,0
04060a9a-af1b-4657-8d0b-77960dc7ea3c,Professional,5% Discount,1
82eea8a2-3bc5-4934-961f-e05a5d1e8f46,Professional,None,1
512379d5-08e2-4abc-ad48-f8399fc2e37b,Professional,None,1
f7b015ec-c2d7-4e5b-af4c-1ca072a6d872,Student,5% Discount,0
0d852ef6-2747-4654-b77f-329eac2defe5,Student,None,0
92035e24-4e68-470b-9edb-e67ad98720f9,Professional,5% Discount,0
eba30e85-51af-49c3-87fc-9dbaf9a55d57,Student,10% Cashback,0
199ae35e-3a9b-424e-b3aa-e158add0fe61,Professional,5% Discount,0
b876845c-a3fa-46e9-a232-026b0e1670ff,Student,Free Shipping,0
4a4d22f3-05e8-4e30-900d-002e95527d8d,Professional,10% Cashback,1
6d138b54-d4f3-462b-9032-68eb5d6be0d2,Student,None,1
3e0309a1-2d71-480e-b359-64baf930107d,Student,None,0
91c45c51-2e8a-43b1-a2a3-994e39f262b8,Student,None,0
2cc20e1b-452e-4f04-9007-3c3598eeaa3b,Student,None,0
23b5e3a0-9efc-4fdc-ab2e-a7114a88575d,Student,5% Discount,1
31b52988-f9e2-4ff8-8cae-2931968389d1,Student,None,0
b41d5ebd-d226-4c55-a39b-6c6bcce88b78,Enterprise,Free Shipping,1
b9b7bd46-4a3b-49fd-a4fe-624bb635f5c1,Student,10% Cashback,0
dee1fc8c-e10c-46be-a646-f5acf20f9412,Professional,None,1
89e65edc-51af-4db4-abf4-e17e13fbc533,Student,None,0
3bea89b3-6a39-4f30-a295-04a5e6a2781a,Professional,None,0
1514fbbb-6c7e-4524-87d5-e40d29c41bbf,Professional,None,0
1462ded4-ff17-490a-9ed5-8b5c0ded8804,Professional,10% Cashback,1
c8cc82d5-36a8-4fce-bfe3-dcd893cd0ee7,Professional,None,1
20d96afb-33c9-4969-aaac-0f09adac446e,Professional,10% Cashback,0
5ec52443-a701-4878-be8e-f5ef774b957d,Professional,None,0
7c8c33a2-e2df-4082-8f3b-d136f5e4c9bb,Professional,5% Discount,1
e60f6f91-f00c-4b2a-9e4f-7080b9c9ebb6,Student,5% Discount,0
0fa214ad-b521-4952-a61e-fe68e4d470fc,Student,None,0
fac4f7ae-f632-4dee-abba-50726a008a13,Professional,None,1
7e3303a6-9a74-4bd5-be12-52779cfbf9b8,Student,10% Cashback,1
34f50748-f991-411b-8133-06488d17d904,Enterprise,Free Shipping,1
26a36742-9280-466f-b9ed-94c53a3173a5,Professional,None,0
a01eca08-d63e-4a98-aa97-5976e62be485,Student,None,0
c04af143-32e0-4c57-bd70-cab0d39d713d,Professional,None,1
bcd9318c-bcd3-49e9-a472-3b92ffca9b73,Professional,None,0
971c724e-412c-406d-9092-842e2f49cda8,Professional,None,0
2876737f-adea-4475-ad9b-98448a83f558,Professional,None,1
d1ca1b3c-4171-49f3-a9bd-cdd4ae09b3f5,Student,10% Cashback,0
75c6a985-a8a4-4853-acfe-34a609f270ab,Professional,None,1
e82e7a8a-7a23-46d1-ac2b-311057039a33,Professional,None,1
ce5c77d3-3cc4-485c-9bb2-cc8daff6cba1,Professional,None,1
1574d6da-3d64-426d-9260-ec6fee7c74c0,Professional,5% Discount,1
6c8754ec-550b-4bc6-a29d-abea30e1b81f,Professional,None,1
3f8fb919-8ef8-4dba-a132-ecb627e3e115,Enterprise,Free Shipping,1
636a6944-68e3-4511-a166-87005cdd32d8,Professional,10% Cashback,1
2cee4433-aa9a-4ad2-8251-6a444c845958,Professional,None,1
6cfa4e03-e35f-4c43-862f-e4919a3495ef,Student,None,1
143ac87d-061a-42b1-b8f0-7e3c556258f5,Professional,10% Cashback,0
04a00d4e-b3ce-4ebc-b759-a37306d661e2,Student,10% Cashback,0
c11176b1-13cf-48ac-b479-b522655587dc,Professional,10% Cashback,0
cae749a4-5c08-4702-8e6a-c0568f928308,Student,5% Discount,0
c8587b52-f9ac-44bc-b51b-08c96620e914,Enterprise,10% Cashback,1
5f26b902-e552-488d-93f0-67a3e8a9f999,Professional,None,1
33b556b8-aca4-437d-974f-4c9dc84e307c,Student,5% Discount,0
ff225f85-0512-4ce1-bb3f-8ce57c76bc47,Student,10% Cashback,1
761ef619-4d5c-44b5-85dc-1c9022f6c3f4,Professional,None,1
a6987b92-16e3-4ee0-b5cf-222d21e47262,Professional,10% Cashback,1
8244c262-dd3a-4f9e-86d2-3f9a46a86a56,Professional,10% Cashback,1
9fa018b6-dde6-4b02-914e-8a1a20e4ebf5,Professional,None,1
0b0715ee-14af-4dd3-a67f-bf3631213728,Professional,None,0
26370811-db1e-4a16-8905-df8073cba80f,Professional,None,1
6307abf0-4183-4e43-a836-3d730e3b5b5e,Professional,None,1
e36fcc47-cbd5-4302-88cd-b01f1273f47c,Student,None,1
917fb260-b5ba-42aa-b7bd-f7a78d7c48d1,Professional,None,0
0b94bd1a-4452-4dc3-bf6a-8d6e2fb6a40f,Professional,None,0
23a2d1d3-a01c-42ce-b4d8-4dae53be3072,Student,None,1
a36684de-e50f-4368-9fa7-165dd41ed2bf,Student,5% Discount,1
1e492549-d3a5-40ea-a4e2-313379d47449,Student,None,0
540bddc3-52b8-41e2-a729-08c4d64e924b,Professional,None,1
01a73b37-4816-43d4-b5ea-361a99d10293,Student,None,0
fda97d66-436b-4344-9503-1da734069199,Student,5% Discount,0
8df2368c-757b-4ef8-8b46-1f11ef92d546,Student,None,0
d7e655d6-54fd-4d33-8e64-bafac90f8ba0,Student,None,0
5d29b82a-55e8-4999-bd9f-f5d3da6c469f,Professional,None,1
6a217158-6512-441a-8424-93a07df3f710,Student,Free Shipping,0
deb37280-fc1f-4e92-8519-c22686012810,Student,10% Cashback,1
7382de65-125a-4a68-9e4b-34e3f982b408,Professional,None,0
3a6f5406-5336-4e79-8bcd-416fb4b0a729,Enterprise,None,1
29005233-216e-4c0b-9ba3-a3fcf9ddada5,Student,None,0
563cde83-a186-46ab-9965-5d3d23e38f60,Student,None,1
37fae255-fc9b-423d-8125-4a24828f6535,Student,5% Discount,0
aac6fc8a-07f8-4d9c-878a-3207f29b3b57,Professional,None,1
8cc0777e-332e-491c-b912-61dfdd6ee31e,Professional,10% Cashback,1
6cf27c2f-219b-4d0b-9653-1d8240f21199,Professional,None,1
cd5a13a2-eb03-4996-9bd6-67c8c84f1c2b,Student,10% Cashback,0
d7f25bd6-d343-43fe-adc0-2b2b904334f2,Professional,None,0
847544fa-840d-4a7d-8b64-7c7bbb845535,Student,None,0
88e8e113-16b3-47c2-96f7-c1a0b406f6cd,Professional,10% Cashback,0
2cf8d0d8-3e41-48a0-af23-103907d3154c,Professional,None,1
9d99a83f-eb06-469a-bb23-58c692a2041b,Professional,10% Cashback,1
b16e6e3a-8f01-4492-a59f-ff55c1347f6e,Professional,5% Discount,0
6699afca-676f-4a1f-985e-70e12052c9ef,Professional,None,1
99d7db9c-3bdf-453f-b79f-2d8abb6c0296,Professional,5% Discount,1
39cbb135-b755-4531-9730-efb15067a802,Enterprise,None,0
acb4a6a1-6dfa-4284-8270-9158fd1de56a,Student,None,0
d9859093-8393-406c-824e-b021d2856a58,Student,10% Cashback,1
d621b8d7-a65c-49a0-b502-a08018afa7ad,Professional,10% Cashback,0
cf970ca0-dfec-496f-81dc-8bc78b006210,Professional,None,1
c72aab1b-fedd-49ec-b0ec-d42413aefa7f,Professional,5% Discount,1
b3934ccd-f202-4c78-8a85-5b29320b80c3,Enterprise,Free Shipping,1
2714ae09-a3b7-475a-8e41-e2d6c008bbf2,Professional,None,1
842e34fc-9fe2-4abc-93db-ff251e90016e,Professional,5% Discount,0
4e953116-ae51-4cf2-8160-235b1517c43a,Professional,10% Cashback,1
0cb8f198-9778-48f9-924a-70c866fea240,Professional,Free Shipping,1
224261c3-22aa-4539-80e9-152b42b66a81,Professional,None,0
fd40f4d7-8dba-43ee-873a-ff855ad80b7f,Professional,5% Discount,1
fe27b2bf-e730-4867-9300-b94f937271aa,Professional,None,1
dcb84414-3076-4f05-b6f0-33c798257b73,Student,5% Discount,0
3c96a99e-e871-471c-a9cf-bae25c275d83,Student,10% Cashback,0
64694260-9f2e-43a9-a6f2-bc77b650a575,Professional,None,1
8f3e9033-2803-437c-9953-a098805d9838,Student,None,0
19af0307-7c05-4ecb-ad63-cfbbfae53925,Professional,5% Discount,1
852fb199-c0d6-4cf3-a457-3e24dfc62503,Student,10% Cashback,1
31f11076-ecb8-4a0f-8fb8-e25b705e145d,Student,None,0
781e96c3-ed94-416f-8ee8-b1e184404ab7,Student,None,0
7fe111f3-b87a-4a6b-9145-c58375b4b6c3,Professional,5% Discount,1
4a8efa74-2e2e-475e-8c30-1076543a5e9f,Professional,None,0
1c7933d0-ff52-4e07-853b-a4842de796f8,Professional,None,0
2dbed61a-4658-4c10-a8e8-efa9b2e4e0be,Professional,Free Shipping,1
a59a45e5-3623-438c-9367-4ac91be41030,Professional,None,1
b31f7056-e90c-4659-9600-30aa30a996f8,Student,None,0
8754c32f-deaf-4b9e-bab0-32ef15eb7dcf,Student,None,0
7b1b8b19-80a4-4212-bfb2-c3cb6fd0f3eb,Professional,5% Discount,0
0c13ca84-6ccc-48b9-a0f4-9dfc647f3c1f,Student,None,0
44987c6c-c7fe-46cb-811e-77386f1cdbdb,Student,10% Cashback,1
e9601ccc-1d36-44b7-8fc6-9871c9ed7e00,Student,5% Discount,0
7e05d8fb-240d-4d96-a729-38f20a20c28f,Professional,None,1
29a4536d-a3a2-43fd-9dfa-7bf7e1de2e7d,Student,5% Discount,0
34747251-3e4e-4eee-a6f0-6b4e1afd7f39,Student,None,1
b3702698-c7fb-4096-becc-fa503ac4b0a7,Student,10% Cashback,0
80196cfe-21d9-4cb6-af1f-7ed6d63e545a,Enterprise,None,1
921e61fb-4545-429c-b6e4-48bf547d5782,Student,10% Cashback,0
e5aea2ad-f916-4ce5-ac0d-1dfb475bc039,Student,None,0
db59b1a0-f2a4-4a8c-b40c-3038a0ba55c8,Professional,None,0
a3b4a4c6-925a-43d5-8969-0afa71356f18,Professional,Free Shipping,1
f9afe964-efd5-41c0-8679-5d536ee3b62e,Professional,None,1
6c842baa-3a68-4514-84da-643fec7e6bf4,Professional,5% Discount,1
75378d78-12dd-4f3a-856d-6cde6ede9f16,Enterprise,None,0
8b2a2724-97c0-4c0e-8187-55315e0ca207,Professional,None,1
7870f698-b376-4878-beee-a345ee5abf77,Student,5% Discount,0
c1e86f25-172a-45f6-867d-b8957cc1ebce,Student,None,1
4fb0288c-88bb-4054-a3e8-2e2075dc771f,Student,5% Discount,0
42c8be1d-f052-4b35-8684-36c999d67c7b,Professional,None,1
16c13ff7-f7e1-4877-83a9-907f33afe7c2,Professional,None,1
63f9e4f5-e893-4ee3-b878-4f63b3bb1778,Student,10% Cashback,0
c7c1ab4e-05b0-4d5f-8251-435c857ad26a,Professional,None,1
8a6d3fd3-1b14-43d2-b33a-8bd497780f08,Professional,None,0
889eb51c-50c8-4b4d-b3d6-36db19fcd1d3,Student,10% Cashback,0
1e3ede58-2596-4bd0-96ae-0483c42a2cce,Enterprise,None,0
9c2f1319-1285-469d-91d7-5767ba7aa37a,Student,None,0
d20c52cf-0209-45ce-ad6f-8a7e98d538fa,Enterprise,5% Discount,1
09a77744-2d6f-4618-9f93-858c401659b8,Professional,5% Discount,1
dd647d3e-2245-413b-9dac-8e85598d27a8,Student,None,1
1d128674-0462-49a8-a571-c0390abc34e9,Student,10% Cashback,1
cd67ec6f-6d6e-4abd-b3f8-06a3ed0767c9,Student,10% Cashback,0
33cb2939-a128-4c81-aa99-7a9d427194eb,Student,10% Cashback,0
e032e843-b110-40f5-bf98-7bbf6299effb,Enterprise,None,1
059fb7b9-e87a-4b9b-9558-a598a6418360,Professional,Free Shipping,1
c2b14994-641f-4b3a-99b7-241a659d99e6,Professional,None,1
838dbb01-7258-4c79-a777-8c24dfbc0152,Professional,10% Cashback,1
96ac1b02-2f9c-4c1e-94d5-549d3eb49361,Student,5% Discount,0
543f7a6c-e19b-4d71-84a2-6500ed66d0a1,Professional,10% Cashback,1
ac08e672-bf95-40d0-895a-bd97ef1d4626,Professional,5% Discount,1
78686549-1346-4c71-bc42-0eb494cea78b,Professional,None,1
204fa825-00ab-443f-889e-a5e333b55960,Professional,None,0
9bade75d-acc3-479f-9afe-1d85a725616c,Student,5% Discount,0
73866255-f5dd-410a-9b09-ca87ba5a8087,Professional,None,0
6c755df2-e803-475b-8dc5-00d1872e5ce7,Enterprise,10% Cashback,1
b23d4920-cdf2-4cf3-8609-80df7fc29852,Student,None,0
2e434317-55ef-4f7e-8b89-b246fc2acccc,Professional,5% Discount,1
d1339174-99a2-47b8-a921-f3a699657aaf,Professional,10% Cashback,0
f30ce39e-c4e7-4ac3-a3f7-7075a106e05c,Professional,None,1
9ceb5778-4c7b-4e75-8598-6779f9ff90ae,Professional,None,1
ab58e4fd-3f56-42b5-b548-a7e644d63859,Student,10% Cashback,1
07c5a483-36e3-4f91-b9cb-4558c47714f5,Student,None,0
8234c19b-c406-41df-8a1e-923ebed1d923,Professional,10% Cashback,1
07523332-c940-47ad-8d34-244fb96eedc7,Student,10% Cashback,0
b2bab004-e05f-4ceb-8767-8ba4b7a145f6,Professional,None,1
0e70befb-13da-4c66-bc4a-53d16d86cfb2,Professional,5% Discount,1
065a0cee-9c79-4983-89a5-030ff1867811,Enterprise,None,1
f6b61b35-64c5-4de8-bd84-1ea06b96ecd6,Student,None,1
e79040ae-2717-479d-baf4-69bbdd688dc9,Professional,None,0
3118be8d-4206-4e48-a5bd-1e4444757b05,Professional,10% Cashback,1
bbe0b24d-87f5-490a-9ee1-744795f8b710,Professional,Free Shipping,0
35322cb9-5e13-4079-9681-9a7b20c26096,Student,None,1
3b5e7ba9-b74c-4cb1-9309-06e125c128a7,Professional,None,0
aa8d1044-6bdb-4f05-a89d-9d93b707bbd1,Professional,None,1
93555ae3-35b9-4419-965f-7b404c9273e1,Professional,5% Discount,0
c708f190-78c3-42af-85d6-050beb305491,Student,None,1
01d9f68c-14da-4261-a99a-eb3f1a5699d1,Professional,10% Cashback,0
5ab97e8a-8fb7-42a7-8b4c-1a849f0582c1,Enterprise,None,1
0c042330-ab82-42a9-ba2f-b3f7f3bd845e,Student,5% Discount,0
9a0d0809-1ae3-4721-9ece-52a992c9466d,Professional,10% Cashback,1
1fdbbe90-f406-4fec-b509-5575c7392526,Professional,Free Shipping,1
0ec3f25d-44aa-4084-beed-ae406b1391bc,Enterprise,None,1
19756c26-0d63-406a-bfe9-a048b63cf733,Professional,10% Cashback,1
94262196-1fad-4046-a284-57a1e89b4834,Professional,5% Discount,1
23d8d13e-3c76-48ff-b8d4-d52546b1aec4,Student,10% Cashback,0
b1ebcbce-ceb8-408e-8a35-ccddf9bba26a,Professional,None,0
e9640f30-109d-4ebb-bc7f-1a090f8f4af1,Professional,Free Shipping,1
123f8ffd-b56b-4e7d-9977-ea2d41940752,Professional,None,1
60bb2242-b6ca-4247-a36a-6940c7678002,Student,None,0
86dc6f33-ded7-42e2-89e6-11e4c7859a3f,Professional,None,0
5f0dee35-5794-47cc-8e8a-48aab5c895ad,Professional,10% Cashback,0
8be0d249-6b5a-4ce2-be10-7c20b55a87e6,Student,5% Discount,0
96fefe94-d8e3-4d74-9e18-dfb3ec92f6db,Professional,None,0
33137942-ddf1-463f-9db0-63c958276699,Student,None,0
1dd014a2-6452-462f-b29d-5ca1de511b67,Professional,10% Cashback,0
932f2c7a-92fe-4266-8067-9d99a3ab9c21,Student,None,0
2911eaca-ae85-4b3d-9027-adcc4f43501d,Professional,Free Shipping,0
be309972-ad0f-445c-8306-5a9dcf8f4ee4,Professional,5% Discount,0
f58e5317-0185-44c8-99da-965e16a46e62,Student,None,0
f0589c60-aea8-4b14-b72e-eb77b85d8b53,Professional,None,1
0e0c253f-9654-42cb-a191-03362b12be28,Professional,Free Shipping,1
5b87ec4a-865c-4732-a70a-c3227820a1b8,Professional,None,0
54f4b7e0-c55e-4239-b9bb-bada653ffe34,Student,None,0
fd674ef8-d90a-40af-b377-c5edd341be0f,Professional,None,1
cbb6a5e1-a9e2-4f0b-bde7-81e7e88826a1,Professional,None,0
b4ae95ae-e57b-46d3-85b0-73bbfff39cd5,Student,5% Discount,1
5f8a1b5a-6b7d-4662-806e-9c22f161b6a9,Professional,10% Cashback,0
0ab430e7-0394-4a4d-99fa-a2a2453365ac,Student,Free Shipping,0
ab827409-6082-4ddb-97a7-ea4651ae16f7,Professional,None,0
fbef30c4-e587-4201-95f5-9b28e76186b8,Student,None,0
c0f65b5b-a0e9-435d-9c9a-93d5264a3b09,Professional,Free Shipping,0
e49dcf17-d47f-42ad-8fe2-e38163d25638,Professional,5% Discount,1
faf911cd-7a9b-4e13-8a9b-3a60ad77c32c,Student,10% Cashback,1
f84422dc-1b32-4be6-9ccd-ee720c799820,Professional,None,1
7803d08e-f740-42ff-8bf8-d6c5297bb1fa,Student,5% Discount,0
2eca53ba-5500-4238-88e3-317ba35ffb5e,Student,None,0
f6269520-6483-48e6-b935-4c0910cd3555,Student,10% Cashback,0
54304883-e6a9-46ed-93ba-d8f346385e76,Professional,10% Cashback,0
4d0b84b3-b5b6-4d37-88fb-0c1893078c41,Professional,10% Cashback,1
06a33906-4490-453d-b2da-acbd1e584896,Student,10% Cashback,1
f258e329-b5c1-4096-8bee-d03f23d53cb3,Professional,10% Cashback,1
60d2e33b-ec41-4721-8c5a-c1d0b2544d47,Student,None,0
dc0b907c-0255-4b7d-997d-ace6522cfced,Student,None,0
fd2548b3-559c-45c8-b1d6-4bd34e6f7291,Professional,10% Cashback,0
f4d1ff02-86ba-4fd3-b8b5-c71c808b27af,Professional,None,1
a7712e9b-e991-4165-97ce-d896c961499f,Student,None,0
d0380037-2d88-418b-a464-4515ddcad6d2,Professional,None,1
291887f8-e6fd-43c1-9931-f5222fcf3443,Professional,None,1
cbf4fd17-0ee3-429e-acb4-f86876c799a4,Student,Free Shipping,0
a97140d4-089f-45a7-bca0-d39392c3e7a9,Student,None,0
af325dcf-cb58-41ee-b743-28d5b53bce52,Professional,10% Cashback,0
d844b54a-fc77-4462-9c97-0b38d305588e,Student,10% Cashback,1
733db27a-28a6-4846-be19-0a9dfdf79f7c,Student,None,0
75bc6677-8c29-4b96-a6b0-daf21b8432c1,Professional,Free Shipping,1
22f0fbf1-e6ba-4cc9-9e7b-aec2fb30fd3d,Student,None,1
492ebe39-608a-45cc-88ae-478860e1f48d,Professional,5% Discount,0
5837308b-dc73-47e8-9914-3a51425cd9cb,Professional,None,1
36a7a758-71ba-4af6-9172-5258da1bd4e2,Student,None,0
2537a93b-1b18-4868-b650-30984a03f769,Student,None,0
987c8032-88b2-4358-9485-86d8a38add10,Professional,None,1
e21ee035-8b90-4a31-9b19-5dfc71dd240a,Student,5% Discount,0
a2ea3938-1c09-44ab-b4bc-bb419e7e449a,Enterprise,None,1
2ec418cb-8f4d-4e86-a7fc-37e971a0a5e8,Enterprise,10% Cashback,0
aa78d007-09d2-4702-b80e-3e9a3f29183d,Professional,None,1
493f6d81-b6bb-44dc-bd2c-b7f0f7ee7492,Professional,5% Discount,1
5f9bb996-9012-4308-baae-580cd4c0c560,Professional,5% Discount,0
0afdb29a-35c2-4409-aa08-af3934b8955e,Professional,None,0
4859dce1-577e-4a53-9baf-524615703f39,Student,None,0
736c8b90-280b-4721-ab52-e52e877bee42,Professional,10% Cashback,1
7cde38d6-b18e-4028-8382-2cb3990b75ef,Student,None,0
1b244c19-cc8c-42d0-beb4-106f84cee5c5,Student,None,0
8f5eaf3b-9ff9-4dc1-9c0f-22bcaee8232a,Professional,10% Cashback,0
869b0914-0f32-4085-9000-9c8f70219c6d,Student,Free Shipping,0
f7084ad2-c005-4724-84ab-44838121560d,Professional,5% Discount,1
da41b7cf-1725-4c27-85c9-43f9588fdce7,Student,10% Cashback,1
6f9de148-8fb8-479f-8563-c1ad33cabf26,Student,10% Cashback,1
6188ac06-13b8-44fd-bba4-7a2499ef63b2,Professional,Free Shipping,1
02d7e53b-4d62-4f24-83a2-9e7793de0de2,Enterprise,10% Cashback,1
b60e836c-f488-4eca-bee1-8e625276b8f2,Professional,None,1
3365bb9f-3a70-4827-b487-12c583d89b83,Professional,Free Shipping,1
d950ee77-0a34-4c61-8412-63c14e96ae55,Professional,None,1
e22cc1a0-a6ca-4f1d-a47e-a09ca94bb286,Student,None,1
916303c5-fc39-432a-bab7-18714df9d4f6,Student,10% Cashback,0
e659e491-ce31-4d44-a33b-6f0d7880724a,Professional,None,0
e0384a96-bc0e-455a-bb98-ce1ce75b3f2d,Enterprise,None,1
8d3fd8a3-ce2a-4b09-babe-51e2dd021167,Professional,None,0
a36bc432-b8da-4c4f-af38-23ff9b76b1cf,Professional,10% Cashback,0
336404a5-4bae-4222-ac96-ff3b2e409701,Professional,Free Shipping,1
6656fee9-d767-4198-81e8-3cbb1c3151d6,Enterprise,None,1
eec85847-8e29-49e9-9f8c-3e11f39fa9d8,Student,None,1
7b8df7cd-e91b-43b6-83cc-60940d61f9f5,Student,None,0
536723c3-7b00-489b-8075-19d0cddd0fa7,Student,10% Cashback,0
74b984f2-c4cd-4c03-8e8b-15961de096ce,Student,10% Cashback,1
92dc7ea1-57c3-4f1e-9895-770921e31ca0,Professional,None,0
f2c263a8-8a31-4eb6-a556-e7ebc2863d58,Student,None,0
96d5a6d1-cba2-4514-b3fa-22aae726950b,Professional,10% Cashback,1
1086dd9a-d09e-4831-9dcb-685319ebaf73,Student,10% Cashback,0
01f779e5-02b0-460f-8311-91594fb7669e,Professional,None,1
f0bf9714-2f5b-412a-8865-fbd991b51af9,Student,None,0
021e9b13-a441-41aa-8eb2-5b48636ad88a,Professional,None,1
5ac84786-a37e-4502-88ee-5790bef4360d,Student,Free Shipping,0
575b3157-d936-436e-b6db-90c7e742f2d3,Professional,5% Discount,1
671fb12c-a3f0-472a-934f-9381ab091693,Student,10% Cashback,0
d46394d7-6996-4874-bccf-47f4057731a6,Professional,5% Discount,1
2ea6ce05-5350-4c14-8e3f-dfc1aa10959e,Professional,10% Cashback,0
a0c32066-3bab-4fcd-bc80-2f0fe7a006a0,Student,Free Shipping,1
cd8d0f8a-6ef2-4756-b96b-494213a79203,Student,None,0
26fd3e37-3291-451c-adba-fed76a616952,Student,None,0
ec469c7e-1add-474e-abb3-f7c8e2c1e668,Professional,10% Cashback,1
a16570ba-7630-4d27-b7ec-35b50b997076,Student,10% Cashback,0
18968cf8-1fd1-488a-bac8-1f4d6ecd6768,Student,None,0
c7992b5c-affa-441b-99bc-98cb6221d302,Professional,None,0
59c1052f-d144-4725-b814-a6cccc88d794,Professional,None,0
7afa856e-4e59-435b-8bc8-d9f50b335cd7,Professional,None,1
709b12f4-6796-4ef1-ade2-45b15f0e1632,Professional,None,1
ee2af7e8-900e-4dfd-9006-2b7046b42c5d,Student,10% Cashback,0
8ab3d3a8-88ac-4ec6-a77f-1b6e8081c9de,Student,5% Discount,0
f487bc40-55e5-4fd5-b7ca-9c88f163f109,Enterprise,10% Cashback,1
bb4a8d37-d73b-4aa2-b97b-e9b999440d5b,Student,5% Discount,0
7b419a34-35e3-4035-b4f1-d7d9411c63ad,Professional,5% Discount,1
d800e813-562c-4474-ab23-a53cc129c808,Student,None,0
7418c701-7405-4c2a-89d3-f00473ad2347,Professional,None,1
6070a454-ce9a-4e31-a737-3c3402ac226c,Enterprise,None,1
9fc598f3-2d1e-42fe-bedb-9ec90743e436,Enterprise,Free Shipping,1
7c44a5af-61ae-4146-99dc-fcd766bd9a5a,Student,None,0
6a15fc0a-7836-4fd5-b5f2-a960c1e8297f,Student,10% Cashback,0
5c08ae09-309e-48ae-83dc-59c0565bcc1b,Student,None,0
5c591ee0-b405-4c89-a940-3a3a5f2daaeb,Professional,Free Shipping,0
3583b404-1d7b-4b85-8bda-ebc17a0d9027,Professional,None,1
9cad30a6-c579-4013-b600-9cff84d66cd1,Student,5% Discount,0
ab4ccff8-6ba9-4807-b3b3-1112690ded06,Student,None,0
b369084b-6ea9-4611-a77a-9ae6a9a4fc56,Enterprise,None,0
8e412189-19da-4454-959f-1f69f218ce57,Professional,10% Cashback,1
78044c30-43c1-4a5b-8985-9232a00f6300,Student,Free Shipping,0
af17bf22-51d0-4d7d-8d55-17e38c3f0f4a,Professional,10% Cashback,1
d5e45f81-f24b-461c-bb5f-c8993a54044b,Professional,Free Shipping,1
04fa69d7-4b69-47f4-a0fd-40c6fb8daab9,Student,5% Discount,0
b7559e29-9976-4bd9-b14b-7edc8c7a630f,Student,5% Discount,0
ca561284-d286-4b20-b502-0e601b4526df,Student,None,0
1537a3d3-d757-467a-9c5d-fddc460a3723,Student,None,0
07462029-71a1-4d97-9cb7-251d63cdb68f,Student,None,0
46303201-4881-4a7f-a3bc-09f9aab39a57,Student,Free Shipping,0
4d92d803-2f4d-4418-9a98-a420e7eeda4c,Professional,Free Shipping,0
c140e0bf-4bf7-4b58-8e6b-b9a42ecf16c2,Enterprise,10% Cashback,1
4fb77123-8524-40b2-9fa6-8a5848e4d416,Student,None,0
5571196a-31eb-478f-bc63-86391674e7ca,Professional,None,0
8df6f144-83ae-446e-aa35-424116ccb425,Professional,Free Shipping,1
1ed198a1-75fb-42dc-aa3b-173d83a3bc0d,Professional,None,1
b87faf95-da28-4eff-a6ad-aab6ab8fd559,Professional,5% Discount,0
31ce6440-a36a-4b83-9341-c38dbe568979,Student,None,0
ca6ac7e9-3376-4975-91d7-a3bcb033ed7e,Professional,None,0
b88525a9-1e2b-4972-ac56-7c59bcc3fcb2,Professional,5% Discount,1
20db650e-356a-4da4-b14b-7865a5ccad07,Student,None,0
09e4b907-1997-4486-8c8f-cdf8c287c474,Student,None,0
5c2faf30-88a6-437e-b802-4fb58c36f67b,Student,Free Shipping,1
a169ad39-c2ac-4e88-b879-ebea45662355,Professional,10% Cashback,0
1f893a08-37c5-4dff-a0cf-2b9a741490f3,Professional,5% Discount,1
c97a8789-6973-4a8d-a592-9edc0dee76f7,Student,5% Discount,0
e46f2ef2-b3ed-4e3d-8039-5efe177232dc,Professional,None,0
ef67cd99-de69-4f0d-9ffe-2e75ececa3c7,Student,None,0
cf81dbdf-1694-41c4-bf5a-0c005c9208b6,Professional,None,1
0056efcc-49fe-416e-b4d7-13de4d80d0ec,Professional,None,1
df25f547-2fbe-4b11-b4e9-117f0c750378,Enterprise,None,1
92df5c46-236f-4005-bee6-a13349ba69ed,Professional,5% Discount,1
b34a59af-04a0-4fbc-9468-065e82d904d7,Professional,None,0
4e2072b5-1a99-4a9e-9fad-194faa4f97e5,Student,10% Cashback,0
4f511f04-9de6-4528-979f-023032b843ce,Professional,None,1
97a11df6-18cf-43e9-ae93-e17008632b7c,Student,None,0
60361c5c-a403-4a24-96f4-467d1ec3e19f,Student,None,0
0cbec06f-d668-4220-a555-059fff170c8a,Student,5% Discount,0
102d62b8-f1c3-4aac-9be1-0c93364d7fdc,Student,None,0
7d9a281b-cd59-45fc-8618-5f0ba629a55a,Enterprise,10% Cashback,1
90c40122-3e27-45e1-9aba-d8247e68a630,Student,10% Cashback,0
e6dd5c06-adfd-4f30-a1db-c072a2e56fae,Enterprise,None,1
978f9ff4-7db6-43fd-8049-748d33a4e8f4,Student,10% Cashback,0
a87525bb-9d8f-4790-96a6-b386ef6e0bee,Student,Free Shipping,0
ba69fdee-4211-4acd-921e-f40fb47f1788,Professional,10% Cashback,0
945e947e-00d1-4473-b367-947c072cca68,Student,None,1
73017f3c-5d96-4fcc-abfe-d38200fc9263,Professional,10% Cashback,1
f21e4957-944b-4f96-b3aa-cef46511bc5b,Professional,10% Cashback,1
57bb9b9f-d062-477a-b2b2-2fd31848f39c,Student,None,0
0c1d0743-50af-4476-98c4-d651e7e9a51f,Professional,None,1
73652555-e5a2-4ed1-a37c-343cae05037e,Professional,None,0
6c742592-d2c6-4b8a-95a2-77428322bb0d,Student,None,0
c9239ed9-8167-4fef-b495-dd180379a290,Student,None,0
08c6e86e-23a7-4e0d-8682-72a4c8eb818e,Student,None,0
1d381dba-6c85-445d-95c6-2285a0abe57e,Enterprise,None,1
eca21aca-1242-45bd-aa92-de45c523ed25,Professional,5% Discount,1
5da89bec-ac18-49cf-bba2-c24a5f0e69e4,Professional,10% Cashback,0
736f4f9c-8fba-49bd-95e9-39039cde9bd7,Professional,5% Discount,1
4e232fa8-f3b5-487a-803e-d88ceb65289f,Student,10% Cashback,1
5d7f4942-568a-4621-81d9-eccb9b1469c4,Student,None,0
c7b8bfc1-864c-424e-82c3-6e9d0448113f,Enterprise,None,1
a2ee7788-e436-4dfb-b934-d4e689b074a6,Student,5% Discount,0
4cc2dceb-8266-4a61-8d2a-15ad181369b4,Student,None,0
1ba81ab9-2163-4de3-b125-5c1085e50aa4,Professional,None,1
41db61ec-02b1-4c2d-897c-8d3175ca2f32,Professional,None,1
609a640e-c171-4c12-9b39-baa3d1ac98ad,Student,None,0
9fcfb6e4-1aed-4828-8a7b-502037331b0f,Student,None,0
cb5489a6-cf43-4d76-87f9-c98f1863bbe3,Professional,None,1
895a9dec-2ad8-4d19-b7f9-f484c580ebed,Enterprise,None,1
e086d166-bd6a-4d98-81b2-0eb64dee0586,Professional,10% Cashback,1
2140b9ec-8d9c-4188-a28a-b76e294cc04b,Professional,None,1
7952a30b-a648-4f29-a000-8dc4d526bee8,Student,10% Cashback,0
7e4843d6-2527-4590-8402-18202acaefa9,Enterprise,10% Cashback,1
e252f650-7ba0-4052-ac31-fc8039f06a27,Student,10% Cashback,1
90119bb6-dd6c-4800-a1c2-db2632cbbe60,Professional,None,1
6dc5cc6e-60e8-48f4-b5d4-284ae64e74b5,Student,10% Cashback,0
e20cbb99-dc6d-4ba2-9de5-d0ab080fb5a8,Student,None,0
462161c0-2110-47de-a890-7fca264deb1e,Professional,None,1
98957cc4-b28a-416a-aba7-49fb2081a290,Professional,10% Cashback,0
dd5892ee-d1bb-4bae-9d06-9f367ada8e66,Student,None,0
b3fba822-bade-414d-9245-239ad5857dc3,Student,None,0
00ee9698-1a52-462f-8bee-5548d73cbc7e,Professional,None,0
378f6eae-1b68-4737-810e-65841b0827c4,Enterprise,None,1
43966742-df93-4c43-8a9a-b8b02c7994d6,Professional,None,1
b4c5c9fb-6e6e-4a54-95dc-cacf76564e6a,Enterprise,Free Shipping,1
f8b5e391-4159-47a9-8a86-8a78174a3b4d,Student,None,0
4127e456-1ec4-41a8-b1b1-66463ff7f421,Student,None,0
c0ff6d80-d6d2-4c37-a532-2944a3073fda,Professional,10% Cashback,0
7afb1b89-c7ca-4e5a-9170-c14f6d65e35e,Professional,10% Cashback,0
f77853ce-ea65-40f6-aa25-8b87e25f1c5a,Student,Free Shipping,1
f0efbc1e-7bcb-49df-b990-3316027a614a,Professional,5% Discount,1
a02d0d97-776e-4a7a-a249-292a154d20fc,Professional,5% Discount,0
c2f2591d-f00b-4195-926a-bfd53eabadd2,Professional,Free Shipping,1
2547fa27-1fd6-4572-bbe8-2b54f913040a,Professional,None,1
5aeab3da-5790-44b3-9346-35da56a78e16,Professional,10% Cashback,1
3fd169fe-94f8-46ec-96dc-4dd1cfa77584,Professional,5% Discount,1
395b4cb9-dc01-4acd-8cc6-ea7f17577156,Student,10% Cashback,0
7e4dde40-5bb5-41dc-98da-4efd09d8cd85,Student,Free Shipping,1
1ea2763d-23ea-4c6d-a341-0e0d36642aab,Professional,None,1
2ba182c3-99a0-4826-b185-0eb841d849dc,Student,None,0
8a16aa06-5337-42d7-8da9-50c81274948f,Student,Free Shipping,0
d07aa7c4-2745-43dc-b271-d88515ae4839,Professional,None,1
3bc66ba1-241c-46ed-ad4d-05d90fd9883f,Professional,10% Cashback,1
e0e90fda-8f2a-4d2e-8232-84bed8ace3ca,Professional,None,1
3cf4cebf-6b10-4b0e-a81e-4395ccce57f6,Student,10% Cashback,0
6f324221-bec5-434c-ae8f-f97757806170,Professional,Free Shipping,1
cc3b4c5b-7d50-4295-98c8-6cd7d46e6cf0,Student,None,0
c14f32c4-7dea-4188-ae17-77738321c29b,Professional,None,0
3f00f496-5cec-471d-aba3-c8bd8805cc16,Professional,None,1
606adeb1-79ec-4d74-9cd4-f1ab155b9091,Enterprise,5% Discount,1
554195ea-988e-4553-951b-e26f8d8228aa,Student,10% Cashback,1
b0813a8a-40b9-4b14-a619-44eacc350021,Professional,None,1
1185a87c-6058-46cd-bf3b-82e4f8dd528c,Professional,None,1
33dba9c5-6a63-48b8-aaf9-9f0a3e33bfcc,Enterprise,5% Discount,1
da8dc001-2318-435b-9861-0a661ba84a32,Professional,5% Discount,1
651271ea-1c11-48ec-986d-69db8e761afe,Student,None,0
7b7f3c9d-b717-4499-96d5-aaf47156fe03,Professional,None,0
7e48a90c-5308-4e6c-a7e7-ab2c15ac5704,Enterprise,5% Discount,0
2b39dd1b-9fca-4fc3-8297-69499d60eba7,Student,10% Cashback,1
29b8cd54-686a-4377-a006-f9352c6894d6,Professional,Free Shipping,1
275a011d-43d9-4a24-b356-8e731d096ce4,Professional,None,1
2b6c1a9f-bdf1-4d51-8b04-5c428284c196,Professional,10% Cashback,0
f2bfdf11-5608-4e6a-a065-f1ee83f05add,Student,10% Cashback,1
f3ca427d-55fa-425b-9759-cb7292e87b89,Enterprise,Free Shipping,1
dde89d31-c0b8-4065-968d-9f826eec4660,Student,None,0
d26daffb-6944-4133-8122-ef9dc1b677c7,Enterprise,None,1
b2d9a388-64c7-4e4a-84b5-207f32798876,Enterprise,None,1
e9d20469-4c82-40b5-8213-36e4056f5b6d,Student,5% Discount,0
db4d2df0-ce81-43ec-ac88-7e2dacb3769d,Professional,None,0
599e6135-c444-4254-8fc2-36858bf34e8b,Student,None,0
899990b2-d725-4d00-a67d-f565209c0873,Professional,10% Cashback,1
3937fff3-8917-41ad-9550-3a92e46405f3,Student,None,0
6a4cf26b-a563-4d58-9e29-b24e6e43ada4,Student,None,0
30fea55a-bf0d-4afc-a8a1-e3ffd058b10a,Professional,None,1
098b1862-a65a-46d8-93cf-dfff4f6a48fe,Professional,10% Cashback,1
dc02d0a3-3c30-4491-b9ed-0da0a5192ec9,Professional,10% Cashback,0
34ba1ca4-1fdb-47f1-ab2e-5e6082e47009,Professional,5% Discount,1
4f3ad0c9-8354-454b-8b13-4439a2954884,Professional,Free Shipping,0
df58ccf1-561d-40da-a3aa-f89dc455b5a2,Professional,None,0
0a8f5737-faae-4732-8c36-b1d5c43b74d5,Professional,10% Cashback,1
85b508b0-5e99-4233-ba3d-3fe77ee0b828,Professional,None,1
b4461184-2597-48b5-b126-9cfffe794d6e,Student,None,0
a53c61b4-fe35-417f-8b33-b6d71fb2263a,Student,None,0
3b7f4f91-96a3-4a22-9719-6a74266c0a44,Student,None,0
9626da3f-d10f-4990-ac0a-36698f6b2d4a,Student,None,0
83929902-59f7-4c4f-b2f6-78d1246c1ee5,Professional,None,0
348aac1a-fd74-4e5c-acba-9dd9ba60d003,Student,10% Cashback,1
936600b9-21db-42ea-af56-113be3e12ba9,Student,None,0
148e9863-0625-4c56-a58f-4eac6282eca1,Enterprise,10% Cashback,0
b1d1f6d2-ebad-4382-b194-aaa3a554ca4f,Professional,None,0
af193d29-d151-40a7-9eba-8c8f0afa973a,Professional,None,1
62ce3723-560b-49d7-ba22-f0fa5332f202,Professional,None,0
0cd33045-7591-4171-b1a8-b34795ea710b,Professional,None,1
db223242-303e-46d2-bf16-448581831016,Professional,None,1
750571d8-d710-4adb-90c0-88e2e2e0b47b,Professional,10% Cashback,0
23eb8a68-f1ce-4d49-b415-880005f1fc26,Student,5% Discount,1
5c189c5d-cc27-46d9-a8ac-07bd3bf36ba5,Enterprise,None,0
bc53ad08-afae-4fff-b6b4-db3457823cb3,Student,None,0
467fdfaf-c325-49d2-a54f-50c03451f45d,Professional,5% Discount,1
51e840d4-4d1a-4e3d-9051-e4b4d20c75ac,Professional,None,0
0d712c87-9d38-4fcb-856a-8e01e0e16ab3,Student,None,1
3a9e1cbe-f496-4b09-9bb5-4935af6d7b2e,Professional,10% Cashback,1
52e731b3-6f40-414e-96dc-1865c3c2629b,Professional,10% Cashback,0
28235d2d-2abf-4b38-85f9-e61b14d7fb45,Professional,10% Cashback,0
2ab3bc83-c4c2-467b-8b4e-f4f1e55855cb,Professional,10% Cashback,1
6808d296-9c78-4215-9887-a5f56669eb87,Student,None,0
34830aa5-97cd-45eb-9a24-f65b408dc48e,Student,None,0
df26c75e-7712-46b0-8b33-62770f1f7a9a,Student,None,0
91b5eece-e42a-422f-8aab-99e6d428130a,Professional,5% Discount,1
adfad173-24ad-40dc-9666-d80d3ec51877,Professional,5% Discount,1
9d2aee42-7a1d-47af-b21d-3f779b11a825,Student,None,0
2da19ba7-09e6-455d-bd4a-64716e9b81ec,Professional,None,0
1936bf03-d643-45b1-a218-48f33c923b88,Enterprise,None,1
03b00cba-55d0-448d-a55a-82de71a242bd,Student,None,0
a20841c8-91f3-46b3-9abc-3138164cb13a,Professional,None,0
ac30e794-82dc-499b-8e53-41bda5b1d2ca,Student,10% Cashback,1
ed1adcd5-276c-49fe-90ff-35028e3d5957,Student,Free Shipping,0
fd58d654-2795-4d78-9c46-0570449e44ed,Professional,None,1
598bda78-48cc-416c-9cc7-fd0220f667f7,Professional,None,1
b25622b5-9c9f-4078-a6b7-4f5767501973,Student,None,0
ba10dab2-01ed-4fa6-9213-dd0c4120375c,Student,None,0
ebe02fb9-6563-4ea8-b33f-8e16e5a6d523,Professional,None,1
3b6d8f4f-8cb0-474c-a7be-9c4dc97914f8,Professional,5% Discount,1
b53c015e-95c5-42e4-b355-47ef1e037e54,Enterprise,None,1
61d864ad-2d28-4edb-903a-a2b8c77cf77f,Student,Free Shipping,0
309dd7c7-efb8-4372-8591-98e6efd077f5,Student,10% Cashback,1
6bc9632d-744c-472d-8ed3-46240bf93765,Student,10% Cashback,0
a1fc6e4d-64ac-4a47-914f-c3ca8e17a97b,Student,None,0
4d1b7515-21f8-4c7b-82b6-9da4ad07b9f1,Enterprise,10% Cashback,0
f36b5a14-b451-4a34-9af6-3330fa29774d,Professional,None,0
4cc1415e-a5ba-4448-9527-af6d1583cfb0,Student,None,0
85aa0fc1-30b0-4602-bf43-20d4e2221949,Student,None,0
2fb670c3-79d5-48c6-800b-9c9b2735796f,Student,Free Shipping,0
bb5efc40-8aeb-4956-97fe-03e446dd2197,Professional,None,1
3e31303e-524e-44c0-9c69-acc5f2ae7525,Student,None,0
345217b3-a732-4597-97f9-7eef243f2931,Professional,None,1
4301d292-c1da-4784-b94b-cd6592eda11e,Professional,None,1
ff11d3a5-d475-4572-ad40-7ba3513fb337,Professional,None,1
d1009b5f-da96-41b7-bee4-1fa1887be460,Student,None,0
b0db2c92-fee5-4814-84df-587ea3d2b2fc,Enterprise,10% Cashback,1
f3d707d0-4114-4f94-8d42-85dd6187c9fa,Professional,None,1
8d850b6a-49fd-4cb6-8a9a-fc11d0890f2a,Student,5% Discount,0
dbe88d56-82c8-4162-aa56-469e1b78b3c4,Student,10% Cashback,1
5b53f934-0d58-452a-97d2-c8db3a4ecb0a,Student,None,0
e9a7f240-1629-48eb-9ba9-e71845f4c8c2,Professional,10% Cashback,0
24ec1b87-b4f3-47d7-b58a-47a32a9e7b53,Student,10% Cashback,0
57a65225-0ecd-4daf-b97f-470a8737b36e,Student,10% Cashback,0
681e36c9-0722-4b2e-99c1-b8627878c9aa,Student,10% Cashback,0
99b8cf0e-6d2a-4e2e-8410-0fb3535d3515,Student,10% Cashback,0
c3ab79d5-c0d0-4202-8cf6-2137ca5bc77d,Student,None,0
5ead42d8-31c6-4988-a6b8-2885de105979,Student,10% Cashback,0
abcbed9c-f5d3-40c9-8706-ff9003226323,Student,None,0
3f0a2d0d-c136-4e91-83ad-b1a88cd7725d,Student,10% Cashback,0
4746984c-d917-4527-856b-9c5939c2c695,Professional,None,0
6881032e-17fa-413e-8c43-b73fdad4a42a,Student,5% Discount,0
49fb53d3-bec9-457e-a87d-bba9950c1354,Professional,None,0
15957a23-02ca-4db2-bdfa-c8bf3eafc4c8,Professional,10% Cashback,1
94809c77-1e4a-47a9-abed-745c7a5fe13a,Student,5% Discount,0
d4e55925-b0a9-4422-92dd-140a89e30d70,Professional,5% Discount,1
b2c9fc9a-8a5e-4792-beb1-562c57fe1c19,Professional,10% Cashback,1
72ffb4d8-feca-43d3-a487-15bb9bcb8e75,Student,None,0
f9d8db7c-f2d4-4c72-910e-c088b3b673d6,Enterprise,5% Discount,1
ba993df3-d979-4a3f-a853-66727877d6dc,Student,10% Cashback,1
d3235893-59bb-48d4-acfc-480c68f6ca1f,Professional,10% Cashback,0
f799f960-237b-4de2-b53e-d3274ecafcfb,Professional,Free Shipping,1
273d0fe0-e5ca-44e3-a3b0-fce57e539ddb,Professional,None,1
0f9c17a7-2cf0-491b-ad7e-ef0ad632c43d,Enterprise,None,1
1613404b-6ea1-4621-92e2-b8356f3d6c0b,Professional,10% Cashback,0
e76ac88e-d8b2-49e0-a1c6-8e353604fade,Professional,5% Discount,1
4dda7fa3-7320-4db5-b280-0bdee91dacf6,Professional,None,0
4674438c-c9db-4a73-825f-308eb7ca2648,Professional,10% Cashback,1
064ef7bd-30ad-40a0-9032-bba0a577f70d,Student,None,0
215af62f-4860-4164-9626-ddee5f9791be,Professional,10% Cashback,1
43a242f3-402b-4a4c-b1dc-c65df5c4ff74,Professional,5% Discount,1
28910a69-9c1e-4498-8646-d7c87a965583,Professional,None,1
9b20f875-c470-4d46-a086-82a9b6d49e7b,Professional,10% Cashback,1
5745e98d-3dac-4982-a102-05dffa171106,Professional,5% Discount,1
c12bf145-7466-4e17-9b5d-8b57765e136d,Professional,None,1
be6f1568-0bc0-4ddf-8f12-f96a5e2b42bf,Student,None,0
295d7349-7509-4101-b570-f3593ff1cbe1,Enterprise,None,0
5fa185cf-b982-440d-b44c-50888da130fb,Professional,5% Discount,1
c6c87c15-8787-439a-9d08-c1fae953baa1,Student,None,0
204b6afa-dad9-4180-ba76-740e9cafabad,Student,None,0
ddcf2255-72d4-4634-b3d4-7d548894b292,Professional,None,1
36776d1f-4ab0-4396-b85e-3974fe3b3c54,Student,None,0
05d3a1b4-3f6e-48de-b911-3e46d7e384fa,Student,10% Cashback,0
22c50125-d954-4410-83ba-9eee3aba4844,Enterprise,5% Discount,1
76323dc2-c38d-44f4-ac50-33ceb6cdbf4a,Student,None,0
9241b376-3d4a-45cc-a3e8-c6a63b351dcb,Student,10% Cashback,0
48e954c5-e972-496c-bb05-65f5eab8a11d,Professional,10% Cashback,1
2dfb747f-9a11-40c7-9f62-c79884253ff9,Student,None,0
78df0e65-f814-424e-b37b-9c9bf4d8042b,Professional,None,0
ea94231c-ed66-4199-92eb-8ad77c90398e,Professional,5% Discount,0
2033079c-5c59-4ec0-a1b7-2b61a3202ad5,Professional,10% Cashback,0
e787d465-355e-4446-8d27-1fe74efc9175,Student,10% Cashback,0
695c71fd-51b2-4870-a78b-aaf2050020af,Student,None,1
9c618004-1baa-483f-8bbb-5d9e2109349e,Professional,5% Discount,0
c889e242-0d6e-4079-8ce6-a9a382c4a82d,Student,10% Cashback,0
b35fc00c-b403-4e4f-8715-2b061e2550f1,Student,5% Discount,1
3c8e6389-36c8-43fa-b1ad-21955884bd5b,Student,Free Shipping,1
e24cf493-d215-4fa7-b67e-cd0a858bb6ef,Student,Free Shipping,0
ab90b722-20b9-4244-b9f8-72916d031da8,Professional,5% Discount,0
038f5991-2cda-40ba-8756-287c3b449f6e,Enterprise,None,1
b2df467c-ae5e-488b-a32f-f6bedae87647,Professional,5% Discount,1
ae4d9ef5-f4b3-4559-9460-9aa9b8a1bb19,Student,None,0
bcf56543-02be-4cbc-a4d1-9a9beafbc8c6,Student,5% Discount,0
200f6238-2f54-4acd-a4d8-558db1f5dfab,Professional,None,1
2843a562-bc1a-4924-8fea-62956b25ac29,Professional,10% Cashback,0
17293eae-4419-4faf-9e8f-cac2e4db6fd7,Professional,None,0
6dab8bef-f68e-4868-9e69-01e850167d2c,Student,5% Discount,0
b85be09c-7a51-4572-bae1-0b53690859f8,Professional,None,0
44e49eeb-8451-4817-aa1c-d19aec8ee606,Professional,None,0
592493d1-5d90-4d9d-98b5-93a8c73f1296,Student,5% Discount,0
1513e036-ace0-42b0-8e04-a9ea23199432,Student,10% Cashback,1
d046a4be-e062-4cdf-8dd1-5145938dd50f,Professional,None,1
895e8f63-ca25-4a6a-b28d-74296073c989,Professional,None,1
c0d1ed72-dfeb-41e1-a5be-3e908cf7a95c,Professional,None,0
ba6f6a4f-fd3c-40bc-8962-bfa974027258,Student,10% Cashback,0
3e72171c-0c3a-451c-9db7-c14f7d946a97,Professional,Free Shipping,1
254c4dc0-cbfe-4a16-b760-6215d86cb680,Student,10% Cashback,0
fa01ff46-beb2-4bf4-8451-8d434d4eb22b,Student,None,0
52b9062c-ffea-4fb0-9bce-3ed379a26c7f,Professional,None,0
d11fe0bd-bb89-48e1-9c96-c4998ae7ca56,Professional,Free Shipping,1
0c2fd268-745c-40e3-89c4-f2e2e13d864e,Professional,None,0
f7f75f65-d104-457f-913c-5f3cc61381ba,Student,10% Cashback,0
9fc6dfbb-5caf-4e8d-a40c-a65ad4d734fa,Professional,None,0
8eb38d6b-418d-4e2b-847c-0fb4e93f790d,Student,5% Discount,1
ae9b28fd-986d-458e-89c8-b1015a0b6534,Student,5% Discount,0
476a2032-2f1d-4426-8354-3e28286a84fc,Professional,None,1
8a37b3c9-45f2-4504-b28a-4c62f134f251,Student,10% Cashback,0
442a34a7-053c-47a4-bfcd-9916b621059b,Student,10% Cashback,0
e7ded02c-b0e5-41d6-a5bc-9ab9e082860c,Enterprise,None,1
fa8f9dfe-4951-4e78-baa1-d315b6f46496,Professional,None,1
56291722-5063-49f1-ac6a-317c587383ea,Student,10% Cashback,0
e06c51bd-a716-41dd-89f9-36b44370c8c0,Student,None,0
3a4cff54-0975-443c-934e-746334c41fd8,Student,5% Discount,0
1333590a-13cf-43fc-8825-efa72f63f5ba,Professional,None,0
e0fe8352-aed4-44b3-9108-867173dc2c0a,Professional,None,0
f224d09a-68a4-49bc-8a4c-2642c10b2884,Professional,None,1
cb78c023-8fbb-4cbb-b681-b9ac5db15134,Professional,None,1
91fc1311-23c7-4b40-bd5f-a7a674cc9d6a,Professional,None,0
0ed38c9f-9475-4c69-8ede-2c85a5ad719f,Professional,None,0
a1c183c3-9e93-46eb-a771-b7d81a266cc4,Student,10% Cashback,1
995f42b5-f0dd-43c1-b823-6310706f4c81,Professional,Free Shipping,1
b0e412bb-81d2-4ccd-982b-b4c0d63fe660,Student,5% Discount,1
a89a6ac4-9c5e-422e-b24c-0fc651967d2c,Enterprise,None,0
f7bb0f67-2479-4c7b-9457-9d526b640d07,Professional,Free Shipping,1
0817af12-ab5a-49d8-84c7-570fb307e8c3,Student,None,0
fbe60a4c-b9c6-452f-b4ae-5c3759b12048,Professional,None,1
6ab6e9fd-a004-4973-9a1d-b403c7a6190c,Student,None,1
b1f6bda5-d36b-4b41-82db-e083a3cb1a60,Professional,None,0
666f789d-2ddb-4b46-949d-e6442e3d58bb,Professional,5% Discount,1
337b8c61-6a79-4551-bb7e-c5ae23bd0ebe,Student,None,0
4f8fbc0b-631e-4684-9374-e91bfc4c8dad,Professional,10% Cashback,1
d8405ade-d147-4d89-9d5d-3990bba3d76f,Professional,None,1
483a255c-2ff8-4671-845f-3e4429bb2c31,Student,5% Discount,0
4a10b863-e4bb-44e5-8035-fe2245848c8f,Student,5% Discount,1
bcd43eba-05ef-48f0-9093-c134593ec85e,Professional,None,0
cb13c77a-488b-4b00-9313-e062f359adad,Student,10% Cashback,1
ff2f0fae-cca7-40c0-8461-c87bea9132a7,Enterprise,10% Cashback,1
49b1160b-ed34-41e0-9c01-299ecc78a5b0,Student,10% Cashback,0
92f4426a-c0a2-4672-a047-48110b629a8a,Professional,10% Cashback,0
3dce4d0b-a6d0-4413-9904-3f690829e653,Professional,10% Cashback,1
4fbafd85-68ac-4111-8f4f-7ef865d4b673,Professional,None,0
1295f4f2-d6fa-4156-8740-f8a8c847bf41,Student,10% Cashback,0
104aa282-37fc-44ef-8aa1-b9f4794c1a71,Student,None,1
8767714c-c573-4692-a712-42cb52e63ea8,Professional,None,1
14cee1fc-5f21-4179-b2ed-82148da9c137,Professional,5% Discount,0
56271f1f-079a-46a6-b01c-b87728cefaed,Enterprise,None,1
fbcc89d8-87f5-4f23-8f70-29d48c8302cc,Student,None,0
d2b0a8ba-ca68-4360-9173-a15df3d78ba3,Professional,None,0
a6964e58-8fe8-4b99-9cec-d4902407faa5,Student,None,1
2e8fb99c-b6ae-4480-bd3b-8e713041c790,Professional,None,1
a54797ca-d7d7-4868-8866-6eaf5f13114f,Professional,Free Shipping,1
0547b332-d28f-476d-8818-7c8354eaa2a9,Professional,None,1
52997dde-b42f-4892-a8b8-06fb0f8e4038,Student,10% Cashback,1
e93fdd1a-d723-4750-863d-c1b9a736e93c,Enterprise,None,1
a585b5cf-6dd3-4a02-bbd6-46f13f59942a,Student,10% Cashback,0
a9b06bde-1f76-43ef-bdfd-68282688e748,Student,Free Shipping,0
e5b46a07-1199-4eb4-8478-6d94971ea54f,Student,None,0
3be2d2bb-41b6-4d86-b7f6-5e583e2f764e,Professional,5% Discount,1
d5bc1ccc-074f-427b-9f58-5ca7852ba9ec,Professional,Free Shipping,1
c58a40e5-4368-41ff-9e6d-dcf06af1d3a1,Enterprise,10% Cashback,1
41190b7e-572e-4bf9-b85a-d4f8f58d9da3,Student,None,0
8f871c5a-2106-485f-a50d-57f44253f730,Student,10% Cashback,1
766269f2-4be5-4e08-a429-d3d580117ef5,Professional,5% Discount,1
2ecd71d6-df03-4185-bbb6-c30d3c37223f,Student,None,0
6497eb91-ed9a-41cc-91f2-faade1148d1c,Student,None,0
00d253bc-0aa1-4ada-b757-0949cc86fe66,Professional,None,1
cec72bc9-34d7-49ee-a7d9-abf27656e628,Student,None,0
baebc6e9-c2bf-4717-9386-c41639ef2265,Professional,5% Discount,0
312a0ebc-9d05-4861-83b2-0d42b6ad34de,Professional,None,1
f3ce0fa4-a281-4fd4-9417-0f8d4908ed84,Professional,None,1
359da792-d457-4027-8136-529b2e2fe2e6,Professional,10% Cashback,0
1b703591-441d-4511-8561-943704e9b5f8,Student,None,0
00c4beac-3da7-472c-90c7-d4c9dae2045b,Enterprise,None,0
e9131b7e-0561-4ca9-b597-1ac487deb138,Professional,10% Cashback,1
8e54d304-be57-487e-90c5-937b44a7c512,Student,None,0
f4439ce0-d9ce-41cb-967e-46a3270ea2f1,Student,None,0
9a51979f-a8e5-4fdd-bd24-169d1896ea1b,Student,None,0
f5a3a8e0-4b4e-4886-9c5f-0e5d52ac772a,Professional,10% Cashback,1
6b21739b-7bd8-492b-a98a-553e92aaf4c2,Professional,5% Discount,1
bd6ef60e-c33d-43e9-8e08-b4a0e71f3834,Student,5% Discount,0
0f360ac6-5289-4706-9b34-3617b4c008ea,Student,None,0
86a4fec1-2ef7-4100-83f1-f5e165422151,Student,10% Cashback,1
c4a257ea-d2ea-4d49-8c34-470849267362,Student,5% Discount,0
3d81dcf5-dfb5-4c4d-b9bb-2558147c3df9,Professional,None,1
5d565bf8-58db-4050-bfad-988a178cf47e,Student,Free Shipping,0
a2fa11c4-19ae-4670-ba03-f27825ce49d1,Student,Free Shipping,1
10228716-dea1-4759-8051-94b3dc701865,Professional,None,1
4af9fdc4-de83-42ee-9dcc-c76b23fc36db,Student,None,1
ecccb238-5869-47ca-8e31-4bdeca5db376,Student,None,0
9505f714-8bd5-441b-ae7b-974969237e07,Professional,None,0
9945d19f-8769-4a37-86db-df97a92f120d,Student,Free Shipping,0
2f0cf06e-9aa4-41da-824a-03d50469a42f,Student,Free Shipping,1
138912ab-f100-44c1-bf90-7e572adef7ef,Professional,None,1
c3a77845-4386-4f78-bf66-d5de4985b979,Professional,10% Cashback,1
63d419c9-410b-48dc-81e1-a2021d1fa0d6,Professional,10% Cashback,1
6f6f765a-e2d6-4efa-83b0-fe99eb1afea3,Enterprise,None,1
c980714c-09aa-436c-9618-a507f4a6d399,Professional,10% Cashback,0
9bbd57a7-265e-449b-805b-b955c38521a2,Student,Free Shipping,0
a4239bd1-57ed-414a-aee1-9c0e8351d5fd,Professional,None,1
6aae154d-a4a0-44ec-b2fe-66816d5876e1,Student,None,0
be913811-52ce-4d41-97e5-e2c7fc316187,Student,None,0
a85cd385-a735-4cd6-af0c-b2d3b67d87b1,Student,None,0
51c425e1-438f-4ff4-9706-5f43eca33faa,Professional,None,1
214a9aa0-3108-42e2-9cf3-d1f7ffab5f7f,Professional,None,0
b2b354cd-2217-4c01-81ff-333c7d5cd3b7,Student,10% Cashback,1
c0f65521-0b7a-43fe-9d39-a744070da939,Professional,5% Discount,0
4ce6c261-7103-4da7-a027-c3e16439d7cf,Professional,None,1
f8775df7-57fc-47c7-bbae-1a96ed82afc2,Student,None,0
e87f3a55-66f2-4898-8747-4edf38a457cc,Professional,5% Discount,0
6f67edcc-8033-4b03-a894-e372a27f364c,Professional,5% Discount,1
ac83f21a-f8ac-44cf-878c-1c246f079903,Student,None,0
109aff3e-bc57-425c-a437-0a22a702a891,Student,None,1
7d29bd34-3fa3-4efb-92f7-b0c9d19290fe,Professional,5% Discount,1
df507d93-cd8d-45d2-a5b2-c94441973b14,Student,None,1
2c903d79-e007-43ba-afe5-dc34d908769b,Enterprise,None,1
a771f6f8-83a5-4655-9e1f-8fde0e4c09fd,Student,None,0
f7e616f8-5a14-4e34-8798-0c4310c11601,Enterprise,None,0
85516122-768b-4f6b-87bb-d2ac06850987,Professional,None,0
4cfe2e5c-2ba7-45e7-81de-d9047e46281d,Student,None,0
2d3906f8-3176-4ae8-a19d-4cc6339a85ec,Student,5% Discount,0
4c3e5a09-af11-4a30-a8e5-0e0bdfd235c8,Student,5% Discount,0
746290b1-c1bb-4ea8-808d-1489f9001df7,Professional,Free Shipping,1
bcadeb4e-6a1b-4afa-9624-3278ff0a6492,Professional,None,0
747bf7af-4316-46b8-ab2c-3b2af38caa48,Student,None,0
d51729d2-bb90-4e8b-9b32-7a43a7639d0d,Professional,5% Discount,1
ad4b520d-8f5a-49f1-90d8-d308153454f6,Professional,10% Cashback,0
f3fd1a45-dcad-4676-89d2-3a48f02406bb,Enterprise,None,1
8105dc76-2db9-4bb5-82c4-a7a0348c97bb,Student,None,1
d42927e4-d66b-47b7-bd61-28320110d9fc,Student,None,0
dc3c0b95-1285-45f9-a868-77561c927bb5,Student,None,0
75cf5d82-910d-4faa-970f-61bed5d9e2f2,Student,None,0
5d9fc080-31f5-49c2-bc4c-995caf5f109b,Professional,Free Shipping,1
5145b9c3-59b3-49f2-b19c-b1f2a4d5893a,Enterprise,None,1
61de17af-b55f-4961-a56c-0b2f8f99de61,Student,Free Shipping,0
9398cc85-1af8-4e57-bda3-5515496d5b94,Professional,5% Discount,1
75208c0b-7179-4b00-927c-bc462b724f64,Professional,None,0
b9e5ba98-df06-4613-8923-0f3759780127,Student,10% Cashback,0
d017a2ae-70c8-45de-bb9c-8f40630080d4,Student,10% Cashback,0
5f38ddcd-0fa1-4d71-8ed2-8e48091d4aed,Professional,None,0
336f3670-3d2b-4ff3-be46-31a24b5804ad,Professional,None,1
0732fa4e-1054-468c-9e1c-fc0b90c0a048,Professional,10% Cashback,1
d7838d52-14e8-4fca-a68a-af62cb1ce9fe,Student,10% Cashback,0
9cffebc8-f851-4971-b34f-6063c1135dde,Student,10% Cashback,0
5a39b3e1-41dd-4726-b42a-b9d742e60626,Enterprise,None,1
f8881743-f246-4bf6-9ec1-3ac87000a059,Student,None,1
b4df834c-dd65-4239-9edf-98ba7b6bae92,Professional,None,1
f0ae2f31-a9de-4bcb-8776-86b4316657ae,Enterprise,None,1
31619b55-b4f8-4486-aa64-71eb2db106f2,Professional,10% Cashback,1
0c30fc67-4d5c-4ea2-9bfc-2e1208d5b300,Student,5% Discount,0
825c6986-b360-4add-8edf-711814c5ad25,Professional,10% Cashback,1
8ecd7bb4-128e-4daf-86dc-5e5d1f78e2d4,Professional,10% Cashback,1
5eb0a316-80e1-4b81-91b7-f47587ecec3a,Student,10% Cashback,0
b13bf42f-1c9a-4c91-8d96-a7bc44af5b5d,Student,10% Cashback,0
c7b38a6b-513f-490a-9ed3-38518d6f5ae2,Student,10% Cashback,0
df4da829-b596-48e4-ae3d-8f87248713bf,Student,None,0
138a1b0a-39f1-4fe6-84e7-695955601e75,Professional,Free Shipping,1
8034e0d4-b737-4506-8de6-0867bdc21bc8,Student,None,0
2131f126-cf28-4b4e-a22a-913ad36349d8,Professional,None,1
90ab77c8-b050-43ad-a9ad-1c15be72675e,Professional,None,1
b507c384-7e2c-4599-96e4-6ee7eb8f7a98,Professional,None,1
454d02de-922a-4ada-9b6b-78c541a27a3f,Student,5% Discount,0
ff939ff6-3b01-4e0a-b405-c68fe045ef6d,Professional,None,1
8306e1de-4cd4-4f1b-92fe-fdd6d12fbe16,Enterprise,5% Discount,1
98802e2c-52f4-4e56-97be-63eac84aca48,Professional,None,0
e1506cea-b424-43c4-afd1-adb68421b75e,Student,None,0
3c9118c3-bfe0-4bda-acdc-771ec7cc8a97,Enterprise,None,1
47c26921-3da6-4234-ac88-100a700dc718,Professional,10% Cashback,1
5e6c7507-bbbb-4827-a26e-2189629dc2f3,Professional,5% Discount,0
f56e3f67-2aa3-4ac2-8fa3-dac5dec73e44,Professional,None,1
97ef9641-e2df-4bc6-8027-ae123af7d9b6,Student,None,0
9a61df6d-647b-41de-b3ab-382af13f8272,Student,Free Shipping,0
7b9913a5-4946-42fd-943c-f4e990601bca,Student,None,1
4402736b-2fbf-40bb-ad5a-e7cb698ccd79,Student,None,0
78d8631c-d3b3-400c-af73-ec21a37957ca,Professional,None,0
f1c07914-9d6f-4dd1-8dac-894eedf83752,Professional,None,0
bf925227-c325-423f-aa71-f7945501f7e1,Student,None,0
c70167bd-bfbf-48a4-ad49-ad9d1cecb2f6,Professional,None,0
cb9407eb-d037-4950-b241-0942027f05da,Student,5% Discount,0
1de1cc32-aa48-49a0-8aef-7567116ce739,Professional,10% Cashback,0
bb829496-72f1-4307-b22c-82c9c64bd83a,Professional,5% Discount,1
88f958e0-ae29-4d83-9a14-5c7a60201287,Professional,10% Cashback,1
d86f53e3-898b-4279-aa35-02a1d0aca4a7,Enterprise,10% Cashback,1
36360861-ba59-43d3-9e16-27979348089b,Professional,10% Cashback,1
9f1e4def-3bb0-4d4d-a98a-3a7cf0a4b636,Professional,Free Shipping,1
88a45ba6-6408-44c1-97d5-3d5203dd79ab,Professional,None,1
87dab9a1-c7ac-4804-9ade-fcfb6d64afa7,Professional,None,1
23c04d25-c2fa-4966-bf8c-2b031bc41f41,Professional,10% Cashback,1
16ac7142-db33-4c1b-8af9-aeac778c8942,Student,Free Shipping,0
7e91ef8e-f44e-498c-8905-f6b0fccc99f9,Professional,Free Shipping,0
356163b6-7ec0-4485-b20e-422194e7b786,Enterprise,10% Cashback,1
488abbc1-f879-46ca-ad42-70308c7875f9,Professional,None,1
074cc1f0-d716-4003-8d67-9f71c3512f58,Professional,None,1
efd58f4e-eac7-4a91-8407-2642772fcd00,Professional,Free Shipping,1
499cd2c0-fc46-4cb8-b8e8-e4eecfa39573,Enterprise,None,1
6e465add-0c15-4702-b050-1a8a3fd8555d,Professional,None,0
3cbc8b92-2922-4b2c-a8f9-dec865d45be4,Student,Free Shipping,1
2d2e61a4-798a-49db-9397-7c77fd965b96,Professional,None,0
7c441470-53de-4d0e-a769-b4d2a15b98a8,Student,10% Cashback,0
5d9564ee-ddd8-4708-ab15-f564de173c1e,Student,10% Cashback,0
5138d72e-f811-4fe3-ab8b-a3e8e19165af,Student,None,0
c64deb45-b2bb-49f6-a4c5-8465ce5ef4f1,Student,None,0
7427c6ce-e91a-47f6-a932-5b7ed6537542,Professional,None,1
0c879e04-b83c-4960-8918-3497edbf94de,Professional,10% Cashback,1
e72d972d-f422-49e0-b769-a5779a3ce5a3,Student,None,0
8f894de5-2b76-4492-9673-fa16e3a715e5,Professional,None,1
09432a88-f6e5-4ff8-b74e-007c8968a0a5,Professional,Free Shipping,1
f07f2cb2-2853-415a-9497-e36ae3f8ecf0,Enterprise,None,1
accd4e17-135d-4d90-a99f-e8210a235685,Student,None,0
f8140e22-5ac5-4e1d-b461-b2eac762702f,Student,None,0
5f0ffbc9-17f7-4232-8e2c-8f0d150115d6,Student,None,0
39b662df-5052-44c8-bdc8-ce54c9f64635,Professional,Free Shipping,1
71b8191c-4cdc-4644-b233-960188545762,Professional,None,0
387bae93-628c-4e13-8182-a20bd86db88f,Enterprise,None,1
24e8b5f2-6f6d-4f95-9cbf-452ab9da68d1,Student,5% Discount,0
10971b4c-21f2-41a3-9d64-b325a1dfabac,Student,10% Cashback,1
5cbc15fc-b502-4b24-bae8-430d0e08b4f4,Professional,None,0
8d3a47a9-35a0-4a83-a6da-d7adf5dee7d4,Professional,5% Discount,0
ae6d8df1-ca2f-4f07-83e4-3fe046d02170,Student,10% Cashback,1
6903fb68-1f1d-4749-bad8-85a30dbd65a5,Professional,None,0
c033dae4-b403-4404-8d5a-0416fa7f643b,Enterprise,10% Cashback,1
bebd137b-bf0e-4fdc-a743-998822d8033f,Student,Free Shipping,0
f76ed482-0e6d-4738-a253-3c75eb8ec89c,Enterprise,None,0
806b2acc-38f5-41b6-aac0-7312a0ad3c69,Student,10% Cashback,1
14570eeb-80d9-4277-8312-4fcee70f6d9e,Professional,Free Shipping,0
deed499c-9511-4a23-a1ce-c418cec896e4,Professional,10% Cashback,1
2ad3047d-9286-4a32-81c9-e28d11f0dd3c,Professional,None,1
2c1615c6-59cc-4fd0-92bb-e6525e43f810,Professional,None,1
5172df20-6109-4f0c-90ef-493e81e7f21a,Professional,10% Cashback,0
1b556f7e-e64d-4437-a428-8f269988fa02,Professional,None,1
5e45418f-d631-4cdc-b6bf-9c7d68542ae3,Student,Free Shipping,0
413106e4-4117-468c-8bff-d1e81c6c09c0,Professional,None,0
628a2298-6819-4537-b25d-40f35c9f5528,Professional,None,1
355c06df-7996-4057-a32b-4e2808bf4aa9,Professional,10% Cashback,1
429a0dbd-7516-4f56-8ccc-38327b049b8b,Professional,10% Cashback,1
b5e9332b-fea6-42f1-9543-bfe5c602a501,Professional,None,0
eddc0722-dd07-4d5f-9327-6039bf968306,Professional,None,0
4c640d40-d639-4b5d-a6af-ce3b125e01da,Student,10% Cashback,1
8a728be5-a05c-4483-9bf4-e58778c14f0c,Professional,5% Discount,1
dc33759d-1bd0-4659-a60a-75c5a8a0fa14,Professional,10% Cashback,1
10dcb003-5010-4f69-980b-4cf2cb2be390,Professional,None,1
4645d9f2-093b-4f57-99e8-60f34046f8da,Enterprise,None,1
de4f20a6-40a8-42d5-82da-94ba99188cc9,Student,5% Discount,0
41d7d5a8-6899-47a5-8c44-f20cb5dafd5b,Enterprise,Free Shipping,0
d3f0a7d4-3738-4f2b-8b0d-ed9e46b6448b,Professional,None,0
b8c0b550-ab18-4db9-95c2-34205242d056,Enterprise,10% Cashback,1
6b0f6883-4e58-4375-b1d9-cd19065cd5bf,Professional,None,1
e204f1d1-008b-4213-94ee-b8206824e823,Professional,10% Cashback,1
fb354523-8a3f-4518-9397-8fb5b721c653,Professional,5% Discount,1
766d039d-d962-48bc-814e-38b43d3fbcc9,Professional,None,1
099051c8-47a3-4a48-ab93-512b2bad4711,Enterprise,10% Cashback,1
6fe625ff-143b-4b65-a661-3cc52d2a5bfc,Student,None,0
636d707b-1147-46fd-bbbb-d5744777104f,Professional,None,1
81a070fd-41f6-4378-b9de-662e38ba4262,Professional,10% Cashback,0
ac33fb39-8764-439e-b733-7d5c95385dbd,Student,None,0
c3eaf33e-75f3-43a1-bef8-043a6c34604b,Professional,10% Cashback,1
fe8a7152-5705-450c-bf9a-f46f360d1e33,Professional,None,1
d0a28ea3-4b37-4ff8-b045-14a36878dac9,Student,10% Cashback,1
55b5f937-2c8a-4bdb-9f51-00e7eee44f46,Enterprise,None,0
29b401ab-53af-44e7-bbb1-e1f8f429c106,Student,10% Cashback,1
c33be45b-ddc6-4575-9cc8-137b9892df6f,Enterprise,10% Cashback,0
aa87a0de-1dbf-4879-bba9-1bde31c55200,Student,Free Shipping,0
4932e38b-d4e2-4528-ba0d-71239f85d515,Student,Free Shipping,1
859a6ca1-5180-4893-ac9c-6f535b801ec4,Student,None,1
86bff5bf-6e38-4162-a415-0d186eafa945,Student,None,0
a9547dcf-da90-4e72-94c0-02840bfad900,Professional,10% Cashback,1
ad178f31-ae9f-4537-8b3f-01b95465297c,Professional,10% Cashback,0
825fa5c5-70ef-4c24-b01f-65c24ac588e6,Student,None,0
bc1d7af7-dfe3-4524-ae58-3b4dfcd5352f,Professional,None,1
12fd333d-8b94-4f07-94c3-e085b1ca286d,Professional,10% Cashback,1
17f8bf22-41ed-4ce7-84c3-1016793fd89f,Professional,Free Shipping,1
6d00d43a-1700-4748-af68-90ac01c1fed3,Professional,Free Shipping,1
4e64fe27-b990-4694-b2fc-eb7c65863711,Student,None,0
03322411-b842-4023-835d-26f050fc9dba,Professional,None,1
4580a4d1-f408-4bd5-bf0e-9eadecd4fff8,Professional,None,1
a9cabef8-2de3-4037-9158-5123ebcc971d,Student,None,0
c7e10b6f-dea8-4d38-be93-4f214f7be42f,Professional,5% Discount,1
aeb8065e-d14f-4f5f-a080-a1bfa9d93b8c,Student,5% Discount,0
60bba43c-9774-4db7-bf88-497e156cc42a,Professional,None,1
ad837d26-c578-4c2e-9c66-d193e81a8d88,Professional,None,0
2fd0338c-a0af-406a-833e-3a09d2e77ceb,Professional,None,1
356f969f-7f91-4d80-86ec-a8cc05c30de9,Professional,Free Shipping,0
c49257d2-3d62-4853-ba9a-c00d4bd3d92d,Student,None,1
2c0166d2-c4e9-44e3-a408-0367213e51e0,Professional,None,1
ed1d88f8-7b2d-498f-9f98-46d1dacaca4c,Professional,10% Cashback,1
164df213-a8d7-4826-8462-6f0ea8b92e28,Enterprise,10% Cashback,1
366e1d44-c3f0-42e5-937e-90217e82065b,Professional,Free Shipping,0
a8df381e-3388-427a-9474-053336fdd724,Professional,None,1
5ad48015-bc44-40cc-afbc-2602d919f8f8,Student,10% Cashback,1
b3b8c905-1c3f-40e6-9c96-7732a97990b9,Student,None,0
d6b70d8c-0fbf-48a9-86d6-e58ca9131f6a,Professional,Free Shipping,0
1fabf7af-881d-41ce-97a5-aa25434a5844,Student,5% Discount,0
656420f6-2ff5-415e-9f64-63b3879d1419,Professional,5% Discount,1
e3862fcf-551d-45a3-b38a-35147b7695ee,Student,None,0
518d0679-6019-4b58-b81e-e3d68e8e7636,Student,5% Discount,0
ffe8e805-fbf4-4654-aa2c-c2ad85187cee,Enterprise,None,1
33e277fd-5700-4037-8879-a6c37c721ae4,Student,None,0
fd4a1a4b-aeef-49dd-a6e8-499b4176c80b,Professional,None,1
9ddfaf5e-36e5-4634-b36c-4b0cb271841e,Professional,10% Cashback,1
e00f0a1f-e2dd-4bfe-b2df-6cfbcbb8a7b5,Professional,None,0
ed82b3fe-b51a-48a9-a22f-0695138a8fac,Professional,5% Discount,0
a81fa69f-3949-4f5e-be2a-b7a8c24aec95,Student,10% Cashback,1
91116ea7-b4f7-4d78-bb23-146effc2af04,Student,None,1
d7f3d60f-f1e3-43db-a650-d8c225be9a7b,Student,10% Cashback,0
fec7f3ec-748b-4d76-9a1f-5b4dd62daabc,Student,None,0
5878c996-87f4-4ca8-a52a-f701351930cb,Student,None,0
b2dfa9c7-885b-4559-9e33-44a6c219f67c,Professional,10% Cashback,1
d6e33460-00ae-4492-9195-6084bc989cb4,Student,5% Discount,0
30719608-089b-4bb6-a7d9-963170e95f3f,Student,None,1
00bfa09f-2e78-4308-98ee-42c5c6c7a23e,Student,5% Discount,0
49de79d0-1326-4d30-8d59-e76d1239efd0,Student,5% Discount,1
4e293d61-6123-4fb1-8451-0b38e0990586,Professional,None,0
ebc1b58a-9afe-470d-8256-4cf9b71acc99,Enterprise,10% Cashback,0
4851c68c-17fb-4e2b-9b51-00420a2911ae,Professional,10% Cashback,0
87aeaac6-6ee7-43bc-a66b-77070d879dc0,Student,None,0
73ca6653-435f-4ec7-b312-d5d66f3c2a16,Enterprise,5% Discount,1
fe3abc7a-3a08-484a-b59a-adc1dc82a345,Professional,5% Discount,0
3bee3532-08eb-4c28-a4b4-f21f4e28c385,Student,None,0
f453a338-023c-468c-8734-705aa10e4bd8,Student,Free Shipping,1
e07337bb-c2af-40ad-898b-e34061336655,Professional,None,1
7e3837b7-dc34-4ad7-8cd5-5bacfd3705ad,Student,Free Shipping,0
b95cff89-1527-4d84-9382-03895f849e35,Enterprise,None,1
cfa0d3df-5814-4f34-8970-76b43f3a1743,Student,5% Discount,0
0fcc8d89-73bb-42e9-ba09-3ad943e84be7,Student,None,0
8a895c68-2c88-4c40-8380-4770c329c0d8,Student,10% Cashback,1
4723af3d-3c08-4c97-9f94-e31c4f56ad5f,Professional,None,1
38184596-47c2-4baf-a315-66215d9a5813,Professional,None,0
55a5a679-75be-4382-8e15-d74cb1f01241,Student,None,0
5761eb60-26a8-4bd7-920a-057f3380cd10,Student,5% Discount,0
15cf6eeb-3bdd-4b4f-939f-3afc7f774ca2,Professional,None,1
d525cddd-b027-4b01-879c-445aee3c8762,Professional,10% Cashback,0
c98e6838-c0a3-40c5-82ca-be3aeaaf6eb9,Student,5% Discount,1
45efb103-2267-41db-9f8a-4b2beae5d85a,Professional,Free Shipping,0
035d20d4-63dd-4f86-b393-f66367c19be6,Student,None,0
7366df7f-5228-4e34-979c-7da13c24bcd5,Student,5% Discount,0
975ff3e3-f631-46f7-9a00-ab5f91046b09,Professional,None,1
615a51e4-6dbc-4c6c-96e5-e3affdc71cfc,Student,10% Cashback,1
0783c3ff-d91b-41d2-acf9-7d5b955e5d66,Professional,10% Cashback,1
b5dca2e1-2c79-41ac-900e-6ab6b058654b,Professional,None,0
6eef011f-b7b1-47fb-b8ad-1db61d27a076,Enterprise,None,1
4511c09b-e8c2-4517-9cc9-79de92bb730b,Student,None,0
37f972c3-d712-47cf-a846-c16485537129,Student,None,1
4cf6de1f-5d65-4bf0-a306-69e3be5126cd,Student,Free Shipping,0
01606578-4587-4916-b0f1-8602361d192c,Professional,None,1
2c5fc1cc-3572-4f2e-b4af-b6a8f3a3fbb5,Enterprise,Free Shipping,0
7246c666-ee25-4187-95e4-7dd72c085fa5,Student,None,0
92f98d40-c4a0-418d-b367-b28553a256c6,Professional,Free Shipping,1
e41114a0-910f-4c44-b9e0-2dbf3a8a09cf,Professional,10% Cashback,1
32f40ab4-0b66-449e-91d0-d75eb11e6456,Professional,5% Discount,0
123390a0-6199-4fae-a603-652a541419b3,Student,None,0
c2d5fe07-5a96-42c8-94d9-0acade2631a8,Student,10% Cashback,0
6a75622f-3d24-4f48-9218-f65d5f90ddc8,Student,None,1
49b76b74-03e3-4fe8-a14a-9328cfb437d1,Student,None,0
42a080f9-607d-4909-b260-a2ba3132bce5,Professional,10% Cashback,0
f2da6231-096d-4e45-9b30-3c5e29daffd4,Professional,10% Cashback,1
4461401f-9aad-4ad8-bd23-e9399a6312b2,Professional,None,1
882cd2da-16f0-4dc3-aa3c-b345502c192e,Student,10% Cashback,0
996a38dc-72bf-4f4e-81e5-27176288087c,Professional,10% Cashback,1
8c3ff9cd-7021-43bc-a4a7-e75b6433d3ac,Student,None,0
1c153b0a-1a8d-46f1-8ce9-350c2ec91e76,Student,10% Cashback,0
9cb20d7c-77e1-4e03-8ff6-f05998096f6b,Professional,10% Cashback,0
d1dedb2c-c55e-4d03-8535-21bdb69e295b,Student,None,0
3a764566-7431-47a1-97c7-2a68b5d1f183,Professional,5% Discount,0
b6e38c50-d490-4f6f-aec8-8759324b141f,Student,10% Cashback,1
65e59e13-44f8-4c5f-8809-a2fa28b1f6dc,Student,5% Discount,1
7095af35-e086-4a1a-bb60-b6fcebecef2b,Professional,None,0
20013faf-4b9e-44c9-b67d-b418f1c2f615,Student,5% Discount,0
f57c3626-0762-486e-ae9f-107169177d44,Enterprise,None,1
fb2a97cb-6363-41fc-9e05-e82210dcc804,Student,None,0
1a02ee66-a3e2-4bec-bfcc-93e0f4902e9f,Professional,None,1
72716642-a950-4a62-88c8-7ce4f2f3ae4d,Student,5% Discount,0
d1693fe8-af9c-4a08-86e8-ebb28b2c5a68,Professional,10% Cashback,1
3c6210a4-f5fb-4eed-b660-3a8dba93c854,Professional,None,0
637e1a62-fb80-4495-ba1e-7deb1d2161b9,Enterprise,None,1
2148ae62-636f-40f8-886e-8a5ebbd8a5b0,Student,None,1
e5900485-9012-456f-b942-eefcaebbd5f0,Student,None,0
7860d70f-27fd-490a-ad39-aed61da714a7,Student,10% Cashback,0
1e1d290a-d456-4d23-acdb-319118c14603,Professional,10% Cashback,0
bedaf338-24b8-4b5d-bc46-f151c46f4497,Enterprise,Free Shipping,1
3d608adc-8e87-4da8-9954-fcdedefa9ae8,Student,Free Shipping,0
a21c6e7d-f129-49ab-994b-0514a4c54b4d,Student,10% Cashback,0
0ffa393b-a7ac-4679-87a8-f44d25a42582,Student,None,0
e8c34d7e-5023-4bde-9e00-0f6ecc71cd62,Professional,None,0
d9032e7b-a180-4631-bbe5-ab4f5a3be545,Student,10% Cashback,0
b06538c0-76d2-451b-a0e9-fbfaeb352f77,Student,None,0
78b973e1-e1dc-4cf1-8a3b-66a33882dde7,Enterprise,10% Cashback,0
572e464d-889a-4d05-99d5-38f0b3d32f6f,Professional,Free Shipping,0
972c13d9-8a03-41fe-a13c-4f140b5d0a1b,Student,5% Discount,1
d3a5a230-8903-4b9b-9ce4-4b41755c6ba3,Student,None,0
6d3b4848-52f3-4083-a645-4f4380903b66,Professional,None,1
c58bbbc2-0078-46e4-99b8-97f51f3bb11e,Enterprise,5% Discount,1
ae500d84-d7c3-471d-9132-d4d75534e132,Student,5% Discount,1
98cbfff1-18f7-488d-9ebb-ecf830034bbd,Student,None,0
faa5ebca-1010-4e93-b155-f2d4a6ab6661,Professional,10% Cashback,1
2280a932-babf-44cb-b44e-46e8ec698486,Student,10% Cashback,0
d6fb6e03-465f-4974-9319-e01410b3d4f2,Professional,None,0
a0830988-7935-4fba-84e4-0091fcd8b3e0,Professional,None,0
5cb103e7-ed71-4b24-bbf7-760d4c2ddd84,Student,5% Discount,0
d6761127-ac21-436f-a103-4e0195f88dce,Student,10% Cashback,1
d1e5104b-c81f-41ab-9d5d-ebafa0ec3a7d,Professional,None,1
348b9436-4751-49ae-ad58-ccb799fca581,Student,10% Cashback,1
76b8b814-e051-4c1a-8ef1-eab708206b85,Professional,10% Cashback,1
cbf0a4fc-9a00-4f6a-bbc3-cfaee30be68a,Student,5% Discount,0
bda94b46-9430-4e96-8563-d78e3b357bfa,Student,None,1
fa14895a-34b9-49ab-b53e-a621e7fe8ae1,Professional,Free Shipping,1
f37545f2-2974-4f1e-9490-607a2773956b,Enterprise,None,1
86653677-d5f0-41a3-ba61-cc8afa276ca2,Enterprise,10% Cashback,1
62a944e1-d7b3-4dd9-9bd0-eee508f620be,Professional,10% Cashback,1
a6eb28f1-566e-4535-8cf2-2716a1ee45b7,Professional,None,1
e55dcb45-7ad3-43f7-ad04-7c630766630d,Student,None,0
4d23e35f-4c54-413b-aab5-7941ceabad1c,Professional,5% Discount,1
5ac97be5-4977-44ec-adb6-fc1d558a4a07,Student,10% Cashback,0
cdcae5c7-357f-4ef5-bf57-5072533be946,Professional,None,0
52c15010-e84f-4dc5-a51a-9c7cc18b88bc,Student,None,1
e6d075b8-845c-4819-9f86-c52508e3e653,Professional,None,1
7c76d1e1-bf80-4897-bcc3-2766ddc5d794,Student,None,0
3f3a4569-2ea0-4838-b3f0-c85d29eb29e9,Professional,Free Shipping,1
b47ca0b1-aa0f-470c-abc7-15f3a870345b,Professional,5% Discount,0
b3e8a75b-c284-4485-aab0-acc24a2da7cb,Student,Free Shipping,0
73091c8c-f645-4a36-8821-6cd39704a52c,Enterprise,None,1
c99663f7-ed05-4583-8b6c-50257307912d,Student,10% Cashback,1
6709edd4-ce74-4687-9498-adfaa52f2301,Student,None,0
fe49fc7f-231b-4e36-b9a8-efe4e6b3a8e4,Professional,5% Discount,1
d06abffd-30fe-417c-b088-0918fe8cdff5,Professional,None,0
288c48d7-8fab-45cc-8dba-9da82f4b4ec6,Professional,None,1
541104ad-97f2-475b-9ce1-4adf0b231649,Student,10% Cashback,1
d11af587-0ff2-4837-aea9-5e831e9fd032,Professional,None,0
a6671de8-4b17-42cc-82b0-9c1e73742deb,Student,10% Cashback,0
0ca7cd7f-65f3-45e3-ae44-e4fe8311e5c2,Professional,10% Cashback,1
e846094f-264b-4572-8fa6-d27508abf4d7,Professional,10% Cashback,1
96d8f2e2-e0cb-46a6-b3ac-08de0633956e,Professional,Free Shipping,1
ebab10af-4490-4a53-9fcf-a6ce0a8b15df,Student,None,0
d8bb8e62-f1d9-4725-850d-65496eaa5cb3,Professional,None,1
6621b189-0574-40bb-927a-15ac57bda15b,Professional,5% Discount,0
e07436a3-23f1-49bf-a393-374e82d5d292,Student,10% Cashback,1
d99c5ab9-8758-4a75-b264-3c21895a7451,Professional,None,1
25f91cdd-b029-4d88-9072-ea966c1b68ac,Enterprise,5% Discount,1
80e8425d-34fc-407f-8b95-0923c93b9020,Professional,None,0
c299e59a-d0ab-4ddc-a0fd-2ba0f5475b2c,Professional,None,1
41c8c1e9-bd3c-42ab-9a6f-1d06ebcd3ae3,Professional,None,1
d2c116a9-1641-4dd5-8f3c-9d6b7bafcd62,Enterprise,None,1
0cc799d5-0408-4593-a9e1-e32ebe736f3d,Professional,None,0
8972c4d3-f1e3-4abc-9c33-92ce8b354c41,Student,None,1
9b4eabec-891e-486e-9e28-d437cf76c8c2,Student,None,1
b3abe08a-fe38-4423-a0b0-d55d49ee5ae6,Professional,None,1
61002b7f-76e6-4dea-bda2-e82cef6b94c2,Student,None,0
7f7ce2b5-9bd7-438f-8479-edbb99513bc2,Student,10% Cashback,0
3ca4fb48-4344-49e7-87dc-2751c6a04184,Professional,None,1
f0f6a475-c9c4-49a4-9635-2adddc6d66c2,Professional,None,1
a2323c00-087d-4d64-80b3-091049d2c640,Student,None,1
b0c0705f-c675-4d2b-b9fd-756f614538e3,Student,None,0
bcc40449-c1b6-4748-81da-f21a7413f75c,Student,None,0
6c493e83-bd85-4571-81c5-584e89983ae2,Student,None,0
0a4757b1-40f1-4d95-abad-190b11d8f587,Student,10% Cashback,1
ccee233f-294d-45b4-a5ec-2275281ad219,Professional,10% Cashback,0
fd93c981-a217-4286-b4be-8c56e426beec,Student,Free Shipping,0
0bfe1222-5e36-4a43-9dcd-a6e8861f9f3a,Student,10% Cashback,1
82149d11-2485-4e79-b6e0-50eef7fac905,Student,None,1
83b19546-35c7-40fb-a575-cef65c417900,Professional,None,1
222b2922-e134-4782-a81c-55ab840d9572,Professional,5% Discount,1
739759b3-2065-438e-bea1-b7caa64f01b9,Student,None,0
6e6805bc-fbb0-4a94-a714-3a27f425e265,Student,None,0
70c5b3b9-2bf3-402f-8c86-9405454cbf98,Enterprise,None,1
c5ac5685-8df0-4bfe-bab9-0256401a1ba2,Professional,10% Cashback,1
c9ce4c16-b3d3-436e-a1b5-21b8770c789e,Professional,Free Shipping,0
116e91fd-7548-4af1-85bc-2fd3e1eaec81,Student,Free Shipping,0
695fa071-e966-4662-a03c-cfadc539cdee,Professional,None,0
0ec8ae26-3957-44ad-b68d-8f6af6e743f0,Student,None,0
0b5541d2-07ee-436c-898b-f5bb92fa95b0,Professional,5% Discount,1
3e6ce8a1-139e-43d0-a4fe-291a3b7fd3aa,Professional,10% Cashback,1
591689da-8b89-4d48-b8d6-7ee8d6d45eae,Enterprise,None,1
6ab0aaa6-5046-40fe-bf9f-11d5da93f845,Enterprise,10% Cashback,1
335b0863-b214-463e-a08e-a22dd191de36,Student,10% Cashback,0
ecf784ed-b542-4690-83b5-b746eaaaadc6,Professional,Free Shipping,0
62df4e0f-10e6-49da-9b66-13df29dee598,Professional,10% Cashback,0
2f5c824e-4e49-4c86-910c-a936d17dc390,Professional,None,1
df9fe7bf-2d60-450f-bcd8-6e820c68e3eb,Professional,10% Cashback,1
854e12ca-bdec-4d81-ae4d-d69f11d715b7,Enterprise,5% Discount,1
331a6b95-573c-4da7-8522-3011b16cfd00,Student,10% Cashback,0
e7dbf7fa-5108-4db2-8b6d-2d269e67bae6,Student,10% Cashback,1
9af53c4e-ced4-4873-97ec-7e291ea5aed7,Professional,Free Shipping,1
4a3d0d28-1a02-4bdb-bd76-bebebafc4680,Professional,10% Cashback,1
7dbf156e-e570-4186-b851-1c008d0212ff,Professional,None,0
6f1e18ec-4777-4a6f-a093-2d1260d1ea73,Professional,10% Cashback,0
ab71c3c9-dcf6-4cc6-af99-e5b7e82d5f81,Student,10% Cashback,1
d50b0228-71ff-4921-a459-b7fa8814df10,Professional,None,0
300c5c85-c15d-4be2-8de6-5cb033067605,Student,None,1
c609cd4b-ce62-4f74-ace2-d989d9de1450,Professional,10% Cashback,1
9549f410-c96d-4a76-a94d-8fd872eff8ea,Professional,None,0
0a70feae-6717-40e3-af9e-6e624421d49c,Enterprise,5% Discount,1
4d85d751-1024-4026-ab47-6c3f5c31a793,Professional,None,1
dfc43c39-eef0-45f8-97ad-0c06d9f92407,Student,Free Shipping,0
0e5c2744-4456-4d6e-a811-34f86b2ff4c2,Professional,None,0
83df01d6-4a35-4e5a-8b80-bc1dec7c05fc,Student,None,0
0f162800-cd21-423c-b8aa-4ef7c74dcbda,Student,None,1
944594db-ad98-429d-a348-616710c0f80e,Enterprise,10% Cashback,1
81402261-62b0-4510-9bd9-7906ec86195d,Professional,None,1
29c0fbb1-24ce-4a7c-a857-3a2df1e43dc3,Student,None,0
61693425-a15f-47da-b575-f025353246d4,Student,10% Cashback,1
106f4833-468d-473f-9b36-a4052a72c148,Student,None,0
5cae27d5-b17a-4c33-840d-abdbccc0c9b0,Professional,10% Cashback,1
ad862194-8170-4cf6-9342-14c728381eec,Professional,5% Discount,0
1e9a88d8-ec2d-498e-a6ef-b16ebcf66cc2,Student,5% Discount,1
a6cef213-c1e2-41cd-bf21-a20ed6f6541d,Student,None,1
5519f1c6-97ea-40da-955f-c2a2421e0d20,Student,10% Cashback,1
60587aaf-f818-4800-836f-af64ea113a7e,Enterprise,None,1
33f04229-8a05-4495-89b0-930fc5dbb78f,Professional,5% Discount,1
8d04b2d4-8fcf-4530-a53c-268a1419c081,Enterprise,5% Discount,1
1ba83814-2037-4547-b148-e029899dadfe,Student,None,0
68355d71-917a-4bc9-b395-68be59b89ee9,Enterprise,None,1
f8ee7164-bc09-4601-98cc-ab69f94f576c,Professional,None,1
ef102ea7-d326-437d-a2e6-dda870192aad,Student,None,0
3b287788-0d44-4669-bc87-db4d6f307c3f,Professional,10% Cashback,0
5dbfb495-ddcd-4362-a91a-94aee3630c82,Student,10% Cashback,1
135a2f5e-afa7-4f6c-b53f-3e4051d6f0cf,Student,None,0
1f0595a6-1b45-4cdc-8cf7-0d0d661d431c,Professional,10% Cashback,0
a35a3df9-35d0-4dcb-b1b1-67f7fe939888,Student,Free Shipping,0
1a007aa3-8d1b-41d7-8230-9c60b60664f9,Student,10% Cashback,1
bb0090cb-c3c8-4b73-ab17-e41bc7ac54f4,Student,None,0
1fe50cc4-33da-4c8e-a48d-c477d163622b,Student,10% Cashback,0
0d82f85d-92c4-42b2-a262-b395eddcb3aa,Professional,10% Cashback,0
919b62ad-3af3-4c4b-87e8-9d2336231113,Enterprise,5% Discount,1
a3eb4ac1-aef4-49db-9434-23accf05e7e0,Professional,None,1
1c835e41-d664-471e-8a8c-7d2724889f40,Professional,None,0
5031c1e1-eedb-476a-90fd-7e4a5260ca02,Student,10% Cashback,1
61c2dfaf-9331-482a-844f-ca86761f1aaf,Student,10% Cashback,0
c1256a60-7fb4-4ec4-8fe9-7a383893dc0c,Student,10% Cashback,0
2328c110-fa41-4b0c-968c-299bbe575d30,Enterprise,None,1
81b7ab8d-4bfc-49f6-b3b5-74368fb19b56,Student,10% Cashback,1
cd9b744d-4811-4a6a-8831-3d7f0daf24c6,Professional,None,1
4883da6c-e672-4af0-a77a-b3f6b346b2fe,Student,None,0
d1c848f6-147a-40b4-8854-dc8ae0a7ee54,Professional,10% Cashback,0
ee013755-4070-4f89-b0e7-7a71f42ac819,Professional,None,1
01b887d2-56e1-4f02-94d0-c5a93272b1a7,Student,None,0
50362d0e-6884-456c-b2d7-ac22b3a58aa3,Student,10% Cashback,1
a0c234dc-9d92-47ca-900f-810e6fc10c23,Student,10% Cashback,1
f9dcbb61-2edc-4b3a-b683-f9d8877e87e6,Professional,None,1
8349e7c6-1ff9-4f9e-8ea4-2614288f024f,Student,10% Cashback,1
274f205f-3e51-4f55-b29d-34d69c3097ca,Professional,None,1
df7e6eaa-046a-4960-8660-1ee36654a14b,Enterprise,None,0
fe6a872b-bf8f-4201-9bcc-1c7e4146903e,Professional,None,1
92720ded-3313-4e6a-aa4e-1a717c2d33e0,Professional,None,1
a9c99981-323e-4b52-8144-af1c7c83c1bb,Professional,Free Shipping,1
ce662b74-3ee8-42b7-bd8a-32144009260d,Student,None,1
cbc66b3c-8379-4646-9ae2-db31a8823579,Professional,5% Discount,1
fbbbca15-f0be-4c6d-b856-6527e928a1a9,Enterprise,5% Discount,1
0fc7b758-8dfa-416c-996b-5dbfaf9f4bce,Professional,Free Shipping,1
3826fa96-0b3d-40ae-914f-84337558e939,Student,None,0
5d5be13c-5e20-4718-9a16-6040e9a11db8,Professional,5% Discount,1
c27b32e5-e943-420e-8aa3-8946070a81a1,Professional,Free Shipping,1
0263ff21-588f-43f9-876f-966953a7b738,Professional,None,1
539f3bc9-9104-488a-80f8-e9be0547ef9f,Enterprise,None,1
a17098e2-27a3-4094-b068-2b7808dc2872,Student,None,0
6fe1f88f-34f1-4d15-80b9-c978d335a31e,Student,10% Cashback,1
f4afe272-a4c4-4bf3-86aa-5a0a4be6a877,Professional,10% Cashback,0
530b1e0d-c315-440e-9107-6c28ab8209be,Student,None,0
029ab4f7-3b8c-4302-99c1-7b4796e15da8,Professional,5% Discount,0
916bb43a-cdd3-4792-9454-d3d30e160302,Professional,None,0
dca8d50d-7df8-4a57-afd6-567202648fa1,Student,5% Discount,0
59c0edb8-d96c-4b69-9312-b31019bbecfb,Student,None,0
d818b4fa-972a-4fd4-86f8-e10117242cad,Student,10% Cashback,1
44f23dfc-9b36-4e5d-8cca-5b725cf5a9b0,Professional,None,1
b61c7880-065f-4600-a098-13c368738a91,Professional,None,1
b041e6d1-0b7a-44e0-ad01-00555aedce6e,Professional,10% Cashback,0
686a7586-5f7b-41c2-a24e-4ab9ca8be19c,Professional,None,1
0e8eb8db-383a-4d19-b58c-e4cb6514ee1e,Professional,10% Cashback,1
2270895c-d03f-4003-b70b-05abf0c34c1c,Student,Free Shipping,0
034f3570-7a0c-4916-8354-7929d1db7667,Student,None,0
c2fc4b65-aa0e-4bba-9fa7-b3a082ec5f95,Professional,5% Discount,1
9af9bdec-a57c-4071-8ce2-ef12e06042de,Professional,None,0
e6cf955d-e341-4046-9c1d-f2eca9b03fc3,Professional,None,0
560621cf-9254-4834-9f51-c9573dae9929,Student,None,1
756ea5f7-aee6-4a0d-975f-f20b43ffdc08,Student,Free Shipping,0
2d755575-455e-42c9-b0c8-fd77716b6dda,Professional,None,0
ad6d3972-bc60-4d5a-99e5-60e4298651e8,Professional,5% Discount,0
8b6b2186-8f24-4e94-ae44-d3091450995d,Student,Free Shipping,1
5707e243-3b45-43de-871f-b4b1dc15e295,Professional,None,1
7154786f-5a51-4be9-bc15-e9a059ad2177,Professional,10% Cashback,0
1680b531-5a7c-4e58-bc13-e48d44fdce36,Student,5% Discount,0
18b6cba5-43e1-4075-9999-e126729d260a,Student,None,0
314432f6-cd84-4c2c-be04-dba0006a8e8f,Professional,None,0
0f2ea4e4-3678-4241-82a0-d437eca20c54,Professional,None,0
e225d2da-fe25-44d1-9638-93b455b7a9de,Student,5% Discount,0
9b797cf5-47e8-46ee-aaf8-85ed4a76a738,Student,5% Discount,0
e7500ea0-8fc5-461e-90e9-fae8f09d596b,Student,None,0
fad8eb3a-fa41-49a0-915e-b6a75d347872,Professional,None,1
5bda313a-74f7-46ae-b632-233f46c689a5,Professional,Free Shipping,0
6ed835b6-b5e5-485c-8968-3c19802f70e7,Professional,None,1
76b2ed42-7a88-4c44-90f0-2c12214a27d6,Student,10% Cashback,1
fe21bcb0-ca33-4a63-91f7-41b67a045b8e,Enterprise,None,1
446e4f22-8499-4c34-8cb7-2c6e0a933baf,Enterprise,5% Discount,1
25a35762-cee4-471d-91e6-c6d01d179cf1,Student,Free Shipping,1
b12a46f3-7c21-4ee3-a8e0-0c9f4aa9e45b,Professional,None,0
94d7a1cf-1d95-4602-8ac1-744d5099026f,Professional,None,0
1b6310dc-56ea-4a1c-a1ee-c5caf90dad0f,Student,None,0
55fc5194-81dd-49b9-a71d-7bd1b109a4d4,Professional,None,0
4e9281ca-4d43-4ea0-b1e8-ccd28dbe7121,Professional,None,1
aa10957c-3cfb-417c-8e71-581ce02692fc,Professional,10% Cashback,1
ea338f96-191d-4157-aa17-b298741a1505,Professional,None,1
bac953f0-1a77-4dde-8f8c-14e5e06b5abf,Professional,None,1
3d5fbbb2-3a64-4f75-a58b-8ec897eb5d32,Professional,5% Discount,1
d8c6d97b-32d3-4100-8025-6133d3e30dd3,Student,10% Cashback,0
dcc3e200-d74b-42ff-bd46-3fad047d0992,Professional,None,1
12e90beb-e7b8-48f1-801c-a6eefd50cfc3,Student,10% Cashback,1
2e325272-0702-498f-a881-3d03ed518f38,Professional,5% Discount,1
56c6b11d-3144-4051-b7a9-fd67baf459ec,Professional,10% Cashback,1
e94b1d37-acf7-4528-8313-1b58593b0b30,Enterprise,None,0
27d5e512-160a-4372-92c5-06146349b859,Student,None,1
a639bd0c-d359-49ee-97d4-03cfcb3973aa,Professional,5% Discount,1
8dc644ec-255c-41c4-981b-1683853e53ae,Student,5% Discount,1
acc04652-87e1-483c-93e9-e6a9a44959ef,Professional,10% Cashback,0
6bcc625f-153c-4bd3-9d54-92d74afa0637,Professional,None,1
1bc12bc7-47d6-4aab-ac7b-9831472426c5,Student,10% Cashback,1
ecbbe4ae-ecae-42c2-bd05-7da30475f5f4,Professional,5% Discount,1
7896ccda-059a-44b5-94e8-125788dbc8b3,Student,None,0
f0f96288-0bd2-4bb7-8c04-4ddb14a9747c,Professional,None,0
a66be8ff-7026-4e48-a7a7-69dd3d0efa16,Professional,10% Cashback,1
c0a841a1-ba51-4b5c-96b0-ff620d24b052,Student,5% Discount,0
a90dbcfd-a2ef-4a7c-b099-afbb90996318,Professional,None,1
034cf332-7124-4926-b462-4e95af9f232f,Professional,10% Cashback,1
730a07d0-c190-427f-ab5c-f8fcec11d939,Professional,10% Cashback,1
b6086e95-8152-4813-9025-ce3ade5c0b2f,Student,10% Cashback,1
429d2678-bebd-4e72-9640-465321033d14,Professional,10% Cashback,0
22d76f84-92f0-48f0-9710-7fc5f9a97e84,Professional,10% Cashback,0
375ad01b-caa1-4640-aa80-5aa5bff9e213,Professional,None,1
ced7330a-b4dc-4103-b6c4-f382462c7185,Professional,None,1
dd4e220b-746f-4d57-b3a6-99b38ee64fea,Professional,10% Cashback,1
bf75ced5-d02a-4e11-afa3-e6fef1c64518,Professional,None,1
b798ef37-a050-44c7-8ac4-cd2b1fad4e0b,Student,10% Cashback,0
78ea76b2-2c5a-4247-a670-1ab3505993f7,Student,10% Cashback,0
3646ae42-9b0c-460e-a000-dd60f49825e0,Student,None,0
52250d2b-a7da-40af-82df-bea80511bec9,Student,10% Cashback,1
9fff184f-747a-442d-9774-28b993a8b54b,Professional,10% Cashback,0
47b205b7-66eb-4083-bf7b-d63d2ea4f47b,Professional,None,1
90384153-e692-4285-af15-04fae3e04db9,Professional,None,0
64565795-39dc-4b3c-b225-486795349524,Professional,Free Shipping,1
bfe22018-ca92-404e-bdc8-49fd4bfc051d,Enterprise,None,1
46eab5e2-a413-4e15-96a3-4eadc51300d7,Student,10% Cashback,1
c713b535-76cb-423c-b431-7ef4d3c9b658,Student,None,0
6107946d-9951-4ab7-bdd6-eed42229fcc8,Student,None,0
6c9cefc5-0853-40cf-a36f-c6e3a07e74f3,Student,None,0
71c53c62-306b-4028-af3c-9f549f739439,Professional,5% Discount,0
795daaa4-5a28-4251-a988-ce577a039e91,Student,None,0
b80f1fd8-bc5b-4e4a-8c1f-21091a0fe736,Professional,None,1
0549f8fb-369b-4740-a93e-5f2b7984aedb,Professional,10% Cashback,0
7074256c-08d1-4d66-81e6-9dd97cf301fa,Student,None,0
afa353b1-c223-4b1b-bca8-0893a51c397e,Professional,None,1
d5256c7a-8321-4ad6-8ef2-4aeddbaf5f65,Professional,None,0
5651c158-dd23-46a2-a0cf-55039b03187f,Enterprise,None,0
79899727-dea0-4ed5-9994-de858f5b0f63,Professional,10% Cashback,0
a6265801-6650-4171-bc26-7783e45a6d13,Student,None,0
04019b0f-180e-434d-bda3-342625c7cb19,Professional,None,0
bac7148d-a49a-4fe0-9f18-9939103357c8,Professional,5% Discount,1
134ff391-ab28-4c13-894e-e73fbb50ccca,Student,5% Discount,0
4bdc070c-09fb-4aa8-accb-cceb4c41727b,Professional,5% Discount,1
cd73bccd-33f4-410b-98c8-a8f07a46cf24,Student,5% Discount,0
32d442a1-44d1-4808-8a2a-1184ea468207,Professional,10% Cashback,1
74c3e9a1-4908-4d83-8aeb-6a4b64e83694,Professional,10% Cashback,1
62153ce8-90fb-431f-8ef3-e62f53c329e0,Professional,10% Cashback,0
a287203a-6a37-46b5-94db-e3e2cdc30a8f,Student,5% Discount,0
fb461e1e-dbf5-43b0-ac4c-b728c59e5149,Professional,10% Cashback,1
4fd72192-59ee-4ff8-9327-13f2ea520478,Student,None,0
4888f3fe-85e2-450f-9676-7d35793be06c,Professional,5% Discount,1
4cc71315-e820-4c1b-8051-45ddb440c7d0,Student,5% Discount,0
b379811c-c22b-4f47-904b-47cb33e78cca,Professional,5% Discount,1
5d36a881-b064-43d1-89aa-bf4b9195d694,Professional,None,0
ebe234c3-9499-4b30-a44c-79ea287bc481,Student,None,0
e01e9f62-148a-4acf-9ad6-48f010a5f42a,Professional,None,0
509817af-fec7-4280-9d2b-07c55b296910,Student,10% Cashback,0
6017e22c-5daf-410d-987a-3aa4ffc76e65,Student,None,0
d4953e8c-be9f-4b9b-b9af-aa9f2fc636a2,Student,None,0
13c500f9-2684-41a0-887e-bef99ce9f138,Professional,None,1
948dd77d-ea66-433c-a316-e6d5fcb10499,Professional,None,0
d2c1ec80-6df2-4300-a56e-110c9aa63c77,Enterprise,10% Cashback,1
0d43390a-ab0b-4ab6-9b25-fee594775cf9,Student,5% Discount,0
15ebf625-f2df-4edd-9a39-66a02714fe18,Professional,None,0
07d61e74-9a11-4341-824e-47bc5bbe25aa,Professional,10% Cashback,0
5bdbd647-0595-448a-9dce-9d6e32760e9b,Professional,None,1
785a442d-ce47-4d47-8c13-136cb1f69b84,Professional,None,0
e06c0544-9768-441b-9379-6c13c10881d0,Professional,10% Cashback,1
bc4c404f-e231-4f9f-8e1a-784b32b6539b,Student,10% Cashback,0
d7b2f824-eec4-42c0-9d2e-d4717a12aa73,Professional,5% Discount,1
1eddd84d-4810-4a05-a640-70800c4174e1,Student,None,0
c34ce9c8-243b-43f9-bcce-35e9416dae59,Student,5% Discount,0
de774148-086f-45e4-a999-8022bbb5e37f,Professional,None,1
e9b452cd-4870-4da5-9364-21c1f94fcc8a,Professional,None,0
60404945-dde7-4adc-8e10-137d93baf8b6,Professional,None,1
a7646f0f-701b-4440-942c-6f6236418323,Student,5% Discount,1
757e6824-7c13-4774-9d84-f3cf8592aa60,Enterprise,None,1
09b06866-e617-42ff-b283-de74113b5770,Professional,None,1
35fa2fda-06f2-4fa7-9d4f-dc99af1a03e3,Professional,10% Cashback,1
0b855f62-c154-42a1-ae46-320e7009819e,Enterprise,None,1
307785ed-ad65-4194-a539-e609f820feed,Enterprise,None,1
62494631-50ba-407f-9da3-15ca5cd53f80,Professional,None,1
cee22b38-e3d5-4c36-984f-1a54f93a50af,Professional,None,0
21c72da9-ec0b-40f0-8f61-17801c9c5b79,Professional,10% Cashback,0
901ed861-5f24-4e10-8fd3-c9a53d0709bb,Professional,10% Cashback,1
5a650988-1066-4844-8157-4cc3d1c03bb5,Student,None,1
ede0643f-d233-43c7-8f88-9eb91f5b86dc,Professional,None,1
f2d8df08-941f-4aa7-83a8-eb7246ed69a9,Student,5% Discount,0
869a053f-89f8-47d0-819b-bc54a7f42161,Professional,10% Cashback,0
fc9ca47d-1266-4009-9efb-4d64700936f5,Student,10% Cashback,1
76dd0ccb-2ce1-40f8-b22a-5f0b4f3d1100,Student,None,0
4a44ab27-36e1-40fe-9eb6-eff5caec35c1,Student,None,0
8a012335-18ea-487a-9182-cfef5fbccc50,Student,Free Shipping,0
54e45668-3416-4a16-80ee-b0448bc269f4,Professional,10% Cashback,1
65055356-89ad-4603-a0f1-9f725553c600,Enterprise,None,1
633a2fdf-9b15-40bf-8936-6440a3236bf4,Student,None,0
d68e8df2-59b4-4cbb-ac88-6551f401b9cb,Student,None,0
cd44f6dc-9071-4c88-8653-ecf40872ea35,Student,None,0
b478b5eb-9d6b-4463-bcc2-14b75e8a0694,Professional,Free Shipping,0
07e96a9d-11ed-4548-9287-b48d5af4dc62,Professional,5% Discount,1
488b350e-a121-462c-acf2-8cdfc3d83f3a,Professional,None,0
91a8169f-c723-40de-8a42-42c42721ab38,Professional,None,1
1379e85b-76c1-4312-afb2-c995207e563d,Enterprise,5% Discount,1
0dc3d451-2e18-48b0-a473-ce91eb8d3749,Student,None,0
cd64af56-87d3-47ed-8d9a-d81a28735a5f,Student,10% Cashback,0
ed0c3cce-0211-4251-b417-7d83b17e4fd7,Student,10% Cashback,0
e5de5ae1-d355-4c54-9df3-8c5889f8aef5,Student,10% Cashback,0
55517131-2bf5-4d45-929f-697f42966d96,Student,10% Cashback,0
93a0616d-eb5f-44f8-a2eb-e58dcf7c591b,Professional,10% Cashback,1
af0f931c-11bf-4feb-98cd-c4525a7f9f2c,Student,Free Shipping,1
fcebd6bd-3353-4e94-b8df-7bca25c7767b,Professional,None,1
ceaf2fdc-7a81-4cec-9145-1eaec4cbfff2,Professional,5% Discount,0
92b6c8ea-0c37-44db-ba44-cb05787c2250,Professional,None,1
295983b0-47d7-422a-9b72-e82225a3daba,Professional,None,0
afbc269e-8a34-48f5-8b65-e15f16863d9c,Student,None,1
8572e531-aec6-48d9-80c7-a25ae298d8f6,Professional,10% Cashback,1
7880277e-5e24-41ab-af7a-365f4144083e,Professional,None,1
61cb4692-33c0-4084-9e80-f897afc183f5,Professional,5% Discount,1
db09660b-d14b-4cdb-a3bb-09955da7ee0d,Professional,10% Cashback,0
82bfac39-c815-4355-a85e-2c7a76a59277,Student,None,0
6bc11ee9-ead6-4dc0-bf77-7e5ce1607796,Professional,10% Cashback,1
dc7a2620-acda-45b8-886f-98e304f96694,Professional,5% Discount,1
adbc1042-45f8-4d12-ac73-a83b403fa79c,Professional,10% Cashback,0
3471fd79-f1c6-43ab-933b-e727f2ab6cc6,Professional,None,1
6520d728-279f-43b3-b7fe-db08ff0c5757,Professional,5% Discount,0
226e3421-7213-40d8-944b-aa3c32258b5f,Professional,10% Cashback,1
b45323dd-3fa9-48c4-9e76-60d8c2efef52,Professional,None,1
a51972bd-a759-4bc0-8c85-f26ccec82a4c,Professional,None,1
149ef6eb-f4dd-4915-b19a-08404c43fc80,Student,None,1
196813b7-656e-4329-91c0-f06948d1a77d,Student,5% Discount,0
d743b33d-2d13-44ae-8f5d-dc17e625678c,Student,None,0
c34e2b06-8e74-4b8c-89b3-563b47f150ab,Professional,None,1
fa3f0804-57be-4ef3-8c94-38d8a8e50ccb,Student,5% Discount,1
9f8c8930-b1da-4137-8dfa-ab8342b88f2e,Enterprise,None,1
a79b88f0-bf9a-4c3e-aef9-3572a60192da,Professional,Free Shipping,1
c533166c-7279-483a-a374-5b891c5f1e40,Student,None,0
d38b6fd4-762c-4dd5-93fa-8c379a1cb970,Student,10% Cashback,0
a08d209f-3b2f-4812-bf90-127892256116,Professional,None,1
3d49718d-b64c-4cf2-8eb8-6ed700090e5f,Student,Free Shipping,0
a6cc8a40-4e69-4296-b09f-f1770fa66708,Student,10% Cashback,0
a2de1484-3058-4b6e-8dc9-55f1c17cf1bc,Student,Free Shipping,0
c90962e0-665a-4e10-a713-fedafdcdd121,Student,10% Cashback,1
c9494b2a-a711-474e-87ec-56c75ad4dff0,Enterprise,None,1
5b574639-a0b5-4df3-b68e-7e78b37e5190,Student,None,0
046b52f1-1cc7-4a92-86e8-7f0be5fe235b,Professional,None,1
0cd54a16-1094-4c90-bc0a-3350a402f32e,Professional,10% Cashback,1
c9dbc576-f4de-4153-9c62-16925322e1ab,Student,Free Shipping,0
9c23e8aa-fd7c-4db5-96ee-c6262aad471d,Professional,None,1
4733246e-8543-4bc8-b68c-00e1134fbcf1,Enterprise,10% Cashback,1
21de23a2-db76-4999-9dbb-d4be4aaea1c7,Professional,Free Shipping,0
33c370f9-a534-4122-a196-cabdb399d83f,Professional,None,1
d81c56de-11ce-466a-b45a-a07cf5bb5692,Enterprise,5% Discount,1
347dd7a6-270a-487c-8d03-6009b4076219,Professional,None,0
65f921fd-5efe-433a-bedb-ec597acd9f7e,Student,10% Cashback,0
c45ca234-7f24-4b69-ae5a-e03acbcf4de4,Professional,None,1
7ce2288f-940a-45b7-9e38-d04033f6763f,Professional,None,0
6a656925-24ad-4a72-bbed-a0cd1f182d6e,Professional,None,0
47521f75-6491-4f9e-aab7-e7a69973a37b,Student,Free Shipping,1
355b4c7e-12e5-47ff-91b1-6ea471c38042,Student,5% Discount,0
