customer_id,segment,intervention,converted
7b1d57c9-d796-43fa-bfd8-f36b9b62f0a8,Student,10% Cashback,0
ed6eaca3-4247-4402-a0b7-3a7a41642a63,Student,None,0
0cf659da-92dd-4ce9-a30b-8f73bdffafa3,Professional,10% Cashback,0
ac98f859-bb08-4802-9205-90da828cd1ba,Professional,10% Cashback,1
c8206f5a-d39b-4291-b6a9-e639ae08107d,Student,None,0
7358d328-2c00-44f1-92f2-10392d7cacb5,Student,None,0
d061eb07-1e5d-4f37-90f8-3aa41688743c,Professional,10% Cashback,1
0f1db334-4a3f-4153-88a6-97d0e98be618,Student,10% Cashback,0
abb8344e-6dfd-4583-982c-cad9717973ac,Professional,10% Cashback,0
d2eeae9d-b12c-40c2-8594-e9526672ad6b,Student,None,0
eb6ef2b6-495f-4c3e-8d88-8a8b9a2c3348,Professional,None,0
169d7e63-7e21-4a8e-a578-8c79afba26e7,Professional,10% Cashback,1
fcf5b584-7758-4427-acd6-ed90f697a5ee,Student,None,0
7ef04099-d4ed-4d9b-8ffe-dac591bc6c90,Student,None,0
e32f43de-dd24-4c26-b966-bcdafef59f54,Student,None,0
16c66cf6-e256-4d85-ae51-89a945b1fe7e,Student,10% Cashback,0
ac69927d-7c72-48e9-95b1-c5882c565ee8,Student,10% Cashback,0
c89362ae-13d2-44e1-8a30-e1a602f9f004,Professional,10% Cashback,1
803792d1-b7ac-422d-ac51-6ca375044c2c,Professional,10% Cashback,1
39c388bb-451e-44fb-8226-8aab9aa7771a,Student,None,0
aa723e24-8c4d-41a2-8b52-da98e4bd45ad,Student,None,0
0a54c086-efe2-4c0d-8bb0-8c6f32aa65fd,Enterprise,None,1
ad383f2e-3a01-4d0b-b61f-a8f0a794d37a,Student,10% Cashback,0
b1d4cbfd-a093-4a57-818c-fdace74749dd,Student,10% Cashback,0
d4556549-ef28-45e8-a738-5b12c647daf4,Student,10% Cashback,0
5da22564-e911-4420-8d53-a4b108c2ab7b,Student,None,0
b19bf465-a3ce-4ca5-968b-df43bec0f869,Student,None,0
4e5f0cb8-d54b-4210-bf17-40869bc7d934,Professional,10% Cashback,0
54318881-57e5-4cc5-800e-75289fc933c6,Professional,10% Cashback,1
e8d06a78-795d-4f04-ad82-eb89e20a2d1b,Professional,None,1
c60e14c6-7b0d-4b72-a7e5-49ad3bf7a1da,Student,None,0
eab7cf9b-f01e-4de3-a71b-26c7e5043804,Professional,None,1
29f50ada-0c4b-487a-b2c5-6b6455a8de1f,Professional,10% Cashback,1
023d0e52-ce66-4b5b-9c26-3c2dc98919ec,Professional,10% Cashback,1
bc98304b-7111-4af4-b612-fe41d57b2167,Student,10% Cashback,1
1ff1c633-b23f-49b8-ad2f-692b8ba49c80,Professional,None,1
93111e2d-df73-43a4-ae1a-c552fdcfccca,Student,None,0
2ee7a075-a2bd-450e-aea9-15ad8d025c4c,Professional,10% Cashback,0
2c1ac222-c170-4dc7-8d71-5c9891115ccc,Professional,10% Cashback,0
13706cf8-84b6-480d-95e1-8ea9df3ebcb0,Student,10% Cashback,0
a31637cb-6e5f-4ac8-9488-42b300f66ca4,Student,10% Cashback,0
2e9c0368-1f74-4083-8f7c-cdcef9695549,Student,None,0
4281d028-018f-42da-91db-553faec3b3bc,Professional,None,0
f38826a7-96ee-4994-8baa-336b7b358ce2,Student,None,0
2118d438-97bd-4a83-81bf-f5a42a160087,Professional,None,1
de86480b-8ebc-44be-b485-5db430659a74,Professional,None,0
e7828ace-c83f-4d0f-8c3b-7d17939050b7,Professional,10% Cashback,0
de7e821d-5f06-432a-9844-9c215ca964c9,Professional,None,1
21ab084d-ad10-4644-9452-4f7dc0936a71,Professional,10% Cashback,1
afca5b87-a214-487c-9b7d-bdea731c8f1c,Professional,None,0
8517d9a0-a982-470c-b0b6-d75fb1c7cdd5,Student,None,0
82105b45-4f2b-4ee7-9c25-5544c3b3dc03,Student,10% Cashback,1
6becee8c-d8b8-4afd-b715-ef515e0fa49e,Professional,10% Cashback,1
099807d7-2a33-4650-982b-44d882cdcc20,Professional,10% Cashback,0
f50a4935-1019-49c5-a2f2-edb1971e4760,Student,10% Cashback,1
47a718b1-1c82-4e54-90e9-c933cfb336cb,Professional,10% Cashback,0
ceb4b450-61aa-4a85-8776-dc4dc05beb80,Student,None,0
8b9478aa-9ca7-48e8-88fe-49012a1a10ee,Student,10% Cashback,0
a7d4fca9-ece6-4314-847b-22445d0797eb,Professional,None,0
9f9385f4-6ff2-410e-b561-4b0034364d96,Professional,None,1
a21672f4-18c0-4e35-8e7a-16ceb0fca5ad,Student,None,0
009b88f7-6e5e-4faf-a5a3-d0806f162de9,Professional,None,1
8b7006bf-3cef-4462-a4f2-94564e3bba15,Professional,10% Cashback,0
9b14170a-5a91-4129-81a9-7c54043eee4e,Professional,None,1
f461a1ae-143e-414e-b650-4d0ac535fd44,Student,None,0
67ba2718-ad19-4fa6-954f-6df879da3b5e,Student,10% Cashback,0
7210d7a5-ddf1-4c7e-bbea-136a8fda80ae,Professional,10% Cashback,1
ff2aad19-b00a-4836-970d-052af29e8fc7,Enterprise,None,1
16f1fbfe-db44-45e5-909d-68ddc58186bf,Student,None,0
fab84440-2dbe-4856-a10f-a0c6a97ce16d,Professional,None,1
d41a8fd2-fedd-4317-bcd3-ce5a91c17115,Student,10% Cashback,1
dc8ac975-bc13-49b3-9122-d6cd8c75fd7a,Professional,10% Cashback,0
8cf2e869-ecc1-4286-822c-0de7fd237b2f,Professional,None,0
ab81af35-d6e0-41e1-8dde-8b825c2499c4,Student,10% Cashback,0
03d26580-e298-49b4-b1f2-69285f1ec8ef,Student,None,1
cd3ba15f-cb96-46f0-a199-031b8152ccfd,Professional,10% Cashback,0
cfb45912-fa49-4322-81ef-7d276b0ee92d,Student,None,1
8a34e0ae-0eb0-4d71-b1b0-b6efa06aa3b2,Student,10% Cashback,0
6675f80a-e744-4921-b485-50334aaa37f5,Professional,10% Cashback,1
a86a68fd-ec22-4503-ab5a-6aa6a2f1bd09,Student,None,0
9ec25c97-4c3a-4517-8012-620692dfb10f,Student,None,1
2e3bf5a6-f9bb-45f8-a57f-b3e048e53f7d,Student,10% Cashback,1
ca296cb3-d2a3-45a7-a760-7af913a9ae27,Professional,10% Cashback,1
4bf663f5-d1bd-4f4c-912f-ca56dfe8257e,Student,10% Cashback,0
7d0659ba-b397-44af-9337-5219daaf7fe7,Student,10% Cashback,0
7ea7bbbb-fcb3-4fa8-9014-d7295994135d,Professional,None,1
e1a447ec-9c02-4002-b685-e3b9691aefb6,Student,10% Cashback,1
e22e298d-e379-4cca-a407-08d71cdf5684,Student,10% Cashback,0
ec5c3fce-ab11-447a-8951-5e3bb548a823,Professional,None,1
dcf9be97-a515-4c0c-b689-f24fa8f95ce8,Student,None,0
4ff103f5-2320-4fab-9eaa-fbe9a54080f0,Enterprise,None,0
bf66853f-335f-449e-a65b-4287fa94c226,Student,10% Cashback,0
57884c18-dec8-442f-8652-f06b194aa2f9,Professional,10% Cashback,1
09d345f8-743b-4104-9562-401b31447556,Student,10% Cashback,0
68dc0807-420b-40c9-8c6b-6a7d00e96203,Student,None,0
10ba733c-d5bf-462f-8063-3278b3a99232,Student,None,0
4bd7cf88-315a-4d1d-b1ea-60c9e081e9df,Professional,None,0
37587b91-10c2-4a07-bfd5-5ca929aab6d8,Professional,None,1
93f0a169-ada9-4f26-9429-8a5be7f56bae,Student,None,0
073fe4d8-6f7d-4c7b-82d1-25c4d318c07b,Professional,10% Cashback,1
30177099-188e-4980-804c-0c0f755ff68e,Student,None,0
9685d184-a0ef-42ac-aede-280577cd63fc,Professional,None,0
39207e59-dc2a-49d1-9298-7c3a82eeefba,Professional,10% Cashback,1
31f29ace-c683-453d-a697-3c6be2f78781,Professional,10% Cashback,1
f319f385-59e5-43c9-b274-0c454893f711,Student,10% Cashback,1
1bea63b1-fad0-4f6b-849c-24b35a678c09,Student,10% Cashback,1
0c899bc2-4fa2-4928-96f9-08efd40fb632,Professional,10% Cashback,1
823b7d93-d741-49ed-89dc-1117d3b5aa9f,Student,10% Cashback,1
07886287-67b7-4f3b-b370-8c7d9b32a0b6,Professional,None,1
6a20f47b-732c-4032-b99b-4360a8d28099,Student,10% Cashback,0
57e81edf-5dea-48a1-857c-b86725a82af8,Student,None,0
6a111f27-f7b7-4e72-99af-e489a461191a,Professional,None,1
e036e37f-aa28-469b-8398-9eb0283f11b1,Student,None,0
81d79d9d-1986-483f-a001-87e2bf3af470,Enterprise,10% Cashback,1
c69b6808-6608-4eb3-87fa-ccd87d31f2c3,Professional,10% Cashback,0
30bcd49a-01db-44fc-a59b-96f22934cc65,Student,10% Cashback,0
ea568faf-d952-476f-82b6-4314682c4c44,Professional,10% Cashback,1
430da454-46e5-42bb-b84b-e7c86b0ceebe,Professional,None,1
333cc3a8-d912-46c9-8294-79be86bb6825,Professional,None,0
8f7eaf9b-2dac-47f9-84e1-c232d7a47cf1,Student,None,0
7f64d41d-67ac-43e4-acde-52ce0e00a005,Professional,None,0
fc8aa039-1123-4808-80fb-22b4ddd27637,Student,10% Cashback,0
29ba24bd-9dda-4fab-8b3f-e995036f7ce8,Enterprise,None,1
66cfc299-0a76-437c-bcf7-cc9bafac06e0,Professional,None,0
fb904032-1d2b-4f6e-843b-a6e15ab9bc76,Professional,None,0
de526daa-c299-4498-a8b1-426e91aeebe4,Student,None,0
60203924-aa80-45b3-b706-3ff2d0e04554,Student,10% Cashback,0
27d71033-607f-4493-9763-d06b66356d13,Student,10% Cashback,0
eab59f61-c61a-4544-b0fd-6048a52f3704,Professional,10% Cashback,1
402f0b42-baef-4fd6-971c-933560d6c791,Professional,10% Cashback,1
18a669b6-f433-46a2-b85b-1c5e3b78f976,Student,None,0
4f08a3e6-87bf-44af-b1ee-c18ec58d0bdb,Enterprise,10% Cashback,0
22a731d6-fe68-466f-a17a-72a1a5736a2e,Professional,None,1
18311e9a-b2c8-49a1-a43e-50f59920626b,Professional,10% Cashback,0
0311e19b-5075-4f36-a9ca-d105b3e38f82,Professional,None,0
79ab42f1-0382-4423-8382-7029777bcf25,Professional,None,1
f160d676-4b77-49fb-b4dd-0464992e6f45,Professional,10% Cashback,0
f2c3e52a-ab08-46d9-89d7-5f895cf1b1d7,Student,None,0
f2f31dc1-1de5-4ea6-ab91-4176262ec18d,Student,None,1
e45684b4-cc89-46e9-9cf8-fcd3b9bd6275,Enterprise,None,1
0665706c-7c13-4416-aec0-0ef9fd3f21fd,Enterprise,None,1
8a565d15-c505-45ec-936c-922b442d64cd,Professional,10% Cashback,0
c33165fa-89f4-484a-b2fd-8ed1638e030f,Enterprise,None,1
9ab84096-7966-4a82-bee3-8d6dfe01528b,Enterprise,10% Cashback,1
1e9b5156-c618-47b7-8f93-d2d4697b4b98,Enterprise,10% Cashback,1
762c68e4-8d52-4af3-9f9e-33fdb24efe45,Student,None,0
e93e7eb0-02bd-477e-9e17-afbb0124720f,Student,None,0
838ae3e4-dfbc-4510-9a00-da9d7d479040,Student,10% Cashback,0
dc948bcc-6db4-4814-9bb7-75fe5b8d55d8,Professional,10% Cashback,1
deff5989-301b-46e4-816f-16de59ffd2e2,Professional,10% Cashback,1
afda6a72-8a32-4028-a7b1-30e01df66b36,Student,10% Cashback,1
4ef7b203-6efa-4403-8444-5ca706628abb,Student,10% Cashback,0
a495e80f-31a6-4e45-ae93-aa07c2ec3f48,Professional,None,1
c49e98e4-bfa3-4e28-abdc-c403e48c82e9,Professional,None,0
c2520e04-ac1a-4bb4-a38c-8b56b904e512,Professional,10% Cashback,1
b389d4a6-5867-4cc9-89e0-98d373e8dddc,Student,None,0
1f0d81ce-be84-408d-b379-d8d079b84206,Professional,10% Cashback,1
ed76b0e5-ebff-4c80-8ba4-7a9c0ab7e269,Professional,10% Cashback,1
4bb68c36-cdd2-4dd4-828d-6c41b80a0c91,Student,None,0
9259f9c0-af82-4867-8210-e223a6abc23d,Professional,None,1
fce82098-5930-4e25-8dde-4841d180d4cb,Professional,None,1
48f5e10d-11bd-4ffb-a62a-d33f3fc98c3e,Professional,None,1
ade04009-fc29-4516-a496-b0446dc02c02,Student,10% Cashback,0
e2d4d3d3-eba1-4bc2-a8f8-43f849e5a0b6,Professional,10% Cashback,1
b624e19b-63bf-45da-8605-6cbc5153dcc5,Student,10% Cashback,1
4412b719-489e-4057-9b35-984c3ca1fbad,Professional,None,1
0a71ea72-7821-4103-9b29-7cca448b1ee1,Professional,None,1
e8d56e47-e40a-40ae-ab4f-430aee6f11ca,Student,None,1
3f15cc25-782b-4c2a-94fa-b4ced62c7035,Student,10% Cashback,0
cfe29311-7693-4a6e-aa1d-44c9eb9b08a7,Student,10% Cashback,1
3a69e48f-7305-4a51-8e27-ab4983032ec0,Professional,10% Cashback,1
6a1f281b-6aca-4880-8eab-323e556ac095,Student,10% Cashback,1
ef540cb6-5341-4d38-abce-461f0f9fb172,Professional,10% Cashback,1
12e28b91-4e66-4fd2-8048-13cce39dbf8d,Professional,10% Cashback,1
8fb8bb8f-ff23-4888-aae9-ab42f3f4ea34,Professional,10% Cashback,0
183ef43a-5259-4eb6-a0a7-b90409ad677d,Student,10% Cashback,1
4c0aebc3-3eac-4c1b-ba32-769ad5cb3810,Enterprise,10% Cashback,1
00cab577-fdd1-41da-a493-b769294dfd37,Professional,10% Cashback,0
cc2ffd52-bd0c-42c1-a37c-44b5bcb5431e,Professional,None,1
3b31e28c-58c6-4b7e-9cf7-bd7f11f6b354,Professional,None,0
064bae3f-0a6d-45e6-93e4-b3b55aa3070f,Student,10% Cashback,0
7a5399ba-0d49-4eab-97d7-15700aecdce5,Student,10% Cashback,0
1293679e-138b-4b75-839a-76298eabd34f,Professional,10% Cashback,1
7f78c4bf-3619-4194-a365-18991a598beb,Student,10% Cashback,1
aa8346d9-91f2-4d08-a43d-2209634a8b08,Professional,10% Cashback,1
8bd9a473-1273-49d2-b80f-985ce8ce557f,Professional,None,1
34f014b1-8027-499b-a254-08a44024584c,Student,None,0
7bd06f84-3765-44b5-a49f-a45388c6ef2c,Student,10% Cashback,1
d50f19b0-b43b-400e-a411-e61978d346d2,Professional,None,1
1758f671-1371-4942-93b8-576ca6ae7473,Professional,None,1
97730d7f-5b15-4b39-9801-98c831e7d204,Professional,10% Cashback,0
65b7c80a-4655-4661-b159-d67b25b77958,Professional,10% Cashback,1
270efb9f-4d30-4e8d-aecb-b7d2c5a40d50,Student,10% Cashback,0
bd64d00c-e48f-442b-80ff-bf3063452b5a,Student,10% Cashback,0
35da3f2f-bbab-4138-b2c2-10ef356481cc,Professional,None,0
fa52c6cf-e4bf-42ef-bce4-f7456ed8636a,Student,None,0
9fa14833-4601-4b9a-884e-0bc5ee27070f,Professional,None,0
8ae3f51e-e0d9-40d7-9e5e-09772f0ffb85,Professional,None,1
9b0e3cbd-507a-45fb-bef2-6f66ea88138f,Student,10% Cashback,0
84fe17cf-b179-4261-bee1-5ee54a8f6bd0,Enterprise,None,1
ab5cdf09-8f5c-4de4-b214-09868e790ef8,Student,10% Cashback,0
63c146a1-1cee-4bb0-81fd-518d73d437c9,Student,None,0
75198f76-3bd3-4ea0-9ad1-2c8ae0da3bc3,Professional,10% Cashback,1
997deccb-8f39-4ece-a688-1be2f29f78d4,Professional,None,1
38669362-5494-420f-bfdf-67ad99dd795e,Professional,10% Cashback,1
894e7254-2277-4bcd-824d-3bde715ef0c4,Professional,None,0
7c9ba099-9e75-449a-abc9-83b2bba5c60b,Enterprise,None,1
475a3f11-bae6-4b98-aaf0-93c8fa5fc459,Professional,None,1
c823faf5-9116-44eb-9c6a-245ba2fd061a,Professional,None,0
ad3ade06-21b8-496d-b1af-5e1eff16085b,Professional,None,0
81713cce-910c-4711-bde2-46f06da911ae,Student,None,0
1abdbd38-46a6-482c-876a-20ebc0305372,Enterprise,10% Cashback,1
c213a182-c1bc-4937-b6dd-dd69a340845c,Student,10% Cashback,1
b4d4130c-640c-4d00-a763-2e79a2313004,Student,10% Cashback,0
f23a6148-828c-490f-ab85-5f46b2ef69cf,Student,None,0
be952f6c-6725-45a4-b800-c4545260e552,Student,10% Cashback,0
46d3cc73-9c21-4dc7-a034-4eda5aa94b1a,Student,10% Cashback,0
49c8064a-0a46-47ee-a410-9df320e192ac,Student,10% Cashback,1
21f34980-4b6c-4836-ae98-e3b4613837fd,Student,None,0
cf5c45c6-25b6-44d2-99e5-b72d331d2087,Professional,10% Cashback,1
972d9eae-a539-481d-9998-89be65f3bac5,Professional,10% Cashback,0
467d3451-c580-4bc2-963e-75f14a83faf2,Professional,None,0
8814743c-d8ae-4fce-a9b6-780a7cde3a55,Professional,10% Cashback,0
c71f5183-c5fa-4202-a723-024566f20d80,Professional,None,0
b260c349-930d-4d4f-a693-bd7aeb0acf0b,Professional,10% Cashback,1
1823631d-27f1-4188-87a2-051b910593df,Professional,None,0
461d45e7-8d08-422d-916e-2856b513602a,Student,10% Cashback,1
b4d08aff-489e-47eb-a539-aaec0b857d49,Professional,10% Cashback,0
7ff3c5d6-ed0a-4c22-a815-bf98f167e73a,Professional,10% Cashback,1
997f0278-a6e7-4308-95c0-5a4076d84f1a,Professional,10% Cashback,1
155a78ef-ab50-4589-b576-b63ab5f7ad1f,Student,10% Cashback,1
04343668-7c5e-4718-aa96-65df3e2a1ddb,Professional,10% Cashback,1
0118211e-a307-43da-b2de-38c3d294d942,Professional,10% Cashback,1
332e4ca7-0dad-4dc4-a70a-ff7360422752,Student,10% Cashback,0
6d1fb15b-ed64-43c3-bd02-88171dbbbfab,Student,10% Cashback,1
1948e734-6199-4e8b-98f1-f00677f9cb70,Professional,10% Cashback,0
c176c2d5-2f1d-4bde-a16d-8d3c9b3c696a,Student,10% Cashback,1
08cb6c2f-2e87-47eb-8e63-27e5e7e296cb,Professional,None,1
a019d99a-727b-487c-b83b-90d3f943377f,Professional,None,0
d81388ff-0484-476e-ba5c-8921c3aa2cbe,Professional,None,0
a9fd6558-4559-4245-bfc0-8a61bca675cd,Professional,10% Cashback,1
d92d0644-baef-4901-8b6d-f4620dee7e75,Professional,None,1
4001c443-1e94-4ca8-bc83-8fd73394b3da,Student,None,0
695dbb59-06f6-44e1-a1bf-7dbb4c218962,Professional,10% Cashback,0
f72ca645-94d2-4721-980e-116d1ea3fe17,Student,10% Cashback,1
934ea90a-32c1-4103-9637-00b9d1e32b5a,Professional,10% Cashback,0
2cba7121-b3bb-4dac-b0a4-3546416ef5ce,Professional,10% Cashback,1
81a5c0e8-360a-4e40-ab1b-86946aa21737,Student,10% Cashback,1
1aaacd1d-168f-4517-92cd-973d655bb6f1,Professional,10% Cashback,1
96a178b5-9409-4c55-b629-1ce348a64d53,Professional,10% Cashback,0
791ffc96-5d4a-433d-b348-0e3a207b7491,Professional,None,0
9bbc0d98-c4de-42f8-8e6f-1feac8361aac,Student,None,0
5fa551b9-8953-4d68-bc1c-c138859b07c2,Professional,None,1
24835323-da30-46a7-8508-e82d0f9ed432,Professional,10% Cashback,1
076219b3-5bac-4220-affb-8d649a355225,Professional,10% Cashback,1
baae6121-9aef-4535-9157-bd7d0b0c8158,Professional,10% Cashback,1
e3a454cb-0e4f-490d-9b47-aa7f4e48b4bb,Enterprise,None,1
f2142567-0c51-4ccc-b617-f87e60c6eb7a,Professional,None,1
00e87222-490a-4f25-a812-5fd88113b1c2,Student,None,1
36095274-4d56-416a-b8bc-772cb054830e,Professional,None,1
ef4b266b-12dd-47f4-9941-3440e56c514b,Professional,None,0
8562504a-27f8-4626-906e-0d220c8d9b4d,Enterprise,10% Cashback,1
43b1b7eb-5745-4988-b24a-00d3e42c94b9,Professional,10% Cashback,1
38bc1bdf-d35e-4877-932b-b4a2d8a9ad82,Student,10% Cashback,1
c435d30f-1a0c-4d88-bdf9-a00623062c76,Professional,None,0
270a4883-5ff9-4bd5-bc98-01b28b9eddaf,Student,10% Cashback,1
7e401583-5468-4d30-ba50-af127fbcd81a,Professional,10% Cashback,1
275b4204-975a-403c-863a-d29088a480d8,Professional,None,0
45f1c566-8b48-4dd7-8b0b-1787dda0b609,Enterprise,10% Cashback,1
def7daca-db22-40cd-952b-62f619b7059b,Professional,None,0
a2d754d2-8d9f-4284-b10a-e2ce2898aaf6,Professional,None,0
634d844b-3107-48a8-baf3-b4023dacf1ae,Enterprise,None,1
22addfb9-e2f1-4056-adcf-62968546ecb6,Enterprise,10% Cashback,1
8ac1fbc4-58fd-4981-af6e-eefef475ccb5,Student,10% Cashback,0
6bbe7548-1155-48e8-bf50-3345de623ec6,Student,10% Cashback,0
bb1ac7e9-aac8-4f93-8c67-93d46b279845,Enterprise,10% Cashback,1
92f301b9-a253-4858-80e5-2f6492eeb9c1,Student,10% Cashback,0
80c01879-bcf5-445c-8cf2-6387b45d3b61,Enterprise,10% Cashback,1
102223c8-cc47-44b7-88af-87e9e5030aa0,Professional,10% Cashback,1
345bd7c4-afae-4eae-afed-6df9bf91b754,Student,10% Cashback,1
8f7f4510-14f2-434c-a123-585889c55a4e,Professional,10% Cashback,1
b26c62ef-6b9e-4988-8939-12f447bc8029,Enterprise,None,1
b8ab11aa-beec-4096-a434-0002c31ee9f6,Enterprise,None,1
b061028f-17cf-4cc6-b87e-49d3034ee70c,Professional,10% Cashback,1
12568d51-4b61-49fb-96e7-fac2a9ee20ac,Student,10% Cashback,0
b17755a6-d022-4a62-9e38-4f2eae852541,Student,10% Cashback,0
56963904-7234-438e-819e-2e3d8386bdb9,Student,None,0
1d392117-4156-44fd-8c49-7bd88f4891d4,Professional,None,1
8e9d6e2f-4c63-490f-86ca-652c05bf8fc3,Student,10% Cashback,0
2a574839-391d-4375-b8f6-39e8b854a7e0,Enterprise,None,1
91bc2658-7ecd-4d3c-a2c1-744b33202037,Student,10% Cashback,1
072e8521-94d3-4b96-8050-f8c80b9df9ee,Professional,10% Cashback,1
064d9457-563f-4214-920d-e77a8a5df61e,Student,10% Cashback,1
e15a2ad8-8cb4-4217-93cc-9b7f300cabcb,Student,None,1
fed3ca05-ebce-4e48-b6c9-6d5a90dda4cb,Professional,None,0
0a9f2f8a-e4f6-4394-90f3-36d56f091031,Professional,10% Cashback,0
8f0b169b-576d-468e-baf4-619006a387ec,Enterprise,10% Cashback,1
1eda9596-ac81-44d4-bb5e-4232631eb20d,Professional,10% Cashback,1
cb21df83-c4af-4441-a6a4-0a1d17e7ab22,Student,None,1
8990642e-0006-4820-89d6-7b15fa896ea2,Professional,10% Cashback,1
cb861fec-cb02-4530-925d-0e626cbd4cd1,Enterprise,None,1
b2f258ff-f322-4c92-a8d9-e617d2066e3b,Student,None,1
5c8cd57f-8324-4a1d-a56e-e6767a69345b,Student,None,0
28a6b550-65e6-4f7e-9170-1781b80791f4,Professional,None,0
be7e16a9-7f1d-43d4-8d97-6bc20fe38de3,Professional,10% Cashback,1
edbc1352-5292-4915-9491-afd05218ccea,Student,None,0
fc1e619b-54b3-44d6-8786-2c691f7c5e34,Professional,10% Cashback,1
fb0922d9-1d0d-4a62-a3e1-b7702cd47ca8,Enterprise,None,0
754da70a-b94a-449b-9ccf-4998eb1764d2,Enterprise,10% Cashback,1
e8309bb0-354e-46d7-8df1-645ae3d4f36a,Professional,10% Cashback,1
be593e37-0d13-4027-b6fb-0df45716f0b6,Professional,None,1
229ca5ee-e612-47c5-8da6-4057e5b407bf,Student,10% Cashback,1
1224a3ae-b245-4772-95f2-e2e525e34879,Student,10% Cashback,0
f504da6d-355c-4d28-a077-f1d2aecf1fcb,Enterprise,None,1
06a6e7d9-a89c-427f-9a35-fcbd1238a77b,Student,None,0
59f46083-61f5-42da-b42b-31dec1a73df6,Student,None,0
694b8cdd-4593-45bc-831f-5bd73a386e56,Student,10% Cashback,0
1d8c0911-738a-43d5-830c-fdcc1802708f,Professional,10% Cashback,1
8a95e546-412b-4ca6-b0d6-f6c4804f9353,Professional,None,1
ac581616-6bf0-4917-b098-a5b4080b813d,Professional,10% Cashback,1
1c42fcb4-f99b-46f9-a3bb-e3a975dfa481,Enterprise,10% Cashback,1
544d0895-bfb9-4eda-8ee9-43bc21b703cc,Professional,10% Cashback,0
5fd3baf8-f236-4e21-90e6-010f3e065c42,Professional,10% Cashback,0
bdcd7b75-d1aa-4179-a904-6d0b1cb55250,Professional,None,1
95bc89e3-db64-4b89-b29b-c656203e50f6,Professional,None,1
4b566385-53dd-47a4-b945-911d4ce80871,Student,None,0
6616fcff-5ee9-4fe4-ac1e-910f9be23513,Enterprise,None,1
3606e5b5-09f0-445e-91c0-fc5c2031231f,Professional,None,0
b51d13eb-a8f7-447c-8570-1cbb94b9fcc1,Professional,10% Cashback,1
0aa98324-17c1-4989-ba15-5ae7a11a36ec,Professional,10% Cashback,1
fb3dd3f0-eea1-48cb-9523-0bda419bc33b,Student,10% Cashback,1
6be3339a-f4b0-41ec-9c21-446b3274cfae,Professional,None,1
67701335-2f8d-4f42-8ea6-81a9f847b379,Enterprise,10% Cashback,1
42f7df2a-87d1-46a5-a0f5-153ec3ffa94e,Enterprise,None,0
178ea0df-3df7-4bf3-ac3b-28c31c7f52b7,Professional,None,0
7af0e318-32f3-4318-b7f8-7c0f5fb8e40b,Professional,None,0
b38082c4-e325-4577-8fec-65202d0a47fd,Professional,None,1
4dcb8a07-de36-4497-9968-225f1e0a9c08,Student,None,0
13096c71-eac4-4dad-9751-f8e9e0566c38,Student,10% Cashback,1
0fbe0c8e-bb6b-4e89-a7bb-019cdcd81077,Student,10% Cashback,1
77404fc2-2f7d-4379-afb8-2fd825804c30,Professional,None,0
17e8bee6-f33c-4aa5-a00b-b58b73189a20,Student,None,0
91cdb344-44bb-406b-b04d-e426ebc3369e,Professional,10% Cashback,1
e848eab9-6d9a-459f-80c1-a0d64c2a0b9c,Professional,10% Cashback,1
b8b7bd78-a4ba-47c0-b8ab-1e46eb164841,Enterprise,None,1
4582e4f4-f85f-4c01-956c-6b4453ef2ef1,Student,10% Cashback,0
06e644f4-05b3-4fbb-9bb1-8c7a76198edf,Student,None,1
161d34dc-2d82-4786-b5ba-7d31a4384412,Student,None,0
7043c305-26ff-4cb7-8db9-c37400ffe799,Student,None,0
a8122fd7-a663-4ef4-9655-45721bf62c28,Professional,10% Cashback,1
d1c3e68b-b46e-4af4-8079-e92a80ea0ce7,Student,10% Cashback,1
25e71686-f1e8-46aa-9a9c-66f18e93e50a,Student,None,0
e28e228d-fb9b-44de-9104-19bf5871fecc,Professional,10% Cashback,0
ab76f3df-ca7d-446f-80e4-cdc95517d1f7,Student,None,0
5fd290d4-9dec-4950-9117-335bdc52dc4d,Professional,10% Cashback,1
9e11e05e-c884-4cf4-a6b5-3f45cf31cd5a,Professional,10% Cashback,0
646471c2-f8fa-4d10-ba15-281682a79fdc,Enterprise,None,0
5d0a8bda-723e-4bd3-aa87-63d8363beb45,Student,10% Cashback,1
be564451-ac79-43ed-a444-a7a2e8a158b3,Professional,10% Cashback,1
d6e07bf6-8b44-49f3-aaed-54f9a9246197,Professional,10% Cashback,0
9108f41d-8741-4f6e-960f-4c4ce1f11786,Student,None,0
2fd5f483-70cd-4caf-8d63-b2b0d67038f5,Enterprise,None,1
f47cef81-ce5f-48d4-8606-95e729b1f00b,Professional,None,0
c38f898e-1b13-4f02-986c-1c91935e3f00,Professional,None,1
f20eb69e-ef2c-42d4-8419-cbbd43f03eb4,Student,10% Cashback,1
5620ace2-e1d2-46b9-82b3-758d98dd52d9,Student,10% Cashback,0
7a218040-85d5-41d3-8040-ed9bda323d33,Professional,10% Cashback,1
ae86bb95-efad-448c-982a-17e42f40c044,Professional,10% Cashback,1
03b25dc2-91d3-4035-9a4d-7a88b9ed208e,Professional,10% Cashback,1
265bc1d0-c3ff-4c58-91f4-6f231efb90e7,Student,10% Cashback,1
ebe52fa8-e65f-4a50-81dc-5aabdbecc233,Student,None,0
922273bd-ce22-4881-92f3-d7c4c8574bdc,Student,None,0
fd9fd61b-8829-4643-be30-6bb26bf3272d,Student,None,0
261b0ba8-f597-490f-a228-83aed6819aec,Student,None,0
9fb845a8-9157-45c1-9278-6862e416a085,Student,None,0
6fa0c0fd-36f6-427a-b0d1-f6e017cf791b,Professional,10% Cashback,1
213bfae1-3ea3-4b61-8047-9e94b0b3b78a,Professional,None,0
14cc1a5a-fb27-4e1e-aab9-1457d76a5997,Student,10% Cashback,1
3dd8741f-3b35-4d70-bba3-e9291fe3bbf2,Professional,None,0
a0adb416-f37c-46fe-91aa-64ed15995811,Professional,10% Cashback,1
c64112cb-a5d4-4f4c-a4d7-89f685d4cdbd,Student,10% Cashback,0
393b46a0-8030-4146-9451-2b83a57d1576,Student,10% Cashback,0
6c522199-70df-4f2e-8726-6eceefac8882,Professional,None,1
8475dd76-9a77-4a9f-a2f0-f3810e58a9ca,Enterprise,10% Cashback,1
c8499311-392c-42ff-8d9d-969ed6b5f959,Enterprise,10% Cashback,1
6cce5f20-1e27-4327-8106-b43ff5eb077a,Student,None,0
e3bbd6cc-d6ac-430a-82dd-10b37650d4bb,Student,None,0
26cea86d-7477-4ff5-9aa1-8e18df070462,Professional,None,1
71c5118a-de10-49d9-b80d-fd969e6ce78f,Professional,None,0
77ff4af7-00f3-426d-b212-b8a7f65c17b5,Professional,None,1
3c4903d0-71f6-47a5-ac18-9384a5a273ea,Student,None,0
d27195cf-87b3-4354-ad98-23c1e9ae64ba,Professional,10% Cashback,0
d96af3ef-71a3-4b93-8fb5-52a3fd967db2,Enterprise,None,1
6646a5a7-6a42-4ed0-a5f8-46cb5bf7954b,Student,10% Cashback,0
9436cec7-320b-408c-b344-278e17298f45,Enterprise,10% Cashback,1
afa416cc-c15b-4ba3-b50d-bd2963bce6d4,Professional,10% Cashback,1
19e47f94-ceab-4491-89fd-82e01d63a8ae,Student,10% Cashback,0
2586bd9d-ba7d-42c7-a5e6-30c476e93a61,Enterprise,None,0
4eb0d7f0-eacc-4353-bd75-41f948cbf4bf,Professional,None,1
20db1874-2f84-4a12-b491-04e9abaff6a5,Student,None,0
25d490cc-41a7-44c9-bbe8-0f89cbb96fda,Student,10% Cashback,0
6306ea36-9df3-43cc-9997-419287a23fa8,Professional,10% Cashback,0
0056be83-397d-45d5-98e3-70fbca8b4152,Professional,None,1
3e102c14-2296-4887-90b1-1e36fa6a08db,Professional,None,1
2cd6c22b-a511-4518-92e5-d017696fec6b,Professional,None,1
566beecf-e286-47c8-bbf7-ca395999f82b,Student,10% Cashback,0
2e02fee0-55a4-49e2-8aed-449a521e51e1,Enterprise,10% Cashback,1
88a275af-9aca-41dd-bdc3-9522418e4a58,Professional,10% Cashback,1
a850c331-a624-4296-a990-574bbe055ee3,Student,10% Cashback,1
a473d4a3-4560-488f-b587-d2f8bff2bfe8,Professional,None,1
80e6fad1-8e89-4565-87bf-50c0dfb8398e,Enterprise,10% Cashback,1
cde84529-25e1-4371-93f1-68cd881427c3,Professional,None,0
c6656c8b-5d76-4995-9f04-1af73042a80b,Student,10% Cashback,1
72d40dab-7eef-4604-9493-6528397a1129,Student,10% Cashback,0
4d64ec68-187d-44a2-aca0-1c9c82509866,Professional,10% Cashback,1
d4810aeb-6251-4782-add5-f53cdce71850,Professional,None,1
3f35bce1-5267-49b7-927a-117cc1fe0e2b,Student,10% Cashback,0
ed832e7d-9338-4def-b196-3f911818677f,Professional,10% Cashback,0
ec33c922-bb2c-4097-a64b-6e4a5ab2e6e9,Professional,None,1
eb3132f0-db6e-4a58-b0ec-9f9889a002f4,Student,None,1
86cb4bd8-0184-4910-8481-c9b14ac7c1d3,Enterprise,10% Cashback,1
dd16789c-0922-425c-8af6-4da1b527fa50,Professional,10% Cashback,0
e90e6bc7-03e2-46eb-af24-d27823408a53,Professional,None,0
bfbc3dae-2bf8-4bce-92cd-43475e030b7c,Professional,10% Cashback,0
34e98d8a-a762-4fc9-9e48-5479f5f469b7,Professional,None,1
32ab1fe2-dd4a-47ba-bc89-f63de10f63e3,Student,None,1
97c2fe8c-811d-4019-a8f3-14b2c27625e4,Student,10% Cashback,0
e5dfe379-0db7-42fb-8bc8-f1174ef8fdae,Professional,None,1
7e69394e-bab4-4d52-8f6b-7a4dc3ccf047,Student,10% Cashback,0
d89350ee-9c27-4a26-a630-74ed4ab7d648,Student,10% Cashback,0
bedf715a-621a-4e70-be5f-5a30fdad7ccf,Professional,None,0
a4e5d0c3-b36a-4c0b-b773-802cc60f0f4a,Student,10% Cashback,0
6255197d-5a47-4372-b18e-2c18775088ef,Professional,10% Cashback,1
76fe9d90-9996-495d-a58e-6e5733215a1e,Professional,None,1
db206183-0b55-43e8-8320-f60d623c83b5,Professional,10% Cashback,1
27547258-536f-46ea-8c85-a1e06dd95a76,Professional,None,1
2f152431-a29a-4fcf-abdf-902b1d7a2c11,Enterprise,None,1
6e381079-4644-4ccd-9974-8326d416a9f6,Student,10% Cashback,1
5c51b87a-d90c-450b-8b17-a29bd5abea87,Student,10% Cashback,0
d305b960-6f52-4245-9e5a-c949c0702c5a,Student,10% Cashback,1
feec59d0-9b90-40d5-84a4-fbbf8d29b303,Professional,None,1
bed45719-5236-45cc-9367-1ff901266f11,Professional,10% Cashback,0
51752c5b-cbf1-4410-b632-9cf4bcbc4121,Professional,10% Cashback,1
aa00b276-48d2-48c3-a14b-7e6c95bb4907,Student,10% Cashback,0
b3c6b18f-94a7-497e-a15f-213f558fe3a4,Professional,None,0
4ebda22a-414c-4e19-a83c-ffab6b187640,Student,10% Cashback,0
4db72b38-a25d-4826-9e46-6f2fc0f68178,Professional,None,0
9ea62662-ae44-4b7a-b04a-b2054ce279aa,Professional,None,0
d5741a21-24c4-4883-95d0-22761b1959a6,Student,None,0
49d6ae4d-fb8f-49e3-ba6b-8303130cb822,Student,10% Cashback,1
8ec374eb-5fe4-459d-a744-e5fff79a9de8,Professional,10% Cashback,1
41026a04-34e5-46d4-bbc1-7d15b31f6c68,Professional,None,1
b215e60e-4aa0-45a3-8c73-dd9bc2a16e9d,Professional,10% Cashback,1
056b4f3c-df48-4d96-96a2-ffa24434a23f,Professional,None,1
c83a64d4-9517-46e4-a8bd-687f9e3a7347,Student,None,0
bd48c1a0-26b5-4963-be6d-19233e65783a,Professional,10% Cashback,1
d7f1cdd9-5b4b-4712-9cc1-72bdf0471bbe,Professional,None,1
c28348f7-dfab-44d4-9255-77f13dfa13f2,Student,None,0
1b5a08e4-9a31-4be7-9f62-9a59402a49d4,Enterprise,10% Cashback,1
aa9a5f08-ba42-4e32-8f26-44514ccdbf8e,Professional,10% Cashback,1
1483ddf0-7c2f-45d7-b3a8-1336f7b93b81,Professional,None,0
8c15a46c-dc7b-4ed9-9170-3597b1677d53,Enterprise,10% Cashback,1
bb5b833e-9d9a-481b-83f3-61a12cce52c0,Professional,10% Cashback,1
a83d743e-8d6f-4042-9f01-8740a6e91f5a,Professional,10% Cashback,1
7ca53c50-a596-46b9-bc46-e722a2428230,Professional,None,1
4f952b45-615b-40fe-ba00-9d66fd9684d3,Enterprise,None,0
92210cd2-c2fa-4632-8877-d3c15fed48db,Enterprise,10% Cashback,0
52f85690-488a-42cc-8037-260c31662f57,Enterprise,None,1
baa8bd1a-fbf5-4bf9-8bf7-5ec37bb09f29,Professional,None,1
4506b7bf-156a-4065-9c89-b8564251ee7b,Student,None,0
7a783038-c868-4cec-a83f-160ff6cb0972,Professional,None,0
64cd66f2-050b-4a07-9ef7-0d622c9bf27e,Professional,None,0
1c26dbe7-80f1-44e7-8cf0-14783494a505,Professional,None,1
71f37fe8-fe9a-4d7b-afc2-ed5f2b4029e6,Student,10% Cashback,0
720c7206-575c-4136-b587-08eba40e509a,Professional,10% Cashback,0
218dccc2-c6ca-48ec-9db7-59f2aaa92aed,Professional,10% Cashback,1
73c99e1e-3bc2-4288-bfd6-3f8367bf49a2,Professional,10% Cashback,0
fc5c3c6c-0634-45a8-b58d-f961e74ee766,Student,10% Cashback,0
be427456-070f-4743-98da-75b6e6b3c57f,Student,None,0
90196873-4d53-4ee2-80cf-a4da195fd5d1,Student,10% Cashback,0
ae04de31-8bfc-4131-b0db-06725494cfea,Student,10% Cashback,0
afb6dcc6-1594-43f1-af3d-72bfb8649ac2,Student,10% Cashback,1
772111da-c38f-4219-b400-bda2bbaef8a9,Professional,10% Cashback,0
97acaaf0-8246-4bad-9cf2-7054b10a1f92,Student,None,0
91e09c43-a529-4195-96e9-bac8dd9f89cf,Professional,10% Cashback,1
c7d9e212-d8d3-4ec7-8df2-c1c82b378c48,Professional,None,1
1f7c34fa-9b54-4f8b-a1e5-7691dc2bb310,Enterprise,None,1
81f0d969-2ab9-4209-87eb-0dfeb55deaaa,Student,None,1
070341d5-08ab-4208-b1ba-4489fd6dee0b,Professional,10% Cashback,0
5803dfa0-5f37-489b-944d-0ee3e374e498,Student,None,0
eeec6b28-4f43-4e88-91a4-46c743199c68,Professional,10% Cashback,0
8c66a938-f165-4e52-8743-34d5703b9aee,Student,10% Cashback,1
762b6896-db75-4a13-b3a0-de611969058c,Student,None,0
21ab600c-0369-404b-b7b8-fc5147b1954e,Professional,10% Cashback,0
b6403239-74ed-4d4b-bfd1-9d2633c5e568,Professional,None,0
58ef50df-11aa-4929-a779-78d252046692,Enterprise,None,1
1ed8f99f-70a0-43df-8ee5-25d42e795b21,Student,None,0
a3eb1122-125b-4990-89b3-7a9f4ebe34fc,Student,10% Cashback,1
ce24c033-4010-4a98-aee9-b3799fadeed3,Professional,None,1
8a3d4eb9-38d7-4315-bf8f-01aec0b31437,Student,10% Cashback,0
5b654c79-a095-4832-872c-6ffa8bc8f5e5,Student,None,0
fc44866e-c29e-4294-ad09-77d2554d5577,Professional,None,0
7b8830b2-353f-4963-9509-a6fdd0fac1b9,Student,10% Cashback,0
ac3e173d-8e14-4440-84c5-901d5fca36e1,Professional,None,1
9e46aceb-3e5d-4129-8cdc-5d6a708030dc,Professional,10% Cashback,1
d1ad6c72-c06b-48c2-91e5-1dc4b00bddfb,Professional,10% Cashback,1
6c181eb2-65fd-4537-b7e9-698cb3bf276d,Professional,10% Cashback,0
5b390e62-64c3-4495-88de-4f683aacf40f,Student,None,0
8d4af6f0-c296-4e1f-af6c-b8636220091d,Enterprise,None,1
92fbf76a-7704-44b1-b6bd-937bcd1b1f0c,Student,10% Cashback,0
67231bb9-0521-4e58-96bb-80260f648d8c,Professional,None,0
b731e55a-4c96-4bd5-be66-9772e7ef08bf,Enterprise,10% Cashback,0
2a7537fe-9253-445f-816e-74c96efb3087,Professional,None,1
bc71665d-6af1-4e20-94e8-4145a2d50a17,Professional,None,0
49ad6799-db2a-41f2-a934-7b09b95b684c,Student,10% Cashback,1
3af069f9-610a-47bb-9d45-ee8fe3d785c6,Student,10% Cashback,0
baed8e35-d7da-4d49-a203-8f95ebbdc973,Student,10% Cashback,0
edac26b6-13db-45bc-a760-ce31b61e34a0,Student,None,0
6b6fcf11-40c4-4a32-8ea0-c62bca47c38b,Professional,10% Cashback,0
c9424e66-4b32-4838-8d4c-9b8bb3b987cd,Student,10% Cashback,1
2901da59-3c36-4981-8cc7-e1501358958f,Enterprise,10% Cashback,1
676baecd-ae48-41ca-a535-29cf298c6f36,Professional,10% Cashback,1
b7813182-4228-4e72-aa97-7afa7c3c1e34,Student,10% Cashback,0
db2e2c73-6f1c-4346-b924-8804d837d180,Student,None,1
7c06f259-ec88-43d5-a038-97e385862a9c,Professional,None,1
ff4946d6-9f84-4aee-964b-2f3e12af81b8,Student,None,1
e4c32c69-99ad-4bd7-bf91-73fa9f289692,Student,None,0
a45d8e4a-f9c8-4c36-aac9-53f77dc2a368,Professional,10% Cashback,0
87fe4ced-1037-4aec-b07b-d02626072c29,Professional,10% Cashback,1
64205379-2d32-490d-af43-fe48d78a743a,Professional,None,1
bbba8e76-2f84-42b9-b381-f0f5544c0a24,Student,10% Cashback,0
e7e1f719-5878-4022-918a-07e6e60e1b26,Professional,None,1
57c20796-f5a2-4263-9e31-f9a485af1f95,Professional,None,1
2b475627-57da-423b-9c87-8db96f5b0290,Professional,10% Cashback,1
21f8bb3c-9130-4363-acd8-9284467acd63,Professional,10% Cashback,1
c10a721e-3aca-4457-b493-ea2a48a5650f,Enterprise,10% Cashback,1
23916880-afef-430e-be77-5894073fcf8a,Professional,None,1
6db902db-2fa7-4825-a2e8-a00fa75128fc,Professional,None,1
6d506b96-2d13-4e18-bb4b-bb93bd2b2649,Enterprise,10% Cashback,1
277e2423-ddbe-46c4-a889-20dba2464e17,Professional,10% Cashback,1
bb90da16-7f8f-49c8-8299-69a1011200d4,Professional,10% Cashback,1
413d6f28-9d2b-48af-b5f8-aec9489f2913,Student,10% Cashback,0
de62a602-8952-4b0a-8aeb-edcae6cddb09,Professional,10% Cashback,1
cf23923c-74d9-4b50-8580-601b293aaf28,Student,10% Cashback,0
7c5e649b-45d7-427e-b27a-594f5d64c1d2,Professional,10% Cashback,0
f2ac76a0-6bfb-4ba4-a6b7-3affe14156f8,Student,10% Cashback,1
1688b873-0a6f-4d7d-8724-a7d03dff8e73,Student,10% Cashback,0
f59b395c-9f5d-40e0-9dac-8667d2c84ae5,Professional,None,1
b0e3a29e-f8ea-4563-a26b-614c014d035d,Enterprise,10% Cashback,1
2cc3184b-83c8-4a31-a300-96974bcf106f,Professional,None,0
5e27ec52-e47e-494e-a97b-7c6a4eecc787,Student,10% Cashback,0
02c952a1-381b-41fa-9e28-df4e037987d5,Professional,None,1
75bfc170-d7a4-456b-8793-0e77e0f61c41,Student,10% Cashback,0
c938ed47-0547-468f-872a-1bf7a30398fc,Student,10% Cashback,0
2d1a469d-1603-45db-b785-0180fe59bd16,Enterprise,10% Cashback,1
94ab9cdb-3661-44ec-a11c-3464d611d84b,Professional,10% Cashback,0
dd0c913f-a3df-4645-9228-f883f306855d,Professional,10% Cashback,0
783d2628-4129-4028-b3a6-7f026ade096b,Student,None,0
4979cf4d-b88c-42a2-98c7-987fe034f771,Professional,None,0
aeff93c7-6f56-4adc-987c-8f75bd2e3496,Professional,10% Cashback,1
32d926cb-323d-475b-b7c8-1278f450cbb9,Student,None,0
d7fac21c-3bd5-464f-b211-49b4d3af809d,Professional,10% Cashback,1
34af3b28-e270-4520-b6df-992c5aeb6531,Student,None,0
d227cbf5-e730-465d-ba83-6bc871f82d1a,Student,10% Cashback,0
c9d20cfe-d3fa-498c-a1cc-439f7769b96c,Student,10% Cashback,1
5dc9dca3-a7c1-4b19-a5d9-8c2d00418489,Professional,None,1
f272ba0a-8a18-4dee-b3bf-5dc2ff45fd3a,Professional,10% Cashback,1
fa1337fc-2969-4567-a1e6-5c1bacefbf8c,Professional,10% Cashback,1
c3e1a68b-d736-4ef6-a9e1-a9f5bcc41f34,Enterprise,None,1
f6a737fe-d4a8-4c83-bad6-70ab8b0780a5,Professional,10% Cashback,0
931e3bab-03ac-4a7a-b790-91cd82a09432,Student,None,0
8e7fbc21-f142-43b3-a1a5-ed326d9cd007,Student,10% Cashback,1
b46edbed-9180-47ce-8d14-6caea17ec89f,Student,10% Cashback,1
f1a1edfe-a9ed-4beb-afec-7ec0638b5e1d,Professional,10% Cashback,1
4d0a4377-27a2-44ac-affc-600c5f2cc0f1,Student,10% Cashback,1
9fb08a01-7d16-4079-9b30-246f2918faef,Professional,None,1
625819db-1d77-4a61-9ab1-0c233b74c7ab,Professional,None,1
fdb20ba4-1405-48be-8f6d-40871d3e3cef,Professional,None,0
b7f61105-5664-4bd3-8fec-ba05f4965e20,Professional,None,1
833a9b9b-6a1f-44a3-9730-8d9991bd1ecf,Student,None,1
74e01f47-ccbe-4b92-ac46-badbbfac0c98,Professional,10% Cashback,0
573b4c7c-76d2-43a5-adba-3281ab01085d,Student,None,0
f802d6a9-f392-49dc-bfc4-7e739b964866,Student,10% Cashback,0
0b4b6c6f-2c92-46ff-9460-d7e61ddb5c3d,Professional,None,0
bd6b54a1-ab1b-42ac-98e0-291e6112a3bb,Student,None,1
17e7ec0d-0787-46da-8521-b9b06e9e2277,Professional,None,0
4004b88c-10a8-47c6-a3d8-8de7bd30db54,Professional,10% Cashback,0
c298385d-297f-4f31-982a-a58684c32db8,Professional,10% Cashback,1
353afe7a-181b-4c46-ba26-53b28bced339,Enterprise,10% Cashback,1
e30979ed-74dd-4ba3-9f27-e95b286ace42,Professional,10% Cashback,1
e174f4a8-999e-4da6-b719-b986525e4057,Enterprise,None,1
715141e3-8dd2-46aa-b3d5-720f5af78de8,Student,None,1
546a2106-8d03-41a2-b168-d6aab26479d2,Professional,10% Cashback,0
9be81265-5236-4215-941c-02362914a17f,Professional,10% Cashback,0
ba99a4d8-e528-43c8-affd-720fd78b1608,Student,10% Cashback,0
26f0143b-9135-4738-ba81-75e2c8860293,Professional,10% Cashback,1
36803766-91b5-4cee-962c-b6975d114b03,Student,None,0
31c1b595-f55a-438b-97ae-1df72171374e,Enterprise,None,1
a4578e84-c7b3-4b57-8124-cd15eb2cb265,Professional,None,1
40a269f9-5bdd-483c-9e52-133007e12ea5,Professional,None,1
ebc21277-824d-4363-98be-9bce9fb9809f,Student,None,1
40cf6cf9-aeff-4caa-adce-46efbdbb6769,Student,None,0
e38c4e2a-289e-477f-93e3-bf36e4ef14ff,Student,10% Cashback,0
a9a653f1-5959-4919-b2b4-2d91afccdd9b,Professional,None,1
feae2759-5b04-4d4b-998d-3e6d78ef8f6b,Student,None,1
58d8219e-9fb9-4305-8b28-ffb17b7c6e47,Professional,None,0
9ce86745-0bbb-42c0-8941-0573dea91bde,Student,None,0
62088507-a96e-42ce-b206-319bcfec7551,Professional,10% Cashback,0
30d13625-cbe9-4842-808a-ea3f2ce5eb7a,Professional,None,1
7a740974-1e1b-4aaf-a452-18ff5835ab01,Student,None,0
a457622b-c686-4ad1-bdfc-1bdd1a0e3bcf,Professional,None,1
a2979323-5b7e-491f-8c40-78d25a38019c,Student,10% Cashback,1
55decc3d-81d0-4821-b7b6-81dee9235dfb,Student,None,0
8506da3a-531c-49de-a4c8-5292443215b7,Enterprise,None,1
15d94ea5-5584-4544-96c1-569a190d925e,Student,None,1
fda4da5e-fe91-4048-b7a5-a031bbf90358,Student,10% Cashback,0
3b3d88b2-5522-40e6-9fbd-85f7c179549d,Professional,None,0
36fdae58-66bf-484c-becb-d4d0a997b11e,Professional,10% Cashback,1
6508568e-c1bb-45e2-a2f3-6ffc5d08a04e,Enterprise,None,1
9364cf81-9eeb-4cc1-84ec-10586b773718,Student,None,0
da40ca38-f820-4ac5-8fc7-b370959d84d0,Professional,10% Cashback,1
8e66b5f7-9c38-4cae-a81d-c43c19fdc9f9,Student,None,0
e27fe816-0556-4636-a11c-affe35c02f20,Professional,None,1
3248830f-6e10-4beb-87cd-575b25cde4b5,Professional,10% Cashback,1
701cfe4c-96cb-4d56-a241-4068fdb7617a,Student,None,0
e56e15f4-b510-45df-b9ae-93a9a7c052c6,Student,10% Cashback,0
fca480f6-3af6-4209-a0bd-91322e9e6130,Student,None,0
ccc22915-a9e0-42bb-96b0-a0d4981dd21f,Student,10% Cashback,1
67c4d411-8fb3-4595-a244-459cff3528ec,Enterprise,None,1
3a3f4f55-a22f-4b3b-a9ba-2acb39763725,Student,None,0
83c324ab-979b-4901-bae4-4f4e54931f1c,Enterprise,10% Cashback,1
22282f02-14cf-4a5f-b3b7-3e66d7234710,Enterprise,None,1
6533a589-a368-4667-aebc-9c501d053ba0,Enterprise,None,1
69fe1b8f-35ad-47fe-aa7b-f1600ed2e0b2,Student,None,0
e35afe5b-2c56-4afd-9230-0cc484f2b2d3,Student,None,0
c34207a5-8350-47fe-ab4f-1c062c764dfe,Enterprise,10% Cashback,1
591d77e9-107f-40fb-bcca-88c2a6c5cfca,Student,10% Cashback,0
26da22bf-51f5-41f0-81f0-ace094f4d1ae,Professional,None,1
b7c8b28d-8ab4-4368-a2b2-2293611af4be,Student,None,0
3172b4e6-b637-42b5-bf77-ce93dca6fa5b,Student,None,0
ba7773e3-a3ae-46cc-9e19-8b56090d3073,Enterprise,None,1
bfc77f0d-8cee-4f2b-9409-2bb16543dd5d,Professional,None,1
0769d564-5365-4067-8f5b-af5cbaebf32c,Enterprise,None,1
713d3d5e-8077-4d02-abec-84cfc62f7983,Professional,None,1
d9bd0d3d-b2b0-460f-b06e-9b6ee34799c1,Enterprise,10% Cashback,1
3b541188-4b13-44df-8c42-876e93976b5a,Student,None,0
dbf53bfc-f649-4e76-b9ed-904c2e0a3be6,Professional,None,1
4d5f6803-3987-49e3-b685-25d43fd6557f,Student,None,0
bf7c3420-aa6d-4ba3-8635-50a94365c561,Professional,10% Cashback,1
0a9f59ad-5fb3-4977-8383-c961e0fe8e35,Student,10% Cashback,1
2fb73ddf-a53a-43c5-9a08-bf3da19a48f6,Professional,None,1
721bc53c-a191-449f-9120-80bfdf5dc494,Student,10% Cashback,0
860f1f85-aeae-4a8f-af58-e9d2131550ec,Student,10% Cashback,0
a11b47f1-4438-47be-8643-8325688ddea5,Student,None,0
30adc73a-41c1-42dc-b2b1-31d0756b5088,Student,10% Cashback,1
d63ae0b6-b61e-4201-9c43-adc579b9b43e,Professional,10% Cashback,0
15d52f16-328b-4600-be85-e2f7611dc020,Student,10% Cashback,0
a647914d-d102-4bea-a188-56e538570093,Professional,None,0
7c432a7a-a901-481f-b084-06c97dc1be0a,Professional,10% Cashback,1
c2ea5cf9-2ac4-49c4-908d-a3ba5f3cbe6f,Student,None,0
4e191ee5-8a4e-4316-b00f-f4328b3ef45e,Professional,None,1
626ad252-6e37-463f-b452-5b859750822c,Student,None,1
aa0eb16a-dc4e-48a0-98a1-4c4678e7661e,Student,None,1
93b74651-707a-440b-b95f-834a9861b1d2,Student,None,0
02027b50-a5c7-4c5a-9c51-56702917b252,Professional,None,0
a38444ba-1683-4f3b-8619-9504e9e8382e,Enterprise,None,0
305de1f2-d1e6-48db-bce0-b748f619aa58,Student,None,0
39939773-e4d8-41ea-8bc4-c43f9e0ca18b,Professional,10% Cashback,0
6623992b-bb3a-408d-bb6b-a2622489a2b6,Professional,None,0
b53c1bdc-c86a-45fe-9454-c26ce5de8884,Professional,10% Cashback,0
a0b49aba-fa65-4f79-8af6-5170ca81cb32,Student,None,0
c97a2bf4-7e07-4381-8fb1-64fe94425999,Professional,None,0
2671b57c-5b50-4d3a-b94f-b82b0bcd4bb4,Student,10% Cashback,0
49a9567a-498b-4e2e-a38d-de24d592e3e4,Professional,None,0
a335a813-c620-4848-bbff-48bb7ffac851,Student,None,0
64ce756e-71a6-4a9d-8029-f7298d0f5625,Professional,10% Cashback,1
24acf03f-9ab1-4262-9202-4e1968ba4b7d,Professional,10% Cashback,1
318a3fa5-23c2-403d-a5aa-0942decc3d5b,Professional,None,1
c74ca91e-dfd0-422e-b0ef-bee686608b78,Professional,10% Cashback,0
fa91ee3d-130b-4509-bbcf-b4f33ce0a0d2,Student,None,0
0aece31f-efae-44bb-a6af-55886c184fdb,Enterprise,None,0
0faf96e0-dd00-4bb8-9459-c226d33bcf00,Professional,10% Cashback,0
8e132bb1-cf5f-40fe-b19c-476c5492c962,Professional,None,1
c3dbf059-80be-4309-8b38-bc02941e812b,Student,10% Cashback,0
8903e751-3b23-48eb-b19b-643207db27c5,Student,None,0
c4ac0758-e530-42a5-9d6e-67ee103349c7,Enterprise,10% Cashback,1
1940d673-df8e-4a0d-b993-7b1e93c88c68,Student,10% Cashback,1
34680004-084d-4f78-a6a3-4094547ae4a7,Professional,10% Cashback,1
77addd3a-bc2e-4a79-a7c3-c387738a812b,Professional,10% Cashback,1
33dec3a4-4d6c-4cb6-bcdd-9bb2df6c8ef1,Student,10% Cashback,0
9f372ec9-bf7a-484e-a01c-209b03421fb6,Professional,None,1
a4b95b36-6700-475e-b9db-7a83317370f6,Student,10% Cashback,0
2fab50f8-b656-4152-afc3-f072e089f06d,Enterprise,None,1
09eaa2a3-ced0-4ccc-88dd-f039c20b7f15,Enterprise,None,1
54c83905-c185-4845-b51e-46d1ca94e0e7,Professional,None,0
9cc6ba04-58d1-4b87-abe2-3a34c00bf01d,Student,None,0
d705633a-a6a5-44a8-8cdb-e630c30ac32f,Professional,None,1
abc0f119-8103-4fff-b68f-39d64ac1d97a,Student,None,0
acdd5c2c-4397-4f37-9202-975f8504f918,Student,None,1
6f6be195-eb8f-470f-81fc-10581e672bc9,Enterprise,10% Cashback,1
77494bb8-d70d-4d33-b149-062ff5a1cf09,Enterprise,None,0
10a989fb-0424-4754-9f8a-e4346a290e3d,Professional,None,0
7c224cb7-a9d1-42a5-81ce-2f5d999bbcaa,Student,10% Cashback,1
796b82f5-ef61-4c44-b0c4-98bce5e4f089,Student,None,0
917fb73a-da3b-49d4-9df2-bddee2c9047b,Professional,10% Cashback,1
3411ace6-eaf5-4262-b244-def441f88f09,Student,None,0
0561d577-33df-4503-a527-a4b70cb196a8,Enterprise,None,1
9c2674bb-4e9a-4360-ba88-1e0d6aab0b7c,Professional,None,1
1e224bc1-1ef2-4c74-9e4f-ee34c315728b,Professional,10% Cashback,0
a0e0b5f6-9a98-4702-90df-54409ca2af36,Professional,None,1
52ce5a82-44c5-4f37-a43b-4ccc2f069bc5,Student,10% Cashback,0
7e3d2926-f750-4a77-8c6f-bd713a58dcb6,Professional,10% Cashback,1
86844b14-150c-4605-8f5b-ddfb42c1672a,Professional,10% Cashback,1
8a10f0d1-6c2c-49ff-8b7a-d679a7989705,Student,None,0
0fa4bedf-d4a4-4f7f-91d2-092a7286f009,Enterprise,None,1
3df0dbb7-fb4d-4204-8035-df5b197950d6,Professional,None,1
6a378ffe-339d-4cba-a672-cf8e0fdf22e7,Professional,None,0
4f29603c-50f0-47ba-b35f-8700b58a87e3,Student,10% Cashback,1
d26036ae-8830-4442-a619-ebf5374bd2fa,Professional,10% Cashback,0
fd32678a-4a56-4e91-9255-79abf0ebbe5a,Student,None,1
baceb934-69ee-4ff0-bbe6-cacc0fcec636,Professional,10% Cashback,0
ee7dcc9e-8df0-4356-b25a-6f6f3677fab6,Professional,None,1
ea644393-d228-4eb6-b1a6-102e1ff42fc6,Professional,None,0
e89fcc8f-75e7-413c-9968-2095d8193710,Student,10% Cashback,1
9f427ecb-787a-404a-9c29-565ec274ed8a,Student,10% Cashback,0
49cbadc9-a102-4d78-9b28-1349987f00d3,Professional,10% Cashback,1
d6b00f91-78ac-43ec-a195-32220fcbce5d,Professional,10% Cashback,1
a0d92c94-a363-470e-85da-287c70dd5276,Professional,None,0
6082000f-de42-4720-81af-451be5642cbb,Enterprise,None,1
501f99d3-c32d-4482-8de6-236dc805e94d,Professional,10% Cashback,0
b420a4a8-f853-48c1-adae-88db56465cda,Student,None,1
4d521fda-20a8-4ad3-b963-ee7747ce8e9f,Professional,None,1
dfd4addc-44d0-40a4-b15b-8e738aa5853a,Professional,10% Cashback,1
1fa3ee17-0e40-4d90-a617-3ee0d4c12ea9,Student,None,0
4564d9df-7669-4a86-9c82-0cc5beed516d,Professional,10% Cashback,0
cc1c4e19-6372-4f95-9115-325c21cfa659,Professional,10% Cashback,1
7f9a73bf-a1ac-4957-97ee-6982509f9bb9,Student,None,0
307c7655-d238-4625-bd4d-92bc2fee2055,Student,10% Cashback,0
7e70848d-be75-4142-a774-b2c62b6f498f,Student,None,1
822e5b21-dedd-4995-98e6-7d2b04351d35,Student,None,0
516e4c97-d421-47d3-96cd-224a7183c7e5,Professional,10% Cashback,0
366456b4-2db1-49d4-a8ea-f9bfb8912099,Professional,10% Cashback,0
bc0e16d1-18b0-4894-9c8b-f8f1d3678b29,Enterprise,10% Cashback,1
be361d9a-6014-4080-9cdd-607955d0acab,Professional,10% Cashback,0
c9ec75e2-ded4-4250-a4eb-ac631d35ba9b,Student,None,0
61b87308-1dc1-45d1-9a93-a97e28df636a,Enterprise,None,1
f9e19c9b-2b17-4605-a21b-e68c8e2c0d77,Student,10% Cashback,0
689e4108-1cbe-4d21-8502-514c9bc983f7,Professional,10% Cashback,0
d049ae78-177b-4149-bb0a-94e74a263795,Student,None,1
9029a82c-b519-4f95-897b-62b98c65781a,Student,10% Cashback,0
38004206-80b3-4c73-9a4e-557d437840c8,Professional,None,1
8116ba1a-9dc5-467d-93cf-bf5a9846970b,Student,10% Cashback,1
ad27399e-021d-49ed-b42b-896421e37abd,Student,10% Cashback,1
5faf0359-8144-4ba8-94d3-25c0d47537bc,Student,None,1
ce0f43d6-0d28-4f17-a982-d04b43dbd0fc,Student,10% Cashback,0
d7d48ffb-adcc-4ee9-94a9-66bb210f7c02,Professional,10% Cashback,0
02b7970b-b4f4-4359-90c3-e625f1722417,Student,None,0
09de9d72-541e-439b-9faa-d5fc57198b57,Enterprise,None,1
3595513d-a65c-4ca6-a88d-203ef8533948,Professional,10% Cashback,0
5e294768-ffad-4c2d-a3b3-57fa8cc43708,Enterprise,None,0
2f6d5b33-56c6-492f-a0e2-a5464ac97a58,Professional,10% Cashback,1
87d6e5ec-7598-46c7-8170-297432b3180f,Professional,None,1
cca104f7-cc47-4955-bf5e-b377863ae9d1,Enterprise,10% Cashback,1
7dd89274-c63d-4c79-866c-50ec247fc76d,Professional,None,1
f6671339-5b9b-40cb-8f78-67a04250c601,Professional,10% Cashback,1
779b1dfd-6cb2-4899-bc77-fdabf6efabdd,Professional,10% Cashback,0
c2db423e-5a7f-45b1-9a9f-d6a006b92a76,Professional,10% Cashback,0
87172d0c-0b21-4875-9f79-e013ac963db2,Professional,None,0
c9acd57b-6bed-4bac-8d37-b988755d3dd6,Student,10% Cashback,0
58629f54-5203-47bf-bfdf-e3de035e10f3,Professional,10% Cashback,1
5b9b2980-0b9f-44af-97fa-0dbd4bbb93d6,Student,10% Cashback,1
cd05c5a5-2eab-41df-8905-621f20a3117f,Professional,None,1
a9a58851-6069-4abc-8a7b-60f23be365ca,Student,10% Cashback,0
bd5aedc8-f9ba-4dd2-98ff-a21fdff4eea0,Student,None,0
56d02f24-7620-43e5-b844-dae16c3edccd,Professional,10% Cashback,1
ee3ce684-985e-4c96-8bbd-9a68c5558747,Student,None,0
d4536daa-d0b5-4980-83c5-d84e326fa11f,Professional,None,1
9c86aa27-1dcf-4357-bf58-a57db7cac036,Student,None,0
74c45ee6-f6ce-486a-a9f3-dbda2e6f6a9b,Professional,10% Cashback,1
3d042037-fb91-4d46-864e-8de877577447,Professional,None,0
976404b5-da6d-4923-80be-4d92eb697114,Professional,None,1
016eccd2-55b1-404c-b056-b94e8b301f01,Professional,10% Cashback,1
6eb42353-a865-4335-9266-49a2f9aa3846,Student,10% Cashback,1
154e6621-953b-4915-9450-9764015aa915,Student,None,0
38ff6a98-2a50-4a6a-8f40-7846560c4382,Professional,None,1
30c084ca-51e7-409b-a094-c22863e87390,Professional,None,1
49f8f6c3-45b3-4b9e-8024-f825ed39666a,Professional,None,1
f67f6c1f-b857-4564-ae0c-b8bba93b736e,Professional,None,1
676952e9-9e39-4f87-a8c5-feb51348348f,Professional,None,1
a32f5d15-0997-4259-ae84-3a96a70c02b1,Professional,None,1
b2a5122f-4233-4272-adda-ac3b524de9d4,Professional,10% Cashback,0
138c8490-3426-4808-aeaa-123b450d7c48,Professional,10% Cashback,0
53dc9338-8b87-4f6d-9a03-ca6d6b6613e6,Professional,None,1
334bbb0b-ddf9-46a5-8be2-34325c678d30,Professional,10% Cashback,1
7ec48dae-ee08-45dd-b8b3-adba46eb20d8,Student,10% Cashback,1
b3cc3f2a-837a-4491-9735-e7bed3f41330,Professional,None,1
071ca8d0-67b1-4bc7-bc3d-a30957fe6902,Professional,10% Cashback,1
20064e9f-f2f0-4119-b5ce-e4802c1f94b6,Student,10% Cashback,0
bd93007e-d7ae-4d06-88dc-a8ece03b6574,Professional,10% Cashback,1
c73e7dd2-b5b6-4579-baf2-ef9d188b9c55,Professional,None,0
3b350f69-5019-4788-b6ab-ee81fd7dabcb,Enterprise,None,1
67009639-e8e8-4660-802c-e77a546e1990,Professional,10% Cashback,1
7808af9f-42c2-4708-9c3d-f1ccfb41722a,Student,10% Cashback,0
837f189a-18f5-49a7-adb8-dab6bab1ef5e,Professional,10% Cashback,0
b8606204-4268-4730-aa00-f600b9bbb71b,Professional,None,0
850896ca-82f1-48e7-bf17-143f74a734a1,Professional,None,0
0b0667ba-d335-4538-b584-72be4d3b7e77,Professional,10% Cashback,1
50e38528-65c8-4c36-a87b-ca1ef687645f,Enterprise,10% Cashback,1
d9d50581-71f4-4b89-b5e4-ce5a9043d32b,Professional,10% Cashback,0
56a621ce-d30a-41ba-82e3-dc76471a7863,Student,None,0
c8802d4a-b74d-4d1d-beb9-91c1fd08bd2b,Enterprise,None,1
e973bb71-9c55-4377-9bf0-16a17007ef2f,Student,10% Cashback,1
fd74f84b-ec29-4bca-b2ee-591997b68412,Student,None,0
ed5d1afa-26ab-400b-95ce-ae7bf4c34aba,Student,10% Cashback,0
10353da0-0f8a-41b0-b75d-78ccca090089,Student,None,0
4111c1d8-7184-4d79-a942-c19667044abe,Student,None,0
82d80721-f56f-4dc9-b56a-6d65da2a7f54,Student,10% Cashback,0
06223889-3154-42de-9c54-698660da18a1,Enterprise,None,1
38a5e474-8954-4bb0-b536-9d51fe51fe40,Student,None,0
bb270512-c647-426e-8d93-755952006486,Student,10% Cashback,1
a71eb359-b9bf-4d49-ab2d-dd1e87f67912,Professional,10% Cashback,1
5383b0a2-94c9-404f-b8b9-340c2d6f2cfd,Professional,None,1
a145b02f-bf84-4820-a1e0-306a92f6358c,Professional,None,0
4e5c02ee-675f-45ef-a5b9-4d3da28555fb,Professional,10% Cashback,1
7c46703c-2b48-4c3a-bf3c-30a8ed5fc157,Professional,None,1
974c6631-ba14-4a60-953a-2c1d89800c14,Student,None,0
5ebacd6c-55d8-4916-bfdf-cfaa2309907f,Enterprise,10% Cashback,1
9efb979f-68b5-4888-a493-c1338afb5a45,Professional,10% Cashback,1
b989002f-5179-4e91-9b05-0a718e89c2a6,Professional,10% Cashback,1
976972f9-7b0b-464c-8ea2-fa67583fa6a3,Student,None,0
7dfaab99-8dd7-421f-9165-130a551447ed,Professional,None,0
34875617-b67d-403b-afea-372b7896d04f,Professional,None,0
167476d0-678c-4b59-8db2-3297b52eefde,Enterprise,10% Cashback,1
8ae62667-ae03-4192-b2f1-8b076d8d2355,Professional,None,1
2ffb66b8-0a1a-491c-9108-dbab0ce49f08,Enterprise,10% Cashback,1
e5a5c2e0-0c10-47be-a15e-e9887758a9d7,Enterprise,10% Cashback,0
750cff21-0f48-4ba3-a059-0256caba9849,Professional,None,1
1b980885-ad4c-4cc3-8bfa-78b98079731b,Student,10% Cashback,0
fbc11e3f-3c28-4b0c-ad4e-382620c949d4,Student,10% Cashback,1
3c517ea1-fb0d-4ece-9854-312dfb6cf9ec,Student,10% Cashback,1
dce6d64c-e3ba-4838-8b12-989136515bf6,Enterprise,None,1
ed2c37f1-fa52-4ec7-9180-fa3812507824,Enterprise,None,1
3bb3b200-bf03-4ffe-95ff-c3870447cbd2,Professional,None,1
50b411f6-00b0-4351-a073-949c43c858ec,Professional,None,1
73d308a6-62cd-43bf-b0b0-b244f2afbce6,Enterprise,None,1
4b03906b-0b5a-4c72-b4f4-d271f7ae84cc,Professional,10% Cashback,0
2b806134-779d-4c22-8a4b-454e3543a0ec,Enterprise,None,1
7ee2b072-ff7b-49de-836a-1609cb4b7571,Student,None,1
382ceb71-c710-4a87-bfd0-fd21258abfac,Professional,None,1
656c7f67-a249-484e-9457-fb25c4845ff7,Professional,10% Cashback,1
915fd9b2-03e6-404b-9fe6-f8613e893322,Professional,None,1
81519e28-7376-45ad-b9e1-070ccc557246,Professional,10% Cashback,1
fa347659-bf89-473c-b8b5-224cbb16982d,Professional,None,1
61063e88-e05b-4a9e-a8bd-bb2420aaf130,Professional,10% Cashback,0
c51ecbfb-4654-46a2-8cae-aca905f4e3e5,Student,10% Cashback,0
0ecaf9be-ff3e-4278-8441-185d875cf6a7,Student,10% Cashback,1
8c06a752-f868-41ac-a369-a41159c24152,Student,None,0
d026f00c-7cdf-4de9-8a33-5b243a77816f,Professional,10% Cashback,1
238786ed-f855-4ffc-b533-642bd3532e07,Professional,10% Cashback,0
85b7689b-6699-46c4-8f04-7bb3b2b76b76,Student,None,1
0cd4b16b-8154-4ce4-9d5d-6b096479d015,Professional,None,0
d9b91426-b7b6-4122-baf0-dcb8eb79e089,Professional,None,1
e3280491-928c-49a0-8805-21e438090426,Student,10% Cashback,1
bedfaa70-1e45-4d1e-8036-558f1474ecd3,Professional,10% Cashback,0
44c7612a-b022-48c7-8666-a7f76a8cb8cf,Professional,None,1
fb4c373d-efec-416e-96e2-49a2070ecb72,Professional,10% Cashback,1
7f0fdda5-c70e-4e47-bbb6-e80005382250,Student,10% Cashback,1
971d9667-f53c-4bb8-a055-70e7e7768e44,Professional,10% Cashback,1
4e2f0b82-ac43-40e5-9fa7-45a1287587c6,Student,None,0
bac764cf-fa04-46f3-a2b8-46045fb7d423,Professional,10% Cashback,1
c5d27248-0c7f-4767-9016-fb3fb46f7055,Professional,None,0
236c7cb4-8d12-4ea9-8c45-c52474c56e2b,Professional,None,1
610c87ca-c256-4661-8f8a-2bcb113bc597,Professional,None,1
ae08fcf3-95ac-4876-b12d-bb8c64159443,Student,None,0
da646765-b7b8-42d6-b328-5e6dd1c01e08,Professional,None,1
ac370b19-4843-4fad-a39b-0dae8ec34d22,Professional,None,0
3815d4af-8bfd-4542-b4b6-091ae86ae09c,Student,10% Cashback,0
697b552c-e572-44a2-84ba-886d93bddff6,Enterprise,None,1
b9514923-8f4c-4394-9e2e-db3797ff0bc9,Professional,None,1
9661e88f-7ccc-4f42-8624-d57b51a9d510,Student,None,0
fa6d8f2f-1a9b-494a-83a3-bd37a1a47f6b,Professional,None,0
fd9bd473-7a4c-46cf-a0d9-35ff9e12dd5b,Professional,10% Cashback,1
a50adb9b-916b-41cf-8320-f2480241ba52,Professional,None,1
5a795dea-3e38-407d-aded-172bc82ec808,Professional,None,0
87c50caf-e9d9-4d72-a792-b041eeed763f,Enterprise,None,1
ae29f6df-9ffa-4690-8891-133c647ef7c6,Student,None,0
19ccd812-bb37-4a43-8404-601c8348d17f,Professional,None,0
333fd17e-ef07-4080-8bb5-ee0fefd2b920,Enterprise,None,1
28fca4ee-1a1a-4a32-a475-83d758e92688,Enterprise,None,1
4e7b7100-9a10-4017-b7cf-ca5a6237f168,Student,10% Cashback,0
f24b3b19-5301-49ac-be12-831c6a36d068,Student,10% Cashback,0
057b87bf-fe64-4ff0-9d6e-ff1b880e4a26,Student,None,0
94b5149c-7eb6-408e-b217-e8e654b08a90,Professional,None,1
6c43a626-770c-499a-bed0-b7990842458c,Professional,None,1
1bb5f43d-e95f-4ea2-9b28-23a8fa31bafc,Professional,10% Cashback,1
1e4a170d-0b96-4d3e-9ce5-b4fc6dc14725,Professional,None,0
f235ca03-2998-464c-8da5-675796532403,Student,10% Cashback,0
48ff30b1-bbb0-4ef4-a53c-e08c161dc93e,Professional,None,0
9a4b02db-d281-468f-8ca7-15ffe86ec282,Professional,None,1
0c9f8c3a-3ba5-45d5-aeeb-d3f807b88eeb,Professional,10% Cashback,0
5e525d8a-e446-49a9-92d5-2de8c145946a,Professional,10% Cashback,0
c102368d-6c23-4d95-9887-1f23052185ec,Professional,None,0
f77f9de8-3dc6-434d-a098-e3940836d75e,Professional,10% Cashback,1
47d393b7-c8cd-4f60-95d1-1631b5a4f146,Enterprise,10% Cashback,0
b946851f-d2e4-455f-9b45-221fb579810f,Professional,10% Cashback,1
45bb159e-904d-40ed-a34a-72dd26be7d71,Professional,10% Cashback,0
41a1bf47-be77-48dd-ac66-71ccaeb07a07,Student,10% Cashback,0
0122abd2-2172-489f-aed3-bbb77f9f2135,Student,None,0
778c5ea9-4f78-461a-8cc0-ac67eb2b5884,Professional,None,1
e87c9295-4ecb-4334-8ecb-fbb56be9bdf7,Professional,None,0
0141cf74-93a5-44bc-81ef-553933d58ec8,Student,10% Cashback,0
2741051b-1495-4ad9-bc97-70ce8d9b5f81,Professional,10% Cashback,1
5c66d184-a406-449f-bccc-c919cddd795a,Professional,None,1
11de52e4-82c7-47e6-a702-934a1742f5a3,Professional,None,1
a6afa6aa-85e5-4b06-b8b6-20ea9050fecd,Student,10% Cashback,0
db1897d2-d11b-403c-aa15-324dbd5b1088,Student,10% Cashback,0
1139f665-af69-4bb5-bc91-e1653e8fec7d,Professional,None,1
c63742f7-9f05-4dab-9405-802bb6d320df,Professional,None,1
770232b6-5505-48b5-be7a-2895fd904ecf,Student,None,0
9e1133cc-03ca-48db-8c2c-c10afda2c14c,Student,10% Cashback,0
a23ceac6-72a4-4951-b1ae-d1287026c389,Student,10% Cashback,1
c88858e0-981c-4169-b2bc-d6a59e47a327,Professional,None,0
c3c067a6-fff2-41de-975a-842f54254a46,Professional,10% Cashback,1
ae8af117-789a-4be1-9366-3a8809949067,Student,None,0
e5c657c4-7a5b-4bfa-93e0-df67d399b78b,Professional,10% Cashback,1
4dad21c6-6481-43f0-9d32-2bf0c7b660cf,Professional,None,0
f64be0c3-1358-46bc-838e-310d072bc7b9,Professional,10% Cashback,1
3cd66a8d-009f-452b-9af5-df154bc47e35,Student,10% Cashback,0
f9d021a9-36df-49b6-8b2c-6bb7b61571f1,Student,10% Cashback,0
31bfa03f-a876-4347-bcbf-08445d120a26,Professional,10% Cashback,1
5eff46c2-e6d4-4af4-b31c-df6c200d1201,Professional,10% Cashback,0
f0804fcb-38d1-4cba-820c-fe09027459a6,Professional,10% Cashback,1
84130e62-39e6-41bb-bdfb-488ba61e0130,Student,None,0
fec95a38-15e2-428b-980b-a7166c3b7fd4,Professional,None,1
8ab50402-5fd7-40a4-afdc-5119c7c5cf9e,Professional,10% Cashback,0
e12552b2-83bb-4d8a-b80d-9d9384f0ba71,Professional,None,0
3f0a60e6-a38b-4e94-a58d-91743ddb405a,Student,10% Cashback,1
6ab057b4-d115-4311-a01f-f99f7b7ddedb,Professional,10% Cashback,0
5307b73d-bff6-44ee-a346-081a2259eee1,Student,10% Cashback,1
11c68bb8-4b1c-4bb5-9e65-9184c29a0435,Student,10% Cashback,1
5768ae17-b1a6-4254-8bf6-f7a4bf7b29b6,Professional,None,1
7114d802-4918-4085-b2bd-49bf604c95ae,Student,10% Cashback,0
ff5b5b76-5aa6-433e-8c16-1db56d83e112,Student,10% Cashback,0
221b5a71-60d5-4f53-872a-4a5976f6ba51,Professional,None,0
a60f6100-4b0b-41f6-9952-50c638b1341b,Professional,10% Cashback,0
81844602-0fa4-4b19-b91a-bcdea04e4eb1,Professional,10% Cashback,1
838b0c63-7148-4cb1-969c-85f133f5c7aa,Student,None,0
7010abc3-b519-48c5-aa26-5e0cafb3381f,Student,None,0
e955af0e-9ec4-4769-9d44-4f1b3ec0a163,Professional,None,1
5811640b-4943-47d3-9cd0-5274d73061c8,Enterprise,10% Cashback,1
7c090862-2253-4335-b7cc-2b4741a02561,Student,None,0
f8f0bd94-f217-496d-88bd-1d6444bc394a,Professional,10% Cashback,0
284490bd-2257-4f1b-bac0-8d56e4226cc3,Enterprise,10% Cashback,0
ae6b36ab-6711-47bf-9dc2-6939121dff42,Professional,10% Cashback,0
63f8420c-9ef0-44f4-ad11-f357d56ba5ec,Professional,None,1
de8b2c39-d17b-41cd-83a0-df1b6b991e4b,Professional,10% Cashback,1
b714c4f7-02b2-4794-b338-67f2290a0013,Student,10% Cashback,1
477310f7-dd13-4e10-853a-e1fdadf075f8,Professional,None,1
a79ac177-adac-40b8-bbfb-c02398422108,Student,None,0
dd4c36aa-ecc6-4541-b0f1-06b6882f5da3,Student,None,0
7b660a7b-7d6e-456b-ad6d-a61bd9aef8d6,Student,10% Cashback,1
d13c3e54-2acd-41c2-bdef-b2fea935e3f1,Professional,10% Cashback,1
408c0569-eb71-4031-baed-ff1193ac21ae,Professional,10% Cashback,0
e45bdc5a-e173-44e4-9bcf-e6010b844204,Student,None,0
552f94e0-0833-4f5f-8caa-4808cb0a9a33,Professional,10% Cashback,0
0879a8f5-3f89-4acc-a883-c48a8cceb3fe,Professional,None,1
f5869e8f-43ee-4747-a262-38be4bb0c672,Student,10% Cashback,1
fae272ec-7781-4993-953c-b10a0e1eaedf,Student,None,0
1ecb858e-1b4d-49f3-bbec-413985daa737,Student,None,0
60c04aa8-8732-452a-b14a-7e1a6274518c,Student,None,0
936cbbac-515a-4012-b5ea-564d8dd60dad,Professional,None,0
2f689b58-0e49-45d8-9713-55e97401b5d0,Professional,10% Cashback,1
7929f55e-bfd2-4f2b-8ff8-8d2fd34d7c16,Professional,10% Cashback,0
20b7be21-fefd-4a9d-99aa-270fd43540ab,Professional,None,1
95034acd-f122-46f4-a860-ca7457f126e7,Enterprise,10% Cashback,1
6d9c66d8-e12c-4f4d-9e71-6c515148a691,Enterprise,10% Cashback,0
1b359037-7b86-40f4-af3c-ef6b6e7cf861,Student,10% Cashback,0
bccdf8ed-ccf0-45dc-8a03-4311f71a2e8b,Enterprise,10% Cashback,1
a77f47e3-89c7-47b6-b74b-bb117b69bfa7,Professional,10% Cashback,1
a15de582-a6e6-4b92-8216-032efbe1f504,Professional,None,0
877d809d-b573-4423-bd7d-524521193c5d,Professional,10% Cashback,0
c274c75d-5786-4257-8a13-827a4dd46a03,Professional,10% Cashback,1
6f7e4f54-8a18-449e-8c61-b5343be21a35,Student,None,0
e776a3d7-2964-4f16-ba1b-131e2b45c46d,Student,None,0
670b75fb-777a-45b2-beeb-b330eab2f3a4,Student,None,0
2a146781-59ed-49e7-9f2e-c5f82e389738,Enterprise,None,1
da1511fd-a333-486a-a569-f28e32399248,Enterprise,None,0
3ccb6a8d-bd28-4349-93f9-85f9b616dabe,Professional,10% Cashback,1
bb8cbff8-6a8f-4b9a-aac6-e327827935ac,Enterprise,None,1
05a418fb-5154-4545-a76a-b7d2e8ea8fb3,Student,None,0
55280b25-1f17-4fb4-8fd4-bfeb44fda819,Professional,10% Cashback,1
5e2f1f79-c7ba-4db9-9078-5836f984fcb9,Professional,10% Cashback,0
b2d34299-4488-405d-bfe8-3e1fcf9ad221,Student,None,0
d48b8e62-2c00-45cc-ac97-7adf6842c74f,Professional,None,1
d28008e4-77e8-4439-824c-4cc676c248ec,Student,10% Cashback,1
5147f634-d20a-4a94-bb2d-b4aaa0d1a778,Student,10% Cashback,1
48b5c0de-77bb-4b2d-9e84-5026ca8e9a89,Professional,None,1
bb8190d4-6af0-4a32-8ad3-5743eb963896,Professional,None,0
9ca6c133-e8a8-49ab-a377-12cf6ae2c27a,Student,None,0
9ca5b233-c0b1-4111-9d2c-99983bb150f1,Professional,None,1
7054f3ea-b3fc-4e21-84f7-b9f08a1d9d57,Student,10% Cashback,0
c82afb40-4011-4f1e-95f2-67639af88cab,Professional,None,0
5d459e12-565d-480f-a988-a62356e49346,Student,None,0
d1d2e455-b093-426f-895b-f9961d428e69,Professional,None,1
5caf56d5-33a1-4556-9b3a-374016cb7637,Student,None,0
26278161-7d8a-48a0-969f-86081daef819,Student,10% Cashback,0
910f34dc-c3af-45e9-b2fc-f4c5fe10cdc6,Student,10% Cashback,0
1e8a1762-277c-4ac9-9255-9244b319bb8f,Student,None,0
81d4069c-13f5-45ed-896b-2bdcc20145f3,Professional,10% Cashback,1
4a0740b7-48c9-4c0d-bd6c-989df41ac457,Professional,None,0
bedc84ff-1725-4a35-be25-e37b9d60b3f4,Enterprise,10% Cashback,1
108f8b86-d3b2-49f2-a618-2e8b2431953f,Student,None,0
01b02c89-1972-4afa-8486-298bfc40bfb9,Student,None,0
fd3bd22f-20a4-414d-b5c7-f65f3067edea,Professional,10% Cashback,1
0f1aea6a-114e-4ff1-8d94-01232a12ee69,Student,10% Cashback,1
902ac8d2-908b-44c1-91b4-58369c8e2a15,Professional,10% Cashback,0
22068790-d198-4b56-8571-ce1e7c3689e8,Student,None,0
b7ecc153-4e47-410f-b3b5-a80a1872d7b7,Professional,10% Cashback,1
0037e711-8214-4681-90f4-adca0d427143,Student,None,0
19e2e0fb-8328-411e-a0c1-5480d7a3e631,Enterprise,None,1
577e15d2-be09-44ab-9726-8b0d4d6c6aa3,Professional,10% Cashback,0
9fc16265-015c-4b34-bbea-53dd147c04b9,Professional,None,0
3519cbfc-bb6c-478b-b280-e56bd8955080,Student,None,0
4126b679-305b-459d-bdf0-b416f660540e,Professional,None,1
b6133d1a-28f8-4408-a35e-1ec3f1de1765,Student,None,0
eaf7b259-09a5-4e56-81b3-b75bda3c6de6,Professional,10% Cashback,0
0b7986b8-6780-43b8-ac30-9c45ec2f5a12,Professional,None,1
5ed4d23b-c47d-4579-bfce-e9043cf6d7b0,Student,None,0
9bb0dd08-f1e0-4653-99f2-1fa3d736d57e,Professional,None,1
72da62da-419b-4d33-9c51-631394e1e470,Student,10% Cashback,1
944ad640-0632-4c89-9fe0-ca6ab9521539,Professional,10% Cashback,1
0cc272de-dcba-46ad-bd87-3ae36e931e12,Professional,None,1
40218948-d574-4c8c-8062-a4059afebd2b,Professional,None,1
06e4ca77-d18d-4e66-baba-4780935a76ae,Professional,None,1
d0f10ecd-ae9b-4cab-b2e2-9fe726321267,Student,None,0
5fee85ae-4401-4bf5-a736-3cd29854ee58,Professional,10% Cashback,1
0989ff5e-99d5-46ce-99f0-1c7beb0d2b88,Enterprise,10% Cashback,1
96f14cde-a50e-428c-bb07-dac4d6dee76d,Professional,10% Cashback,0
8869a5e3-ba93-4ef9-83cd-d340c1c12ee1,Professional,10% Cashback,1
8c8880b0-3141-465e-ad00-f9f5032791be,Student,10% Cashback,0
3e5c9e1b-31bc-4671-b191-33caa811a812,Enterprise,None,1
0e9169b9-9ade-48da-aa36-d5d7039362bf,Professional,None,1
310d3c78-c3f6-4fa7-aab4-72d48e2a774d,Professional,10% Cashback,0
0d7fb18b-f162-4be2-9c96-46a621daf703,Professional,None,1
b928d3d0-d9a7-42f3-9b5b-f7e16c0dd64a,Student,None,0
50808707-93fc-4dba-a5dd-4141c193b71d,Professional,None,0
4e233db5-d986-499e-bd32-0eb6a9b3ca76,Professional,None,1
446b3bad-fe1d-4077-ac99-b057c2d35cbb,Professional,10% Cashback,0
53fbdbcc-d6da-441e-b7f3-861edcef4911,Student,None,1
f6e0096c-230e-483f-8079-6c66fc0501c8,Professional,10% Cashback,1
bcaff0b3-422c-4683-9a6c-fb3a656c897c,Professional,10% Cashback,0
ddfbd1b9-1e0a-47ad-8119-c13ce889e55d,Student,None,0
358e30ee-c015-4804-a57a-6b7a90fe4690,Professional,None,1
20b9b7d5-08c5-4027-b22b-0d08c68a7d4d,Professional,None,1
c25f3aaf-c89e-4b10-abdc-f569be899b74,Student,None,0
aafc4a4b-7d1d-4475-b279-8145f4b172eb,Professional,None,0
de364597-5360-40e1-8c3c-3a15cec611e2,Student,10% Cashback,0
a42f147e-18fc-4aed-8fb8-7d3a7b769e90,Professional,None,1
308728ef-3281-407b-8de4-434e2f76fb8f,Student,10% Cashback,0
f33dc862-8798-49d5-942c-180e8d3f1830,Student,None,0
8b29d90b-56a7-42e2-bedb-b19d23a73bcd,Professional,None,0
3ab0020b-e1c1-47e8-ae8a-c8720a444092,Professional,10% Cashback,1
fa138064-112b-495d-8dda-6657be872c52,Student,None,0
122a1417-449e-4f46-8673-7127789d2d8e,Student,10% Cashback,1
2752bdef-c9fd-4cdf-bcb5-45a6fefbd882,Professional,None,1
29ddbe36-2120-48e8-81e3-a5ab521f3a8f,Enterprise,10% Cashback,1
fc1d1b9f-3ae4-44d6-813f-170616e13bd0,Student,None,0
ae46a790-6541-4291-acec-fec44056e723,Professional,None,0
7a510121-f9c2-4f37-989c-0809e93cbdae,Professional,None,1
3011627a-b989-49ee-8225-a74fd98a9592,Professional,None,1
052ba776-2fd2-4713-912d-666c02ccb2ee,Enterprise,None,1
1f90219d-b591-4dbc-906f-2446f047bce6,Professional,10% Cashback,1
8779d5c4-87ee-4800-a1b4-2b6c849003a5,Student,None,0
377e2ccf-a0cb-49eb-bec8-45332db01de9,Student,10% Cashback,0
578385ae-d8b5-4a62-87d3-823b6eeaaacc,Student,10% Cashback,0
44619cc4-fe60-42de-97b2-d95af50907de,Professional,10% Cashback,0
cae1c386-a7ea-465f-97a3-6357a7d9fce8,Enterprise,None,1
562b406c-a55e-4477-889c-cbba543f432f,Professional,None,1
60a31f4a-4164-46cc-a66a-4ee05e720f54,Student,10% Cashback,0
bf292315-8528-4333-94d7-921ee8b75695,Professional,10% Cashback,1
cbba8197-3fa3-4c89-a794-a30293cc99a0,Professional,None,1
f8c7e5da-e232-45a6-8dec-e1f640dc3523,Enterprise,None,1
eaab2bc0-c636-4b23-94d5-9424e1d409e8,Professional,10% Cashback,1
dafd0d86-e450-4fc2-8416-5116084b04a5,Enterprise,None,0
63c658b0-9f79-458c-8e24-9db342802853,Professional,None,1
cb933b44-2370-4578-8c45-a3926bd5da0c,Student,None,0
52091c8d-d879-4cd7-8408-138dbbdf0885,Student,10% Cashback,1
885cad48-b267-4496-973d-fea76b1dec10,Professional,None,1
3090e9cb-9233-466f-ac38-fd03291a6b97,Enterprise,10% Cashback,1
e4e82da2-2211-4146-86e0-10c883f8c6f5,Professional,None,0
5c9194b9-8b78-402c-bc84-8c8deabaa5fb,Student,10% Cashback,1
87ab152c-7b20-470b-9bcd-7586d58c00f2,Enterprise,None,1
a499fb5a-7bc2-4949-9a08-5fee1b0a0787,Student,10% Cashback,1
73bcd5b6-8393-4650-8291-8385e76718ae,Professional,10% Cashback,0
32dd0acc-3a3f-4e60-b4a0-7192bc59e16c,Professional,None,0
d290aaa4-41d5-4e1d-80d8-c917c464c64c,Student,10% Cashback,1
a23816d8-24a2-499d-aa38-edbf91e03c17,Student,10% Cashback,1
ee83a760-a5b6-4bce-963b-efa8499fb932,Professional,None,0
1da5f15f-e424-4716-a48d-2fdaa80048b3,Professional,None,0
bc26f005-927c-414a-9ae4-b7075b8ef6c4,Student,None,0
4c7bef6d-3a1e-4566-8f0c-a43c224a1e9f,Student,10% Cashback,1
2fdcc933-459b-4bac-b416-c6ab1e9bee54,Professional,None,0
baa45e76-93d8-46aa-ac28-85e2780e784a,Enterprise,None,1
70f27440-ab9f-4ef9-b079-d048e4899aab,Student,None,0
7732215d-e9f4-4836-b573-837b52a618f2,Professional,None,0
7e854c7a-600b-4d06-912e-b0a81d3a9b94,Professional,None,1
753141a0-adb2-4eb9-bb11-0d65ff8f99ce,Professional,10% Cashback,1
b9682005-4ac8-47ba-8fc0-b2cb4a9e3b22,Student,None,0
a58af199-9af8-47b2-9267-c42eccfbe0fc,Professional,None,0
1fa707d4-4888-4c8d-b076-2014357f2456,Professional,None,0
65b0fe80-f8d0-4006-ab4c-abbb0b5b5d30,Student,10% Cashback,1
5ec7da94-c6eb-4fb6-ab41-41147691082d,Student,10% Cashback,0
926267cb-604a-4544-b4b8-66ec077162b7,Enterprise,None,1
11062d38-4b3e-41a6-ad17-7e00a0b632c0,Student,10% Cashback,1
72da937b-0812-4254-b0ce-80f82bc1c3e1,Professional,10% Cashback,1
fcf858e4-5006-4fee-b4bb-29b31e75f25a,Professional,None,1
c009d187-8ed7-44df-abef-e8c31e075840,Student,10% Cashback,0
9c4f39b0-2dc3-4f9f-a097-b1b086a45d64,Professional,10% Cashback,0
8dfc17dd-984e-4efd-9e11-7cab4ead6ec7,Professional,10% Cashback,1
649e94b0-9f2f-4077-ad86-bbaf48d13692,Student,None,0
b25c90cc-8255-4035-9096-cc17f809b453,Professional,None,0
e512ed33-4c64-4da9-b263-4dad70f1b67a,Student,None,0
2ecc46de-6d3d-4e1a-be2d-372fe4919409,Student,None,1
e306777d-fe22-4f6c-a6ce-33505daa89f2,Professional,10% Cashback,0
017dce90-f8ba-4fe6-bdab-e62bad7b78a7,Professional,10% Cashback,0
574da45d-8cda-4a74-9ee6-88eaeb8bc7a8,Professional,None,0
70e59ae6-4201-4071-8db4-4e757bb07214,Professional,None,1
27fa25ef-4fe9-4358-a20b-7e7b161af459,Professional,10% Cashback,1
4d80671b-0a27-483b-8b2b-3255328b1be7,Professional,None,0
ad2c6c20-375f-428e-8fe3-dbfc7a5c1120,Professional,10% Cashback,0
d578bb8a-b5b6-4e93-a38d-dc2db52c6712,Professional,None,0
b9428fda-da1f-4e3e-bac2-a4cce69a14d5,Student,None,1
b6dc5d4e-9151-4cae-8b32-756047ca5966,Professional,None,1
20787f47-03f6-4cd7-b1db-0acd3fdafbf5,Student,None,1
8aee0681-1ddd-48aa-8dfe-cd4ad5d0559f,Professional,None,1
05e8266c-80e4-46b1-b863-2c0beae52042,Professional,None,0
06b2af61-f465-4800-805c-49272e79284e,Professional,10% Cashback,0
2f83cf25-f331-4680-964c-20e240986351,Student,10% Cashback,0
99232b20-0989-4f30-8d1a-f8560a34b20f,Professional,10% Cashback,1
6bec7d1c-9de5-4590-9deb-8199c59ce32a,Student,10% Cashback,0
5ef6267d-4397-4776-87b2-8fd04adcb362,Professional,10% Cashback,0
09018ea4-154e-436f-9af5-741849c5a704,Professional,None,1
70355571-ee71-4d3e-af95-fe8891b25ede,Enterprise,10% Cashback,1
825aef32-87c5-48b9-90d2-1641432f7705,Student,10% Cashback,0
78e505bd-485a-4631-9785-3a99e4cfb8b5,Professional,10% Cashback,1
8ba802a5-2509-46b2-b15c-bdcaf4a2644d,Student,None,0
c37f2417-74a5-40e9-bdd8-1e5b5385e140,Enterprise,None,1
0e632cf6-2eb4-45c4-9ae6-392dd96401fe,Student,10% Cashback,1
ab3e9084-a5a9-4352-8454-c6cef3e2c052,Enterprise,None,1
1d9aa054-8f93-4200-a834-edf5cd4c4cda,Student,10% Cashback,0
47b6400e-276f-40de-8158-098a3b916f00,Enterprise,None,1
8b60e53c-ee2b-426c-a28a-13951ba53799,Student,10% Cashback,0
5fc9e968-e3d6-4621-8724-9e64bfb12dfc,Professional,10% Cashback,1
8a38db28-2d7e-4a5e-9816-029a93198669,Student,None,0
5bf3623c-f91c-4ec5-b09b-bff873cf0587,Enterprise,None,0
bda8a307-8592-4c18-bc47-a3c250f69e33,Enterprise,10% Cashback,1
4160b8d8-a38c-46c8-a19d-e1afbbad2016,Professional,10% Cashback,1
6b36f361-b35f-45f8-a106-7bcf3de320bb,Professional,10% Cashback,1
d518a218-321f-4705-b79c-a1d496e1b133,Professional,None,0
cbb5a630-85a5-44c1-a70b-5d27e11e2841,Professional,None,0
c59eb763-1760-4d4a-8d1f-2806bdb2b764,Professional,None,1
b3fb244b-5f15-4acc-bcb3-41e29ad4e65d,Professional,None,0
2d9903a0-0669-4a50-a86f-2631b2ecbfe1,Professional,None,0
43657660-1162-4f4d-a2ae-7f9518a1fa94,Professional,10% Cashback,0
2f12dc03-5d4e-4fc8-8b04-126460fe9be4,Student,10% Cashback,0
87d13a14-ebf1-4f10-94a9-fcff036bf72c,Student,None,0
a1032940-ebef-40c3-aadf-f71141de31ba,Enterprise,10% Cashback,1
32a1b0a7-1c74-4712-8655-2fc993954917,Student,None,0
411bc0e3-bf12-44fc-86c0-51bca1ad07e7,Student,None,0
45c9c3de-a11f-4c0d-aded-683507c63b81,Student,None,0
f6020cc4-a66e-404c-9cee-f8e861d21423,Student,None,1
65124d08-88b1-4d83-81e4-dd065c581f26,Student,None,0
dbc80243-a533-4097-859a-99bb913377a6,Student,10% Cashback,0
765d99ec-1f59-417d-b268-68df4f1b3237,Professional,10% Cashback,0
9dfdef26-eb8f-41b4-8a35-72f1b97b8332,Student,None,0
635143e2-069e-4042-81d8-fb4882b32739,Professional,10% Cashback,1
5ccb373a-d517-4fdf-ae3a-44916375a67a,Student,None,1
f4c9ce1c-7600-4656-a21c-51cfea472569,Professional,10% Cashback,0
305d97d2-a83f-4271-a34e-6be102733fe8,Professional,10% Cashback,1
53668482-ec73-4101-a0e7-78f60fdf449c,Student,10% Cashback,0
8ea2589f-924c-442c-92b0-94a1ffa7c8f7,Professional,10% Cashback,1
7e4e7c50-7c84-4070-9eef-ee6a2e503161,Student,10% Cashback,0
0d4bdacb-bcbd-4d92-ac83-265a586bdfe9,Student,10% Cashback,0
e5ab62b8-a24e-4fe4-9ac5-fd3ec7d57703,Professional,None,1
a11524d0-b36e-4e88-85b6-1734bc68a376,Professional,None,1
83853564-6fa5-40a7-b197-71b9b585169f,Enterprise,None,1
2a6fc222-e0bd-4a94-ad51-a153f282b375,Professional,None,0
2a495356-3197-4cba-9eaa-7e3ddea911ab,Student,10% Cashback,1
933b82ba-c094-4119-983d-1ac366880435,Professional,None,1
d667ca9a-511c-4d99-934d-950f92207018,Enterprise,10% Cashback,0
8e27c03b-eaec-4c1a-b20e-91b61a68fed5,Student,None,0
eedf235b-e9ac-4468-9ea4-a8b1c7a0c642,Professional,10% Cashback,1
2f4019aa-afef-480d-b309-da83caa25ed6,Professional,None,1
27d14507-9d89-48bf-b882-f84c32194494,Professional,10% Cashback,1
5a126edf-0149-4cdb-87ad-f815e7856d11,Student,10% Cashback,0
ef63ab57-0fbf-4b21-b0c7-cf01c6c47209,Professional,10% Cashback,0
d38e2bf0-ecc8-4350-b173-e84b8fb11ada,Professional,10% Cashback,1
b342b6f2-5b22-4c83-b744-76bee79e7ccd,Professional,10% Cashback,0
777ea571-0b13-4824-b983-4189ac9a457e,Professional,10% Cashback,0
08d726e2-ffad-44c2-afcc-31c76cda8730,Student,10% Cashback,0
0dd52a7b-b4f5-4869-8553-314c40ec4248,Professional,10% Cashback,1
b984c079-a0d5-4d79-a19b-191742e91db4,Professional,10% Cashback,0
19ff20d1-3f22-44bd-acaa-aa4c109b38d2,Professional,10% Cashback,1
56ac75b1-fffb-42b4-893c-01c42cca92ca,Professional,10% Cashback,1
6581df6a-e8c5-4b10-b041-0765b79dc79b,Student,None,0
29b60912-ea03-486a-a824-5519b873f5d6,Professional,10% Cashback,0
70eea605-701e-42f7-8433-fb5e06d231b4,Enterprise,None,1
b7ff3eb6-2c0b-4f2f-9d5a-3c355ff5468e,Professional,10% Cashback,0
369f65a0-9757-4a76-a7b2-722f5e4b18e3,Student,None,0
d6165c86-4af0-4f43-8f20-d17ed6865e88,Professional,None,0
ef90b16b-808f-4fda-8c53-bdcd75ec370b,Professional,None,1
b0a8ec86-f55d-4365-8dbb-84b0c4f85c70,Student,None,0
0f645039-9731-47f5-b48c-28cd2375b51a,Professional,10% Cashback,0
c09b02b3-6954-4844-83fe-2e93e4dee07d,Student,None,0
83fc7afb-560a-43ad-9b8b-df98a7f7c2a7,Student,None,1
ccda6c79-4b42-4920-a17c-843d5adf84e3,Enterprise,None,0
a65a26bb-8094-4e95-b9fa-308ca514eb7c,Professional,None,0
dc28ceb9-b3fc-4052-8013-3f432a73a399,Student,10% Cashback,0
333457ad-ec36-42a4-91a9-cb01236593c0,Student,None,0
b209d723-210a-4cba-87c3-54e870ee9f87,Professional,10% Cashback,1
311d9f8b-11bc-4fec-bd2d-92944603f4fa,Student,None,0
e542ff1f-feb3-454e-8378-d7889b564114,Professional,None,1
9a5b0153-4a4c-4e0b-bdad-7abd0676eed8,Student,10% Cashback,1
fffb5b36-8899-4b10-8e04-1268a3901703,Enterprise,10% Cashback,1
bb031983-9b09-437d-859a-ffc93a1e5049,Professional,10% Cashback,0
39ef47d3-ffd9-43aa-b98f-5a7ed5af8556,Professional,10% Cashback,1
f2354924-77ad-4057-8f2c-92802b769e65,Student,None,0
3248d369-c868-4c8b-a52a-d5a99ac61599,Student,None,1
9e5ea8ca-f079-4afb-ab41-d31dc25137b2,Professional,None,1
1090c259-3819-4024-a983-f275074920a6,Professional,None,1
05cb98a8-0229-4645-9782-2b93b885d3e8,Student,None,0
005ab6b8-d192-4638-a0e8-205676800c64,Professional,None,0
06473646-5cf0-44e5-8a54-804362551a40,Professional,None,1
705a7e35-f60d-4f22-b31f-4817925e9849,Enterprise,10% Cashback,0
c1e80849-9a4f-491f-9681-72e5a785b16b,Student,10% Cashback,0
3a1270fc-afa3-4359-b9c0-c651999018be,Professional,None,1
976ea3ae-b34a-4647-b784-aad2e4e9df01,Student,None,0
ba9755b5-0db4-4238-9261-4cb187a04779,Professional,None,1
bfe2471d-947b-4e1c-81d1-938541e6812f,Professional,10% Cashback,0
69b84383-c4de-476d-b554-ab9151525640,Professional,10% Cashback,1
14d08190-a98c-405a-a338-867e718f3ada,Student,10% Cashback,1
5bad3a37-8466-443e-9ac7-124964dc358b,Professional,10% Cashback,1
0516b4c7-c21c-445c-8df4-537671ec2c67,Professional,10% Cashback,1
6854d742-2828-4acd-b803-6d62aaf95977,Student,10% Cashback,0
94e12e0d-6002-4be0-a58e-1b8a0a9a0945,Enterprise,None,1
53f0aca9-467c-40ff-8cbf-138d7e78a531,Student,10% Cashback,0
63ff6907-01cb-48d1-ba4b-c6827ff940ad,Professional,10% Cashback,1
00aa8e8c-0660-4c23-bcd3-def41991b0db,Professional,10% Cashback,1
3b723c0e-0ff7-41d6-ac92-dac243f89e1f,Professional,None,0
7cd499b2-af1c-47bd-bbbb-d8925980e759,Student,None,0
02cb4d64-77a7-4a81-8283-903a1534920c,Enterprise,None,1
aa9ed49c-72bf-48df-8166-1a1777fe4cb8,Professional,None,1
e7743095-bb51-4439-9979-35c277783f6d,Professional,None,0
dd003a4a-e4fe-4688-8e99-7b6db5df4f00,Professional,None,0
1180f025-afbe-4af7-af43-017608d71651,Student,10% Cashback,1
24cdb98b-7f83-4405-af00-29e86acbfec8,Professional,None,1
1ab797a5-c6c0-45ec-b8db-cc3eb2e705d4,Student,10% Cashback,1
c8bb1249-3028-40e7-8161-9d9d3022b5a1,Student,None,0
e18062fb-b315-4f3c-9881-14fcdf035439,Student,None,0
9c1bda44-fffc-4225-86eb-f064004f47f8,Student,None,0
a74da5b4-a3ff-4cfb-9ea7-8244cd44f4b2,Professional,None,1
cb2dba61-0b1f-4786-9a03-e85d008dd2e6,Professional,10% Cashback,0
bc415fd8-3dca-4754-994f-6fcc4007e2d9,Professional,None,0
1286b0b6-065d-4b95-94e6-2733034bf9ec,Professional,None,0
56fc540c-bce6-4442-bc9a-a7cc4445ed96,Professional,10% Cashback,1
4f1565f1-cf36-4675-b189-3eb33add68e0,Student,None,0
422b9fc5-46ba-464c-933b-5933c4737eb1,Student,10% Cashback,0
c5fcbf53-f5df-484f-9355-25c487cbd17a,Student,10% Cashback,1
3c2c6576-4190-44a6-992b-24b79baf9399,Student,None,0
69233546-ef1d-4add-a7ef-744a9afc1aa5,Professional,None,0
747fae3d-0905-497b-9b39-b2d55f96a41d,Professional,10% Cashback,1
bb19eab5-2e01-4a06-a903-d10b882caf2d,Student,10% Cashback,1
3b769f12-ec26-4599-87b1-7a03473b0f8a,Professional,None,0
5487ccb0-cd6b-41a3-b7d9-c1a5b8dc0392,Student,10% Cashback,0
fbe0e060-c5d9-4ab0-af54-97e52ac4b37a,Student,10% Cashback,0
8e7aee26-bfbc-4192-b34f-9b888b11017b,Student,None,0
a4350685-a808-4fec-984e-6b6582162d2e,Professional,None,1
9bbae712-23dd-4766-a91f-5a91f7a10cd7,Professional,None,0
d2f8189c-7f1e-4134-8e19-ccb968e09380,Professional,10% Cashback,0
f6f2db03-8af9-4893-86c3-ada629dda2d5,Professional,None,1
63112a52-284e-404f-9c07-16cf6b04a0ce,Professional,10% Cashback,0
63f6e0c6-d70e-49b0-bb15-194ca6993895,Student,10% Cashback,0
b6882735-1c65-4c09-8d8f-933919e38af8,Professional,10% Cashback,1
29ba1c8f-c28c-4bb2-9be1-0fe72b345571,Student,None,0
65108eb5-d387-468c-a141-712ee395f02f,Student,None,0
549631eb-4bb3-48d5-ac38-dfb6fe6175e3,Professional,10% Cashback,0
25a1d21b-2db6-43db-9a42-46b3b512583d,Student,None,0
2b864e36-7ba9-4523-9578-da1638565736,Student,10% Cashback,1
ef815bbd-dab8-41cd-81ff-ca2bf88da78a,Student,None,0
f3514cc3-936e-4e99-8aaa-82e22b0770c7,Enterprise,10% Cashback,1
25de7bb9-c0b7-4030-abbc-555db7593221,Professional,None,0
5af68512-2de8-4393-8228-cf40ec3c83cd,Enterprise,10% Cashback,1
06f05564-c668-4c92-8aa2-5c21aeca411c,Professional,None,1
be86ee80-44ae-4980-9a6e-9b6f31ec781b,Professional,10% Cashback,1
99cbf7f7-fa35-4ba7-9bf1-9c3042f509fd,Professional,None,1
f4295035-1978-4005-9524-4292ac9fdc62,Professional,None,1
1e489f8f-7dcf-4d43-b52a-3d8cdbe3c5f0,Student,None,1
8a928851-b757-47df-afb3-37a24632f0fb,Student,None,0
1be1ce98-240e-46d6-9a4f-e75b32985173,Professional,None,1
363a4b7f-151d-497e-93e2-94b6fd43355d,Professional,10% Cashback,0
0f83d1ab-3c20-45c1-b0d6-d151945b626a,Student,None,0
7870fb2a-7d0e-463c-b0c6-ce88d3e8f9df,Professional,10% Cashback,1
183b8351-27eb-4194-a808-14a3821e29e1,Student,10% Cashback,0
ff877ce7-e0d1-48ca-bf11-90202e427abd,Professional,10% Cashback,1
b55eb674-6c08-433e-be2c-220e5d25e3fe,Professional,None,1
f2d99b3f-3a3c-4810-b53b-74dbf8b0d26f,Student,10% Cashback,0
c62d8b00-f1da-4f67-b753-1b679adcb88d,Professional,None,1
797e110c-8126-4dfa-8154-f990dfbfd50a,Professional,None,1
80cc55fe-7d4c-4a76-a7ae-196614171ef2,Professional,10% Cashback,1
5b0dce83-4ac0-4bf7-a25c-2234767cd045,Enterprise,10% Cashback,1
e9f30328-e07a-4d2b-ae63-c8645b58c123,Professional,None,0
633caee0-5492-4039-90c5-8febcc9c9ceb,Student,10% Cashback,0
509129bc-870f-4a02-b612-0a133f5574b6,Student,None,0
319e62b4-1384-493e-9cfa-5a811af029cc,Student,None,0
dd105478-2057-4f4d-b834-e0c3c6e81880,Enterprise,10% Cashback,1
ab17a118-5967-4c66-b681-c4c60ee2e2aa,Professional,10% Cashback,1
3d2e5b8d-05d0-4e4f-8772-2d8ee63fef12,Enterprise,10% Cashback,1
675bd88c-00a2-4895-8c61-dc0149815b66,Professional,None,1
5120fdc9-c8b4-4bb2-b8f3-89f15b43791d,Enterprise,None,1
f76a7ed7-dd5a-4ef7-802e-e6b0530ea71d,Professional,10% Cashback,0
fe0d0607-c74a-44b7-b6fb-1486f70a5ac4,Student,None,0
5737521c-77c2-4ec1-9f60-cc1b107c787b,Professional,None,1
b0bad734-fda3-428e-9a58-d738496544d4,Enterprise,None,1
6d926f4a-7289-4a51-b371-650a7ea82215,Professional,None,1
ad4f874d-594c-48d0-885c-e91280209558,Professional,None,1
d2a4932c-bc64-401d-a98a-6dd747dc45e2,Professional,10% Cashback,1
ca87ca40-c13d-4c21-917b-22b5db955232,Student,10% Cashback,0
ca05de2f-e3a6-4a2b-82f0-91bc57bbf0c5,Professional,None,1
e48dd776-b4b2-49f4-bb72-9ac6e8574a5f,Student,10% Cashback,1
19577d3d-18bd-4db3-bfd4-b3dec4aff426,Professional,10% Cashback,0
60bc6fd4-4d98-4d25-8422-68cabb877e71,Professional,None,1
c0fe968f-e0fe-424a-8e72-22802c0f9820,Professional,10% Cashback,1
d8eed836-25da-4ae9-8bc8-c7dd079009fa,Student,10% Cashback,1
ad18ecfc-6dcf-4c6e-a336-0c6b4f9273bf,Professional,10% Cashback,1
b3998975-9366-4a9b-bc96-d3c052f6a3c3,Enterprise,None,1
c2af93e3-28b0-4a34-8b2a-b27063afeea6,Enterprise,10% Cashback,0
b89319ce-4edc-436e-a373-67040928bb39,Professional,None,1
4f7b0c8d-d745-4331-9d18-70ebb3dfe659,Student,10% Cashback,1
2be69026-eebf-4693-9af8-a5a63835d97f,Professional,10% Cashback,1
b41a5c6e-847d-4ece-b6e4-4b92236da197,Student,10% Cashback,0
3492d3e8-e416-42a2-bc52-988d2fce7a64,Professional,10% Cashback,1
899d40ac-424e-404e-a8e3-9f622cc51a25,Student,None,1
f2e2f991-8b25-48d5-a1fb-975dbf9f4cc0,Professional,10% Cashback,0
3ec147a8-0814-4341-ae02-cb7422e8e70b,Student,None,0
168c771c-650e-4d78-b614-911b3cefe881,Professional,10% Cashback,0
17e84ec4-4de3-4587-a348-96e1e068d79e,Professional,10% Cashback,1
bd43cf4a-e7dc-40ab-a533-d99ae22e3073,Student,10% Cashback,0
4257ad6e-cd2d-4b5a-b7d4-55af6b05ca9e,Student,None,0
fc68eae8-4233-43df-ba62-92033ff51596,Student,10% Cashback,1
430922a1-ade2-42d0-b6af-219fe7a56f3c,Student,None,1
3ea277bb-8a78-48b2-956b-800f4f15f582,Professional,None,0
dbe76771-ceb0-44f1-8d34-fc1d884200c3,Professional,10% Cashback,1
5c5a3c31-a494-492d-918b-30a2a99ae6e6,Professional,10% Cashback,1
d86dae16-62d6-4b7d-879f-03413243fc9b,Professional,None,1
d0a90205-00a1-4329-a901-104044960f5a,Student,10% Cashback,1
ca54d879-d263-4058-8224-0587f81eaba1,Student,10% Cashback,0
413b5420-aacc-43a4-88a4-c6ac616a4c37,Professional,None,0
878ea4c9-827d-4da5-9841-3b3404ac32aa,Professional,None,1
9506a5be-d65b-4e05-aa8d-3115e22e85c1,Student,10% Cashback,0
77739ced-51e5-4bca-936c-b61fef62eb1e,Enterprise,10% Cashback,1
6b472104-4fb6-40af-9381-70fdcdb50bd2,Professional,10% Cashback,1
07921c83-0747-4d85-ac8f-d4f4b8073187,Professional,10% Cashback,1
2d148fdd-038d-4c8e-ad6b-8abe9abb30af,Professional,None,0
ca1740c7-34f3-49e2-8feb-6a41b7aa5b0a,Student,10% Cashback,1
169f4332-ac58-4c96-bb91-ae79e44daf9f,Professional,None,0
8e272ea3-d54c-4f70-aa79-5e4cde1d3adb,Student,None,0
d9a565fd-91bd-48eb-8189-c3985175e711,Professional,10% Cashback,0
feaefc25-18fc-4b64-a423-fd4f76a298e9,Professional,None,1
55a77363-62af-4b05-8a55-7f73639fa9ed,Enterprise,None,1
8115e1d8-ec95-4530-b6e7-59e5fcc7171e,Student,10% Cashback,0
02240230-a9ba-4d27-aa07-b10de3fe49c2,Professional,10% Cashback,1
2da5874a-fa22-478b-8dad-5caaa3265b06,Professional,10% Cashback,0
b9d0e4c0-593b-41b3-a0f2-96b8d163e4e0,Professional,None,1
630aeef2-dc11-4b13-bd17-c7e57f7e09cf,Professional,10% Cashback,0
1a3c9e55-3762-4e8c-8fd9-dd0ad9f3904d,Professional,10% Cashback,1
c1a3acc5-8d20-40c4-a875-4256ad61d177,Enterprise,None,1
1355e881-5aa3-4001-8b2f-75952aebb4e4,Professional,None,0
26a2c79f-4ab1-4592-bede-6e3a15f9d115,Professional,None,1
cf5d0618-b6b6-43ae-bdf1-b6f834182982,Enterprise,None,1
6032da35-3291-4c02-9da9-7cd982894815,Professional,10% Cashback,0
086b3eba-2ea1-4642-bbfe-af89ab9cff26,Student,10% Cashback,0
a1c19746-b506-4ffb-b0c7-8256afc439c2,Professional,10% Cashback,0
87e2242e-92be-478f-8f9b-7227dd15cdb4,Student,10% Cashback,0
973e532f-3d35-4577-a847-0e4a732aaf18,Student,10% Cashback,0
784d29d1-05b3-4886-bc16-8b4311e3decb,Student,10% Cashback,0
ac3a8ce4-df11-4976-91f9-e7867b5a0c00,Student,10% Cashback,1
af222ea7-d4f6-4818-8006-1ae75d338562,Professional,10% Cashback,1
9cc517c4-65f7-4437-a642-1b2b0e29a6b8,Professional,10% Cashback,0
5f299538-44cb-4263-9828-33ca2de7e6cb,Professional,10% Cashback,0
fa83e1d5-f01e-4e80-ab15-04b91330e85f,Student,None,0
1e848ca1-96a3-4ef9-ab39-40219ef26e32,Student,10% Cashback,0
c47021fc-bb15-4088-b956-91993f26d739,Professional,None,1
88425b2e-94ba-4919-a849-100ae208889a,Professional,10% Cashback,0
c95d44dd-0d00-433a-b10c-32b3fdcab921,Professional,10% Cashback,1
c21e23e8-f273-4c3b-8dc1-5d16e423f5f7,Professional,10% Cashback,1
89b62de9-974f-4d96-b93b-82e07f9a78f4,Student,10% Cashback,1
44549888-6e0a-42c6-ab35-88a4a9289096,Student,10% Cashback,0
d780f2f8-ccf1-41e6-8776-03bfc25ba323,Student,None,0
d3d0cd5e-eacd-4ec7-94b0-dd1771bc9287,Professional,10% Cashback,0
dca78df5-1272-45fe-ba56-c965e5151ad1,Professional,None,0
3db77f54-7a08-4f06-ad14-699dd6ab6d49,Student,10% Cashback,1
0f229e40-222f-45c2-8899-a4bf68d882d8,Student,10% Cashback,1
742a743c-fd3c-4258-aff2-a995f4e7b25c,Student,10% Cashback,0
43d85fb2-24ba-4d57-b477-7a1bda1bedb0,Professional,10% Cashback,1
3591ac7a-9b47-47d7-bb36-0ae742d1f94c,Professional,None,0
3eb20789-849b-46c6-856b-5e25019776a8,Professional,None,0
818fe889-19e6-4ad7-b16b-a159f87e4117,Student,None,0
5079fff9-4a6d-434d-adcf-c0b3017de750,Professional,10% Cashback,0
ef2533eb-bdec-4c2d-8866-8c9154b1aa51,Professional,10% Cashback,1
36de5c9d-2208-47d7-a3cf-cca78497c142,Student,None,0
543d759c-8a3b-4d3a-85eb-245e35a5afe1,Professional,None,1
d9b35cdb-6b63-40c0-be19-84217b6e956f,Student,10% Cashback,1
bd8b1204-06f5-421a-9c90-8e4adc000ed4,Student,None,0
4ccf10fe-c409-4dbc-aa49-6b1567e6fecb,Student,None,0
00e511c5-0db8-4904-a8bd-ffbb73a8b25c,Student,None,0
eb203000-fc78-4af5-b535-615d735a302c,Professional,None,1
f2071f58-282c-45c4-81a5-dd66ff242369,Student,10% Cashback,0
44ecfc7e-72f6-41a9-b2c5-1f717c331ff9,Student,None,0
bea9d613-faf1-4c49-83cb-d66521c07716,Student,None,0
3b8f97a5-21d5-4606-adbd-87be178aa730,Professional,None,1
56b91eb2-8a8b-4e84-ab5f-f915a7b3b059,Enterprise,None,1
c2651143-4949-48b7-a6d3-a8185a39389e,Enterprise,None,1
f20eabe9-7da9-4a3e-bd90-9f4ff7c9bd2a,Professional,None,1
cbff2840-9770-40bf-beca-8f2295b7ab41,Student,None,0
70d74386-101d-43d4-9554-739ab7bd584e,Enterprise,10% Cashback,1
7d50cdf1-a740-49e9-9500-42f254e32d03,Professional,10% Cashback,0
1baf7924-a68b-4745-aa17-b6894df6554e,Professional,10% Cashback,0
d213e6fb-7d8a-4d04-a195-aba409cf2c94,Student,10% Cashback,1
5b295909-52a1-471e-b169-d7b3de931ec2,Professional,10% Cashback,1
391bf2c8-2500-4f34-804f-61afbde663cc,Professional,10% Cashback,0
72fe35fb-7079-4907-9929-976a382c13a5,Student,10% Cashback,1
11347316-edce-419f-a257-4f9aafed6731,Student,10% Cashback,1
779a71ba-e19a-494f-9629-20d81194acd8,Enterprise,10% Cashback,1
431b34b7-97c4-41d2-85d5-cad38ddf21e6,Professional,10% Cashback,1
e066fe58-f862-4320-8dfa-f88fa620ab81,Professional,10% Cashback,1
84e660ad-f762-455c-9423-9c47e754e9d2,Professional,None,0
e8f793dc-5fc1-41ea-9c6a-cac827454597,Professional,10% Cashback,1
d858cfbf-08fe-43f0-9052-1525ef9118ce,Professional,10% Cashback,0
d4e3af2e-2f1b-43a1-b5d5-912cc2f5a73c,Professional,None,0
0def6529-c81a-44b4-806a-9b0cfc5e3b73,Professional,None,0
8d2da0ae-d9b7-4313-a38f-3b38c90a9764,Student,None,0
07ebd5e5-eecc-4a48-90be-03eb7a9329f6,Student,None,0
360c84d1-63ee-4b91-b636-9d6b86cf0482,Professional,None,1
24371719-7c3c-415a-a050-3fc6e1613b0b,Enterprise,10% Cashback,1
bf46f23a-2a2e-436f-9b27-65617c7dd57e,Professional,None,0
dcb9e72c-9e7b-40b9-8d35-0fba31b32998,Professional,None,0
90f3e685-d88d-4ddd-aa8c-b7a87a7a4e80,Professional,None,1
18d65e62-0175-40c5-abf7-3a9e7052b25e,Student,None,0
2f478f15-bd62-4fd3-9f1f-d7a3dc0b9e15,Professional,10% Cashback,1
d46b8c46-3eba-41e5-8324-052b26a848c5,Professional,10% Cashback,1
fe4802f3-94d3-42b9-b424-34ee5dc5ecc4,Enterprise,10% Cashback,0
8f0b2168-8fea-462e-ab3b-ab0d76335847,Professional,10% Cashback,1
b86d34b4-421e-4126-a055-dc143a07eff4,Professional,10% Cashback,1
44355682-8913-49f9-9a39-02b6f40e2e84,Professional,10% Cashback,0
fe94cd02-0484-43c3-ab93-18660c424afd,Student,None,0
ecf48bb7-0493-479f-9d60-cd2b5c0a2cc4,Professional,None,1
818fc132-c3d9-4b55-9fc6-e56e86825ca2,Professional,10% Cashback,0
cc88748d-a95b-4ee3-97ec-355c98f72228,Enterprise,None,1
62248f75-53bc-4ca2-a847-2e4a0504ebd0,Professional,None,1
93ffbc22-1d59-47d6-bb24-b9e36af1dd1c,Professional,None,0
23244def-8d63-4ac7-a190-ba57d0d401ea,Professional,10% Cashback,0
d81db8ac-29a2-4c1f-83b2-fbbc85691d9a,Professional,None,1
ca26c7d3-3e28-48d6-949c-50ae9039a83c,Student,None,1
0e298f56-0fa2-46d0-b738-54474ec75412,Student,None,0
8ad0b413-4963-4e6e-a3c9-b1c57ffe92be,Professional,10% Cashback,0
d4d5bf38-2399-45c6-bfd4-fe38e39ba4e4,Professional,10% Cashback,1
95500875-9027-4826-a72b-1cfe15675e92,Student,None,0
a2ede9a6-e15a-4487-9862-bb736ccdf9e1,Professional,10% Cashback,1
36ceacbd-cc28-4fba-8103-0d6b7dc379e0,Enterprise,None,1
3b53ed8b-2d19-4031-909e-f82cd2cc92e4,Enterprise,None,1
12eff7d2-2020-45ee-b238-cabeddfb8829,Professional,10% Cashback,0
6022158f-d4e8-4095-a39e-c85c779f8ce7,Professional,None,0
b88a560a-8474-4bd3-a4e2-918adff87184,Professional,None,0
abbe8c4a-0b84-4f4a-9e61-e8576d59e82f,Professional,10% Cashback,1
f96da523-3dc7-430e-ad55-b1b00a31e1e4,Student,10% Cashback,0
5635a85d-04d5-42ed-a47b-d2a6567c356d,Student,10% Cashback,0
9bdcf60a-cfea-4234-8fb4-6fb83305c978,Student,10% Cashback,0
5849fd28-b405-4bfd-89a2-eadcec9b589e,Professional,None,0
adaaa11c-28e9-4c0a-982f-384f9fdeb841,Enterprise,None,0
5c4b5f07-b806-4088-84da-46fd83487239,Enterprise,10% Cashback,0
39003619-c580-4ac9-a6c1-ec9ad4e7d894,Student,10% Cashback,0
3b5d932a-333d-4f36-a8e6-075dc043df33,Professional,None,0
e0ed0935-794e-4fb0-8ca6-ffa7e99815d1,Professional,None,0
7f522dde-3ed2-416e-a598-ac9ca4e4027a,Student,10% Cashback,1
765b3e56-df3d-4692-8038-be5978e09e7d,Professional,10% Cashback,0
ab8a7fd3-ee2e-4740-b27a-6d45eaa69c5a,Professional,10% Cashback,1
497b3e71-2068-4bec-a5f2-bd526788d5eb,Professional,None,1
ea68c9a4-726e-437e-bbc9-04ac27fd6b4c,Student,None,0
281ce5bf-ccd9-4a65-b29c-c6306bec2bf5,Professional,10% Cashback,0
82e0b855-144c-492f-a989-7d6a8a8c520b,Professional,None,0
650cc4c8-eab4-49ee-b70b-bb1d885bd4fd,Student,None,0
fee71310-e4e6-4431-a4f9-ac32e55951be,Student,None,0
f31c38f2-286d-4c02-81a6-087a226f8ef4,Professional,10% Cashback,1
f1f0c696-9cc5-45be-bf4c-6e8e53418b97,Student,10% Cashback,0
5317a894-3a09-4520-8a08-9029c8caa612,Professional,10% Cashback,1
242efc9f-3e59-4765-a1f8-f052fe943436,Professional,None,1
183fbcd7-a8ee-4ca0-b46f-eb2ee73e08b2,Professional,10% Cashback,1
f52beb1d-5060-4b24-9bf8-fe4606c67de1,Student,None,0
2060a05f-2aec-48b5-bb09-02fb5e13b5ed,Student,10% Cashback,1
aa8b28c9-aa31-4f82-b464-57c560eacb0b,Professional,10% Cashback,0
5bf6d14c-dec3-43a9-b4b0-890b8ec5950d,Student,None,0
3288b45a-8f95-4847-9a6d-d3271d588086,Enterprise,10% Cashback,1
eca7e866-49fc-4226-8ee0-0b1fb9545230,Enterprise,None,0
c93fe309-9b93-4c9d-acb3-17857911a5e4,Professional,None,1
4d4715a5-ed33-4e81-a5eb-90cbcae16e1b,Student,10% Cashback,0
e09a84f1-3df5-47d7-a544-c7819d4cba59,Student,None,0
9c4ada57-a02e-4276-9489-c767e8a8131b,Professional,10% Cashback,0
969cb1d5-2d6b-4a14-95f4-a8999f0fbd71,Professional,None,0
5e6c2191-cd6b-4e5e-8977-f1a3a76153d4,Student,10% Cashback,1
2c176184-1a46-48ac-9003-d7bbe218c7ea,Professional,None,0
57551fca-3609-4fba-b0da-4e5defe90d72,Professional,10% Cashback,1
ca8930cb-2265-46fe-9ae1-ab6614c6973c,Professional,None,0
596318f3-97d4-4c62-b291-a1a042d02bf5,Student,None,1
7a9f7fbf-0cb5-4940-9009-96ac7f2d710f,Professional,None,1
a609ada8-44fc-491a-ad55-6fa59eb1cdd6,Professional,10% Cashback,1
19e3cbf9-e16d-4888-98e4-0984ab5e078e,Professional,10% Cashback,0
ebf00017-5de0-4626-8e2e-a745e32a2dd0,Professional,10% Cashback,1
29f1b8d2-bfd0-4d2a-ab0f-8aef0191b9de,Student,10% Cashback,1
b25c87aa-2dbf-45fc-9f0e-85062bdcbf08,Student,None,0
ca6d8bd1-2cbe-40af-b986-fa55b555d77c,Student,None,0
cc87b307-76b4-420d-831d-a1211ba03331,Student,10% Cashback,0
c59aa141-dc07-40c6-b243-3a57242223c6,Professional,None,1
32ef49be-1014-4f9b-979b-a183a5cafd6a,Professional,None,1
338568ba-0669-4201-a39c-ad34d9ca9ef9,Student,None,0
6df567ab-68c2-4b30-bde9-fe4f68008c62,Professional,None,0
9b4ae419-7d52-44e6-a53f-af5fbc859acf,Professional,None,0
61ca3f4c-419b-4bc3-b7f9-99e83e127dd1,Professional,10% Cashback,0
b37ff8b9-38ff-4a84-9e8f-28b79e226c43,Professional,10% Cashback,0
592135bd-6b0b-45fd-b284-e149d82d554a,Student,10% Cashback,0
c76bdc31-411a-4a3c-b4ff-df521520cf0f,Enterprise,10% Cashback,0
00fa7aba-eae6-46f9-ab45-447e0db459dc,Student,10% Cashback,1
b73c92c7-ff5a-49da-bd68-d19ad6d453d7,Professional,None,1
25250210-dba5-4780-9d33-4adc534445dc,Student,None,0
09879d3f-7f1a-4f62-9569-f5e2d5464f4c,Student,None,0
499a8245-1186-42c5-a624-b2e5e38c7ebe,Enterprise,None,1
1e4187cd-65eb-4a44-b2e7-ccffcfeb6966,Professional,None,1
e4a1035e-25b2-4c27-b6f4-519d2605c720,Student,None,0
54419122-d11f-4c93-8635-d50dc35c799a,Enterprise,10% Cashback,0
263aa657-86aa-45fb-9447-563d9b312623,Student,None,0
45219d31-e29f-4729-a320-48e539c182a8,Professional,10% Cashback,1
a743ced9-01c3-4de4-8d24-e9e9d27cd917,Professional,10% Cashback,1
36bf3ea1-cd8d-4782-9a7d-4b6b05785955,Student,10% Cashback,0
6279b202-00ba-4000-99b2-fb0577a19599,Professional,None,1
8dfecc1a-0a40-4210-bd42-d304f47b83fb,Professional,10% Cashback,0
24da21fa-2263-4241-92c0-385555e7690b,Professional,10% Cashback,0
f0934da9-851e-4697-8887-5291c132928d,Student,None,0
09c87ba4-f46f-4ee5-95f6-0cb4c4dc1402,Professional,10% Cashback,1
09d37027-97c1-41ba-b94f-cf65cb653572,Professional,None,0
416d777f-dfc1-43ef-9ebf-fa12b1c17d76,Student,10% Cashback,0
b0e97be6-6a55-4c10-8bbc-5a3879f59f92,Student,None,1
d6342081-69e2-4aa8-b28e-95b9f19df7df,Professional,None,1
79aeec7e-606d-4764-ae04-01f6cca787a2,Professional,None,0
33eb0811-d6e1-4a7d-a337-46ce70af4215,Student,10% Cashback,1
fd8f70bb-6ec2-4b4b-a45f-3339ade53737,Professional,None,0
1378a358-5659-4f66-a638-9b682375ea84,Professional,10% Cashback,1
c7b4e649-1d8c-491b-b07e-32a3d85058c0,Student,10% Cashback,1
d24328ae-5c80-4409-9a52-fc1111ed79d4,Professional,None,1
b429db0e-08cd-4436-bb23-58262ab01692,Professional,None,0
9851e56d-93ae-4190-b3b2-6e2a464c0690,Student,10% Cashback,1
f2f26191-0aec-4514-a661-57a7d0a5ba88,Enterprise,None,0
48ed8e6b-bc27-4089-a734-1f5aa881f87d,Professional,None,0
c3c3fdd1-97f3-4222-a300-285145785b83,Enterprise,10% Cashback,1
407115d2-7624-47de-a069-3210db7b7d5c,Professional,10% Cashback,1
534f9c46-9235-4f60-a1d7-e9a0bf08e528,Student,None,0
f2119bed-c8c2-45ad-8273-bf07e98bfc19,Student,10% Cashback,1
9ea18938-37ce-488b-ac54-de5f1cf5f0fa,Student,10% Cashback,0
5229e835-3fd4-4d23-972f-e74ade6e67fc,Professional,10% Cashback,1
17789bfd-48dd-4bb7-b78e-08ad9031b205,Professional,None,1
8572b890-f862-4e9d-b73a-1a0bfde8d1e4,Student,10% Cashback,0
e2b25e94-8ad0-4585-99e8-f6f272fd1d4a,Student,10% Cashback,1
5bf47fe8-016d-427d-99a9-20b46a02a1a6,Enterprise,None,1
8b302390-d1b4-4871-abe8-8e5f838663d9,Student,10% Cashback,0
c981a489-0d07-40c7-8c14-5182508de4d8,Enterprise,10% Cashback,0
0b8a729b-e350-498d-ba90-e35359d5bfc2,Professional,10% Cashback,1
3b70892c-9434-4f2d-aa47-105690361ffe,Student,10% Cashback,1
dc005e40-0d21-400b-a04d-8a33d14aacb6,Professional,10% Cashback,0
c6eced94-18a1-4235-b687-49c87a9a179f,Professional,None,0
32fb9fba-f511-4c28-9434-2140c8cfca8e,Student,None,0
193a3bb5-3fd6-4f95-9dec-4ca6ee65c073,Professional,10% Cashback,1
41450aaa-b4c3-4a07-a5d6-2a32b49984bd,Professional,10% Cashback,0
a3469329-1441-481c-90ff-8bfde9f8d068,Professional,None,0
e8a0a105-b2f5-4570-9195-096883ece9bd,Student,10% Cashback,1
4ae30578-b68a-4d9f-b076-5e1cf038e746,Professional,None,1
719bb5ae-30b1-4bc5-9a19-f1ee1dba89b2,Professional,10% Cashback,1
6328807d-1183-48cf-94c8-b00b085f9f68,Student,10% Cashback,0
3efe7fdf-c037-4831-b7bd-10739538a926,Professional,None,1
4399bebe-ff6b-4b65-95e8-e3431fbfa2fb,Student,None,0
c63c451c-d367-4ac4-8cec-8d698cdcd6ed,Professional,None,1
07e4618c-b2aa-4feb-81b5-1b23ec32162b,Student,10% Cashback,1
98a25287-9097-4a8f-9300-95470ce75b5f,Professional,None,1
5fda3d5e-b887-4ca0-8781-738cbc433d23,Student,None,1
78c8d6ab-668c-436d-808a-131e109dcd11,Professional,None,1
c1234f5b-b6dd-40fc-bbe9-30d162b0bab7,Student,10% Cashback,0
fca99f94-2772-4651-8566-e0f5d5727f2d,Professional,10% Cashback,0
2636c7c5-e2c5-4e70-8a1e-5ff51710fbad,Student,10% Cashback,0
173c7ea0-6979-4b43-a5ff-bf5eec02793e,Student,None,0
c917c78b-8029-4a1b-a149-d3016907cedf,Professional,10% Cashback,1
66e730d9-b74b-43b8-b020-7cb273d643d8,Student,10% Cashback,1
5e74a977-b76f-4e72-a704-b2c6048a20a2,Professional,10% Cashback,0
f681a3fc-ec1a-439a-ae52-c9ce17b7f378,Professional,None,1
4b5f09ef-3a03-49d8-9455-3a95a46ca187,Enterprise,10% Cashback,1
55c82734-0976-4c3a-8e38-a9172917102a,Professional,10% Cashback,0
f07bd53c-e184-44c6-9805-b09b8372641d,Enterprise,10% Cashback,0
09d692e5-2803-4567-b107-70333555bde5,Professional,None,1
de0cfd22-2913-407f-a0e4-b838e0e3d052,Student,None,1
6aac26d5-2ece-4c5b-89de-5c7c164b972a,Student,10% Cashback,0
2578ef69-3901-4c89-9c11-e8fd4456b35a,Professional,None,0
4ff0f8a8-1aee-49a4-a9cc-da960f84d9c7,Student,None,0
dd6c4f87-d6d5-493c-954b-04b4cb3c6884,Professional,None,1
3c52d1a9-0bfc-42c3-bc5f-dae381da490a,Student,10% Cashback,0
6f57601a-17bf-4979-828a-27e859cf4818,Student,10% Cashback,0
783692d5-13dd-4adb-8db8-ea74885df9b5,Student,10% Cashback,1
3494468a-e81e-47fa-8010-31a2bd53a996,Professional,10% Cashback,1
8e5d2f27-d839-411e-be8e-eb54c5921dd8,Professional,10% Cashback,1
20b00a68-cd6a-4463-8f06-0d810fae04ca,Professional,None,1
839a2803-b576-4c4e-82cc-76e56ef63f99,Professional,10% Cashback,1
da864dab-8e5e-42e6-8783-6e2178a7876e,Professional,None,0
0e7b734c-6afe-4af6-89c0-f4bff5f5e557,Professional,None,1
ccf96720-5e73-4cc7-acc2-affb9b72dfb5,Student,None,0
78ae1dc3-def7-453c-99c6-ef0a48da5b38,Enterprise,None,1
17e09bfc-2f7b-4e71-a8ab-4db588ef7233,Student,None,0
9b799df3-cb2a-4142-b1b8-4d97f6276aa2,Enterprise,None,1
07118399-00a4-4139-ad8e-98cedd08c8cf,Professional,10% Cashback,1
48878786-64d9-4722-b319-964b8b15d139,Professional,10% Cashback,0
983f91ee-7237-4b87-a386-dae2d702f4d0,Professional,None,1
d9a606a1-8ba7-4e82-a233-aea53b165ea2,Professional,10% Cashback,1
a61f9f65-ef4a-4655-8b8b-5ff01e1f0040,Professional,None,0
104c4f89-3529-4fd7-9df1-325049c3c2c8,Enterprise,None,1
4a14bf9e-95f9-403c-a540-906a47fe3f9f,Professional,None,0
98cdda6f-1eed-4d53-9d2e-9dd0f5c3c1ee,Student,None,0
6b7a87f8-d1f0-4446-89bf-99ce1f177925,Student,None,1
89a7efc2-a4ba-439a-b54b-fa7e8bd23543,Enterprise,None,1
b0198c07-6ff5-4a9f-9cea-13a031229c47,Professional,None,0
ade8bc49-d320-4f4c-a7ed-717c2b91facc,Enterprise,10% Cashback,1
3b2fe107-9155-40bc-9856-ff58cd276aa8,Student,10% Cashback,0
0697ff9c-d4bc-48f7-9eb0-87127cd2946d,Enterprise,None,1
0fbcaee0-edd0-407c-a910-76eedcbb698e,Student,None,0
836339b1-a398-4d79-a9ca-ca780c23d719,Student,10% Cashback,0
3c1d4311-097c-4c74-aff7-c8aba645a0b1,Professional,None,1
9b054d99-d20c-43bd-859e-a5930bdffd87,Student,None,0
c76c6a2e-23dc-4563-acb7-93091f6e7713,Enterprise,None,1
3c347299-7ae3-4bc0-8a5e-528bdb91f0a6,Enterprise,10% Cashback,1
d0156216-16ab-43e3-a7b3-d31a0f972a36,Student,None,0
2c90b926-050f-4aaa-b5b1-91302ecc1b40,Professional,10% Cashback,0
452806c8-49cc-4626-ae58-20186bd6e820,Student,10% Cashback,0
b4e0efe8-ebdd-4f61-92d6-2776ad8199cc,Professional,10% Cashback,1
65c588ef-ea30-4a87-975f-ccd3c5694a1f,Professional,10% Cashback,1
20beb00c-47b7-401e-be2a-c9e02e5a3a54,Professional,10% Cashback,1
4f379d79-4c4c-4b42-a1fe-e26395799ff4,Professional,None,0
237c144f-2f87-4e3e-8610-009633ebe338,Student,None,0
677c3c09-2f1f-4dc0-bfc1-f579fb410f23,Professional,10% Cashback,1
861b7f0b-7386-4c85-b45d-a6a991b42bba,Student,10% Cashback,1
95287437-025f-4a27-981e-e483f596d0f4,Student,None,0
f53e23b3-703a-420b-9438-1f75f1005ce0,Student,None,0
fc6c46ae-179a-470c-9115-8aeb6c82c5d3,Professional,None,1
5732d8d8-2a92-4dc3-8cae-6509b704920e,Student,10% Cashback,0
831df715-3603-4138-b183-43fdc6ab3653,Student,None,0
e5403849-842c-4deb-8ef3-6364fdf069da,Professional,10% Cashback,1
5830a5f6-4700-420a-a249-ef0cea54059d,Enterprise,None,1
12d42802-0872-4022-9905-d4c5b9e6790e,Enterprise,10% Cashback,1
68827fe3-b079-491f-9b0e-4d2b28e570b2,Enterprise,None,1
322ec73d-e5b2-4ca0-afd5-6f648134d4cb,Professional,10% Cashback,0
a61e6fb4-fb78-4ce6-bca9-d0654b0ce9ab,Student,None,1
e4b9fbc8-fdc8-47ba-a7f0-00fed80f34ca,Student,None,0
eba5918b-6ddf-4f3f-a1f7-f7c83c490e02,Enterprise,10% Cashback,1
b9d19008-1619-4209-a77d-af7b6812cafd,Student,10% Cashback,0
83b785ff-eca5-44a7-85ac-6a79ab291300,Professional,None,1
68a8d5bb-6144-46d2-940a-82e1837678d8,Student,None,0
f8516f8e-8902-40dc-ac96-ebaa13f0f44f,Student,10% Cashback,0
686a1d66-15cc-40ef-a57a-56ed446c8a12,Professional,10% Cashback,1
74fd18e7-40b5-48bc-8616-70f9ce734ce3,Student,10% Cashback,0
c744fcbb-49d4-45f1-af8a-cf57e7c01219,Student,None,1
355c74eb-dda6-448f-bc60-f4fae84f7526,Student,None,1
76853911-f960-4684-aa82-28891ed58d8e,Student,None,0
eb40a65e-f2ad-4846-9074-fba32c2b48a7,Student,None,0
4e5ecf7a-c4ef-4af3-9441-c2e37c044a62,Professional,10% Cashback,0
caa017f3-4f74-457e-a65a-b1fda8b4a420,Professional,10% Cashback,1
d715ca52-41ab-4c61-8f0d-14477137a918,Professional,None,1
cc64c202-d135-4f0e-9d89-05891bf8e9fa,Professional,10% Cashback,1
121f6eb3-b08f-4ee8-a631-af12acd13110,Professional,10% Cashback,1
384d7b4a-5ec4-4ed1-9977-b8639d75b2eb,Student,10% Cashback,1
0dbcabbb-2316-4986-8e0a-3e1f0680ad29,Enterprise,None,1
af12072e-f46a-4ff4-b771-70d616109e17,Professional,10% Cashback,1
ef25ed66-1bb0-44e5-be88-6b1137d7cd6b,Professional,None,0
4ffa8c83-b0a2-48ef-820f-f99b6f843906,Professional,None,0
c412d787-68e4-4bee-b98f-662547e49a23,Student,10% Cashback,0
71090121-f05f-487c-b510-8ec33b59ac3d,Student,None,0
e3a0fa9f-b005-4b34-aabd-98161fa8bcc1,Professional,None,0
91d9e69d-4a09-46a8-892e-d6c97a903302,Student,None,0
a2426a5a-93c2-49cf-88a1-58f032c97a93,Student,None,1
ac1cd279-da8b-456c-9dce-7e3e81e84a45,Professional,10% Cashback,0
5ddb35c1-dea4-475d-9c6a-0d813168d673,Professional,10% Cashback,1
bbaf7214-c80b-4bea-8586-73b4bb1f8048,Student,10% Cashback,1
169cab12-a70e-45ff-adcf-bfb3721c939c,Student,10% Cashback,0
3c4ebf4f-d0c0-4466-abb5-7959fe50fac7,Student,10% Cashback,0
4934cff6-7226-49a8-9c41-e0de6f641ee4,Enterprise,None,1
823ee33b-066f-4164-a58c-dc32f6164983,Student,None,0
b1347429-6fda-49e4-967a-f37037bb5a34,Professional,10% Cashback,1
a13312e8-aa38-471f-be37-b1e0ae0bc7ec,Student,10% Cashback,0
ac5a9e57-82ca-4057-9812-cb19ef2fef02,Student,None,0
5883b090-9aa2-4d2f-9e43-cb5a7e240b77,Student,10% Cashback,1
9976df21-8699-4970-bd11-857b2b221ce3,Student,None,0
a22027b3-92f5-4dad-be08-e6fad3a9bb95,Professional,10% Cashback,1
56607e8c-5da9-45d8-abe2-6390c0efc0f1,Student,None,0
1d4106bd-a80d-4055-8870-b44acd929c85,Student,None,0
dc411c12-973c-4c40-8859-2cedb9a578b8,Professional,10% Cashback,0
bf848490-d5e5-4aa0-b443-e0fb3e6d5775,Professional,10% Cashback,0
1be33863-699f-4e3c-a4ed-505ab08ae59a,Student,10% Cashback,0
88b1bfb6-1d1f-48f8-975a-aa7bdc53f079,Student,10% Cashback,0
f7a94184-f72b-4ce6-ad35-c39bdad4e450,Student,10% Cashback,1
d5a986a3-61c2-4e1c-85af-aa7de8e995f2,Professional,10% Cashback,1
40f54ecb-ccae-42c2-8639-599c177fc6c5,Student,None,0
2842cc94-559f-45a2-aee9-268944ce3afe,Student,None,0
59788af1-550a-4cab-8b43-fdd9764f6366,Student,None,0
01adf8f7-79b6-4025-b73a-0d8ef7da8195,Student,10% Cashback,1
cf371d39-102c-479a-b275-664a02ada61b,Professional,None,1
5f885104-ebb5-459b-9d3e-d0e613cb2cb2,Student,None,0
e357f356-78be-4432-9976-264a6e8e8f1b,Professional,10% Cashback,0
ca1c7d5c-5c26-4ffe-9451-ef777209beed,Professional,10% Cashback,1
a730a6f0-a513-4d07-84bf-7d5718780b44,Student,None,0
55fbbfe3-1d53-4d9c-b653-e4267720e511,Enterprise,None,1
a589ef20-91bb-4461-bbd8-3cb0bd01a466,Professional,None,1
af162340-1289-414e-89f1-c04becea34c0,Student,10% Cashback,1
144b222b-d065-4e52-b442-a2c68c3942f3,Professional,None,1
c14c89b3-9317-4047-bfa8-bb03f6584cce,Student,None,0
facefa09-80f9-4ce8-8588-e945c23a522c,Student,10% Cashback,1
c0c2c5a6-579d-4f2b-b570-be259591adb4,Professional,10% Cashback,0
bbbe68ae-ec78-4e2e-9fa4-c341635cbc93,Enterprise,None,1
c9a0e248-c276-4471-bce5-2931f122d7bd,Professional,None,1
84b899d4-23d7-40b5-84b9-7c141c42e827,Student,None,0
6198089a-928d-490c-85c8-f97c8b6bf49c,Student,10% Cashback,1
fe3cfeb4-e65e-40f1-b1ab-d64332dde5e6,Student,None,0
d3ce4514-b672-4c1e-9aef-565418993dd1,Professional,None,1
28bc8626-0719-4865-b099-dd12fb2915db,Professional,None,0
159f5997-e279-4aa9-964d-109cfda7551f,Professional,10% Cashback,1
799cab55-6405-4481-aaf7-11be952710fb,Professional,10% Cashback,1
a639e44f-124a-4b87-9919-5f7cb8dcec3b,Professional,None,0
2725dfd8-e69e-4b66-98c8-c053203d721e,Professional,None,1
5c41bd08-1b72-4d27-814d-7602afefc712,Professional,None,1
47bc4533-cdf9-4bd3-a1d1-548c18d9daa9,Professional,None,1
e327b194-c0eb-4db0-81c9-f8def8671868,Professional,10% Cashback,0
a06e6076-2382-449f-956b-8e390be14304,Professional,None,1
60eef675-f10f-469a-89b3-94714dc4ea55,Student,10% Cashback,1
bee961b9-5d96-4674-a418-fd6380d3b69a,Professional,10% Cashback,1
4783ad49-8d33-4e0c-ad3b-a3b701989c28,Student,None,0
a7897539-1960-46e1-93bd-c9f78a55e0db,Student,10% Cashback,0
e50bb81e-e52c-4bf8-970c-fc57fff4d3c8,Professional,10% Cashback,1
fd2350bc-d917-4e70-88ef-0946a072183e,Enterprise,10% Cashback,1
1c026ef4-c787-4b11-98a1-3ab682b6614c,Student,None,0
72141eb0-5d3c-4c2a-a98d-79456a1e11bd,Professional,10% Cashback,1
5d9b681f-3de4-462e-afd5-31c7d018de44,Professional,None,0
f80b313f-ade2-4459-9717-33565588ef65,Student,None,0
94b53ac9-94e8-40b8-8e97-cbac3c8b24e4,Professional,10% Cashback,1
7cbcc2e8-7ebc-4f75-8035-4765450aff6a,Student,None,0
5fec193a-5704-408a-b68e-9e92d18e1514,Professional,None,1
fbe88a11-1a67-4372-b75a-205f70848379,Professional,10% Cashback,0
546176d2-f41c-4ad4-b43f-157305d34701,Student,10% Cashback,1
c4961e4d-a9aa-4426-845c-41350f44b6ac,Student,10% Cashback,1
9ffa6420-a841-4fac-89ad-fd6a8f8902c4,Student,10% Cashback,0
306c0aa1-cc00-46ac-a6c2-48fce5e47ad0,Professional,10% Cashback,1
2e3bb162-a8a6-4d7a-a107-8e453b3f5036,Professional,10% Cashback,1
35746d10-749a-4570-897f-1f197e39ca23,Professional,10% Cashback,0
5184b2ee-0c69-4535-9a3b-fba32e91c69b,Student,None,0
12f66aaa-a560-4dbc-9de7-e359fb9dc993,Professional,10% Cashback,0
cf043e79-9e13-42f1-ae60-8f432f1ffc5c,Professional,10% Cashback,1
cc9eaffd-07bf-4875-8a64-70bfb8e4ca48,Student,10% Cashback,1
6502ee39-f8b2-4fda-a4c1-83ac8352dc58,Professional,10% Cashback,1
238eb467-3662-4a93-b9ea-983064d806e2,Professional,10% Cashback,1
0c325253-2d5a-4b02-aa3e-d11abdeda0db,Student,None,1
0468a911-2d1b-44a1-aa65-9cc71a7899a5,Professional,10% Cashback,1
255f91b1-1de3-4ea9-a44b-4c344bc1212e,Enterprise,None,1
6c88729f-1007-4a91-80f9-6f6b7b0de944,Student,10% Cashback,1
6aeaef20-5bbb-4438-a4ca-d2eaf05dc173,Enterprise,10% Cashback,1
0e284328-30a6-400d-ae0b-73e773934f84,Professional,10% Cashback,1
0de92401-31c3-4219-b38d-826f25fdf52f,Student,None,0
edb8352d-fa72-4ed1-b4a5-c42e0038b520,Professional,10% Cashback,1
5ce9ab9f-88c6-46c3-8be7-03c99a0db9e6,Professional,10% Cashback,1
95146b85-395b-4aea-9442-5a3d0fff566e,Professional,None,1
7506a145-f4fa-4d8a-901b-22b9c9030976,Professional,10% Cashback,1
1244d8c5-7e60-4e6b-91f0-96143fd5ec01,Student,None,0
2780ffb5-e3af-4e18-866c-a89ec8f65d64,Professional,None,0
d2c551c0-8752-4f19-bd4d-c61d53094d77,Student,None,0
a39b4844-0239-45e6-94a3-12f6fb6b5516,Professional,10% Cashback,1
f1c40c98-0a2b-4290-9462-e9a45c07c922,Enterprise,10% Cashback,1
edcc439a-febc-436c-9e84-3a59f547a8cd,Student,10% Cashback,0
bd21da44-9a09-45ec-8f10-94687a2583d9,Student,10% Cashback,1
16c5062f-811b-4c79-804f-11020093146c,Student,10% Cashback,0
9845846d-fb23-49f3-b383-24ef5e703a0c,Professional,None,1
77d50084-edbf-4752-936e-f19b789ddd09,Student,10% Cashback,0
8a473877-2621-472e-8ad2-a356e2019d0e,Professional,10% Cashback,1
55000d75-b0c6-4b76-9ddb-11a666e8ec5a,Student,10% Cashback,0
d6a5fe3d-9e13-4e70-8be5-56911de21273,Professional,None,1
866ef5df-ea14-43c7-8371-ac0b3f445199,Professional,None,1
638e2a1c-8cf3-4671-b0da-a240689fc06f,Professional,None,0
16894284-ae9e-4f82-94c6-6d60cce77b4b,Professional,None,0
05ca6936-39ee-4a88-b5ab-f713679a5665,Student,10% Cashback,0
8ef41f6a-fec2-4ee6-850d-26db6ed17c56,Professional,None,1
3cadda08-7efb-4bdb-8b38-ec2bff7bfc18,Professional,10% Cashback,1
92838cc3-b1ff-4710-9467-6be3e14904d1,Student,None,0
3942b973-b9f8-45b1-8b45-e3648c80adde,Professional,10% Cashback,1
2ee51b82-1cb7-403a-bd29-b592b2972905,Student,10% Cashback,1
722ebdf7-c73d-40d1-8f9c-ab55b0fb46f2,Professional,10% Cashback,0
8d606122-5071-417a-b438-574e72494842,Professional,None,0
ac88b2db-b938-4d2e-a976-765fab1cc149,Professional,None,1
c2134461-da29-4594-946a-6505fbd1fe03,Enterprise,10% Cashback,1
a77182a6-6146-41e2-95ee-951475256208,Professional,10% Cashback,1
102af894-e765-4a91-a9b6-8d74383259b7,Professional,None,1
ad741e83-ebf8-4816-8b0e-e3942ad974f3,Enterprise,None,1
1e9457a1-733f-4fd3-a44e-653637bfe99b,Professional,None,1
cf1f1f48-4f5b-4f2e-b7fb-698f2f16e5e1,Professional,None,1
c3e8352e-64b0-4c19-93b5-ccd204f519dd,Professional,10% Cashback,1
802ea528-b7ef-4ad1-ac8c-35db9b7dc4a2,Professional,None,0
799442d4-d273-4982-b71f-e3d806b65d28,Professional,10% Cashback,1
b93c3a5d-fd1d-4e67-9890-0667afddd898,Professional,10% Cashback,0
478983e1-74e2-4522-9fc1-909aa3d9bcfb,Student,None,1
5495c101-6108-4261-8c6e-3a876375cc3e,Professional,None,0
b8d780dc-4766-4018-ae17-e8c92a60794a,Professional,None,1
1852f618-89ee-4432-b682-19161673ff28,Professional,10% Cashback,1
d57afaca-97fc-4bfc-9020-efbf60ea6750,Professional,10% Cashback,1
792aa59b-218e-42da-aabc-50109d9262e1,Student,None,0
777ed27c-7404-4d7d-ab2d-43d255ba4c25,Student,10% Cashback,1
2107c6a5-93b8-4bdd-8724-acdd17558773,Student,10% Cashback,1
34dda921-a4c6-4717-b8c7-50bcf680dd68,Student,10% Cashback,1
d1981e34-67a0-4fbf-b250-abccdcbcb71b,Professional,None,0
149ebbab-2a41-45ac-92c6-a738f7832bb9,Professional,None,1
0dc43212-3d6f-4a1c-b49a-a5430eaf2ade,Professional,None,1
9cca0fb2-5c53-4158-84bb-4aa801deb7ee,Enterprise,10% Cashback,1
41bcf328-369f-4b36-97d7-388495c4b128,Professional,10% Cashback,0
54fbab4f-f578-4c97-98bf-e2272152be0a,Professional,None,0
84ae5753-03a0-4359-8cc1-5c50387ea92b,Professional,None,0
b91be4a7-90bf-4937-ba90-bfb50cf11121,Student,None,0
58302c92-bafd-4a19-90bf-604ff0ef570c,Professional,None,0
08f8965c-3332-4419-96fc-a3c574e76321,Professional,10% Cashback,1
1214c29e-df69-4d30-b1ca-f09fe7a0ca30,Professional,10% Cashback,1
515cf854-da2f-4278-aac9-3c82d3451a33,Enterprise,None,0
8f30dbfe-3909-4d91-ac19-d3e31979942b,Professional,None,1
37020018-ecfc-42ab-bc50-e7b9e3b0e097,Enterprise,10% Cashback,1
eb065c87-746b-47e5-ad79-3fb1167aa9c0,Professional,10% Cashback,1
b30d9800-0d3f-49e4-8e62-f6ddf5b17e2e,Professional,None,1
1188df71-a3dc-4100-acd0-30f396ac8395,Professional,10% Cashback,1
eb888425-215b-44cf-9f48-a595811487aa,Professional,10% Cashback,0
0f7b6a70-810d-477d-aa20-9561a1cc202f,Professional,None,0
e057b43d-a40a-416f-8b94-377a0d42d68e,Professional,10% Cashback,1
4412ff75-9e08-4e3d-8bb8-14b21daa142b,Professional,10% Cashback,1
45af7467-1cc3-4f34-afff-6f86a7371f19,Professional,10% Cashback,1
13da96fc-a84c-4573-b8d7-db5afb734a8e,Professional,None,0
2d253bb4-bc62-4d6f-a13d-fa9258c0d3db,Student,None,0
e943972f-9b02-49e7-a9a1-5b95d8df2f0f,Professional,None,0
e743ca87-33dc-488d-8fb5-4f06f6468434,Student,10% Cashback,1
bf8a3bb6-0da8-4f49-9b5e-1998a763ef6a,Student,10% Cashback,1
23f390c7-cef7-4448-86a2-3ee5e13fb3e6,Student,10% Cashback,0
ed8a2bfd-8852-4558-ad1b-5fe7e3e9d4b6,Professional,10% Cashback,1
d3683716-1875-41d8-a9f4-8ffd29c078a8,Professional,10% Cashback,1
e6f1db6c-a01c-4539-9e9c-277302eda8b9,Student,None,1
babd956e-9dc8-40ec-81af-5d12f06d12f4,Professional,None,1
cb08eb74-6a93-4d7b-93cb-069ea3b5dcc5,Professional,None,1
3ebe4cad-663b-48bb-9e4a-d0625aaa40eb,Professional,10% Cashback,0
dc0a4c9c-08cc-4990-9480-e5b52eb032ab,Student,None,0
35b162be-7c5e-4ad4-b983-6d33a3d86d8a,Student,10% Cashback,0
5e565963-9233-4b4c-903e-b3cfe884a32f,Student,None,0
326d86e0-3eb3-4299-aeb1-2764566f089c,Professional,10% Cashback,1
65afd38a-68b5-4e2f-a24c-5d4157388b83,Student,10% Cashback,0
90d292be-7d48-413a-b2eb-b6c536d9623f,Student,10% Cashback,1
408d10bb-25db-4904-91d8-f814499fd349,Professional,10% Cashback,0
e6e0c66a-8fe9-4783-894e-e925b3404d8e,Student,None,0
8c7b200e-eea0-417f-ac19-1beb3ffd2fee,Enterprise,10% Cashback,1
48d656ee-96ca-473e-8b4c-45de14edad9f,Professional,None,0
6cd02a0f-61e5-4194-9871-bf3397828107,Professional,10% Cashback,0
73fc00ce-6df5-4f8d-b0c2-3f0e86197bfd,Student,None,0
aa20b989-b647-4f5d-af99-e507ded1412e,Enterprise,None,1
ebabc4c6-b93d-4b06-9819-0764c3997192,Professional,10% Cashback,0
a25633fa-4b0f-449d-9adb-8f323ae64187,Student,None,0
6ca6c0b3-e399-4980-96ef-006da9a673d4,Professional,None,1
35d2e436-0f01-462a-b9b5-af1c078fe9f1,Professional,None,1
2f85b2d7-8fc6-4937-88f6-7e1e4d656cd4,Student,None,0
07a4ed93-4efd-464d-9a3a-31b8123a2762,Professional,None,0
2d3df9fd-3c54-44c4-bcfb-d89f9af1621d,Student,10% Cashback,0
45df6675-d313-4956-8bad-0876d65d2b4b,Student,None,0
e9b1b34b-995a-4230-847c-546c0dd60816,Student,10% Cashback,1
0949b769-1820-4765-9b4b-8d97f30f15a0,Student,None,0
df8a2cb7-3b94-4bea-b5c4-00b1db9f3b59,Professional,10% Cashback,0
d250c328-df0e-45cf-8863-211e61fb492f,Student,None,0
7b2e4c85-60cd-4c54-b399-5e4133bcec70,Student,10% Cashback,0
d8fb3063-72b4-4984-9097-0b1b05d7db45,Student,None,1
e1d4de7a-6867-4b72-bc3f-9ca5578adc1f,Student,None,0
2cd8bcbf-2c75-4bf8-ae08-192abe50b083,Student,10% Cashback,0
262a4589-f7bf-4fdf-bf3c-67849a35719c,Student,None,0
1114cc87-d315-4d80-8a6e-c1c4034ff2ab,Student,None,0
de6e96eb-c558-429b-ba29-994c9a37699c,Student,10% Cashback,1
d1a91ad8-cef3-4bb5-b8bc-8dea8716b0d4,Student,None,0
926ae0b4-036d-45a4-bde7-2b5b1192bf29,Professional,None,0
1efd13cd-360b-4931-8a81-282791bca77a,Professional,None,0
23b44ab8-fcc9-40df-b3d6-17e98621a29a,Professional,10% Cashback,0
5726352c-59ef-4a23-a1eb-b0fcdf29c72f,Professional,None,1
2478c9e3-82d0-4dea-861d-5d793907f6e0,Professional,10% Cashback,0
2b6d09b4-6a72-4597-bf75-7567ed89825e,Professional,10% Cashback,0
ca2334c8-f079-4181-982d-d563bc275974,Professional,None,0
2201334b-b127-4c65-8827-3de4e43137b8,Professional,10% Cashback,1
8499287f-6f84-4452-8b3a-bf23c8e9aab8,Student,None,0
934e66de-dda0-4368-a6be-53ea9fe94eba,Student,10% Cashback,1
933bbe9e-7ca8-48c5-a352-3d1789846093,Professional,None,1
c67927bd-5b91-4913-b835-43b2ea886b0e,Student,None,1
3467dba2-e5c3-4ec6-8c8f-0654afcb7f1e,Professional,None,1
b4fa603a-3b7a-4379-b4fe-f613a9149600,Professional,10% Cashback,0
cfcf34b6-e179-49db-8b3f-f884ea56030c,Professional,None,0
d47b390b-d2e1-49fa-a7c9-0f10ddf30af3,Professional,None,1
c415792c-bcd2-4b16-93c4-6d5a42f68b25,Professional,None,1
e3315ac6-b030-4f63-9f60-a954dca2fc39,Professional,10% Cashback,1
95b0ffbd-d187-4225-a006-2b0613644ef1,Student,None,1
7a0dbe94-05a0-4fb4-85a8-3d01eb4af682,Professional,None,1
a51be551-9fd1-4621-ac7e-a7c5258d403b,Professional,10% Cashback,0
6dc4f192-9321-4523-8da6-9d9afaded7f1,Professional,10% Cashback,1
c79617e7-f5a6-4d36-973c-07cdc8fa6925,Professional,None,1
dc50d0bd-93c1-42bc-a0f1-8a9335d4ec30,Student,10% Cashback,0
74d865f3-0b55-4c33-9396-0836d56d2126,Professional,None,1
ad5325f2-b083-401c-932c-7a83f982c55f,Professional,None,1
8840c3b3-e3ca-4a22-b013-fd20b66cf952,Professional,None,1
3fb5d5b4-e2ba-430a-bc5d-200e97a1a2de,Professional,None,1
f53c5b66-f652-42be-9550-fd408ebf5c41,Professional,None,0
554963e0-23dc-4311-ba89-367bbc4a102a,Student,10% Cashback,1
285c3199-83d6-41a4-958e-84d90a4ce2f4,Professional,None,1
fb0e5764-0247-4efa-a363-08bb98cc8025,Student,10% Cashback,0
8834234e-44ef-4aab-abd4-38e6dedc870b,Enterprise,None,0
1ce9811a-1a6f-4567-abcb-bb4ad67fc9cc,Professional,None,0
feb67b99-33dc-4b3d-ab11-1adb3e8913ea,Student,None,1
6801c6b9-2db7-4188-98bb-4ebaa447f047,Professional,10% Cashback,0
dbc944d6-64f5-4448-82b1-d199e4bd9898,Student,10% Cashback,0
1e008524-c994-4a07-bfe6-f1375b6b9a2f,Professional,10% Cashback,0
f7ef703f-eac1-48b3-8d66-9223febd4d3f,Professional,10% Cashback,1
13e1cec2-591d-4ae6-bfd5-0ceed1588885,Student,10% Cashback,1
89feeefe-3d1e-41b3-a508-b1bf846a11dd,Professional,10% Cashback,1
eb5c4497-f262-4b89-8d46-97bba48afb81,Student,10% Cashback,1
8d5b2ab3-e571-49c6-ac6d-64248df8346c,Professional,10% Cashback,1
44f6a8b4-780c-47f3-b516-060111318f53,Student,10% Cashback,1
fa9456bc-1ae0-419a-ae8b-56370bf18058,Student,None,0
d2bb3ede-5e46-4882-8f05-52ee6634efa6,Professional,None,1
a63dd5eb-90f6-454a-a993-291faed19bb5,Professional,None,0
b8ecf824-df60-4b03-aff8-0519ff106bc6,Professional,None,0
568bfc6c-16f9-41d6-b757-3ce9d32fc787,Student,10% Cashback,0
bbf35f74-bceb-4e11-aa5e-7529d41a725e,Student,10% Cashback,0
c2fc9b9d-4bf1-4016-9767-9cc10136d165,Professional,None,1
d885407f-117c-4c52-be42-3ef54e05e5de,Professional,10% Cashback,1
61fca559-9086-4de0-8082-e52efbc24f96,Professional,10% Cashback,1
300bc41a-a7c1-4832-a031-c8bf6a0e6735,Professional,10% Cashback,0
b2cd8e58-af31-4d97-a462-2e9073e93fde,Professional,10% Cashback,1
1dcb7d3c-872e-4fea-879c-c853f24a552f,Professional,10% Cashback,1
14a93f0b-3e0f-4351-ba74-caed6539bb90,Student,10% Cashback,0
477dfecc-2055-44f2-9ae1-dfe3d5c3135e,Student,10% Cashback,0
9f32faff-6082-44e6-90f3-a847697eb850,Professional,10% Cashback,1
0466b7ad-f2e4-4db3-ac93-ad6acaf99865,Professional,None,0
d0887343-f2ee-4649-9971-324ad5538386,Professional,None,1
70d9507e-9dd2-4e6a-8998-712b9ce340ef,Professional,10% Cashback,1
5511c98a-b929-4acd-a7b1-beff30cac445,Professional,None,1
7e781a20-3e0c-44a8-9d46-c5871a7fc9d6,Professional,None,0
ae046e75-ddbd-4386-9165-5797edb1d8d7,Student,10% Cashback,0
ef5eef8c-1b83-41c9-bf18-57380a7d06a5,Student,None,0
3b873e9c-a5ac-4587-a91a-52b3dc089132,Student,10% Cashback,1
4d122877-520c-4bd7-8aea-8df1bfd9a104,Professional,10% Cashback,0
a5758249-f139-4a3a-9560-44c7a22daa57,Professional,None,0
058c5b0f-9cd3-4c89-84c3-ae907a1d5da6,Professional,None,0
40e345d9-e30f-49de-9f46-c0f2fb03ef9a,Professional,None,1
b6194a1e-4caf-4116-985a-eaa442b9bc11,Professional,10% Cashback,0
0f858067-cc92-4caf-ad1d-c82ee861b486,Professional,None,1
9da1dedf-9316-43a5-93bd-59237b14d642,Professional,None,1
a75babc0-cee1-453e-9f3f-051be12ce978,Professional,None,1
9779b362-c452-4501-87fa-ec25f1949f5a,Student,None,0
7d55e82d-926e-48fe-9de9-10e4577b66c7,Professional,10% Cashback,0
8d04f3a1-c2ad-46ec-a9ae-aadf48d6aa60,Student,None,1
d2a07802-f84c-4478-bc24-b7508f427ce8,Professional,10% Cashback,1
bc1ccbcc-ecbe-494d-97e1-edd04e8633ba,Professional,None,1
ec09e0cb-c725-4733-8dee-067b32e814d8,Professional,None,1
0ec8c6d1-d92b-4f96-a939-84161d4d518c,Enterprise,10% Cashback,1
f3ce1954-be81-43e0-8340-3f3e740cefa9,Professional,None,0
9f770192-9f9f-46fa-bb91-1b200aeb2ea6,Student,10% Cashback,0
fa7f9219-6ed5-4001-902d-e12370b6982e,Student,10% Cashback,1
d04440c4-c28e-48b0-b45d-2788e25db7e3,Student,10% Cashback,0
8e795fbe-58b6-48eb-8a62-7299fe71b38e,Professional,10% Cashback,1
cecf8160-d5e4-45a7-b367-2ffc8f21dac5,Student,None,0
48be919f-2434-46bd-9966-60e22caad703,Professional,None,1
fa4d5dec-e9c5-4634-bda1-e4fc68ef67df,Professional,None,1
cf0607be-8e9d-4c45-bed1-85e5ced5b3df,Professional,None,1
700dc626-24c7-4fee-81e1-5a9463e90894,Professional,None,1
a5ea0f9d-69e4-4fed-98c8-e5eeb1f15b55,Enterprise,10% Cashback,1
416fc3f7-1751-4daf-a2c8-545d6b0833b8,Professional,None,1
af6ad3b3-af33-4aae-b91c-3ab900d03a30,Professional,10% Cashback,1
67310996-b2b5-4832-8ec6-3709e3956d73,Professional,None,0
ff1baf86-edf5-4e3d-9724-5f8e574cd396,Student,None,0
41aaa969-f4bc-4bcf-83be-570a385a99ba,Enterprise,None,1
d614b5a2-ba68-4906-9af2-0e3f650f0413,Professional,None,1
6cda577e-26b5-4c9b-8fa7-f8ec91cd7430,Professional,10% Cashback,1
3d514119-1982-4df8-bdb6-98d8147c0fb7,Student,10% Cashback,1
57840440-3550-49bc-a1a4-cb7c10793d15,Student,None,0
f89fc036-a9e3-46bd-863a-aad85a69d1cc,Student,None,0
9acacca5-8e7f-4511-a9da-fe562d27bdb9,Professional,None,0
0ef4fee8-87da-49f2-8922-984a005430bb,Student,10% Cashback,1
f3f8748a-abd3-474d-983b-182081e455a1,Student,None,0
55da688d-7247-403e-a93a-491ebdaf321f,Professional,None,0
81e9eeaf-7bc1-4c1f-97d8-359a25ad4182,Student,None,0
c3e4f801-fbc5-4b96-8fd5-a98276439c18,Professional,None,1
adf68816-af77-4b2a-ae65-2b847a3756da,Enterprise,10% Cashback,1
e353a3c1-6ecd-4283-b747-58467ce77e6e,Professional,10% Cashback,1
94547d44-e75c-4be1-b768-4669c2024bda,Student,None,1
7d88989c-c45a-4da0-b044-1eeae307b5ac,Enterprise,None,1
c5dc0dcb-3edf-40f6-ac7e-36ede5462716,Professional,10% Cashback,0
b872e651-f994-4f90-a683-88f1cbf5a94c,Student,None,1
e2861914-1cc1-4077-ac07-2aa3ec1957ad,Student,None,0
73a7f0a7-ebc5-4ea7-968c-18e6f2dc75e3,Professional,10% Cashback,1
2cb06c46-af3f-4b94-ab74-8b38aa99b8d1,Enterprise,10% Cashback,0
80adcbfc-bbd8-44a8-b53f-fb1687d30788,Professional,10% Cashback,1
fd6ba547-d70b-4fde-b95e-2b66d4b0f2b9,Student,None,0
43448a0d-fc2e-4f5f-8d16-527d60fe81a3,Professional,10% Cashback,1
67ec8529-50a4-47f5-8f3b-401e4dc248ac,Professional,10% Cashback,1
7a0eeff5-bf3f-42de-877b-6956460e3e2f,Professional,10% Cashback,1
8a66f1a1-9372-41e5-97b9-18ecffae6128,Professional,10% Cashback,1
091c96a0-1350-4db0-8807-9f313d0f3114,Enterprise,None,1
9abc01c1-b177-4838-9e95-6bc22a2a20b8,Professional,None,1
29b2f6b2-dc8a-44bc-b426-61e4df97b072,Professional,10% Cashback,0
b3ffd8a4-7fae-4216-b80f-007c03f52b19,Student,None,0
d7a46018-ee91-480b-9acc-663ab5c4b56b,Student,10% Cashback,0
306368bd-6a66-4472-8723-a8f348153a69,Professional,10% Cashback,1
66ff3890-8bbf-48ef-97c5-7a7e08eac10a,Student,None,0
789cd37f-c9d0-4556-9bd7-72dbb39de919,Professional,10% Cashback,0
0b0862c2-01b4-4737-ad42-04b34bbbd124,Professional,None,0
4959ebf0-aa3e-49cc-9616-c2199f9b879d,Student,10% Cashback,0
7fd5f5a8-c1ea-40a9-8333-c19509b64574,Professional,10% Cashback,1
3442984c-915c-4b63-a308-1f761b0a4518,Professional,10% Cashback,1
94b66365-bfe1-4410-8ebb-a236ffa3e0c8,Student,None,0
4fbe427f-1418-4b36-af3c-df27fdf8fe0a,Student,None,0
5c05ba3d-ff4d-4dc3-a74c-d962d15b817a,Professional,None,1
c7237a0d-c16d-4640-8da1-7d5868d05ed3,Professional,None,1
202651aa-3afe-409c-b070-51c55b22db98,Enterprise,10% Cashback,1
339bb928-f8b8-4134-a2f6-bbbd7458c9fd,Professional,10% Cashback,0
75fd87cd-3cfe-49d6-bdb5-e382e8168c4f,Professional,10% Cashback,1
37713698-e9b9-43fc-83f9-fbb2b5268a41,Professional,10% Cashback,1
7b88d814-2039-4583-a7bc-96167e75171d,Professional,None,0
2288bf83-3a75-4772-9c4d-9a1078d9d61a,Professional,None,0
24cd6f18-f9c9-4a4b-b438-8a5a78292245,Student,None,0
2b47a657-1d66-486d-a189-f66cc39045be,Professional,None,0
3ff1b173-7d31-4f63-9bcd-ffecd0f35176,Professional,None,1
98931c95-94dc-4732-a817-9e13d4522c46,Professional,10% Cashback,1
224c0455-fcd4-4a2a-8b00-d9b46bccd83a,Student,10% Cashback,1
dad6c5bb-3447-4dc7-8acb-a8fe4fb9d424,Professional,10% Cashback,1
7ae535ef-3f1d-4ade-9537-a041e3be35c8,Enterprise,10% Cashback,0
1c8a8a95-082b-430c-990c-a201f8d37b2f,Professional,10% Cashback,0
9142f253-a586-46eb-b6a3-10edb8e9f6dd,Professional,10% Cashback,1
3c72bfcf-c399-4caa-b085-8b9539200e0d,Enterprise,10% Cashback,1
d4af235e-d55b-46bc-91c1-fd5f07b32c9b,Student,None,1
03646526-8409-4b1c-bff2-f50a2435a09e,Professional,None,0
0092c480-7b60-49bb-8770-e92315284995,Professional,None,1
8ec1671b-97d2-4e8d-bb34-571d850e46de,Professional,10% Cashback,1
ca8a3203-d532-42de-8e4d-a8ec97947718,Student,10% Cashback,0
6cdb5f07-8b55-4aba-b5a6-b0485c71918b,Enterprise,None,1
ba664729-b844-423e-a790-99d1ccaf4639,Professional,10% Cashback,0
a2654002-b90c-4c55-ad9b-ce7ec8a4441a,Student,None,0
6e65fea0-361b-4cdd-8bd2-5f436e969b29,Professional,None,0
140b4651-bc6b-446f-8cf0-5ceb1eef5d7d,Student,None,0
51cba7b4-f2e5-4754-b930-f4561f3d2804,Professional,None,1
124dc71d-8dc3-44de-938b-d7919abea1fb,Student,10% Cashback,0
c8f2f83d-2fe0-4391-8b04-753688d45738,Professional,10% Cashback,1
a98d370f-2e10-4427-a10e-98a1d7cc6143,Enterprise,10% Cashback,1
2a95dfc0-c013-43df-bb69-4b0c1fe2a337,Student,None,0
568da05c-8cb7-4f49-9de3-fa80045f7d37,Professional,10% Cashback,1
eda234d0-8386-4ae9-951f-fd701137cc62,Student,10% Cashback,1
e5401931-1a3d-4bcd-9273-78b67cf80154,Professional,10% Cashback,0
267a941e-c9ac-415d-8c6a-4b2c9c8a407b,Student,10% Cashback,0
8dec63bd-c466-4860-ac53-f00103cf9fac,Professional,10% Cashback,1
74f1453e-5a5e-4a33-997c-41b89d0ea3f2,Student,None,0
045f70f0-d58a-42e0-b332-7b24aa6e8578,Student,None,0
f2c2dab7-aa6d-49ba-9e9e-49951936b371,Student,10% Cashback,0
d65d4319-82cc-4612-bdc9-4ab090c0fb64,Professional,None,1
453932a0-52ae-434c-b5c2-b7be07a5c82e,Student,10% Cashback,1
fe3a03f6-1c4e-4f4f-bb21-f47f524154b5,Student,10% Cashback,1
40106a47-21a4-40b3-810f-c47da9d6d93b,Professional,None,1
fd39beb9-8778-4733-876c-0ecaaf50c2b0,Professional,10% Cashback,1
b8c32ac1-5a82-4455-a748-eb136d85619a,Student,None,0
4b7ba08d-854e-4c88-b545-d85384d9430e,Professional,None,0
7fde72ad-dff3-4ba6-bf0d-64fb9e439be3,Student,None,0
07f988ea-dc1b-45d4-9c2c-4b8ef959a17b,Student,10% Cashback,0
ffe0a3b9-393e-4b36-a5e2-5e5c83af3771,Professional,10% Cashback,1
0db18f26-3d08-41d9-bcf4-d7febc716800,Professional,10% Cashback,0
7930918d-4105-44b5-9ab7-42ea7c35fb0c,Student,None,1
b9eb0fd2-1145-45f1-81b2-cf89bfaf97e4,Professional,None,0
92805634-fba2-4cfe-954a-9673be7c52aa,Professional,None,1
14f49049-98ba-4505-ad31-bcb65c84512c,Student,None,0
2f73ca95-8087-4f80-b89a-0b0767e4aca3,Professional,10% Cashback,0
d597dd77-cf4c-457a-bf9e-7c586499a7bd,Student,10% Cashback,1
a0901130-1413-4dde-a519-136000892825,Student,None,0
5c555d7e-3871-498b-a432-9e4ebdb7c983,Enterprise,None,1
fcff609b-5c04-49f3-bd57-74cc215b20ce,Student,10% Cashback,0
1ddb2092-29c2-42f1-bbdf-36fb6dcfc7de,Professional,10% Cashback,0
7c6dbacf-053c-4fcd-91e4-bf561efd7746,Professional,None,0
c60f904b-c98c-4ff5-a29f-5e3ac0610a41,Professional,None,1
82ab37e8-7715-4121-ad3c-45954221658d,Professional,10% Cashback,1
ad5735e3-1f96-4212-9065-966b7a271cea,Professional,None,0
4089e858-d479-4990-b62d-ea3c931abb40,Student,None,0
1a320e6a-ea76-4e36-ab19-935df15eaab4,Professional,10% Cashback,0
a416a715-204f-4755-b929-a4aa1ea7690d,Professional,None,1
3ef1d2c5-78c1-4bec-b560-1376ea5944ae,Professional,None,1
d68b0da5-1782-448a-b83e-05ef2b96f5f4,Professional,10% Cashback,1
a488d256-9986-4a32-b2f4-b9385beab9e4,Professional,None,0
e96abcab-cf30-41a9-86b3-056cb8994112,Student,10% Cashback,1
f51e620c-54c9-4964-85d9-fca93a62e3a8,Enterprise,10% Cashback,1
055f0788-1414-4014-8775-a1d7e972453f,Professional,10% Cashback,1
11e64cf4-7c06-45bb-bb04-a49c56531eb9,Professional,None,0
e1a978ae-82b5-44bc-8117-fdd63f4b8ebb,Student,10% Cashback,1
b7a9ffbb-da24-4f03-bc18-91a5918e088b,Student,10% Cashback,1
cb86658e-f69e-42ea-a797-c94e53dba1a8,Enterprise,None,1
23ca3b94-9dcf-4b94-9e07-efc690a6b07d,Enterprise,None,1
79a02ea0-1007-4423-9dc3-b042ea9fec7f,Professional,None,0
8a7226c6-879a-4002-a016-ddc4fc3b8ddd,Student,None,0
945e85f6-8426-434e-9fd8-762a23b24784,Student,10% Cashback,0
0eb85b0b-c69e-49f8-a4fb-48385417e24d,Student,None,0
d57f10e6-c756-4521-845d-9b4d66898bee,Professional,None,0
11097510-653f-4c1a-8ac5-ad3e274b0b83,Professional,10% Cashback,1
c2c76983-bca3-45f4-b54c-2c34fa4b59b8,Enterprise,None,0
96d311cc-0460-43c0-9fd9-e2f7ea78f55c,Student,10% Cashback,1
91a0a32b-49ee-47d5-b561-4693ec6fce7b,Professional,10% Cashback,1
08e0e0fd-de59-426e-a840-a1ba911e83dc,Student,10% Cashback,1
8b4e38d3-1059-4977-b3f0-9cd85ad1c26a,Professional,10% Cashback,1
61402156-d751-4bb1-bf2a-fa29fbfa438b,Student,None,0
9144a373-813c-4226-9585-4ac8a62282be,Student,None,0
0922bf45-920e-4c3f-bdda-61bd153d9828,Student,None,0
00642fc7-5f81-4854-a652-55e79a3d3495,Enterprise,None,1
c494e97c-8873-467e-b282-4fe400a1824d,Enterprise,10% Cashback,1
dec53b53-3207-4da0-8a3a-f205a171b95c,Student,None,0
d71f347b-d7ec-4166-97f5-f47f0e66c7c4,Enterprise,10% Cashback,1
efdaca68-5ae6-4a0e-9f2a-4ae18cb0bcac,Professional,10% Cashback,1
3401011a-24ca-479a-8897-21d2ec1b8339,Student,10% Cashback,0
45c8533b-8668-43e1-87ae-80548672a7f6,Professional,None,1
ff41fa14-5275-4481-864d-33866e4606a9,Enterprise,10% Cashback,0
dce5bcf5-d365-4a76-b779-237150d4c1e7,Student,10% Cashback,1
49a984a4-8e3a-4076-900f-76ee1b34e40c,Professional,None,0
afe0eae6-5cf6-4dc3-8d43-91c55a9c3bbf,Professional,10% Cashback,0
41a83158-48f4-48a6-aa49-fed2d693c84e,Student,None,1
7666e53f-3f0a-4160-9eef-908a917787bc,Professional,None,1
2bea6853-0b5d-4515-b46f-df34548ae176,Professional,10% Cashback,0
8f2fbea8-35cc-4c89-9ef4-34cc5125946a,Professional,None,0
dbc1eb11-c2ee-4494-afa4-3dcdc6b1d5f5,Student,10% Cashback,0
f7390fa4-8e1e-4f55-a7d9-408580a7c674,Student,None,0
46db369b-583a-49b7-b128-58641785d529,Professional,10% Cashback,1
57ad5a81-01f6-4bab-9fb4-68c1c11fbad6,Enterprise,10% Cashback,1
3fab0bbb-2434-4a42-a3ae-a5c5e1d409a7,Student,10% Cashback,1
0c595d60-4f67-4916-9978-3c56e84666ac,Student,None,0
8b2ba53b-c343-4e6d-b869-f9b1ce057395,Student,10% Cashback,0
627ce0a2-ee04-423f-85c5-724f1585bfa2,Student,10% Cashback,1
33ba9490-1aa4-42a4-8399-99311b97e94d,Enterprise,None,1
a674f668-b2d6-4987-babe-2d8dc1947c22,Student,10% Cashback,0
13f862d1-8fdd-4217-baa2-1509c7620669,Student,None,0
147cd3a6-3e6a-4e0b-a1c0-ef33606bf403,Professional,10% Cashback,0
95cf9ceb-9dbb-43c2-8dff-9865a43fd233,Professional,10% Cashback,1
fad523a0-5844-4c44-9c0c-0500b08b1dfe,Professional,None,0
1c5c0260-c335-4518-83b0-d2c6461434d5,Student,None,0
565d4266-73b3-4911-b82a-c04a7acac42c,Student,None,0
fa4ce595-c1eb-4d5c-9112-1c9b87ec95b3,Professional,10% Cashback,0
da567dd9-c193-49c5-8643-689a5a71f2e6,Professional,None,1
5a658cba-23cd-4077-a3e5-85a3cda5934a,Professional,10% Cashback,0
b3145adb-a81f-49f4-8570-af97905e1b1c,Student,10% Cashback,0
0732aaa1-eb54-40e7-b1f5-8704ef6a435d,Student,None,0
8b2f9519-9021-47ae-b71e-fe1cb023e6e1,Enterprise,10% Cashback,0
3962c0c3-aca5-4870-b8bc-0be7ee54d339,Professional,None,1
4a781e2a-115d-4daf-be68-163f4b152cd0,Professional,None,1
3098b56b-e38e-4d1f-8d5a-a1df59f1995b,Professional,None,1
65d819f1-efae-4d1d-8ee3-1f9e78f41188,Professional,10% Cashback,0
132e53ee-c0c4-4323-857e-7157530122a5,Professional,10% Cashback,1
bf9735b1-bba2-44b0-851a-c1f31f41e531,Enterprise,10% Cashback,1
bdb2c172-64bc-4db5-a297-300fce35d85a,Enterprise,10% Cashback,1
d86c236f-0577-4e1b-b377-30040fce96a5,Professional,None,1
50552181-ccfe-4d01-99c3-cafb3befa688,Student,None,0
b9806d50-9dc1-4725-bca6-d4141e4770ab,Enterprise,None,1
f016983c-7c88-4483-8aae-8e2cc23b188f,Student,None,0
45ceb325-8f47-46c1-9563-dff9b6212cbc,Student,None,0
c4afba84-c2f4-4234-8858-7793f8eefd3a,Student,None,0
9ba1a542-cb61-4aa8-9bf6-323b9c682682,Enterprise,10% Cashback,1
2748abec-fa5e-47d3-930e-43c79666c706,Enterprise,None,1
a4a2a53b-7011-4e3a-bde9-c38eaa03a6b7,Professional,10% Cashback,0
d60c1ca3-5534-47ff-97f4-67d78d7c3fc4,Student,10% Cashback,0
1d27d330-5875-44e6-835c-2378865d287a,Professional,None,0
d19aed79-dd2c-478c-a685-a05768a55ac7,Professional,10% Cashback,0
99afd1b0-9ad1-4cf1-bb0a-274acc04a312,Student,None,0
d7311465-3178-4bce-8322-0d66cb8b1960,Professional,10% Cashback,0
97fd4c10-dc8d-4ee3-9d31-907385079e95,Professional,10% Cashback,1
1a389368-a5a8-4581-b73a-ef310ccb8597,Professional,10% Cashback,1
26c00bab-51c2-48cc-b95b-c91eea10d596,Student,10% Cashback,0
df0b41d3-3d7d-44c5-b727-ff6800f43c4a,Professional,10% Cashback,0
125859dd-3fe8-48d1-ad75-fc3a198b5c06,Student,10% Cashback,0
d8f01363-6d4a-4890-8793-fd0e6ac063bf,Professional,None,0
759d560d-ea29-4a87-8e66-7b9618531121,Professional,10% Cashback,0
e63d0afa-9dc5-40b2-bab7-e546eade9541,Student,10% Cashback,0
00c45160-a4be-4a83-909d-5b793620b282,Enterprise,10% Cashback,1
ee451422-38b1-4c59-abd0-87cefa20f55e,Student,10% Cashback,1
817aba29-1d4b-4840-b4ec-fa7fbbe43cc9,Professional,None,1
bd9d3901-ae7f-47cf-9a80-63e63b494a60,Student,None,0
20a740d0-a939-4d9e-a32a-108ac0118be4,Professional,10% Cashback,0
7a246a65-87c0-4644-a437-47f98baac2d5,Student,None,0
22e747d3-b6a5-426e-9a61-bd0aa796c019,Professional,None,1
845279a1-dfea-4685-a1ae-fda540386fc2,Student,10% Cashback,0
1b243740-d1c7-4dfb-a117-f1cdb893b041,Professional,10% Cashback,1
024335fd-99ed-4449-951a-e3332510e044,Enterprise,10% Cashback,0
6e8b942a-7a8b-492c-8212-67cce2467ac0,Student,None,0
888a2017-eaa7-4542-9afa-aa0fd5591678,Enterprise,None,1
8d305a12-421c-41e7-8b4f-21931a4b72b0,Professional,None,1
c4435535-57f9-454e-9cc2-01fc35050ec9,Professional,None,0
0754d537-9b2c-4ba2-9b76-42ac4a612953,Student,None,0
d833ef1d-1b75-417b-8eaf-a63c5db48fe4,Enterprise,None,1
31601754-6a62-4953-910d-bd097406eb39,Professional,None,1
692b9901-9d4c-4dac-8bf5-726a69233d99,Professional,10% Cashback,1
e1f688ef-aa8f-4817-877f-a89da775760e,Student,None,0
70cf89fd-ee81-4155-a55a-9ba9dc30179e,Student,10% Cashback,0
5b50356e-81b8-4e6d-9bc3-f3f1de453838,Professional,None,1
7fe3a0bd-d030-46d8-b956-923524e8066b,Student,10% Cashback,1
f0bcd739-4f54-4564-8bab-d15fab65a7b8,Professional,10% Cashback,1
eba69252-323a-452f-a9f7-45e14604200c,Student,None,0
a6d09d19-e707-44de-9abc-ced4641bc47c,Professional,None,1
d62b1ac6-48e5-4c61-ab82-98fdf5819451,Student,None,1
cc65c6b0-1752-4cf2-8368-b5c17882c4c9,Professional,10% Cashback,1
e03acc70-29ca-4283-9a38-a6e1414ca931,Enterprise,10% Cashback,1
42c63b77-5e95-4e98-a6e1-db5dacf81cdb,Enterprise,10% Cashback,1
4e962721-fa4f-4bad-85c9-1ade512ce431,Student,None,0
c4660979-60cb-4b96-89e7-ceb94e1131e1,Student,10% Cashback,1
41b10b3c-eba7-45de-ac43-2341670f7c68,Professional,None,1
f396cfd6-d800-4e70-a0a8-a158ebf2e01c,Student,None,0
4788ecd8-dd2d-4ad1-8a21-1c1e90897fba,Professional,10% Cashback,1
c2367807-2ea5-4aba-b5cd-1faa4da3faf9,Professional,10% Cashback,1
28c694bb-3481-4256-b749-e515645b274b,Professional,None,1
f5f90e54-df0b-4840-9535-8e72596267c0,Professional,None,1
15511abd-99d2-461d-a1a6-8c3a67079530,Professional,None,0
19617bf9-a189-4954-8613-2b5dacee79e2,Student,10% Cashback,1
a78dc865-9f41-4a7d-b169-e3c9b2db3670,Student,10% Cashback,1
99d889b7-7e82-41c0-8c29-8ba1caca20cf,Student,None,0
54097f76-1a03-4a41-8f66-ce8a0dd5e3bf,Professional,None,1
24da715c-6027-44c9-94c4-d177a05985a9,Enterprise,10% Cashback,1
c69922fd-f5c8-433d-9104-3d53c1e32307,Student,10% Cashback,1
a3fdea8c-d545-49ea-a21b-103d814461fd,Student,10% Cashback,0
0af971cf-7f42-4e16-b859-e4e32158cead,Professional,10% Cashback,0
bec49c66-d26a-4b6f-8e66-714afaa1aa0a,Professional,None,1
1ab4a56a-4a3a-4232-b66b-197215d19c51,Student,10% Cashback,0
d2575972-42ce-4e32-a75c-52459bf6a9e2,Student,10% Cashback,1
c9cc6b39-f425-456b-9fc4-8f59da8fca76,Professional,10% Cashback,1
d920a8e2-a7e9-4520-a4b5-5246e2a275d8,Professional,None,1
59c2130e-c764-4f62-bf1f-204e5d2fb9f6,Professional,None,0
68d7b291-b6d1-4fb6-942d-61938db0f778,Student,10% Cashback,0
d96b3102-3b9d-46cc-b258-39473f174e37,Professional,None,1
82f83104-162d-4b8a-b1db-29495722405a,Student,10% Cashback,0
4de8a146-a40a-4e19-8a29-f02165676317,Professional,10% Cashback,1
6cb0e054-d4f5-481c-b3d5-a81e6683b3fd,Student,10% Cashback,1
df8820e6-d48c-4b79-8bab-735cc14149d2,Student,10% Cashback,1
ab1f10a6-d7f7-4278-8353-9e049636fa43,Professional,10% Cashback,1
1f7a6808-a0bd-4cda-8b22-fb403b0e4ac1,Professional,10% Cashback,0
1b917aff-3303-4d1d-93ae-6a6d8613f9c6,Professional,None,1
0a8b0504-847f-446c-a1e3-97b3c7646b49,Professional,None,1
92b6ae59-286e-4009-9df0-02d12c50e294,Professional,None,0
6f88bff5-697f-4ba0-b0ae-89a279998d93,Student,10% Cashback,1
bf8ec627-c433-42b6-85cc-f2629a2a7507,Professional,10% Cashback,1
bcde874e-408a-415d-89ee-bfc853359388,Student,10% Cashback,0
14dc92e6-0207-4e6a-8b79-715301a72a0a,Professional,10% Cashback,0
8f8cfc65-cf6a-4ef7-904e-7593917360e4,Professional,None,1
d25d1315-177f-4d50-83d6-4b91e037eee1,Student,10% Cashback,1
3f14dbe2-5b69-464d-9f14-70997ef7f996,Student,10% Cashback,0
989ac922-a956-4b2d-befc-01df231da576,Enterprise,10% Cashback,1
9512b6e5-d8a7-4e2d-a62a-3ede4f660d72,Student,10% Cashback,0
d666fe5e-891d-4ea4-a2d5-7e1ba7a4602b,Professional,10% Cashback,1
bd198138-9431-47a3-8b35-a7cbd430234c,Student,None,0
d5683fdf-4f45-41d9-8485-2ecb5f587b49,Enterprise,10% Cashback,1
77ff55d9-659e-472a-8714-98181a19d8b7,Enterprise,10% Cashback,1
a7d8e2bc-5975-43b3-81b3-a6b39a154675,Professional,10% Cashback,0
e1d517d6-07a8-4c76-a179-9a6ad8ae6384,Enterprise,None,1
8a2da422-cb3d-4b58-8cb0-98af486ddce1,Professional,None,0
2b223e3c-a205-43fe-aa1e-565f3c40bfd2,Student,10% Cashback,1
25afa6b8-e987-4785-aee9-44e668cf5e07,Professional,10% Cashback,0
def060b8-75c3-43d0-a42f-67e4b388ab32,Student,None,0
4f6737a2-52db-4dcf-a250-d5daf18b8e7d,Student,10% Cashback,1
7860405e-ff48-4c9b-91b6-91b7a745ba4b,Professional,None,0
15a5323e-b780-4107-89f5-dc48b0ad773c,Professional,10% Cashback,1
280d3cae-6a3c-4f6e-837c-58228083fc47,Professional,10% Cashback,0
ad3f7292-4c0b-4f43-a528-32caed300009,Student,10% Cashback,0
d99a1682-1c98-4de3-9aa6-093985feba94,Student,None,0
7ba157b3-7df1-4812-9d1b-0cfbbe8af3ee,Student,10% Cashback,1
8971e6bd-d3e0-4185-b47d-2b8724e93731,Student,10% Cashback,0
6c668135-d98e-4ff9-93c5-93a1240f62cf,Student,10% Cashback,1
7cea9756-9a61-40ea-983b-b66e02f0f624,Professional,None,1
6b320615-4178-4471-89ee-e125ba0cadb2,Professional,10% Cashback,0
b665c756-622a-47bc-8825-b59eb0d194d2,Professional,10% Cashback,0
8c62d255-a3ba-4a0b-a1d8-2c175266b735,Enterprise,10% Cashback,1
68d387f3-cb5c-4885-acd8-63d039cee26e,Professional,None,0
936d3e16-3501-4d00-9653-9d66ae607c4d,Professional,10% Cashback,0
2fdfdbe1-842e-4266-957e-47545cf4a13c,Enterprise,None,1
486c1640-7375-4a01-ae33-174e2c842318,Professional,None,1
06f2ff96-4552-4054-977e-431f6fc23bba,Professional,None,1
3939ffdd-1b75-42ec-a287-514c25c0d144,Enterprise,10% Cashback,1
c29cc7d4-292a-4aca-822e-5919366569a5,Professional,10% Cashback,1
dd900d69-c250-454c-ab0f-6bd2a8e4ddfc,Professional,None,0
0f41fc43-cb50-4eed-9405-371e64f598ce,Enterprise,None,0
7e167ec5-d980-498b-a8d0-839a46d8f6a6,Student,10% Cashback,0
5c9b358c-f7c0-4c44-9a4b-ef7d4f3e5c59,Student,None,0
2aa2d778-eaec-462e-a77c-b08d0181458b,Professional,10% Cashback,0
66789b8e-6084-4caa-986f-60ec8a165b3d,Professional,10% Cashback,1
4bed6aaa-8fc6-452b-9861-085ff5889dc8,Professional,10% Cashback,0
1d915ac6-887b-41f0-b6ed-46aabbbb7670,Professional,10% Cashback,1
a6de4d52-fef9-45fe-89f7-46f2d38d99a0,Student,10% Cashback,0
2b4638e4-cc2e-4cbb-a11c-8dd8df864817,Student,None,0
42e403f3-e1b8-4f54-8276-685242be113e,Student,None,0
345f7006-ed37-4698-a0d5-ad3f59e8e6dd,Student,None,0
db3b272f-d9d3-4091-9a2e-3b55c55105b2,Student,None,0
656e5462-3cce-4810-a4dd-af1304110035,Professional,10% Cashback,0
46c75876-11dd-4d53-9907-c2b4ba1922b6,Student,10% Cashback,1
e77e8682-b194-4be7-bceb-bca4a4ddbb1f,Student,10% Cashback,1
fa9ec2e2-2d39-4907-a6b8-b47f1c24ab49,Student,10% Cashback,1
36219696-9a05-4615-bc34-781650396e2c,Professional,10% Cashback,0
4bc7957d-f1aa-4706-ad46-2a2de801e163,Student,None,0
51f7b80e-a4bc-4d02-9afa-9e06dd399c85,Professional,10% Cashback,1
8df30084-567f-4b7d-bba0-116ba4d937dc,Professional,None,1
76d49c5d-e77b-4082-83e6-a03cd9620745,Professional,10% Cashback,0
eb3bb064-6fea-46ac-826e-2312bf3d84a2,Professional,10% Cashback,1
e8efd7e6-a2db-42e5-8644-93d939c51ac1,Student,10% Cashback,1
b93a384d-166b-4c5c-99b8-4c4f0a15cd42,Student,None,0
36bcb24b-1409-48b2-876e-cb4e46e3ad05,Professional,10% Cashback,1
0c13552e-2e9b-4b10-8414-6c479734f985,Professional,10% Cashback,1
a2c13474-743b-4746-8de6-fa751be90125,Student,10% Cashback,0
bcf3b64a-09d2-4029-ae9b-df0ea606f3d1,Student,10% Cashback,1
4c2e1134-eb1d-463e-a411-8c18a3da14e7,Student,10% Cashback,0
d25b9e1c-2dc7-4764-8af4-5529494faff3,Professional,10% Cashback,0
187751ef-6baf-419f-8654-c4904927e888,Professional,10% Cashback,1
1f16ef79-18c3-4ea9-b60a-bb316960758e,Student,None,0
77704df4-a452-4c6e-bf7e-1af3cd34a2f1,Professional,None,0
eff91072-24c3-49fc-aa83-07d9433a2c4c,Student,10% Cashback,0
fbab7176-c599-4ce7-8613-7cff81343cff,Professional,10% Cashback,1
998faae6-aba9-425f-b686-206f41857633,Professional,10% Cashback,1
7b864395-e8e6-4e74-803d-6cf58078f55e,Student,10% Cashback,0
39d011fa-8b8e-4fd0-b974-27755595369b,Professional,None,0
32973861-295e-4440-b755-19805ac8f004,Professional,10% Cashback,0
1bac7edd-535c-40e2-81a4-c6845e4854f1,Professional,None,1
5f57f3f9-5463-4172-887f-6c61be053143,Professional,None,0
09389d3c-1328-49b6-884d-671f0051e7a7,Student,None,0
895fd327-266a-4c20-b4c8-37870a899100,Professional,None,0
11f80392-e6cb-445c-b403-0ddeeab76987,Enterprise,10% Cashback,1
6334a990-97e1-4c92-895c-614a13f5576f,Student,10% Cashback,1
fab2a644-136a-4bee-b132-0ffdb368b149,Student,None,0
1db5815b-c818-4c28-aa90-734e39edd280,Professional,10% Cashback,1
2e1672f8-a38b-49a4-9e64-498535900343,Professional,10% Cashback,1
90ea1097-0f27-48a4-9979-ae21c2c61160,Professional,None,1
54b6c08f-f464-438e-ac20-dbf13133f19d,Student,10% Cashback,0
1f609bcc-b300-47fe-9947-0fab98abe643,Student,10% Cashback,0
3d6ad51f-0e57-4831-bac7-32bb6afcd2d3,Professional,None,1
9c528506-93a9-487f-8911-439b979c34bc,Student,None,0
1a1c1ce1-08c7-4a74-95f0-a9a4270b817c,Student,None,1
cdf80e81-d994-4ad1-bd9d-e9106081a0a3,Professional,10% Cashback,0
43f11318-a218-4b67-b85f-fe1d32a99fa6,Professional,None,1
7bf65722-7c3f-41c7-ba5f-4cb5016aebc9,Student,10% Cashback,0
32551c4f-9ad0-4247-abd3-93edef863367,Professional,10% Cashback,0
c933c403-6b07-41a1-b2fe-1f922ede28f1,Student,None,0
5a8e4f57-c50f-4465-8e39-65c407944d23,Student,10% Cashback,0
1f316822-4c85-42ad-8f55-c39bc740ea6e,Student,10% Cashback,1
e01bdfa7-4e0d-457e-8761-34c6138cb6bc,Student,None,0
ef88b6ac-7797-4487-af30-14c93af4284d,Student,10% Cashback,0
04d8fa14-15d5-4cb7-b559-ed6f62a04c19,Professional,10% Cashback,0
45f81ede-2dcc-48d1-98c5-c81da511780f,Professional,None,1
c38130d4-9fa7-400c-8be7-7b9ec2a1ff75,Enterprise,10% Cashback,1
6c8d462a-0acb-436c-b5c4-bcabcfc10e6b,Professional,10% Cashback,0
0a42046c-716f-4705-ae01-aa7f30ce0175,Professional,None,0
96974a57-fc9b-4284-91a6-071af2894997,Professional,None,0
c195a4ad-aecc-41e5-bbea-b4adf5cc93b2,Professional,None,1
e0cdaa90-74de-498a-88f0-aca880f5579c,Student,10% Cashback,1
2291349a-4190-45f7-b3ed-40f25df863f0,Student,None,1
e85b912d-d86d-45d3-9297-833e65f155f6,Professional,None,1
2454fa86-9278-4cf3-9b03-61ccfdb5db36,Student,10% Cashback,0
ca961a37-cf60-4158-8fb7-507c37039f1c,Professional,None,0
e590965a-ea42-41f0-b737-45069c24c5bd,Student,10% Cashback,0
a1a70fdf-b453-4e57-940f-c8fda7366100,Student,10% Cashback,0
dec6ae97-4411-40b4-a52b-1811400b7ea3,Professional,10% Cashback,0
0b4588f4-3778-4bf8-a22e-a7de2fe10865,Professional,10% Cashback,1
b82cd63f-f361-44d9-ac0d-0de2e1aa6325,Student,10% Cashback,1
fc2a7352-e2f1-458a-bdf5-0c5cfcf109c1,Student,10% Cashback,0
de3110e1-9962-4360-85a3-ce2ef1a257b3,Professional,10% Cashback,1
50c19ecc-3998-485f-b8bc-afbe27eafae3,Student,None,0
4536ad66-f5bf-48c8-a9f8-de1e15802e2c,Professional,None,1
9b87fea7-359a-478b-8fc3-3767877fcb04,Professional,None,1
34e64806-c629-4a79-89db-8f007ace514f,Student,10% Cashback,0
f74c8061-1674-452e-9d29-f59352a19557,Student,10% Cashback,0
b26690ac-f0d7-4df2-9707-22856bdf1bbb,Student,None,0
41f08544-a402-4d0a-818f-20ed885f6163,Professional,None,1
58f09933-fc66-4a6d-b1a1-b9f3ad2f59c0,Student,None,0
6051b9cd-722d-4c47-9bb4-7ed200c128b9,Professional,10% Cashback,0
51feab62-3e2e-45be-8ee0-768122d533d1,Student,10% Cashback,1
0e91a250-c949-42b1-9897-b1d02e150c65,Student,None,0
e1aa2fd1-4289-4402-aaa5-af6fa3b2c59a,Professional,None,0
3c4fde6f-8131-4f71-9617-bb523b85bb15,Student,None,0
f802373f-ff8a-4eb8-b4d2-45a6762db08e,Student,10% Cashback,1
861d364e-d987-476d-9695-eb62ebf467b3,Enterprise,10% Cashback,1
e38d7a11-558b-4276-9940-06b0fb3d3e47,Professional,10% Cashback,0
85923ed8-327e-4983-8c95-ec241172b31a,Professional,10% Cashback,1
9dfd8d8b-284d-4c92-85e2-1068a31f61db,Professional,10% Cashback,0
7be19dcd-7e87-4583-be6a-b62c181faed8,Professional,10% Cashback,1
9a71e169-38a8-456e-9133-a664989608a6,Professional,None,1
a920b42c-546f-42af-9029-51a3a613d6a7,Student,10% Cashback,0
dac49e82-dc52-4148-9697-384c09b5ea06,Professional,10% Cashback,1
c600871e-f5d2-4bd3-bfe1-70c557adaa17,Student,None,0
bc82a4a6-44e2-46f3-b799-d133eda23444,Professional,None,1
9dd5c722-33ae-41bf-8ad1-d955294bd6d5,Professional,10% Cashback,0
179f96c1-e9ee-40f4-96bd-2d2e4ed027d3,Student,10% Cashback,0
f304cb2f-331f-424a-87fa-909a68c86dd2,Student,None,0
6e9fe3d7-bf39-4670-b66c-0a1e104fc9a5,Student,None,0
29270aef-9b97-410b-92a3-015cffc43a17,Enterprise,10% Cashback,0
b30189fc-3d83-4b97-9376-3033f9cf2f18,Student,None,1
9e081bfd-2e03-4b11-a2bb-d77c0fb06c4b,Enterprise,None,1
f6e04541-a4df-4011-bff2-72a6ed195ef1,Professional,None,0
e95c4cda-8fc4-45fc-ae05-692e204ab310,Enterprise,None,1
4d1e3ee0-ae0e-434f-a527-629a0b562624,Student,10% Cashback,1
8238ff86-5716-406b-9eab-e48c8eebeb32,Professional,10% Cashback,0
4b53ad0f-adcc-461d-bd6b-486192af22b8,Student,10% Cashback,0
2d22ebd0-d05f-433b-a0ef-cfe6b4937dc1,Student,10% Cashback,1
b4429bd3-b238-4881-8195-23238fa9e514,Professional,None,1
394f9fd8-da87-4004-874a-9898494da7db,Student,10% Cashback,1
520f95d4-4937-4935-9fe1-e357ec5c1124,Professional,10% Cashback,1
0026137f-354d-4183-b3db-50c1302a2f3f,Professional,None,1
80eb9e07-39e6-4c9a-8b98-7603aed1afb4,Student,10% Cashback,0
2c8ab38d-d2ac-4d90-85f3-fab0ef3b9925,Student,10% Cashback,0
e8a6897f-dfaf-4b31-949d-d666082b8538,Enterprise,10% Cashback,1
43411284-bf6c-4598-88ca-620ff45f0fe9,Enterprise,None,1
36f1aeaa-3856-4689-9706-680cd7a4d3c9,Student,None,0
174185df-8cc3-47d7-b7d5-dce2defba356,Professional,None,1
d1ec3d75-2a8b-4680-a02f-35b2a8f589c5,Student,None,0
2b98ca23-b4c9-4078-a559-63fd22598245,Student,None,0
4e7bf322-02da-4479-ba1b-b0978ae600dc,Student,None,0
45684017-696e-43cc-a851-06d2b3bbb532,Student,10% Cashback,1
78b8829d-be81-4981-85ed-0f79824528eb,Student,10% Cashback,1
c139a439-19cd-4826-a4f4-292638fa72df,Professional,10% Cashback,0
f29cad87-c758-4d97-91bc-215a0a168cb8,Professional,None,1
28ab68ec-58e2-49fe-8a15-b0bf7e575e7f,Professional,10% Cashback,0
d46002e2-16c2-422f-9fdc-23aacd64890f,Professional,10% Cashback,1
5e7d031f-d264-498a-8574-21122e4cc872,Student,10% Cashback,1
50a77ae8-e286-454c-a02c-e35d4d21bd64,Student,None,0
f4e5df31-3d5e-48c7-97e8-3f5c81803605,Student,None,0
9d221380-2039-4046-8d6e-c9582e1a1779,Student,10% Cashback,1
933455fc-17b1-4b62-bde5-a14e3e931d6b,Student,None,1
cd3893ca-2795-4a82-8836-a825967eb0b1,Professional,10% Cashback,1
8c7ed8a4-968d-43b4-93c2-917a95179d7a,Professional,10% Cashback,1
3391d022-365b-40cc-862f-e9bda5a19f42,Professional,10% Cashback,1
09ccd087-f696-4d83-840b-1d92a86fcf86,Student,10% Cashback,0
c20be4be-0cb3-4930-a89e-c604beb32f57,Student,None,0
7edf1cdc-9fce-4ce1-b91f-dfdf5e2c4d37,Professional,None,1
46430916-2ec2-468f-9b50-48f607672559,Professional,None,0
11dd1861-a714-4d20-98e9-cdf21ee03992,Student,10% Cashback,0
500c49ab-0e74-4759-9052-4ac1ba71a045,Professional,10% Cashback,0
ea8c2002-8345-4231-b1a9-257fb839dd3c,Professional,10% Cashback,0
787fd35d-0203-4332-90bd-186a50aeba40,Professional,10% Cashback,0
07895e33-16df-4ba8-8d77-a1d7c1f5664d,Professional,10% Cashback,1
3918778e-6352-4d6c-8d03-d4f0661b49a3,Professional,10% Cashback,1
804c6674-e324-4a16-baec-c830bb0a066f,Professional,10% Cashback,0
9f6328ac-5372-4416-96d8-12435ff92033,Professional,None,1
736b483e-d21f-436e-9713-3e0e43595bdc,Professional,None,1
6ba85f58-928a-4d13-813c-f7749d5dcfd0,Professional,10% Cashback,1
164130ac-9cce-410b-a7c0-1e60a7848f82,Student,10% Cashback,0
dd6abef4-e57a-4718-9724-27872c1859c6,Enterprise,None,1
b8fee129-37b4-4f8a-94a3-2d82cbabd7de,Student,None,0
35a90ba9-dd34-46f2-aed7-76050a7b18d4,Student,None,1
e4213131-d9c0-4078-8e29-5dc3c5a2386c,Student,None,0
ac7a341a-9352-4aec-b420-ecc0f14d5191,Professional,None,1
4986ca43-0bc7-4cc4-ada7-5975c6bf9903,Professional,None,1
06f71843-d650-48bd-81d4-27e39135ed5d,Professional,None,1
6138230d-08f8-438d-973b-86bb0187630e,Student,10% Cashback,1
24082019-280f-47a4-bcdb-3a09a4971b32,Professional,None,1
86f36b24-728f-4296-b5a3-8bbe6bb7337b,Professional,10% Cashback,1
b70fced4-352b-4ecb-bcfb-a64dd5e6f6c2,Professional,10% Cashback,0
4610e78b-b939-40ad-97dd-49b768d6198c,Professional,10% Cashback,0
0f668d9a-b842-48d1-837a-8e484998a084,Professional,None,1
f651ceff-e9b2-499b-ba34-1e10df8f75c7,Professional,10% Cashback,0
2eb19a2b-0a1d-4ccd-9b17-38e0744b0d0c,Enterprise,10% Cashback,1
0beb0824-d812-4ad3-a947-4339a848a0b8,Professional,None,0
5ea1fe94-0e0f-4aa9-a82f-0165d3c0cf43,Student,10% Cashback,0
7103370c-62ef-4626-84c4-e127aa2ca5f1,Professional,None,1
8c9a82ff-4091-4e56-93a3-50300c59d2e6,Student,10% Cashback,0
e85f59b2-6760-4dc9-9673-69d57d05c683,Professional,10% Cashback,1
9f95e02d-18f7-4f0e-abe8-c30ad8055c0a,Student,10% Cashback,1
dfb9f9fa-7ba2-4595-b058-832639c68793,Professional,10% Cashback,1
ecbe20e6-0c7f-4abb-b3ce-618621a11d5b,Enterprise,None,1
f0062345-f7fc-4d81-99f6-def6ec16bad6,Professional,10% Cashback,0
2d71aa50-f2a5-4d55-927a-8de7b397ebca,Student,10% Cashback,0
f9844aba-4442-4068-ba48-74ffd24d3676,Professional,10% Cashback,0
676ab295-6918-477b-861b-5af2035947c5,Professional,None,0
cabe167d-f83f-477e-bc87-0a39d4b1cc45,Student,None,0
e0da0e9f-257b-4d20-af6c-21b1668316ff,Professional,None,1
36065ffd-36a8-423c-a203-ce98aa59b51b,Professional,None,1
d3b45153-94a2-4c31-987e-67fe6feb3fcd,Student,10% Cashback,1
a4c0f053-2c5b-4120-a6ea-fa2bfdd7c3aa,Enterprise,None,1
d5110ea3-c1e3-4797-8618-b846751507c1,Student,None,0
3c580183-2c81-49db-9e90-854b5c6e41d8,Professional,10% Cashback,1
4e794339-9d07-4010-9229-c2ce419c1d8a,Professional,10% Cashback,1
b5bff7b1-a611-47c7-8a16-e837f4f71024,Student,None,0
11c4f657-835a-4313-953d-d285dc2a47ee,Professional,None,1
2b64679c-69fd-40c6-a0cb-b2d7398eafdc,Professional,10% Cashback,1
7c3ee9dc-0672-4e6c-b29d-3cd097b51285,Professional,10% Cashback,1
82f07ca4-8a41-4d57-bfdd-ea9944deb50a,Professional,None,1
bd34f96e-a5f3-4226-9e0c-9f5cee5a153c,Student,10% Cashback,0
04716559-c660-4faa-9dcd-0233f553c6dc,Professional,None,0
eb862b64-5fa2-4be5-8475-cd93d2f33030,Professional,None,1
8df1afc2-d338-4113-af3e-11c377422803,Student,None,1
c97a3ff0-9bc0-4ef3-9c36-8e214f262cf2,Student,10% Cashback,1
154f3c89-5f04-4c9d-94da-f9a536f9a2be,Professional,10% Cashback,1
f3efb410-7825-4ed3-8c5e-ac4e542fd973,Student,10% Cashback,1
7d04848f-9ea2-4ba1-adec-b244142ad595,Professional,None,1
1510b941-456e-40dc-907b-82ccaf48fe52,Professional,None,1
3a43d6f2-045b-49ed-acab-89b3087dc774,Student,10% Cashback,0
c20fd875-378d-4814-8e75-082cc7fd1896,Professional,10% Cashback,0
aebcb873-3c78-475f-9bbb-0565e1f5410e,Professional,None,1
e2185a2d-9c69-4078-9fab-eb337e348ae7,Enterprise,10% Cashback,1
7de336ba-c91d-4b2c-8758-87d8cde33df1,Student,None,1
c6b17529-ba71-463e-88bd-bd2e2e8bf3d1,Professional,None,1
0ba64906-a7d8-4242-b43d-0ef640ed419a,Professional,None,1
da24ba4f-8cc1-4156-a1fd-08ad9fcb9a24,Professional,10% Cashback,0
5175bbdd-7a94-425b-b202-7790c6e4cf5f,Enterprise,None,1
e6935cd6-c9b8-4bff-a148-02fef3b8fb65,Professional,None,1
a493767d-7729-43df-893a-d70442d81b28,Student,None,0
2c0a0c6d-8ce4-4430-9948-0a8bf091cffc,Professional,10% Cashback,1
0cae41f9-0f63-4c3c-8a4c-cb3fd67d1bba,Professional,None,1
d6b1afa2-e57a-48ac-8fc3-41d8f6121032,Student,10% Cashback,0
695e65ec-588b-43df-b646-1240719f2589,Enterprise,None,1
5b255eeb-4088-469d-b365-a0be051a42eb,Student,10% Cashback,1
f3c82f15-b0eb-417f-ba07-24e6bae7a4cf,Enterprise,None,1
1ccc5faf-bb2c-4cf3-b564-0f622698aff6,Student,None,1
76dae050-366d-4db6-ba87-2586789e2524,Student,None,0
6a4a0f53-f2c9-4bf2-9e94-81f134d5e782,Professional,None,1
03ce9dc8-1873-4bc8-a76a-6da23daa903e,Enterprise,None,1
d8b1ffb2-77c7-4c5d-9e17-0f134d37c23f,Professional,10% Cashback,1
10ba974a-6752-4f11-a894-6286c64b6d0c,Student,10% Cashback,1
ad8fce2b-dcdf-41cc-9f01-16f954982790,Enterprise,10% Cashback,1
f8b737a0-8340-4317-a8e2-5b3b8060f0b1,Student,10% Cashback,0
a0c6ff19-c92a-4f5e-9fd8-ab66e53d020e,Student,10% Cashback,1
2fa8e682-284b-478d-9364-6babd8b214bb,Student,10% Cashback,0
98fe0b1e-ad8b-454b-add3-ab19f117d426,Student,10% Cashback,1
6c526878-dae9-4408-8001-bf41f84ab096,Professional,10% Cashback,1
4ea5e3e3-17a3-4d00-921b-3b0d5b7c5567,Student,None,0
ea629921-d769-4087-a6de-2fd3a7fe4194,Student,None,0
d8c72956-a21e-4d52-8769-de29acd03196,Student,10% Cashback,0
7c5fe5d6-a783-4176-8c6a-7af96d3855d8,Professional,10% Cashback,1
5b09921b-fca6-49ab-9bd6-6180aaeaa096,Professional,None,0
51995ec9-9335-479d-b32a-d5283f4fd4c8,Student,10% Cashback,0
0b477cea-2cc0-48a9-af0c-abca4eac2ca2,Student,None,0
4aea0f78-30c6-4719-8619-5ed394c4e503,Student,None,0
9c4486e3-a95e-467e-99d0-45745a2cef93,Enterprise,None,1
ad30a376-519c-4153-80c3-1a0658e1ca60,Professional,10% Cashback,1
b9383b34-4ae3-48a4-a8db-fb0683bff986,Professional,None,1
f0317f74-71da-40fd-a4a9-871e4c53d6d9,Professional,10% Cashback,1
c35b5f5f-c34a-47dc-9e3a-019a140f9dd1,Professional,10% Cashback,1
7f74a37f-5788-4405-b31b-d6abf15fc769,Student,None,0
249f12f6-a9a3-49a4-adf3-ad4d373bb172,Student,10% Cashback,0
c4dbb1bb-32fa-4968-b107-e55d9d6454b3,Student,None,0
7012c614-302b-43fc-92b2-038175b0285c,Professional,10% Cashback,1
ca917d84-f1e9-46d5-b5f1-4ae086a37409,Professional,10% Cashback,1
89533f54-5f6c-4294-9f2e-85d437e52320,Professional,None,0
6fd31eb1-847d-4374-942c-2a2728296192,Professional,10% Cashback,1
c96023ca-5efe-448d-b768-afdbb9cab845,Student,None,0
7075781f-9b10-447f-9966-6bf4750b8ec2,Professional,10% Cashback,0
7c4386c8-6987-4a25-a7cb-47add17adac3,Student,None,0
248fcb0d-fd81-4954-8987-ddd2af8a49c3,Student,None,0
00282559-41fd-4004-9ff3-db29188c8009,Professional,None,0
2316fe39-1639-4b44-b8b5-d0c2dec27559,Professional,10% Cashback,1
2fb1a939-7f53-4e24-acd7-31119fcf4ede,Professional,10% Cashback,0
7bfe5ba8-68aa-42d3-95b3-29a6063c1ea8,Professional,10% Cashback,0
a99cd4e8-5de3-4162-8afa-b72c16df1488,Student,10% Cashback,1
3460157d-1c5f-45cc-b411-8739a1a0d1b3,Professional,None,0
4767cb89-f122-45ca-b8c0-77f54f843efa,Professional,None,1
08e4fb1e-5d59-48c9-b04f-25d99a5c523d,Professional,None,1
c03535b1-7d7a-448e-8f54-6089911f052d,Student,None,0
c1a396e4-e82a-449c-b386-ae9fdf0c7259,Student,10% Cashback,1
255f7e07-103d-4390-8b39-8f61843d452c,Professional,None,1
a069f03b-f543-4d5e-8ec8-95e045894bc8,Professional,None,1
aafabcf7-5346-4d31-b0ed-888926faf39f,Student,10% Cashback,1
8b0395e5-6656-48fc-8450-85d4dbd76ff4,Professional,None,0
68c86f7a-db9d-486a-94f9-2b0da6604834,Student,10% Cashback,1
b73b7069-03a8-41a5-b1bf-f219769d9f79,Student,10% Cashback,0
170d2950-468a-4ca2-8b98-d61bd23466bb,Student,10% Cashback,0
735abedc-b376-48e8-96e6-a7d494f936ee,Enterprise,None,0
d4e1b86c-ac51-4454-9107-82986b62a24f,Student,10% Cashback,0
ae0cbc87-71ed-4acf-a550-e35014373e30,Student,10% Cashback,1
e591a0ff-0613-4285-8b41-b62d0a8ae115,Student,None,0
fef85661-b957-4668-85e3-45a024b47a5e,Professional,10% Cashback,0
12f4ed45-6a55-4a33-b7db-7dc1d12ec1b5,Student,10% Cashback,1
65363079-7564-4c6b-bb70-a8335c331705,Professional,10% Cashback,0
39905856-c710-46f8-84b3-75d435033b2a,Professional,None,1
5cbc6135-6b4e-4bd3-b260-5fbd59092ad1,Student,None,0
cf1d3958-2cfb-4bb7-a1c3-739437288519,Enterprise,10% Cashback,1
b214ac72-7be5-4edb-a332-a99b2eb15f88,Enterprise,None,1
7c8621bb-2247-4c06-bc1e-5905d4394709,Professional,10% Cashback,0
9b18aa64-e844-4f2f-96d4-147ae3512a13,Professional,None,1
4ec1f82c-5558-4066-8579-d4a11fd44556,Student,10% Cashback,1
a98e95ce-8a37-45c7-9ae3-9cb5e3398a43,Professional,None,0
1341933e-8d05-4dc2-9f93-69241e6eddc0,Professional,None,0
9a4e15fd-1b54-47b6-98a6-9e28598775fe,Professional,10% Cashback,1
67407eaf-7ebf-4afd-ba4b-59b7f59da486,Professional,None,1
b616266d-d152-46d2-acfe-e3f2911d480f,Professional,None,0
d45498ed-ff7d-46a6-acf9-c0fee9de8211,Professional,None,1
7752b2f2-4093-4d58-9e7b-c6b659639552,Professional,10% Cashback,1
6e0de1c6-d0c7-4e60-a848-7280fb19558e,Professional,10% Cashback,1
0e87f972-d858-4300-a601-97d4d5dcf6b1,Student,None,0
9039023d-6c07-4d7d-bc5d-c45e55e9f32c,Professional,None,0
e792a698-df87-4762-94e5-275c97114038,Student,None,0
d426b6b3-2538-4eb1-8944-5c4dee532878,Student,10% Cashback,0
d45875da-41ed-40bc-b1c2-f8acc947db6d,Professional,None,1
9024d882-a53b-4ae2-9163-13cdd7f7f13d,Student,None,0
dd55fe7d-7773-4503-9b7d-1dbe37889871,Professional,10% Cashback,1
c131a793-adeb-4a25-83c8-0711108a94e3,Student,None,0
4e673aaf-cadb-40af-b3cb-f675f2e7c76b,Professional,10% Cashback,1
bf60f333-db85-4b06-92f1-70555512bd28,Professional,None,0
1dd60e57-9cf3-450c-b5ac-580e4758ebaf,Professional,10% Cashback,0
6d43950f-340b-4b2b-b2dc-a3e77ca48b64,Professional,10% Cashback,0
fb7132a1-ad86-44f8-bd03-8a3186dd7627,Student,10% Cashback,1
6a204c34-bb8e-4410-b41d-ac53552b00f6,Professional,None,1
a7160c92-a241-4253-b4b7-bf828a240228,Student,None,1
cdb0cb54-da3b-4761-9020-fa42e29c1404,Professional,None,0
7dd67e69-a584-41d6-af66-e4aa852c3c3e,Professional,None,0
3391756a-6e3e-4ffa-b9c4-99c6fb0fd902,Student,None,0
ce154ba3-d9ce-4ffe-9eb6-13392b65c997,Student,10% Cashback,0
03a07251-f1aa-479f-9b38-9812d91ff04f,Professional,10% Cashback,1
7070835b-3ddc-4677-b8f6-ed1cba367bf8,Professional,10% Cashback,1
b6a03371-6fc3-4bb4-b1cc-73a5fff4f647,Enterprise,None,1
5ba28bf0-a4d6-44d5-a558-e045de7c9923,Professional,None,0
06965cba-e3ce-4d08-b5d3-02ed5265b60e,Professional,None,1
d2f6306b-1a22-49ea-a873-d4767b1c0d2c,Professional,10% Cashback,0
657f4255-39df-4198-9822-41c55fb28a4c,Student,10% Cashback,1
681914be-cb62-431e-8893-b71e4fb621db,Professional,10% Cashback,0
945506da-ec67-4944-ad3f-e11dc22608c0,Student,None,0
24f17e6b-042b-4395-9103-88746b7ef496,Professional,10% Cashback,1
f9649b23-dbb1-4b87-bdad-eae54ddb588e,Professional,10% Cashback,1
ce683330-cc27-4113-aa2c-89180b895df0,Professional,10% Cashback,0
b8691e72-da02-4489-b098-946edc0f75c7,Professional,None,0
3ab77b14-d1d2-41f3-a3ab-42bb490979f5,Professional,10% Cashback,1
b581a411-55de-4e8b-88fc-6a967e30b2e9,Student,10% Cashback,0
8cdbac4c-67e9-4001-8026-842d9fd68cd4,Student,10% Cashback,0
6c698201-471a-4cc3-bbe0-1a6342dd0a81,Enterprise,10% Cashback,1
e82abcd6-fc2b-4f3c-84f3-d473051f41fe,Professional,None,0
327694bf-fc0f-407e-90aa-bdaa43c2f755,Student,10% Cashback,0
e732c456-c6c7-4ca0-b37a-a2e3d22f8da0,Professional,10% Cashback,1
6aae4b4c-cd7e-473f-8b9a-98647286bb82,Student,10% Cashback,1
e03b3e2f-fdbd-4508-bb5d-50e06a4814fd,Professional,10% Cashback,0
1276e9cb-6bf7-47e1-825d-ed58d85e364a,Student,10% Cashback,0
59ceac04-10a9-46f2-89de-3dc48cd2fb8e,Student,None,0
186e70fc-934c-4dd6-a954-0af6f4b159fe,Professional,None,1
0212c6a7-b7d5-4cd8-ba7a-2d815a04168d,Student,None,0
fcdffe2a-45fc-437a-9bec-8ae63fa60186,Professional,None,1
5a1ad839-39da-471c-a6fa-2181a6659e22,Professional,10% Cashback,0
ffc81e54-64d7-4549-a60d-27fc8bb3a651,Student,10% Cashback,0
9cc3afd3-e9ff-4985-bcd7-8871615afce6,Professional,None,1
e75e3180-3796-4a4c-ab90-ecc0da8b5199,Student,10% Cashback,0
7f1b846e-7f3d-455e-948c-91eb048ddc59,Professional,10% Cashback,0
7904a9e4-8132-4d1a-b6f3-60730a61588e,Professional,10% Cashback,1
7083c27e-aa30-4e6f-b6cd-d35b7a40042f,Enterprise,None,1
fd634196-0011-4650-9db9-f55e346b4786,Student,None,0
0ff0680c-d959-4b89-aaa0-8a8e9d2c71dc,Student,10% Cashback,0
84bfdef1-4e61-4d03-9299-f2ec8d0cb2f5,Professional,10% Cashback,1
e57c7d29-5223-4cfb-8901-de9fcdfe67ff,Professional,10% Cashback,1
c7302711-0449-4832-b031-46363382931d,Student,10% Cashback,1
4245d0e2-3f91-4079-b571-2bf3be20fd65,Student,None,0
0f345787-6c8e-407f-8ee3-0935a036f71f,Professional,10% Cashback,0
2652a905-6881-40a4-be3b-7107505526f8,Professional,None,1
4ad05a21-baeb-4c02-8fcd-43bb9fbb25ee,Professional,10% Cashback,1
95bd4200-489a-46e6-8ce4-557e46812aa1,Professional,10% Cashback,0
b96dca8e-9e9d-44f4-a9e1-24a0ceda27ac,Professional,10% Cashback,0
9612cd59-e706-4853-ae5b-05f77a3769ad,Professional,10% Cashback,1
470ef4ff-190a-4429-b22b-090e1fb65a93,Student,None,0
37e6cf77-25f7-47c2-aca0-8c245d4af04c,Enterprise,None,1
efabd43b-d013-42fa-9558-244549fad207,Student,10% Cashback,0
243ba9b2-6023-4239-be71-c69270520635,Professional,10% Cashback,0
7e65e690-eb6f-42d3-9f50-3119a23c6225,Professional,10% Cashback,0
2d8baede-ac9b-4d65-8fff-1836c309e9ee,Professional,10% Cashback,1
04758a9e-1b6a-4637-9f95-27178cd402de,Enterprise,None,0
a30d9fef-0fd7-4b7e-b712-5327271a683f,Professional,None,0
3e30b261-a8b0-4e74-a9b0-1b3ac543526b,Student,None,0
6cf0c1cc-9547-4a91-bc79-32b4c4407ed2,Student,None,0
482b8ec9-ed34-4bda-8ce7-83f67a69baa2,Professional,10% Cashback,1
7f97cd7e-a250-4157-982c-bb283546ef89,Student,None,0
47b40e29-84bc-47b1-9e5b-bc9ca1217722,Professional,None,0
47ed86c3-939e-484e-93f6-c70693a80272,Professional,10% Cashback,1
e489a920-7529-4f3d-b157-b6c681397ee8,Enterprise,10% Cashback,1
53892348-f20e-421c-ae79-3df09e7becf1,Professional,None,1
4ec54d3f-e07e-46d1-8bf7-2d902c3120b1,Professional,10% Cashback,1
3488d40d-8561-4f1b-8800-b297a46c8a26,Student,10% Cashback,0
f1e02d03-0e8e-43e8-891f-3ba012678cdc,Professional,10% Cashback,1
d748090f-5bb1-4131-9779-1e34e3676cfd,Enterprise,None,0
6d3e1f8c-9ee3-4db5-952e-00cdefb4df53,Student,10% Cashback,1
c9033823-07df-4677-8a16-b7d3ddad0fd9,Professional,10% Cashback,1
f726cd02-c21d-4b3d-ad67-8270da71bce5,Student,None,0
224b55c7-29e9-41eb-a4bf-f9c9e3bf98b4,Student,None,1
30f44252-2bb8-4bd8-9845-dda389c5c99b,Student,None,0
44540e25-0c24-48d5-918a-30d58c54c005,Professional,10% Cashback,1
65951e70-3915-4c32-849f-f99659e19975,Professional,None,0
a35fa33f-aff6-420b-b196-9ff43f679386,Student,None,0
fb6f2639-0129-408a-83ea-58be5137cd16,Professional,10% Cashback,1
09dce8d8-fa29-4a87-9c43-ea97fe229557,Professional,10% Cashback,0
da271007-1fae-4175-aee5-ec314ac862a3,Professional,None,1
76b72f28-61fb-4b1f-adef-1b13b323b9ca,Professional,None,1
e5cf72a9-7e0a-424e-abe6-7152e06b087e,Professional,None,0
29b7a071-97ba-47c6-bbb4-b2fdb28b0fd3,Professional,10% Cashback,1
70aad4da-5867-46a8-a82e-c457c353cc8c,Professional,None,1
f75510a4-6223-47e6-b858-d4aba92d7374,Professional,10% Cashback,1
aed2d383-7313-4b4a-964a-a7cacbef8948,Student,10% Cashback,0
f09abf2b-7575-484d-ae46-ef909371cc27,Professional,None,1
2c43d5c7-5643-46c8-b750-e730dcfc8a15,Professional,10% Cashback,0
6e055f7a-3008-480b-81e3-06542ace23e1,Student,None,1
f3a985e3-c49e-4569-b4ef-0a4a44f05a8a,Professional,10% Cashback,0
d7f049ae-f0d8-4861-98f3-d81e3792d7cf,Enterprise,None,1
29995dba-a59a-497f-96ca-db8e49429d72,Professional,None,0
9bac67ce-0e2a-45ba-b9d4-81cec2bca2e1,Student,None,0
a450d063-51f6-46aa-8bdc-7193d70149f6,Professional,None,0
ced33f55-750d-4ac9-a77c-81a1ccd0996d,Professional,None,1
6c22397e-30e1-4e14-b915-c65eef13101c,Student,None,0
23491e7c-ed8a-40d8-8430-4194505f7b71,Professional,None,1
adcba55a-b89e-4fb8-839a-0067c7438f52,Professional,10% Cashback,1
8de5a218-808a-457d-be39-2ecfcd5801c8,Student,10% Cashback,0
a270b7ba-c406-4e70-ba01-c7253d507662,Professional,None,1
3d9e8a03-1b31-4ff4-9264-17c059b86dc2,Student,10% Cashback,1
74da4180-6462-4862-af71-8bc5130e7b5c,Student,None,1
b334b27e-8011-4321-ad7d-971d3646921c,Professional,None,0
e57bd8aa-721a-4019-9fde-d1bbb3a99f25,Enterprise,None,1
32917c08-d1b2-4bb4-a211-e2cb46d83c7d,Enterprise,10% Cashback,1
d72abc1d-3b17-4a27-bb87-704278cbba20,Professional,10% Cashback,0
413b8787-9640-499c-9074-7b7fbfa67aa1,Student,10% Cashback,0
cb3d6219-600e-4953-bd17-69413d9967d3,Professional,None,0
abab5736-ed73-45b1-bd7b-a4754ffb6a1d,Professional,10% Cashback,1
3c889c23-033e-479a-abc1-e349fa5a375f,Professional,10% Cashback,0
d5afcd5b-5eed-4d7d-93ec-ec784ce8e205,Student,None,0
e008e292-a8e6-45cc-bce2-154115e3f821,Professional,10% Cashback,1
b80110c7-1189-4d8c-a857-ddd584ac0357,Student,10% Cashback,0
36e5be97-1aa8-4d00-b9d9-fcf7bf639c3e,Student,None,0
e7def0ec-097b-480e-9451-c4033a25c02e,Professional,10% Cashback,0
33014782-00eb-4c43-b3e1-e371f519dab7,Professional,None,0
e8ec33d6-7c93-4c49-8778-fd07fa66f4cb,Professional,10% Cashback,1
0f172efe-5a5e-475d-97b3-cb3bef18d127,Professional,10% Cashback,1
5f249561-3c6b-446e-9938-fdf6a8847cc0,Professional,None,1
dcf78597-5094-4538-b9b5-d8d91ab84560,Student,10% Cashback,1
c726f421-6656-4dde-923b-fd34c2514bb7,Professional,10% Cashback,1
f6d26f3e-80e5-4ab7-824e-d68e65e4e685,Enterprise,None,1
58f5e404-6f86-4a0c-ae04-04b1550db5cb,Professional,10% Cashback,0
8484bb1a-75e7-45bd-8420-1a4d05bfd40f,Student,10% Cashback,1
e7dbfd0a-4eba-421f-828e-2f642b8e5e7a,Professional,10% Cashback,0
aacfba6a-5fb1-45bb-bf6c-244727550367,Student,10% Cashback,1
3138acc9-6924-49fa-8013-a1e8936d5252,Enterprise,None,0
978c1fb6-a21f-4d4b-a56d-4ff70b31dcba,Professional,10% Cashback,1
8f8b36be-ea0b-467b-a16b-3b38d081921a,Student,None,0
3f7d1d7c-391b-4932-8a00-577e08764ca4,Enterprise,10% Cashback,1
cb2b05f6-4060-4b68-938e-1a5a5fb3b922,Student,None,0
dd5c9411-c58a-4326-8df0-11ab73bcebfd,Professional,10% Cashback,0
656f1d21-749b-4b0f-8074-ad2df43fa4a2,Student,None,1
1076745c-8ca8-41c6-b154-bc8c9ece8ab3,Student,None,0
27f738db-cdef-4f94-accc-afa12b791ca2,Student,10% Cashback,1
0be3c75e-dc5b-4f60-9535-16100409990c,Professional,None,1
c04ccfcf-555b-4a0b-8535-fc548662e06e,Professional,10% Cashback,0
2e6180d9-8a3d-4ed7-818a-14ba3126e3f7,Professional,None,0
afb08b26-23a7-421c-b7f0-97bfdb232abf,Student,None,0
9984e7cb-9be2-4d5f-bed5-5eb9cc22fc1d,Student,None,0
44d85043-d28a-4db3-b9b0-8234d4e92fba,Professional,None,0
b3391147-5fa6-4271-89ee-7da9536135e4,Professional,None,1
5e0e22ae-0403-4df7-b2e2-acc1420a6127,Professional,10% Cashback,1
b26ed7e3-326f-41e6-ad59-439cbcb9d1f6,Professional,10% Cashback,0
a895d0de-0ddf-460d-bd7b-1ac56bba39ff,Professional,10% Cashback,0
ea37f84f-6ff7-482d-ac4c-326e6211d3d2,Professional,10% Cashback,1
c4256b88-af04-47e3-83f7-8c787dc3c032,Student,None,1
03406c63-c67f-4052-b69a-9c82a18f9913,Enterprise,None,1
1eb610cc-b608-4d2f-85fb-641fac6ba5d7,Professional,None,1
ff0fd810-9b32-4d4d-b929-db3edc957893,Student,None,0
012710f4-62bc-4c73-bb89-823fa0ee5073,Student,10% Cashback,0
40a70be1-3104-4abf-8d49-f0bf3c0f912e,Student,10% Cashback,1
796530e8-4c98-4f20-ab64-89ce9777216e,Professional,10% Cashback,1
0cfdc9c0-8263-4f07-af33-5e170909fa1e,Student,None,0
44c72254-710c-43cc-9edc-fd6fe7ee88e2,Professional,10% Cashback,1
c5cd3147-0514-4159-a4a5-c31d20001819,Professional,10% Cashback,1
1bf5f8be-b821-450e-8532-1c46aea0a71d,Student,10% Cashback,0
e81a7508-e792-4637-b49f-bea564721a58,Professional,10% Cashback,0
a78c4fc6-fc5d-4556-a11f-69adf9cb9cad,Professional,10% Cashback,1
02041da0-d0ed-4b5d-8ba2-b2fcf82ef3fb,Professional,10% Cashback,0
0ece6cef-f4e3-42c4-a750-8411334702ab,Student,10% Cashback,0
9d6302cf-0d93-43c4-91e3-474efba0362c,Professional,None,0
bed134c6-69da-4f6a-90f0-8ed5aeb2736f,Student,10% Cashback,1
0346dff1-ad3d-435a-b067-376cad4c2310,Enterprise,10% Cashback,1
9b4995fb-2a8b-414a-a412-da40ffe0b9b0,Student,10% Cashback,1
6b380f0e-d298-441c-a14d-2d31a1d9eac0,Professional,10% Cashback,0
b6cd7e09-de49-4414-a47f-89368d671528,Professional,10% Cashback,1
d6e82160-b0ed-4ba1-8933-ccd49676dcdd,Professional,10% Cashback,0
748705f2-dd38-47a0-8593-5c11c229d2bd,Professional,None,1
6eaf7efa-43c9-4671-8c15-d27fe977b590,Professional,10% Cashback,0
81737ec0-11fa-451d-9d2b-b75433ef5436,Professional,10% Cashback,0
12f1dd30-b039-489d-bb98-317cf87b6520,Student,10% Cashback,0
c2daaac1-2101-49e4-8ad1-6db23488501f,Professional,10% Cashback,1
314b635f-1a40-4123-bf0d-53c1ddb035ab,Enterprise,10% Cashback,1
a2c1747c-ccf2-4280-ac7c-193136cb4e6b,Student,None,0
7ac7db2d-2d30-4f19-bae6-bcc19c27fbf8,Professional,10% Cashback,1
cbd7f0ed-9b96-4bd7-8f65-4edec4d76bcc,Professional,None,1
6650d8f0-a677-4299-8d11-9e3d2a5c7d23,Professional,None,1
0fa7ee0b-c67d-4e4d-8874-b665235a168a,Student,None,0
b8168864-d0d3-429c-bf3a-293f128dc7fb,Professional,10% Cashback,1
bc026257-7f61-4a86-b2f4-58ab2ebad86b,Enterprise,10% Cashback,1
be238f54-81d1-4798-863b-96cc3cf49229,Professional,10% Cashback,1
2ae1968a-56ad-4fa5-9eea-d63d3cd2a7d3,Enterprise,None,1
db705b34-15e0-4fa8-9cbb-455eb5fc0e62,Student,10% Cashback,1
685c1e8a-5beb-4f2d-8f47-99ad6e904c7f,Student,None,0
bc51168e-f01a-43b0-a9d6-b241e868ff50,Professional,None,1
5acef083-6eac-4946-b155-306b5087f815,Student,10% Cashback,1
18a56412-fd25-4131-8a44-4bc50de2b7b5,Student,10% Cashback,1
7a7e14be-f933-4850-ba33-16eb20423598,Enterprise,10% Cashback,1
b1f2de3b-8b5b-4437-a89e-de74c4653e19,Professional,None,0
96d7303b-481f-4984-8f67-a48bbe522f74,Student,None,0
5806e97a-7b5a-4a8f-81d4-f97405026379,Student,10% Cashback,1
9a3c3c8f-c799-4deb-8cf5-39fb0eebb94a,Enterprise,None,1
8a8cf5fc-25f5-4039-ad2c-14beeb5f369c,Student,10% Cashback,1
769d1f39-4d31-427e-9c9c-a715fc5c5550,Professional,10% Cashback,0
10712ab3-0f47-499f-9f8e-59c02ee9f65d,Professional,None,0
29bcb929-8b81-4b03-9cd6-bb9bc4cbb298,Student,10% Cashback,1
2ebab437-50eb-4221-9a9f-b5dca67ec588,Professional,10% Cashback,1
9b465bee-629d-4ad8-94c8-65ce22c025ec,Professional,10% Cashback,1
0344f3bd-bc4a-43c2-a910-7da76b916b37,Student,None,0
2f8d6805-a561-4ace-a2cd-1511ba5eba2d,Professional,10% Cashback,1
3e4154d2-d94f-481f-9742-bce5dd4d0324,Professional,10% Cashback,1
762107f0-fc88-4a7e-a015-3fce780d03e7,Professional,None,1
c21928f6-0dd2-42d3-8510-c2543394fd34,Professional,None,1
4b2c3083-cdc5-4b69-a222-ad172373181d,Professional,10% Cashback,1
f0e93b57-43ff-417b-b188-7dc08a5fc372,Enterprise,10% Cashback,1
e5e49506-4399-4402-9402-8853c9daed99,Professional,10% Cashback,0
f8504c27-2d96-48cc-baec-6d7bcbddc08e,Student,10% Cashback,0
c8098d0d-ce71-4646-aa64-cbe0e05ee4d8,Professional,None,1
d43dd636-394d-476d-8720-532c6b4820bd,Professional,10% Cashback,1
9c616517-9be0-49f8-a872-de89b06d3cac,Professional,None,1
4c4d040c-21af-49c9-bde4-e16eb888036c,Student,10% Cashback,0
00de20f4-19b2-4855-861f-0ec5bdd00270,Professional,10% Cashback,0
1627a425-0881-4d98-98c0-531257852f78,Professional,10% Cashback,0
6e6e08b9-02f9-44e0-aea3-887da87e1a50,Professional,None,0
8a6a8b24-3b0f-4782-8bf2-2f847fd6cc40,Student,10% Cashback,0
a41e94f4-2725-454d-b1f2-9479ea4bbd33,Student,None,0
ec8581d7-2781-42b8-9488-6cf55d6e267d,Student,10% Cashback,0
24216f99-f5d8-4a6e-8f1c-22fd181ea423,Student,None,0
a6e13b81-9177-49d4-a227-2947a796663c,Enterprise,10% Cashback,1
0e7c01fe-bef7-4b6c-891d-9fd0eb76a039,Professional,10% Cashback,1
ab0d0b62-f1c5-4a2a-a7c9-22b092ffa81d,Student,10% Cashback,1
f979ccc6-528a-4f7f-a776-c609634005e3,Student,None,0
db0cb912-0157-4b84-b104-100751957b2c,Student,None,0
353e6ea2-210a-43fc-bdee-8c6697a8f342,Professional,10% Cashback,1
4db3422b-a441-4f7b-af69-47405fe5acc6,Enterprise,None,1
7038ce79-a8ee-4d98-a791-1c24450ce8bb,Professional,None,1
ab526bf1-e0d9-4534-afc6-2c70a4eac3d6,Professional,10% Cashback,1
00c67993-880b-4b60-9be5-15288fafdeb3,Student,10% Cashback,0
6829a6e6-d353-42c1-b2c9-26a8f1c39e6b,Professional,None,0
a223af55-7bdc-439e-a3dc-2c7edf75ffc9,Enterprise,10% Cashback,1
63817d2d-00bc-4618-93dc-742d2457c562,Professional,10% Cashback,0
b1de846d-d8e8-44c6-8e2e-d53da42e60e3,Professional,None,1
01ca9e01-ebcd-495e-8601-ad1aad3fbb58,Student,None,0
7f51e2cc-7c94-411e-a483-5b58c7c27016,Professional,None,1
5027bfe3-332c-44c2-a8dc-72961920857f,Student,10% Cashback,0
dee78b04-d69d-4245-815e-9b7468f7316d,Professional,None,1
ca8f6b38-f4ee-43a2-8117-21dec4e02a7d,Professional,10% Cashback,0
6858a617-909c-4730-a60a-41899a3f4fca,Student,10% Cashback,1
a3a90025-f71e-4175-a9ec-2de04b398603,Student,None,0
06601b3b-5c09-4b66-85d7-7e7a52032c04,Professional,10% Cashback,0
5054b41b-7cd6-4537-a304-4bfecf1a74a0,Professional,10% Cashback,0
d2127fd0-b7cb-4fdc-a6c9-6a2bb304b6fb,Professional,10% Cashback,1
2917c83e-c76e-490f-969a-b3c28d797df9,Student,None,1
10165a7b-e038-4ef5-b192-61fee0df4839,Professional,10% Cashback,1
2219a055-6bcf-4162-b444-a4c60194a341,Professional,10% Cashback,0
d443b4ec-be8b-429b-9e1c-51377df2588c,Student,None,0
2ad334c5-ea55-404b-8af2-437d470ce2b0,Professional,10% Cashback,0
0ac5ed48-80bb-4821-98cd-21e004e0224b,Student,None,0
5846c887-5c84-42df-9fee-9b5911424fa4,Student,None,0
8ee66e07-b20a-4b76-89eb-02d3744241be,Student,10% Cashback,1
38dccfda-ecad-49fa-b830-1122b49b3ef6,Student,10% Cashback,1
718eeab7-7c04-4e46-bf79-47aa41cb1e4b,Student,10% Cashback,1
46d883de-962b-4161-bef7-353f6d7d7d64,Student,10% Cashback,1
c44fffc0-fe1d-4125-bae1-ef11b95bcb4d,Professional,10% Cashback,1
3d8c9d2b-3d66-46d8-b4b1-81fdc1d7ae57,Enterprise,None,1
b7efe179-f385-47c3-b29f-c663b8c6c0fc,Student,None,0
5f7ffe61-942a-4ac5-bc74-70f8ad0d51b4,Professional,None,1
efa1c2f7-a154-4d5e-aec4-9416f24ce585,Enterprise,10% Cashback,1
e87934d8-6e44-4c2a-85fb-a85ba854b1c5,Professional,None,0
7b0c65c8-a632-4a34-9e4f-60e1b2f51e5c,Student,10% Cashback,1
cc35201e-88a9-4e2d-9642-4b2b48f7fe54,Student,10% Cashback,1
ea3fd2c8-2888-4bbc-84e3-b1baaac3eb1f,Student,None,0
6bedec31-46f4-415f-86f0-cecd4aee8f56,Professional,None,1
2447c4c6-4c22-4af9-bf79-30f297631e95,Professional,None,1
493b3ed1-8cf6-4586-8def-f42402229c79,Enterprise,10% Cashback,1
7592eb42-a6ce-4bdb-9b47-a5f927690077,Student,10% Cashback,1
1b7f5bc9-13cb-438a-bdaa-e748c50f648c,Professional,None,1
c5e51801-06b9-4c9a-8ab9-6fa572f299b4,Student,10% Cashback,0
137085c8-2897-4c20-b27c-0ed2d5fbb526,Professional,None,0
bcff145a-54a8-4549-9739-d0d8b494e9a8,Student,10% Cashback,0
058cabfa-55e1-49f9-b52b-4a98665881c1,Professional,None,1
a2c8c31a-ecf8-48c2-adca-96fb19513470,Professional,10% Cashback,1
e41d2e86-740e-4721-8888-af483bc2f5ee,Professional,10% Cashback,1
fa253724-038f-49b6-ac76-c3695b5794c4,Student,10% Cashback,0
c141fb6a-c269-4960-9680-852a93ca53fa,Professional,None,0
2136cc0c-376d-4e63-9b9a-3f3c0d7007cb,Student,None,1
1c5a5403-246f-4475-a212-81ab448d8f84,Professional,10% Cashback,1
26a74fb7-4c2b-4a8e-a6a0-bc8b73885328,Professional,10% Cashback,1
57c4674f-b332-45cc-9786-e8a45f15f475,Professional,None,0
7befa077-9112-47d0-9b42-2364fdc62a52,Professional,10% Cashback,1
9e28a3ce-a647-4cd3-8315-9ac614a29543,Enterprise,10% Cashback,1
4da690a3-1589-4d6e-a448-3d566aa51274,Enterprise,10% Cashback,1
aa5e03fd-d9b5-4bdf-b8f0-ef6f1e3ca72f,Student,None,0
392de73a-df7b-40a6-9be5-445533d5eb8a,Professional,10% Cashback,0
c0760b2b-b946-4533-acbb-ef03cee9c1b4,Professional,None,1
ec4540d0-f73d-4ad9-9db5-4892ecdd50e4,Student,None,0
363272ad-ceb4-42d9-b303-c1a294f5cdd0,Student,None,0
e540e6cd-2210-41cc-8978-6b8d2e6aef38,Professional,10% Cashback,1
0ecadaf5-9e4a-4224-9933-75137f25fdb4,Professional,10% Cashback,0
65cd18c0-ef14-4609-8897-511391119c70,Professional,10% Cashback,1
afea3f7c-9ca4-4e3d-8765-a07f565e3a4f,Professional,None,1
0fdeaf1f-e6b3-40b0-8e39-ea8927c91321,Professional,10% Cashback,0
9c5090e8-0bbf-480c-8dbd-be67cbdce025,Professional,None,1
bd3bbeb4-445c-4b58-954a-920266fefe64,Professional,10% Cashback,1
8ada219c-d4d3-4072-8088-39fef27ad8eb,Student,10% Cashback,0
f63e3206-5292-4892-829b-324ae93e717d,Professional,None,1
62a74679-e4c7-4a40-950e-d8b7be05e2cb,Professional,None,1
243db2e7-f866-46bd-9994-f8c793f5d75c,Student,None,0
b73174bf-3a44-4e15-a52d-70667496c60f,Professional,10% Cashback,1
17b042a1-b453-4cad-b8f7-9cbcd27ad0b1,Professional,None,1
dc5d2cc1-5a12-401b-8096-6535ad7edc96,Professional,None,0
598e098e-3c87-4167-85ec-6c1bdf41ad35,Student,None,0
d09ff661-6bc8-4760-ad41-be9bc3847193,Student,10% Cashback,1
31b2bc7b-86a5-40de-b5b7-6eea9549a53c,Student,10% Cashback,1
a81a9b0e-952c-4631-a6e5-07197927677d,Student,10% Cashback,1
2c3a9c0e-ecd4-4771-b24d-8588ec782c06,Professional,None,1
761ff56b-5b0f-4cff-b056-ad1ddf3197e4,Professional,10% Cashback,1
24d83e80-293d-4ad5-9612-6192d1363c43,Professional,None,1
6ed5e839-6bd1-4026-a365-78b94253bea0,Professional,None,0
0db27ace-40bf-4c44-ad9d-29241b7e6b6d,Professional,None,0
299d5978-8071-4c37-bc08-e43c13ad26d9,Student,10% Cashback,0
46b0f887-e95f-4182-92d0-e7cdd6381c51,Student,None,0
3b6aa731-230c-4a53-b8f0-b1926b5cd9ca,Student,None,0
ec488501-4688-4850-b2f3-b9f3045a912c,Student,None,0
3f72d46c-8460-4acc-8e50-af1fcd66f1f2,Professional,10% Cashback,0
7d06486d-58e8-4973-ad42-f035b2a9cb49,Student,10% Cashback,1
72cd1d33-d4a7-4816-abb3-b3bdcb98fa8c,Professional,None,1
490e49a5-75f6-48cc-88e3-45773f0527f1,Professional,None,1
3a6f4da0-510e-4829-a83a-be11714fadda,Student,10% Cashback,1
878efed7-da05-4d7e-8e15-0346de9b157f,Professional,None,1
2884e2c2-3359-42e7-9dfb-aa91860df452,Student,None,1
56e0846e-34e6-4a91-8a41-82ccb359d7bb,Professional,10% Cashback,1
c03003ed-e241-4dbc-9c84-f5a7f16b1e42,Student,10% Cashback,0
a95a9b49-3094-4dcb-a394-b289fa71fdaf,Student,None,0
30f46038-563f-4916-94c6-88ce7713e2fd,Student,None,1
25818b30-efb7-4708-a76f-0391381c129e,Professional,10% Cashback,0
9f4df44a-4768-4b35-94dd-a78f90247e51,Enterprise,None,1
9368e40f-9e22-4d17-ae3f-21ee90cb746b,Student,10% Cashback,1
73a0be86-b15e-46ec-acd1-f764ee4071c6,Professional,None,0
aca3815e-ce7b-4952-9dca-f44d51e1ae53,Professional,None,1
bd2fb914-7ae4-4f1d-aed2-e7b95bbc2f66,Professional,10% Cashback,1
11a9260f-8bfe-45b4-bd49-b780c0cb67c0,Professional,10% Cashback,1
4deabd3f-fdc8-4122-8879-ae6a959438f2,Professional,10% Cashback,1
f64fc1e7-6f76-470e-a0c2-7713d33cfcff,Professional,10% Cashback,0
ca093ac2-ef8d-4480-b893-62cb58085d4b,Student,10% Cashback,0
2a14f679-2850-43b6-b4c6-7717944f0b1a,Student,10% Cashback,1
f538f0ef-7bfb-40f3-adc4-24424ae82c35,Professional,10% Cashback,1
2408b1b4-5210-41ba-b40a-457c5df31a03,Professional,10% Cashback,0
eb5deb55-fa33-462a-90c8-3547a99f2d1b,Student,None,0
597a4e5a-1487-4b55-9de5-d2a2fd6ce6ff,Professional,10% Cashback,0
0260bca7-b49c-4523-bb3d-419153d984ee,Professional,None,1
cf69f14b-fc74-4e3f-861a-9a849c3d084a,Professional,None,0
334373dd-68bb-4ab6-8f4a-56c22dc22181,Student,None,0
8710752a-ec65-4ee9-a914-d9714a1d156f,Professional,None,0
90e501b9-9c54-4f61-b375-ec5b9012c4ef,Professional,None,1
3fd538b2-57c3-42af-906c-8ff4c0d25c43,Student,None,0
64715a89-ca61-4984-8e62-a57d124d1224,Professional,None,0
aece6273-40ac-4739-9dd5-84ea6e7ee252,Professional,10% Cashback,1
27132f24-0554-4ff6-80d3-63705304ab3b,Student,None,0
2f6306fd-ffee-4f03-8fc5-7c6bc5e9e5c2,Student,None,1
eff4ca76-ad4d-49a4-a39c-7affa0dfdf70,Professional,None,1
0815b873-0f32-48a0-b3e0-33dd08f698e1,Professional,10% Cashback,1
0232b29b-2599-44b6-8226-a4fec5f4dd6e,Professional,None,0
1db958ce-4c9b-4e01-9e01-eab180fce7e2,Student,10% Cashback,0
77c866d3-a87e-49f0-a4e9-c543585f5b07,Student,10% Cashback,1
30b42342-6a4f-4ee5-9d5a-d35da248d962,Enterprise,None,1
ad091dff-8a1c-44dd-bd2e-70e951de3362,Professional,None,0
ac2eec36-6560-47de-af5b-32e74543e038,Professional,10% Cashback,1
8952da0f-c9ab-4264-b797-a9608481d98f,Professional,None,1
408918fe-b33f-48a4-ba6b-34d6a8af00c7,Student,None,0
c5805120-fb7e-45c7-8fed-a17aa3ff1450,Student,None,0
10fea2d4-b9a7-4230-8fbb-3c734b6a4f8b,Professional,None,0
b6436888-4f1d-43bc-9058-837595d0e35b,Student,None,0
71ee09c1-fcb7-4e3a-ba41-89473e0b1721,Professional,10% Cashback,1
99d33652-82e8-4cee-81e5-ea69e9666504,Student,None,0
8b2a3a99-3cae-48ec-97df-faf587b8db82,Professional,10% Cashback,0
50f29e02-01b4-42ee-aa25-0f601394bca4,Enterprise,10% Cashback,1
867679f8-1232-4dc1-a5bf-e63e738d973e,Student,10% Cashback,0
f83e595c-5e4f-41b5-8d30-23f308276177,Professional,None,1
c2c87c2c-9376-41b8-a28d-9d20c72acf63,Professional,10% Cashback,1
e3507f65-878e-442b-a545-8f500c11284b,Student,10% Cashback,1
ec178e2b-06dc-450b-85c7-6bdf92a54641,Enterprise,None,0
477a4123-57af-41fd-9426-b0fb76a7cca2,Student,None,0
4164ecc2-ea0e-43a4-9bd0-1cb34129ab34,Student,None,0
8c0aa2f6-43ff-450f-9e15-07e1484b23de,Professional,None,1
fc2e3abd-ff73-449a-9128-7c335dc0ab28,Professional,10% Cashback,1
ed098126-627d-4ab3-a08c-0ea9f9c1f0d0,Student,None,1
8962090c-a5e4-43e1-ae86-33067ec2ea76,Student,10% Cashback,0
fb8feeb3-ed9d-4145-b971-67cbeb6bdf72,Professional,10% Cashback,0
d8a8d440-2d34-4822-8a7a-86d47336dfe1,Professional,None,0
696618e1-25ac-4181-821a-cf84700721cb,Professional,None,1
d8e66e49-7bca-4f31-afa4-8404e688ce83,Professional,None,0
8e2afa89-7e3f-41af-9e59-6e612b8c76a9,Professional,None,1
59a5e4c0-f559-4706-9e22-f46de6a22220,Professional,10% Cashback,1
bae26d52-6a40-4534-9856-39fc77a17d95,Student,10% Cashback,0
5ab69256-b7c8-4642-a050-4baff6682387,Student,None,1
77208b4b-3264-46c7-bab0-6f3bdbe30656,Student,None,1
72e24030-728d-4ef1-a9e3-6c23d01449e1,Student,10% Cashback,1
4718ace8-dd10-4009-8bde-5ed85fc0c0e4,Enterprise,None,1
d5efd529-46e3-4740-bb35-009af3095f00,Student,None,0
04f96318-6349-41ee-8899-f88af693a144,Student,None,0
c6f26e61-a70d-4cca-b004-1b5184298b22,Student,None,0
d9818c1d-06c6-44ab-a25b-6876857c8661,Professional,None,0
c93019b0-9869-40e4-bb58-7b079592caa2,Professional,10% Cashback,1
32cb02f9-d5cd-46bc-a253-dbde1a2bf361,Enterprise,None,1
f2d4dd3b-bd69-4550-9c4c-8e12eff12eaf,Professional,None,0
7b2fb1ed-d8ad-4e4f-bb0b-9e38d8527c15,Student,10% Cashback,0
98fba0f4-1b67-434a-b6bd-d7391c6c8c53,Professional,None,1
88ed3829-20ff-4896-8d80-b15fcdd64a37,Student,None,0
2b21f25b-282a-4784-be50-c8c0849c036f,Professional,10% Cashback,1
ef13ccde-8400-4a7d-9747-879c8da9b468,Student,10% Cashback,0
630da42d-421e-45cc-9487-b22e5fa845f3,Student,None,0
9baec4f0-09a8-4d25-a7ff-23f536016a21,Professional,None,0
b6456283-87cb-4ac9-a787-e3b319225179,Student,10% Cashback,0
fb8eacda-77ab-4ddd-8a1e-1a920df8dda2,Student,10% Cashback,0
f383874d-f926-4e62-8203-1f8a4d58153b,Professional,None,1
dba2e988-79fe-45b4-ba1c-f1be565f5ac8,Student,10% Cashback,0
1e894180-9de8-4929-a322-fcc800bc01c9,Student,10% Cashback,1
41bc954a-18e3-46e9-87f2-165f5c1ddc3d,Professional,None,0
13c66574-372f-4a18-a70b-d2a233f96bfa,Professional,10% Cashback,1
66a1a834-e954-4f7e-89a1-14498e47a44c,Student,None,1
1543c9c0-d7af-4774-afec-3f584586cd7b,Student,10% Cashback,1
c5e46386-2bb2-465d-aec5-1a60b95e2ef8,Professional,10% Cashback,1
6ce5464d-dd06-4fb5-8a17-502feaabc6bc,Enterprise,None,1
0a6f6c23-02ab-442e-ad97-f94efa3a57e6,Enterprise,10% Cashback,1
35089f4c-04cd-4f20-85c3-1c45e3bd9738,Professional,10% Cashback,1
f6151406-b884-4fbd-9b4b-672f0600eccc,Student,10% Cashback,1
e722772e-34fe-4005-aa23-ca93e6efe66e,Professional,None,1
1b1f6048-c40f-4299-b720-4ddef30cc0c9,Student,None,0
0d971794-74fe-44f9-b7a5-3f9df8fb6edd,Student,10% Cashback,1
23226b53-313a-43ba-a41f-425c97e47ab3,Professional,10% Cashback,1
69953be5-40e2-423f-9b26-e97d2db8938c,Student,None,0
d7f33487-09b5-4d6a-a153-a8d8a6f572ca,Student,None,0
42e03e04-50c9-4af2-9cad-9ca2a6100d1c,Professional,None,1
7a1601d7-e43d-4610-95b9-826e3bccf696,Professional,10% Cashback,0
d8c32789-acde-450b-bff1-ff8abcd86bc0,Student,10% Cashback,0
1a85eab1-ec51-498e-b7ef-f3707d490163,Professional,10% Cashback,0
0e996def-07b3-4996-9467-b5f8ea8560d1,Student,10% Cashback,0
39ce4643-b761-49c5-a543-6a750f30c335,Professional,10% Cashback,1
ac0dcdec-8ec0-4a6a-b673-03f587ec5748,Enterprise,None,1
d5ad86fb-e8e6-4a48-98ac-cdcf43ffda6a,Student,None,0
0863f789-bf70-4695-8a97-6003a5838765,Professional,10% Cashback,1
80c30e13-1b35-4323-9cb2-e019829f1480,Student,10% Cashback,0
0ac0be8f-a076-4ff7-9906-e2eec9d5127e,Student,10% Cashback,0
8359a808-3d47-45cb-aae1-0262e5083f16,Enterprise,None,1
edf1cb84-32bb-4c54-92af-3c214c557cf2,Professional,10% Cashback,0
98fd9d63-fb05-4848-8344-e65b78e495a0,Professional,10% Cashback,0
e04828d7-0eb2-44bb-ad6f-755d1596ea15,Professional,10% Cashback,0
af00d13d-29b3-4e9f-b045-216517b1c68e,Professional,10% Cashback,1
6899dcc8-55b9-4d84-a607-5ba3e9af1ac8,Professional,None,0
3ecfb758-91f1-40f9-8315-0b5d689745dc,Professional,None,1
69927a5b-91da-49c5-b776-dd36f563942f,Professional,None,1
79be4f64-423e-4ee1-9e18-c9189e6caa66,Professional,10% Cashback,0
32f0a4b9-cbd5-46a5-8622-c70682b1b7e3,Professional,10% Cashback,0
9e33b4f9-0e64-4378-a2da-3bc411f892a1,Student,10% Cashback,1
d9f96794-ca8c-44c2-808e-a0e93b622665,Student,None,0
de3ded24-997a-4189-8c1e-662103ceffbe,Student,None,1
39ea37e8-832b-44fd-a73f-b04b3d3da6fa,Student,None,0
b33662e8-839a-4f28-a629-3b19528fd56f,Student,None,0
63abcdbe-491a-4672-ab56-fc48f2324280,Student,None,0
c34526a2-a27f-40ec-87a7-ccefa86484ef,Professional,None,0
8dc4dffa-6d85-41b2-afae-5e4cc293e6f4,Professional,10% Cashback,1
c724aa15-283e-4c0f-8afd-60bd4dfceeb5,Professional,10% Cashback,1
eba7f86f-9e7c-4f0b-9003-c0a11be7b8e1,Professional,10% Cashback,0
4b5538d1-c216-4384-853a-1db6da238aed,Professional,10% Cashback,1
33228638-7f0a-4538-948a-9e81cfbfb00d,Professional,None,1
0515e370-d90d-468c-9c85-c9b931b5478f,Professional,None,0
665be3fa-83ba-4464-b3e0-609fecab77e2,Student,None,0
326fa7a0-7b83-4b82-b6bd-7d312f579272,Student,10% Cashback,0
b833eb8a-8402-4f5e-89ee-1a902c95e879,Professional,10% Cashback,0
9b451eb2-4849-409f-b5fc-f7a9507e32be,Professional,10% Cashback,1
ee3c70fe-756e-4c45-b60d-403d21b3ff90,Professional,None,1
2e897acd-a57e-4928-8497-514cc020e963,Professional,10% Cashback,0
51d7ddc1-6927-43dc-82f7-8745cbc6249e,Professional,None,1
a1c7aa77-c1cf-4c65-a0b8-726d214da2d5,Professional,10% Cashback,1
1fed0e82-5dfc-4237-95cd-af3bf1aae13e,Professional,10% Cashback,0
e7532351-e923-4e26-ac3c-b26c574c335f,Student,10% Cashback,0
d5e5b8ca-9b38-4cd3-904f-d953c9e2ae3d,Professional,None,1
c79e393b-a2be-4ced-819f-b4606b5e586d,Student,None,0
de8ec41c-768e-415f-b2ee-15b20eaa2e91,Student,None,0
9d59baa5-7979-4a68-923f-d923561afb13,Student,None,0
308c5509-93ab-482f-8a44-26398e6b2a48,Student,None,0
6f6eb54a-03f7-4ff4-b3e6-685ac9e9eaee,Professional,10% Cashback,1
830d4a8f-c3ec-490d-80fa-eb8c530beb2b,Professional,10% Cashback,0
d67df783-3aaf-4140-a6f5-4737383555eb,Student,None,0
86289b4e-d854-4d05-9f20-75d936afd993,Professional,None,1
b9f651d3-1202-42eb-9417-49cd4311b064,Enterprise,10% Cashback,1
1eaa29d8-bc59-496a-9d3e-a75461271b3b,Student,None,0
cc166fbc-c04d-4dc4-9eea-ef5e6379258c,Student,10% Cashback,1
afce44c6-1cff-42c5-99c8-a875b3c98348,Professional,None,1
c9b474cc-85b5-4d10-a792-e7ac3e75366a,Enterprise,None,1
2535bf24-4a10-475d-9f6b-dfe63d5108c5,Student,None,1
cd08821f-693b-4a2f-8e01-8f992c42608a,Professional,None,0
c779b2f9-25e3-43c5-9085-5e9a7ea48d83,Professional,10% Cashback,0
49d734cf-7ff7-40ad-8089-473d26e57601,Student,10% Cashback,0
81ff65f1-325d-4281-9926-aebc1a6df14d,Professional,None,1
df1dfc6f-974d-4ccb-8ce3-626d5374e01c,Professional,10% Cashback,1
bd8cac3a-a280-4352-9269-c41f5c765fdd,Student,None,0
824d9452-91ca-48b7-9f50-8b670c1f84d4,Student,10% Cashback,1
c364679c-7a67-4a39-9708-0af5bbdecf09,Student,None,1
d3814b32-3937-4b0f-9787-3c599b36a94a,Professional,None,1
709360e6-dc0c-4853-8904-2f78cf5dc8b8,Professional,None,1
65367b5f-2916-40c2-978e-59f296d2cc6f,Professional,10% Cashback,1
d82a5b49-713d-4650-ac06-f57324744491,Student,10% Cashback,0
0446b6ce-c774-4354-96bc-edefbafb6a59,Professional,None,1
3047592f-f8b4-4669-8bf0-8760e9d73bb6,Professional,10% Cashback,1
99750171-a8af-4140-a843-8cf852d61b96,Student,None,0
0517d93d-db62-4c59-bfcc-d3fc31736442,Enterprise,None,1
cb289b87-03ca-42aa-b094-777d3e4cd1cf,Student,None,0
ce477aac-4eaa-4a2c-a4c5-7fea90766c41,Enterprise,None,1
ebcce0c6-2e2d-4def-9d35-4f78368eb27a,Enterprise,10% Cashback,1
061fa51b-ce73-4020-b154-77dfc38bfe4e,Professional,None,1
c0755394-3584-43cc-9a24-08feab2648bf,Student,10% Cashback,0
4becd8ad-c031-4cfe-becd-20b5dbcd21b0,Student,10% Cashback,0
14e75bf8-d294-476f-bb55-fefdbe282d0f,Student,None,1
ffe2117e-ca2d-4705-95aa-58a3a14242d0,Enterprise,10% Cashback,1
8a003bd5-3416-48f8-84ad-04f13c6c9c4d,Student,None,1
4264a876-5aaa-4a78-bd7b-3ff215cc3e72,Student,10% Cashback,1
3bb995f0-d2df-430f-8217-2dcfb78afc74,Student,None,0
3c960fde-54f4-4b56-8be5-2998ee91be0e,Student,10% Cashback,0
3ab1e2b8-6bef-48d8-b18c-755b14cffbab,Student,10% Cashback,0
06bf9f17-b322-4c6b-9573-3ee6f6df7353,Enterprise,10% Cashback,0
a2923737-ae69-4c76-bb53-c6bd938bcc60,Student,10% Cashback,1
b2176f36-e8b0-49ea-a086-c45ffc62b79d,Professional,None,0
64de4909-415f-4ff4-9e8d-9e7450e672ec,Enterprise,None,1
6fb89fca-5d68-49f4-8c56-503eefe40e10,Student,None,0
bb0511a7-fc88-4f53-ade9-776179af3b0b,Enterprise,None,1
f07a9f41-0525-4ad2-80cf-5b628920ac70,Student,None,0
6aff1468-12d7-49df-a667-45df815490bc,Professional,None,1
9219edb5-d711-42dc-8339-449c697ba3e6,Professional,None,1
fe0129fc-df50-4819-82f6-fa29290eb916,Enterprise,None,1
16cca2b4-629f-4b04-9c0d-3d104988f1c7,Professional,None,1
3000991e-0f17-4749-a4fe-806092981a27,Professional,None,1
5ce71630-44cd-438a-85f5-a6208e787cdd,Student,10% Cashback,0
b0f5bac1-15dc-454e-b728-8fbb9596dca3,Professional,None,1
60598065-7635-4da9-b837-86f9a12a8878,Professional,10% Cashback,0
1c7f1dd8-a22f-45c7-9c69-e93ac0eba5fe,Student,None,0
8d7aa9f4-55d1-4aac-9442-cc85139645a6,Professional,None,0
a799b276-811f-4372-9998-5adc382a5bc8,Student,None,0
ee911ba6-79be-45de-97a6-fce2d302b255,Professional,None,1
88bc5665-3e6e-4acb-a752-d59824a684b8,Student,10% Cashback,0
a3033b63-aebf-4888-a16a-eb76944ba033,Student,10% Cashback,1
7006cbea-09e0-4b47-b90b-8e5dec468b92,Professional,10% Cashback,1
3b8d51b6-a67a-45bf-a6f2-3da24d8cbc0e,Professional,None,1
e398645b-ef0d-4c40-9b98-62fd71c87443,Professional,None,0
f54cb675-8020-4ad4-ab20-49e9cc40f870,Professional,None,0
afdd5208-029b-41a3-aec7-2cc4596cb515,Student,10% Cashback,0
277a2f08-bdf2-40be-8a07-3cbfa26632ac,Student,10% Cashback,1
fa3a529c-32e0-4fb5-9598-bfbde716dd83,Student,10% Cashback,0
727846a6-1b4b-4e1c-8db9-96735b22dde4,Professional,None,1
37aa4f03-3e61-4745-a7ce-a4327805e855,Professional,None,1
44fb9726-d97a-4b92-adfd-3f946cc1a9df,Professional,10% Cashback,1
896ad459-4c47-4fe4-81ec-2c3444d86574,Professional,None,1
d7aebb7b-20af-43ef-94ec-d22a3ef27f95,Professional,10% Cashback,0
6a1f1752-8106-4965-9ce6-4ad69a57732c,Enterprise,None,1
ec95b2c7-5ab6-49b8-95f1-bc2b8e9536dd,Student,None,0
b6a4364e-6c72-48dc-abfd-09158e5e482d,Student,10% Cashback,0
67ecb3bb-9fb2-4a63-85dd-370fdd09c168,Student,None,0
2d015284-52cc-4c6c-91e2-a331bd474cfc,Professional,None,1
76e92925-33b6-4998-8375-b137b29dc068,Student,10% Cashback,0
66476136-1467-4a2a-9e7a-ae89be9f95d9,Professional,10% Cashback,1
86b453c9-a0e7-45c0-98c2-99c78cdbce0a,Enterprise,10% Cashback,1
301459ab-c3a0-4a61-a83b-bea7ca09174f,Student,10% Cashback,1
09167359-0645-4acd-a572-6a8774eec13f,Professional,None,0
5edc8c7c-5c2b-4c30-b12c-01be1eb982d8,Student,10% Cashback,0
afd19871-d886-4ed4-aee6-56411266f930,Student,None,0
11654cfa-fb1d-42fe-bf73-19132d0f25b9,Student,None,0
a70ee55c-7344-404a-8085-1380ce9e8d18,Student,10% Cashback,1
0719ee42-e88b-4d2a-b5e7-e6b7973e11a8,Enterprise,10% Cashback,1
c3c4b583-d28c-4abb-b4a5-902e5ceebf97,Student,10% Cashback,0
0f870eb5-e918-4226-b5bc-7cccbc9ef3e9,Professional,10% Cashback,1
37cfc0ea-50d6-41f1-9cd0-55d28b02b181,Professional,None,0
d3d02551-d092-4840-9f1a-3354cfdcff16,Professional,None,0
75cf5913-90b8-4e66-87d7-998dbc31db7f,Enterprise,10% Cashback,1
e2ad3d03-342e-45e9-ac8b-276af62830c6,Professional,None,1
f6ecb659-e3f7-4d59-b843-a645f6903f46,Professional,None,0
6b239256-02bf-4a76-8000-63b422f74d36,Student,None,0
74e1db45-7ebe-4631-9e74-a4f09eef5c31,Student,10% Cashback,0
dc289acc-f496-42e6-9a47-35e7e3dcf3a1,Professional,None,1
a9936516-6383-47e9-a15c-4539779e386e,Professional,None,1
971c6439-4ff7-4979-bfb2-343219a07526,Professional,10% Cashback,1
84bbbaeb-f34b-4823-9d60-4ddb71644210,Student,None,0
07457643-5836-4592-bfac-784d8921a5f3,Student,None,0
1d53430d-4691-468c-b77e-634857c06519,Professional,None,1
025cd781-0b4d-48f2-9a29-6b1e7e6bbbe5,Professional,10% Cashback,1
0992fa81-9c90-4827-bc5a-9846d3cfa5a9,Student,None,1
869d4d32-3e43-43bc-947b-892f5fa11518,Professional,10% Cashback,0
4b8adf6d-2adb-4a2e-a44f-e5b6b002b564,Student,None,1
5d808abf-f440-48f7-b013-9f4ef7fe5cbf,Professional,None,1
2bedc46c-9d45-4155-bef9-1b6e62bb0ef7,Professional,10% Cashback,1
92ae58d9-a540-4e04-b7eb-abd052b47378,Student,None,0
cc5c36a4-a9b3-4876-80a7-f2bcfaab2c2e,Professional,None,0
a2c95d6a-12ec-434a-80e9-b9fd63c1978a,Professional,None,1
4f5d894d-30f3-476b-992b-7e9b6d6f5add,Student,10% Cashback,0
41a7dc55-a8c9-4ef5-9dd9-c1974aabffe1,Student,10% Cashback,1
c47d2988-d3ef-496c-88e5-7e03011a3886,Professional,10% Cashback,1
4a97b0b0-4c82-48c2-891d-7a5a99640960,Student,10% Cashback,0
911f05d7-8e2f-4bd9-8ddd-6605e6e31301,Professional,10% Cashback,1
698c3780-bacf-4e35-bc3e-3eabd33b294a,Professional,None,1
7f069d5e-9413-4d3e-a811-17f3d04ca687,Student,None,0
02d6739e-34d3-46d4-9d7d-092b253f4e83,Professional,None,1
0e8321e2-7410-4418-8246-67d341bcb128,Professional,10% Cashback,1
83bf65d1-1492-4cb2-bd13-94ef9758a71b,Student,None,0
da52bb36-fc35-41ae-8af1-e3755a7e11e5,Professional,10% Cashback,1
475fa4c9-4ce9-4ca4-94ae-083fe8503379,Student,None,0
1ce8c938-91fd-463a-9f95-bd66aa2d8f5a,Student,None,0
6ac52387-db0f-4f2c-bb0d-8b38cbf7865d,Enterprise,10% Cashback,1
b1f1b837-c5b2-409c-8261-b7cdf64f0e5c,Enterprise,None,1
8e553fcf-1914-40f1-ae85-49c54bc2ea2f,Student,None,0
9707cac4-68e7-447e-bafe-365f381834e7,Professional,None,0
7a5a1a93-3023-4b9b-aa2c-5c77d7a54dfc,Student,10% Cashback,0
0942901b-e20b-47e9-ad28-5a97964d3310,Professional,None,0
f9e9f49f-7365-45be-9f82-6e0a91513a95,Professional,None,1
e83add3d-80bc-408b-a2f4-69358dfc3e94,Professional,10% Cashback,0
51ae0244-2fa1-4d86-92d4-fa74a3533396,Student,10% Cashback,0
84577042-02ed-4653-b42f-fcb8ca349086,Professional,10% Cashback,1
1bc6251a-c3fc-4f34-8915-b0742cf17651,Student,10% Cashback,1
0a72b664-d221-4ab4-8048-7884f73b16fe,Professional,10% Cashback,1
01aa9432-c7a3-4885-b927-01be67f7744f,Enterprise,None,0
faa22509-ce71-4166-aa05-2d4462444fa7,Student,10% Cashback,1
5bfac6aa-d96d-41be-9bca-e0a2f7aa889e,Student,10% Cashback,1
d709a842-c678-4dd2-920a-4279ea901ff0,Professional,10% Cashback,1
6f3902ae-507e-4a28-b4e7-23f46561651c,Professional,None,1
a15f806f-7a1e-41a3-964b-7a0c4e517cc0,Professional,10% Cashback,1
632eb69e-6da5-44d1-855b-883f80db6273,Professional,None,1
a6a0c7c5-531d-4a27-8bd0-24a7230742a7,Professional,10% Cashback,0
867bc27b-d3e9-4723-a692-ce8c20b4eaa3,Professional,10% Cashback,1
85430e79-519e-40fa-b1db-52e4ad6e37b4,Professional,10% Cashback,1
efe33290-ed4b-4305-832b-e1b2748552f7,Professional,10% Cashback,1
a643196b-d18a-4e10-b8b4-99e20e3c318b,Student,10% Cashback,0
6baadf03-c7c5-406d-8553-4ac24fb71631,Student,10% Cashback,0
bb469caf-3356-49e9-8b03-1caa03a4daa2,Professional,None,1
a9ef8c1f-95f3-425f-8c76-6ddfc071eb90,Professional,10% Cashback,0
1ef16838-8f3d-46a6-a107-869a61f90370,Professional,None,0
d031a7db-351e-4253-8674-5117b72ebe7f,Professional,None,0
7f7e05ec-ad33-4b2c-82e4-eb7a62052ac1,Student,None,0
29479b54-cb58-4e73-9121-8a5b4769f40a,Student,10% Cashback,1
3362edce-5801-41a2-945e-90a0287deeda,Professional,None,0
eeee7c0b-24d1-4d5d-b708-b5346a784a3b,Student,None,1
6aa592d9-5953-49a6-933a-46b2956e97b7,Professional,10% Cashback,0
a3854719-072b-4aef-be0d-aedd2c8594fb,Student,None,0
f27a140e-0639-4938-9e3c-f98ab1cb1372,Professional,None,1
8fb0ed61-6285-49be-83d7-f82dc588a631,Student,None,1
ccddf4e1-34e2-4568-b24b-21bd9cafa39e,Professional,10% Cashback,0
261c1668-a7df-4164-a2e4-b4ef336e2cd9,Student,None,0
20201839-0605-4f30-bd87-7f2e5a88c7f8,Student,None,0
0f410b69-702b-4008-9d8c-dd7f76156ae2,Enterprise,10% Cashback,0
9fc0e1ad-6b08-49e1-979e-1ae0795ddede,Professional,10% Cashback,1
a9d6e4c2-51d0-4c61-9167-7dbfac26b59a,Professional,None,0
09333d16-8c3a-40eb-865c-332d0241d5b6,Student,10% Cashback,1
cfb76435-4e3d-4817-8eb4-186ef048af06,Student,10% Cashback,1
00b0a1bb-15d2-494f-ad08-963691d03f2d,Enterprise,None,1
a8b45806-4c93-4d02-b550-438085f23e37,Professional,10% Cashback,1
d30de4e0-b3c7-4586-86e8-d60e116af25a,Enterprise,10% Cashback,1
3c39e472-bd28-48e6-8bd4-428810defcb7,Enterprise,None,1
fbd7c7e1-d999-49cb-8dd9-f2a9d31cc9da,Professional,None,1
67d9fdfe-c229-4ebe-92e0-39c84e8ccafa,Professional,None,1
2f53496f-4dad-436b-b88b-700a9647e378,Enterprise,None,1
dace96d1-a21c-44e1-a03d-8165dd0cc194,Student,10% Cashback,1
f95773a6-5eeb-48a7-b551-779115ba9afd,Professional,None,0
d9fd1569-e161-430f-a86e-d46d7ca262e5,Professional,None,0
61ee62b7-1504-47a6-b4cb-6507e30107b9,Professional,None,1
8683a1e1-a54a-4aff-aa13-7db42bbc0bd2,Professional,10% Cashback,0
dc12e592-6f67-4c68-a1ff-d0de25d41a9a,Professional,None,1
0a77a50c-0219-4b73-9424-fc8d782b733f,Student,None,0
894157f4-6a39-4f40-8b00-75c2a7577e66,Student,None,0
1dc104fc-27db-4095-b7f7-a69ce42ea6e1,Professional,10% Cashback,1
e67bdb9a-3688-42d4-bf0b-a58f3ff8ad6d,Professional,None,1
8aa5afe4-279f-430d-9be2-cbad236befd1,Student,None,0
ce258333-f0fa-43d5-8fc8-cfdda836b223,Professional,None,0
da7785ee-6df0-4380-9e91-cc73af6e01f1,Student,None,0
78e55f7e-1c3a-433e-b589-53e11472fa88,Enterprise,None,1
668f84b2-f644-451c-93f7-e7dd49232732,Professional,None,1
2b3da610-f81c-41bd-9c4f-ce7bf424b552,Professional,None,1
080adb5d-4456-474b-aded-8e840e6d09e0,Student,None,0
9fb9c92b-ae64-4de0-a5f9-e81439896989,Student,None,1
48087e30-cbec-4731-9915-8a43913cacba,Student,None,0
9525af8a-85af-4d78-83fd-94ca1a26dc6f,Professional,None,1
e8afae24-6b22-466a-bfff-9a7665287d6f,Professional,None,1
4e5b9c17-58bf-46c9-b9b2-7d538ce57abf,Professional,None,0
00114e8f-89c8-48cf-9345-d2bc30b609af,Professional,10% Cashback,1
0a1702c5-ad71-44d3-abee-699bc204b0e5,Professional,10% Cashback,0
1886b8ea-a38f-4926-8760-ee3a53a03b8c,Professional,10% Cashback,1
0adca498-ac24-47a1-ae96-9eb0d3a27bf4,Professional,None,0
73c96980-07e1-4091-9e9e-e7384b70349b,Professional,10% Cashback,1
579ced9e-2159-4687-b9fd-9815c218043c,Student,10% Cashback,1
a0efddaa-e523-4cfb-848a-a8d9dd290f34,Student,10% Cashback,0
398e1856-39d3-4d9e-8dbd-2105b204d1d4,Professional,10% Cashback,0
d225f00b-511c-4424-b6e8-aeba60f5b50e,Professional,None,1
990f8a76-e294-4283-8828-06ab0ca6a039,Professional,10% Cashback,1
ac577383-36ca-455d-9223-429352859892,Professional,None,1
fa3e8a25-2576-4493-9335-002c1f2199e2,Student,None,0
b52f677c-4a34-422e-999d-6abaf46798ca,Professional,None,0
af352c10-9cd6-47d6-bcfd-8334f1a0d147,Professional,10% Cashback,0
1427a1bf-7dc2-4350-9900-a994cc3250e4,Student,None,1
46d44381-93f5-44f3-bde8-134e5f3d74dc,Student,10% Cashback,1
50b1e0f1-9971-422a-94f6-2d6abf7a5157,Student,None,1
5390249b-eb2b-47d2-8e70-bb68976a24f5,Student,None,0
bf8f3be9-74fb-4639-9311-309a2a603cf7,Professional,None,1
af2c7edd-bfa7-4f4d-8ddc-0d635e5900e1,Professional,10% Cashback,1
57b1e92e-dd5e-46f6-b0d8-6f4270e5f4ef,Enterprise,None,1
92f12be2-59d8-4355-8dcc-f53c8aa3e5fe,Professional,10% Cashback,1
88c3985e-a161-43c6-89f6-5e9bce7902a0,Professional,None,0
59a03425-babd-405a-bf93-450639a126f4,Professional,10% Cashback,1
0e541219-bbab-4717-ab3f-2c59b74c920b,Professional,10% Cashback,1
00e00cbf-08d4-4a98-b7bc-9f062c7fd0a7,Student,None,0
766dc6fe-c6f7-4cd9-84e5-458d10d43ce7,Student,None,0
256dc78d-b57a-4a6c-bacd-cbe724119002,Professional,None,1
924283ea-2609-4877-a079-73a749a6764e,Student,None,0
88521de5-ae58-45e7-a908-ed15801f9f33,Student,10% Cashback,1
4734198f-5501-4243-93ee-60ee042364c3,Professional,None,1
700cb839-067e-4973-a168-c03cf2cb9d99,Professional,10% Cashback,1
81fa1d5c-e470-48b6-9127-df774e7756ba,Student,10% Cashback,1
7800486d-9a81-4336-9b33-8e809edddfd5,Professional,10% Cashback,0
29daaea2-0619-4d7c-a96b-b39598763755,Professional,10% Cashback,1
232df109-6080-4f68-9705-aeb9161d1609,Enterprise,None,1
a39db4ea-1a4d-4680-b02f-6f9e4a4515dc,Professional,None,1
123f0a40-6939-45b3-9f1e-9acce2aed5a2,Professional,None,0
46c596f2-d125-4816-a2bf-a228fe0fe51e,Student,10% Cashback,0
020f2026-022c-4fd0-8859-0707629ad252,Student,10% Cashback,0
5f95c16e-40e4-4d89-9bfe-f96c7732725e,Professional,10% Cashback,0
c07d82a7-8078-4e73-9a44-d423245128e6,Student,None,0
62cef0b0-38b1-4c79-9f09-f86d5779537d,Enterprise,None,1
a44ec241-139d-4649-926e-34b559fd11cf,Student,None,0
8f6f3388-a671-4103-892f-37216be46545,Enterprise,10% Cashback,1
0f36dac5-1a43-4bf7-8c43-5d3d07b52f22,Professional,None,1
054ebc54-c33a-4bef-9d49-7b7244d503cf,Student,10% Cashback,0
e8daf302-5227-4f07-8fb4-485d4483fedc,Professional,None,0
60da35ef-4434-4bfa-bd8a-66920d46e399,Professional,None,0
79aad995-a693-45fd-be09-00874c177176,Student,None,0
a06b7a8c-46c3-4b68-ad18-1daec9f41394,Enterprise,10% Cashback,1
e5e6f4ca-df0b-4d94-bda4-5224cbe849e4,Student,None,0
8f4e582c-955c-4611-bdbf-61440056d09e,Enterprise,10% Cashback,1
c502e792-bfba-4870-a3d0-f139da006303,Professional,None,1
4b2e551a-22f2-490f-b59f-28ea130ed7a6,Professional,None,1
f93d4ec5-4d3f-47bb-b9f1-704922f6391c,Student,10% Cashback,1
1e5830d5-56eb-4fd9-91b4-fe0266e50172,Student,10% Cashback,0
77d960ee-ffe3-4c9f-8a7a-5aaf8aebb8f0,Professional,None,0
42312298-4910-4838-8830-4c999264352b,Professional,10% Cashback,0
ce0a4216-d51f-4988-abc3-06c912ba0f5c,Enterprise,10% Cashback,1
841e3dde-15f3-458a-a828-55760c01083f,Professional,None,0
25cceca0-76c6-497d-a802-db0843f668c2,Student,None,0
d3ab1d7d-c8f0-4911-b4c3-e830dd8ce308,Professional,10% Cashback,1
539bc0f9-82df-4821-b6eb-70f85f0b1374,Student,None,0
297d21f9-00f0-44d6-899e-446629e1134e,Professional,10% Cashback,1
40a50d61-38fe-4a70-8967-6b18238adf98,Professional,10% Cashback,1
fd999c47-500e-491f-a0f9-6dd9fa4c31c3,Professional,10% Cashback,1
5191cb29-b56a-4666-aa2e-5712f2cb35a8,Professional,None,0
34428539-28f8-4f57-94a1-03f9416a4fb5,Student,None,0
f5d59515-f1af-48b8-97ad-97cabac333a9,Student,10% Cashback,1
27ce8914-5b4b-479a-94b7-e269fe2f6b51,Professional,10% Cashback,1
b345e233-0b35-4b27-b05b-35ae9254b4c8,Student,None,0
525427f7-c59e-4251-a477-a56246920ac4,Professional,10% Cashback,1
b54fd233-a0b3-4370-8ec9-5e663b2ab726,Professional,10% Cashback,0
44ec54dc-3a0a-4102-8678-5ddf9778af2d,Student,None,0
6635b130-5195-4daf-bbab-4398e290dc38,Professional,10% Cashback,1
e3a0bce7-1e25-45ca-95cd-957da9dda528,Professional,None,1
2f18ef13-4c4a-4f1e-ab21-2648b10f6f05,Professional,10% Cashback,0
b5bd9a1a-e13e-4024-a72b-f0675ea55a2f,Student,10% Cashback,0
cdbe569b-1941-4c3e-b45a-42f8e2a2e251,Student,None,0
c600d580-b029-419b-aed1-aab2fb23e7b7,Professional,None,1
84c973a2-8d5f-44ff-a438-60eb34f988c9,Student,10% Cashback,1
8553b8f6-27e4-48aa-ad74-68033eadc34d,Student,None,0
8bdbffbe-0718-4a4f-9145-717dca0527ff,Professional,10% Cashback,1
e28e12f1-34de-4751-a7fe-36d32ff2e2bf,Student,None,0
9991ce2e-3236-4bf7-91a8-2499d01b5695,Professional,None,1
5d62ee41-c95d-499b-9db8-53d1dbe5f26c,Professional,None,1
43051799-dc67-4a13-aba7-aa7a1660eb61,Professional,None,0
97c32d2e-be0f-4399-a320-f38653b756cb,Professional,None,0
ad2f0e5c-7cdd-49a3-8e74-2dadf26f3ec7,Student,None,0
e89d3c3a-ed2c-4eb0-bc80-315999153e8b,Student,10% Cashback,1
cc9c57b2-3ba9-4c01-a2e0-3b80d2bcf652,Professional,10% Cashback,1
06357d90-ade8-47f5-aecc-07c63d92a4ae,Enterprise,None,1
294b50fa-f06c-43d2-b71f-c475c3d670d8,Professional,None,0
f3f6d97e-0c99-430d-853d-06c28e39d10c,Student,None,0
16dbb2ac-60fb-43b4-91ed-3be1cd7357b3,Student,10% Cashback,1
d98e63d7-9dcb-488d-ba6c-24340075dc2b,Student,10% Cashback,1
b9651944-9604-4fbb-bea7-e978bed79e93,Student,10% Cashback,1
d205ec1b-fe6a-456a-a4b3-4ed0e26d740c,Professional,None,1
26f0896a-118b-4797-a822-90fbd5732567,Professional,10% Cashback,1
734bb11d-6228-418a-b338-1f072d821380,Professional,None,0
22abadc2-d90e-49c9-a386-9f78c20bf390,Student,10% Cashback,1
c8fa2797-597a-4a85-befa-d902194b5388,Enterprise,10% Cashback,1
3aa6e13f-9e61-4af4-b74c-e73c556c1a37,Student,10% Cashback,1
df7675a6-d412-42a2-a0de-39b85e600935,Enterprise,None,1
397b4d7c-7b73-4c26-9e8c-799969a929f0,Professional,10% Cashback,1
c44e6a7a-bf66-43d3-997f-1fe7f58aaccd,Enterprise,None,0
a8220bb7-8d55-4b0a-b4df-3de1ef071769,Student,10% Cashback,0
825dffaa-6639-4d8d-98ae-de46ba3555f6,Professional,None,0
9f9fe9a2-f096-430d-a477-7d3a645a84f2,Enterprise,None,0
b87d426c-dc16-49d9-9c9f-ef6c3479e116,Student,10% Cashback,1
664f02fb-0d09-4216-acf1-f385407bdbbb,Student,10% Cashback,0
4362ce02-7abc-4c10-9589-031050fe8f02,Student,10% Cashback,0
8d67d7db-f1e4-490e-a54c-4472fce4d8e2,Professional,10% Cashback,1
f5fe80d5-51c0-4f68-bfe1-6ecef7d4b210,Student,10% Cashback,0
5ac818bc-f809-42ed-8883-57dbf82d4237,Professional,None,0
553f5f55-dbd9-497c-b00a-1a2b1e4f339b,Professional,10% Cashback,1
492fb1f6-daae-4c61-b65b-0385bdba1da0,Enterprise,None,1
92f88aaf-a2f9-4fb0-8a8c-56230bc664b0,Professional,None,1
b96b0862-7c05-48ca-a7db-d68bf7644443,Student,None,0
2a8388da-ae68-4fde-b56c-d2a3c69fb185,Professional,10% Cashback,1
d153ef85-c331-4462-82e2-dcf2a039d7a8,Professional,None,1
ba8cdb5a-ed36-4f83-84ff-bb153e4dd638,Student,None,1
2946aef7-98d1-4f6b-878a-5502d8ed1dd4,Professional,10% Cashback,1
28422d8f-05fa-43d1-a70b-70606e567ad9,Student,None,0
1d3f2adc-03e6-4690-910c-2ab650d70b63,Professional,10% Cashback,1
a8af70ab-3c4f-45fd-8b67-d9baf117be3c,Student,10% Cashback,1
2cbe0ac2-62a0-43fd-b2a1-7152af1dc443,Professional,None,0
1b72aea7-466b-445e-abcd-501b8e35e5e6,Student,10% Cashback,0
9796bccb-358b-4e2c-9ec3-f699f808c5f7,Student,10% Cashback,1
d683c3ff-9351-46dd-bb3a-59deb7fd7bce,Professional,10% Cashback,1
dcc7bf55-87d5-4511-9ba6-c6a44f65b989,Professional,None,0
b7166309-a4fb-490c-991f-5a6075ee2a7c,Professional,None,0
cbf5da3b-111c-40d4-ac28-ee45353b968f,Professional,10% Cashback,1
407d8786-fbcb-476b-8317-29f862a3aaae,Professional,10% Cashback,1
5f28b787-af57-4bc0-bd2c-7739c4d0380c,Professional,10% Cashback,0
4c58a5a8-720d-41dd-b963-411c7324c34f,Student,None,0
ee8d2d08-dee2-4f96-94f2-aff1c42899c3,Student,None,0
148e17aa-6b74-4122-9009-b4def8043a61,Professional,None,1
5a5a51bf-491f-4b2e-abd7-2b8d740e5946,Professional,10% Cashback,0
0489291f-0c04-42ff-987a-bd2ee850c45e,Student,None,0
716fc58c-f619-48c0-8064-bc26c50a1349,Professional,10% Cashback,0
c2ea0097-1fd4-45a7-ad6e-f1c74e3213f3,Enterprise,10% Cashback,1
ab8ef752-554a-43c3-a12c-2ad60287dae9,Professional,None,1
581c27e3-812b-46de-8f21-e2e6c12146c6,Professional,10% Cashback,1
645bf1a4-f59d-48b4-918f-098ec57fa361,Professional,10% Cashback,0
d43868a1-0c9d-464b-ab84-d539276e105c,Professional,None,1
5a81565f-7da3-4f27-ad4b-097aeae0f05f,Professional,None,1
39a5c508-6503-49e4-ab59-5b0dfeea8289,Professional,None,1
cd33d8d9-4200-4b23-94c1-7b8887cdd0bb,Professional,10% Cashback,1
5ed1a67e-1e81-43d8-b3e7-15a0193b57ef,Professional,None,1
6d2f53b7-c8d2-412b-84f2-e0da6557c53b,Professional,None,0
91dac0fb-d7d4-4e4f-96e9-e3c41028b7ba,Professional,10% Cashback,1
7d1ee40e-8233-4ee2-b571-8cc8ed96950b,Student,10% Cashback,1
f2bb1148-de0a-46ea-add8-a29e6971083f,Student,None,0
d206ea4a-f638-4b36-837b-7125d2581f45,Student,10% Cashback,0
0129f780-e835-4745-8d4e-945543487344,Professional,None,1
df0eb840-c14f-49cf-9bb6-f2460691f105,Professional,None,0
12ba6eaf-d9d7-44e5-ba7c-70131727e409,Professional,None,0
1fc97fc7-cf3e-4a5a-b7c0-19b044e32dc2,Professional,None,1
089bede7-014f-49d1-bf03-0cc0b541c143,Student,10% Cashback,1
962b97ac-fae6-4dcb-bb36-c5c6c616a5cc,Student,10% Cashback,0
86c74430-a888-444e-a9b3-8246379020d6,Professional,10% Cashback,1
40ccffae-3d2d-4c80-b603-1b120c0b6f32,Professional,10% Cashback,1
8690da8f-0480-4dba-831d-25e6880e34ff,Professional,None,1
ca170106-fea9-4d61-825e-7c7046975761,Student,None,0
78526d6d-590a-459d-b627-1c2f3f33e3db,Professional,None,1
8b8fd4f2-0ae1-4970-96fa-07dfa52ec660,Professional,10% Cashback,0
949d17d2-b3fb-49c9-8288-d18b60914ec8,Professional,10% Cashback,0
c1ab0bc8-c601-4670-a7e5-2cc6379575b6,Enterprise,None,1
835d6392-b6a1-4636-8581-68add61331f4,Professional,None,1
ae0f05fa-a004-46e0-8bfd-1fb36f7071c6,Professional,10% Cashback,0
37ede03d-ee03-4a94-9da6-09d1c6f9b239,Professional,10% Cashback,1
054a611b-531e-411b-81ce-f23c68395eb5,Student,10% Cashback,1
b61b5bb8-a79b-4d54-adbf-f1578baba799,Student,10% Cashback,0
7ae6097c-2d94-4a10-a327-5d3b02f68105,Professional,None,1
e4a8dbad-9b31-4f65-aad7-3ea37ae215ea,Student,10% Cashback,0
a87e7134-1931-4636-ab1f-72df8a2595e5,Professional,10% Cashback,0
9e2be5e0-1970-4910-bcdb-f0a30113d9e1,Enterprise,10% Cashback,1
c97e72e6-19fa-4597-9c5f-0b3faa1dd29d,Professional,None,1
f9f1e532-682f-4bad-94bd-115ac5818253,Student,10% Cashback,1
8b00d544-0667-4ab6-8f2c-4aa87fec5a47,Professional,None,0
61df2d89-c5df-4324-8342-f4b7388a64a4,Student,None,0
4eaa6380-5a6f-4fa4-923e-c9410b32b14c,Professional,10% Cashback,1
68bc0fe3-6321-413d-8f7b-338856ba3903,Student,None,0
62dd181f-9a66-4035-818b-f6433239f690,Enterprise,10% Cashback,1
f568c092-9895-4ee9-bea7-fd0e013d2a4f,Professional,10% Cashback,0
3df81400-c045-48b5-8f0c-81fc8ef281f9,Professional,10% Cashback,1
f649c71a-4569-4778-b008-f1b8b1e78a28,Professional,10% Cashback,1
3cf2c6ed-7b00-4ffa-af7f-7aa2f45cbcdc,Student,10% Cashback,1
c3ae346e-6a69-420c-ab14-5f01cb38c27f,Student,10% Cashback,0
4002b737-5b58-492b-b650-2b9231397710,Enterprise,None,1
dffa1792-4b29-47bd-b61b-9ddc6132766e,Professional,None,1
5f67620a-831b-4c79-b847-3fa9478f95cb,Professional,None,0
a4ab940f-6fcb-442f-8c39-a3b3c109092a,Professional,10% Cashback,1
56be48ce-9a86-4afa-95da-79fa2edf6c57,Professional,None,0
3e45cb85-78c3-43b0-9aad-2134fff0798f,Enterprise,None,1
a28cd341-f31f-4955-a3a3-94e36a2e85c3,Professional,10% Cashback,0
ddf64c3a-b1b6-453e-878f-676104695817,Professional,10% Cashback,0
d50a5a45-1802-4abf-9063-ef55dc161094,Student,None,0
4a4da7be-9e11-4669-913a-a34e8611821b,Enterprise,None,1
9d674476-1bd4-40e3-bcee-20b8cd58e48c,Professional,None,1
d0f6be37-9a1d-4846-aeaf-a3fa11942bda,Enterprise,None,1
14ffc19d-2b34-43f2-a9b1-6f88da5cb830,Professional,None,0
af405d8c-d84a-474b-be5a-b7986010c40f,Student,None,0
53c20b6c-7796-4e99-ac2c-c83d8d9969cc,Professional,None,1
55c17c03-dad7-426e-b26c-703e50eb32be,Professional,10% Cashback,1
86b9d9ab-a99f-4d38-9677-47b0076392dd,Student,None,1
e9ae080e-1ca1-4277-beff-560f38e0f4ce,Enterprise,10% Cashback,1
d01b5c87-0f05-49fa-97f3-2b3430414d06,Professional,10% Cashback,1
d4dc0edb-3a22-4ccd-95fe-5d7167836dc5,Professional,10% Cashback,1
60a06239-7ce2-4b1b-9828-671d0c834e17,Enterprise,10% Cashback,1
8b637249-5550-409d-b694-ea6c21c8c197,Student,None,0
e18f87a3-16bc-471a-ba48-595a1515d04d,Professional,10% Cashback,0
f253e93f-d231-404b-8b9e-c4762d0730ec,Professional,10% Cashback,0
d5e4b34a-3ad2-49ac-8eda-a241a4edf5cf,Professional,10% Cashback,0
aa46ad6d-04e6-4215-a1cb-5edabea27447,Enterprise,None,0
70dc2923-3a69-4d10-a818-a5776227290c,Professional,10% Cashback,0
462b0ca3-65fe-42e5-bb13-3d87a4f2340a,Enterprise,10% Cashback,1
95bcdf52-09f3-4cf4-8147-b1285ead6732,Student,None,0
4c330b17-e0a6-44a6-a474-42acf51043b9,Enterprise,None,1
c45b6ce3-a956-45e4-9c37-47c098daea32,Professional,10% Cashback,1
9b9fd2ee-c5dc-46ab-9a5d-856612eed243,Professional,10% Cashback,0
bee460c2-161f-4296-98b6-ee1fcdead706,Enterprise,10% Cashback,0
8279ffad-d5a1-407a-bb09-3a0341b5cf77,Professional,10% Cashback,0
c86babc7-6462-4936-ac60-a106ed054512,Student,None,0
ae3505cb-e20a-4ae6-95d3-66afdcefdbc2,Professional,10% Cashback,1
2eccf623-330f-47db-9cdc-0e6014b35c51,Professional,10% Cashback,0
de8010b9-bd0f-49bf-aba9-64eb8cc829e5,Professional,None,1
24f970a4-0d9e-4f7a-aedc-ff9d9ec8f82c,Professional,10% Cashback,0
759f554e-0622-4bfb-85f6-ee3287cd2222,Student,10% Cashback,0
b7835fd3-4a33-4f6a-ae2f-240507528bf4,Professional,None,1
9eaab944-d638-467e-a472-230f2d063579,Professional,None,1
b61aeaa8-0614-4bbb-bb4c-04e7c6da9385,Student,None,0
ccdfdf84-6f11-4656-add6-bfb1cdb0564d,Professional,10% Cashback,1
7aee58c0-763d-488e-a097-d24d09ea75d1,Professional,10% Cashback,1
e0067889-efb3-4c76-bb04-362810100124,Student,None,0
b8f4ca12-bf9f-4ff3-9d2d-ebba1e7e9963,Student,None,0
9279a0e5-6ad8-4b40-95c9-25afd67618ba,Enterprise,10% Cashback,1
f86d33c9-3adf-4e21-be1b-4383a3c61a99,Professional,None,0
b60f074f-f49c-42f5-8a5f-313f7e0a9868,Professional,10% Cashback,1
4009a1ac-de66-4106-86a0-c4b456f01535,Professional,10% Cashback,0
edd47eb4-870a-4408-bc05-806abcfd2ec2,Student,None,0
603d3deb-ae2d-42fd-8d18-8cc19f78b431,Student,10% Cashback,1
d864aef9-76ea-487c-8bf6-957c8456df09,Enterprise,None,1
a458feda-4467-4579-9fe8-c79e6adfd4ad,Student,None,0
e5de891f-8e4f-4a12-ac78-4927ce8f4630,Student,10% Cashback,1
87b52905-64c1-47db-a515-befcb7692773,Student,10% Cashback,0
b2e2bb68-3959-4ed2-9335-81775620fe4c,Professional,None,1
76e77227-27c7-48a0-86f8-b8fdc1514e52,Student,10% Cashback,0
ad8dfe9c-aca9-4d1b-99df-0eea45d382f7,Student,10% Cashback,0
84e27adb-b31b-4203-9566-8d6af20e11b1,Professional,10% Cashback,1
1a0605fe-2183-44cc-b1ff-44d3b18d01e9,Professional,10% Cashback,1
b227bb07-7f60-4071-aa90-ca7196be896c,Professional,None,1
fe8baf6e-2da3-4f36-b65c-f6ce828cba7b,Student,None,0
5616facc-fef3-4ab1-9105-5298ef6530f9,Professional,10% Cashback,0
cfdb730c-3db7-471d-a358-ed84b39c40c3,Professional,None,1
dce9a0b5-4b92-4c4e-8f00-3cc8e01291ea,Professional,10% Cashback,0
7ba5c487-17b9-4bb2-baab-93c1678cacbd,Professional,10% Cashback,1
2050edc6-bd5f-4379-929c-ffffa852fae0,Professional,10% Cashback,0
dba828c0-59e8-456c-b51d-65f949606a12,Professional,None,0
ec5d2a0e-3976-42c3-86fe-6d64f8c0db75,Professional,10% Cashback,0
8f9eacd3-5019-4830-96fb-02d94d1b7337,Professional,10% Cashback,0
1b41b05a-f694-4da2-83e2-b8e8f090183c,Professional,None,1
5eb492f0-54ba-40eb-a7f0-c78df196e802,Student,None,0
78333e10-e794-4eaa-8d52-118f148b1b68,Professional,None,1
7c09078f-6e1a-4cab-8fea-ead75261bd59,Professional,None,0
fa59e860-5d4e-4290-80a5-d59531836495,Student,None,0
10d3d61b-b77f-4159-96e4-fd1d570f0bf8,Professional,10% Cashback,0
8fcee53d-8158-419f-8511-cb15b97a9e14,Professional,None,0
05f847d0-b26f-4edd-a7e6-9f2ecccbe02c,Student,None,0
2baadc70-e7aa-4a8b-a0e3-eb938d896adb,Student,None,0
74279d73-7023-4bfb-8e39-90458d8a02d4,Student,10% Cashback,1
c05c76b4-ad62-43c1-9d92-7eb4119d4b9a,Student,10% Cashback,1
5b6898b1-e83c-4e61-899f-d57de13c2683,Professional,None,1
bd4c4e04-181f-4779-881d-89e9e97d6e0c,Professional,10% Cashback,1
c5a68196-ba67-4c7e-b40e-e048292a8944,Student,10% Cashback,0
02e96ca6-d449-4806-94e3-3b5985c84726,Enterprise,None,1
44234ed3-8814-4973-a5df-d7080da2d937,Student,None,0
d14fb9a1-3b84-44fb-9beb-fcd2bbf16019,Student,10% Cashback,0
3ba60e65-d36d-44f9-9161-167f0d8dac39,Professional,None,1
4f9e51b6-1678-49fc-ac2a-24fea4fcf206,Student,None,0
b335dfb7-5294-48e3-b435-69767dd02d7b,Student,None,0
785dd0e2-1595-4fc8-82b6-774d30e959fb,Student,None,0
0dd753a4-6124-49d7-b2ee-0cbe6e5bc82b,Enterprise,None,1
bb029b51-f601-497d-9b1e-e7d4100b6f85,Professional,None,0
0f3a64c2-a893-48e9-9640-bcd2a6ae6bca,Professional,10% Cashback,0
3ec054d1-9260-48ea-a9e0-1c1de759cc4b,Student,None,0
4775aa01-67d3-4bdc-bc99-baf2aa4697fb,Professional,None,1
bab2d19e-a532-4273-83eb-bda5acd1a9a2,Enterprise,10% Cashback,1
62b269dc-9b30-493c-bf90-99b5b3953cde,Student,None,0
72c9af73-a98c-4f7d-bad4-b53fd1578c66,Student,None,0
5a021f2e-36e5-4cf2-a3a6-2caf16f55c75,Enterprise,10% Cashback,1
fc307e23-b094-4df6-b947-2ce92bc626cc,Student,10% Cashback,1
5bbcc453-5145-4631-b742-86a0f59c3f2e,Student,None,0
d95add9e-a1cc-456b-b32f-f268ba047f32,Professional,10% Cashback,1
c93146a7-33ff-44ae-97a0-6080442f3872,Enterprise,None,1
9996f2bf-2b81-46f5-9389-51760babc053,Professional,10% Cashback,1
910c8b9b-5744-4fec-b9a0-1a8c605a970e,Student,10% Cashback,1
b7afb62d-9ba0-4e9e-a499-d4d3d2b43141,Enterprise,None,0
0e53f884-20aa-4433-943f-682f6f2f1ef3,Professional,10% Cashback,1
87265d7a-1054-42dc-9093-ec5574c36d6c,Professional,None,0
16aa9726-744c-48db-b36b-98faaf72226d,Student,10% Cashback,1
5447020d-e15d-4930-a64f-cf03916555f0,Student,None,0
0fd0dc20-6f37-4914-88d5-6241850a75a2,Professional,None,1
9b80f2e2-331d-4ef2-8ea8-ea057ef3d700,Student,None,0
b5ba6225-5515-44d2-822f-bc5e87825e60,Professional,None,0
590f0439-d80a-4410-b2e6-42d6c414abd7,Enterprise,10% Cashback,1
f7843f61-98b0-46e9-a703-49d0b70e40ff,Professional,None,1
469a5283-1e7b-49f6-a5a7-cc9f9d03d313,Professional,None,1
9a92a850-dc88-4284-b117-62f585cb4aee,Student,10% Cashback,0
edfde55c-0eab-4756-8cbb-12d993b8cdca,Professional,10% Cashback,0
791289b0-40ca-4656-bd4b-e7df2f6502c8,Student,10% Cashback,0
8e4b2987-6c38-4e02-8848-bfabe9b14f5e,Professional,None,0
9e7b2908-91df-4d59-8deb-21e55f87ed66,Professional,10% Cashback,1
3c65ea0c-979d-469e-8ec5-a8369dd64b06,Student,10% Cashback,1
ee8afa4a-54ff-4b0c-a7d8-d7aaa0228264,Professional,10% Cashback,1
eb3607a3-c855-4f7e-8fa3-730e787d9e7b,Student,10% Cashback,1
4f420794-3686-4a64-b6d0-42ed5313b4d9,Professional,10% Cashback,0
e8709c29-a1ad-43fd-89bd-424b6c8008af,Student,None,0
33fa752d-32d6-490e-879a-f2f008781127,Professional,10% Cashback,0
9eb468cf-7b6c-406a-bd29-84782e463ac8,Professional,None,1
f6d20c2a-d952-4899-adbe-6c07273b21f5,Student,10% Cashback,1
1c1557f7-8597-4977-895f-0be339ce0d9d,Professional,10% Cashback,1
df3fb538-cb89-4414-900d-dcaaadc96861,Enterprise,None,1
048ff902-fcc5-4819-8145-baef5eaebb4b,Professional,None,0
7465f02a-533c-4944-b4a2-c3c84d57d0a4,Student,None,0
cda3b6cd-2a72-4ef5-b0f5-4bf5a8c0d7f0,Student,10% Cashback,1
eede1eb7-1cf9-44a2-8585-49f5e9295ecf,Professional,10% Cashback,1
601b2df0-dcec-4d00-99c0-0843e4f22593,Professional,None,1
27b813bd-e066-42df-b739-72dfe78ad110,Professional,None,1
b9645e19-944b-4626-b033-3ac58cf927f2,Professional,None,0
4dac9aa5-e148-414a-ab1c-0cdcb050eb6c,Student,10% Cashback,0
6a5b32e7-d611-4f96-856b-d8e0b4915075,Professional,None,0
2c4276b2-5b4e-4e5f-bc61-426885ff0253,Enterprise,10% Cashback,1
ed44930c-3457-4b89-8fc5-27b7b5d4def0,Professional,None,1
32be4d8d-0f3b-4587-877b-5b9da15d807a,Student,None,0
b2da7cf1-16fd-4554-bf0f-e7530142267e,Student,10% Cashback,0
5830dad4-b937-40e9-8fc3-73a9502f221e,Professional,10% Cashback,1
3fc4aef6-7960-4d5c-b22b-1fb15e877aa1,Student,10% Cashback,1
0ebcf242-84cf-4db3-af76-5e92bf577424,Enterprise,10% Cashback,1
ebb19c70-333c-4ed4-a63a-45ff95d9486c,Professional,None,0
d63226bd-3882-4d33-8d19-bf66276387f4,Student,10% Cashback,1
b5fdff5c-2aa1-4a79-b0a9-80dd4b06294e,Student,None,0
cb470483-43d2-4665-9e35-0a4ddcf1436e,Student,10% Cashback,1
184f14af-5108-4944-9386-80f93a0c6fe3,Professional,None,1
a4af5e57-445f-4511-857a-6a3cddb87ee2,Professional,None,0
60c910c9-939d-45c2-abbf-d0b016daa498,Student,None,0
d50c2864-3ea4-405f-91e7-a6cd1d721437,Enterprise,None,1
75fd9270-ccc0-43df-bd43-42b73f30be2c,Student,None,0
c35b4055-9d44-444c-9ea0-f5a606c8d7ec,Student,None,0
15a92d0c-4293-4cd8-bd30-60c82055c0eb,Professional,None,0
42be8c4b-4af4-4416-b9df-bfed804aa19e,Professional,None,1
4782671e-2229-41f7-aa5f-f0aea90be6c2,Professional,10% Cashback,1
d7d7d94e-bf32-4f76-86c8-80c9bb7cc2fd,Student,None,0
41cce258-210f-4cb2-a64e-da4d26089b2f,Student,None,0
91674fad-aabc-4f20-8765-97886d0ed86d,Student,None,1
aec19368-81f7-4a31-8e3b-299ba4d4d42d,Professional,10% Cashback,1
18492bf0-e8ca-48ff-92fe-8784f2684727,Professional,10% Cashback,0
64454f65-ecf0-4c4b-9f8a-d2716204d223,Student,10% Cashback,0
fe1f330f-9ee1-48b4-838b-3c80662af2e4,Student,10% Cashback,1
cfa386fa-8bfb-4775-ab32-7c04cd578d69,Student,None,0
f6fd4b62-627d-4b9d-a89c-334a5c8acf81,Student,10% Cashback,0
2f4a2bbe-f3a4-4d9b-b9bb-8864ae8f3f3c,Professional,None,0
af8ea34a-e686-4bba-b04c-5195178cdcd8,Professional,10% Cashback,0
a83ef089-ace5-405b-aca1-310d3a163288,Student,None,0
adda32bb-41b6-48a2-afbc-51598a53c3fc,Professional,10% Cashback,0
96593715-3240-45e2-a0e9-9f9266ea1633,Student,None,0
688b2fd7-4c7e-464f-bb26-18cb60b7ae9e,Professional,10% Cashback,0
f1660ec9-730b-4932-bf28-9afb12cde2b1,Professional,None,1
d9ac5ea2-d3c7-4065-8014-912af1b05447,Professional,None,0
e2b4161b-dd14-46ad-ba76-22e5e0bd4b3f,Professional,10% Cashback,1
698ce851-082e-443e-a586-8e33278f4c06,Professional,None,0
69b95c5d-9747-497d-affd-446f46415ac5,Student,None,0
f026cbb5-cde7-416b-a18b-92595303eff5,Professional,10% Cashback,0
4c8e7671-ee0a-4890-bdc2-fab1b5743dfb,Professional,10% Cashback,1
97c3b222-b29e-47e9-90eb-63307d79529d,Student,10% Cashback,1
dcd80fde-76bb-472b-9ea9-575bc6cdafa1,Student,None,0
69523bf8-3ad4-48ef-b8e2-0072a0bf4787,Professional,10% Cashback,1
1b343150-020f-42ad-8669-39b71775f5f2,Professional,10% Cashback,1
f364a20a-fd8c-4dc3-abf2-1bac727f267d,Professional,10% Cashback,1
ef2ab3ea-6528-423e-850f-a4da899de916,Student,10% Cashback,0
5f2e1bc7-6b84-47c9-a663-124a96caa911,Professional,10% Cashback,0
2dfb895d-21f6-41fd-984f-e38af29f4936,Student,10% Cashback,1
1db5ff8c-5981-45b2-8c33-2b34fa0d5d6c,Student,None,1
773adf9b-b57b-48c5-a68b-82770e141ee1,Student,None,1
b0496c2b-6f73-4048-a6b8-b9fc3569d85e,Enterprise,None,1
e00d06a3-03a8-4945-b62c-c59006aef738,Enterprise,None,1
20485427-54b1-400c-ad1c-6b580975c462,Professional,10% Cashback,1
b2dfb83f-c658-478e-be8f-d94958e1f085,Professional,None,1
b1162673-a35d-4a8c-8fe8-d724deb3d5dc,Professional,10% Cashback,1
a2cb1bbc-5d57-475e-a96e-2e132e0463ad,Student,10% Cashback,0
f175bf87-e5c1-43c9-9e4d-e264fb2c0f7c,Professional,10% Cashback,1
037d786d-b4fc-42c4-ab8b-b3eb6c0e5b3a,Professional,10% Cashback,0
d273a3d4-6859-4351-b8ef-a65d19771930,Student,None,0
26975785-65b5-4ab1-aae5-ae04f60bc891,Professional,10% Cashback,0
b04a8d60-a1d3-4886-9dcd-097186a6cea4,Professional,10% Cashback,0
3b51a9ea-d489-469f-9a2c-302a1c9a0eac,Enterprise,10% Cashback,0
3950d95a-7f12-46d1-82a3-3736877c65c0,Student,None,0
8d5f3487-8d50-4d0a-84c6-fcb810b57ad5,Student,None,0
5beccd91-5998-47c2-8101-ffae374b94a8,Professional,None,0
c0cc8492-b5af-4fdf-9925-c2a07c2e116b,Professional,10% Cashback,1
8726944c-6a8b-442a-aef9-ad4902ff469d,Student,None,0
ef7f12fa-a3fc-435b-bf06-742385191d25,Student,10% Cashback,0
9cd11956-3b68-46ce-af06-085c053062ff,Student,10% Cashback,0
a0c023cb-6ebb-4cc0-8aca-13fb868d33ac,Professional,None,0
b8f755ee-4198-4b37-9f27-3cf4e7cbe6a0,Student,10% Cashback,0
a46ef884-2e7e-4423-9fa6-5952bd7dbcdb,Professional,10% Cashback,1
c21677ea-741e-40d4-af01-7b9b60a76385,Professional,10% Cashback,1
d26425da-0960-4af5-b948-3022c0d86d70,Student,10% Cashback,0
26a85b81-2801-49ec-b266-281a5658ca9b,Professional,10% Cashback,1
e23fb51f-21cf-4c9f-a171-b109f8e366c6,Professional,None,1
5c57ca79-aed0-4322-95ec-cc61ba209fcb,Professional,None,0
9622890d-be55-42d3-877c-f9fa9419a96d,Professional,10% Cashback,1
5d9267e1-49f6-44c9-9e39-c285d3bb39fe,Student,10% Cashback,1
bb6e4e84-9b9e-418c-b19c-b4828606e353,Professional,None,1
12a86e6f-35c2-4ae4-8778-a041100ac445,Professional,10% Cashback,0
7a92b7b9-350f-426e-91a6-dc4a8cc93826,Professional,None,0
312d518b-2cc1-49a7-9e3d-375a5ef78fc9,Professional,None,1
772b8891-eac9-471e-92c8-d70699963dc4,Student,None,0
f35ea3d3-3a39-4117-9e34-1b005dccdccf,Student,None,0
baa2ac7f-5f53-4604-a964-f64ff3dbfbd5,Professional,None,1
55541435-116e-48ba-830b-6c628f401de5,Professional,None,1
b3cbbd19-a3a7-486d-a82a-00f8d3a49849,Professional,10% Cashback,1
b8d49837-e8b4-45f0-b7b1-8c510f341098,Student,None,0
b1a79037-01e0-466d-9ad5-e4472ff557fd,Student,None,0
cee7fbfa-9a37-4ac4-9341-ff147b1ce41f,Professional,10% Cashback,0
dfb4bf53-be8c-4a41-89ec-c1959be1cea1,Student,None,0
3259fd8e-500e-4954-96c4-e2f9dfe67772,Student,10% Cashback,0
892a59fe-4d32-4ba7-98e7-066ce5dd4d5e,Professional,10% Cashback,0
7ab8cf5d-63e2-4dc9-bdfd-a350fa7f7af7,Student,10% Cashback,1
c126345f-d423-429f-9940-bab884569485,Professional,None,1
bfec1029-86fb-4537-902f-af6dd9272720,Professional,10% Cashback,0
3d923f62-78ce-451f-a5c2-902752e03d15,Professional,10% Cashback,0
53b3ec36-8470-41ce-8bd4-e9084052bf08,Student,10% Cashback,1
613990fd-2522-4e83-914c-0148fb5ac667,Professional,10% Cashback,1
5c3762fb-dedc-476d-bd72-1b01df302591,Professional,None,1
b0c001ba-4dbb-46a7-b890-628cd69e7b46,Professional,10% Cashback,0
64ded2eb-1652-4680-8b1b-08159180cb77,Student,None,0
9ee140cc-8ea1-496c-82b7-b0859b5fc6f6,Enterprise,None,1
ddc79cb8-4f5b-4eb5-98e3-dd50a05fa867,Professional,None,1
f000db4d-5ed3-4112-9216-4c880333e2da,Enterprise,10% Cashback,1
ad978961-d653-4fa8-b12b-636e906dab51,Professional,10% Cashback,1
1a3c9085-35c0-4fb4-8cf3-8657b1d94151,Professional,10% Cashback,0
9ef8d687-56c5-4fa9-bc69-d282d56d733f,Professional,None,1
77050ae7-075e-4abb-a777-2c9525fbd65a,Student,10% Cashback,1
cca31d3e-4bbd-4ffb-8281-fe2ff864b689,Student,10% Cashback,0
687217e6-4855-43fd-8738-d149cc05ae7b,Professional,10% Cashback,0
a73f8a29-8e6a-4260-9fba-83b18b584a91,Professional,10% Cashback,0
17e40376-1ae2-4a00-8f30-94a491a0dfeb,Enterprise,10% Cashback,0
e5137520-cf79-44f2-a519-59e6b4d19a21,Student,10% Cashback,1
fc4ca2e0-8baf-4832-9461-1e891589ae70,Professional,10% Cashback,1
a4d60b4c-9aef-4b1e-8818-b3528f3c13ec,Professional,None,1
d0327ddb-4fb5-478e-aac7-1fc9b3d7e107,Student,None,0
6dddce24-f900-432d-a3d5-6ab4eb72cf5b,Professional,None,1
3f883c88-c7f6-4066-9316-3c1b19acd3e6,Professional,10% Cashback,0
c8ba2e84-1c68-4e8c-96f6-5d13a0f6ffcc,Professional,None,0
8e142290-60e7-4e05-9782-03d570814e60,Professional,10% Cashback,0
efbac047-419d-4016-8c93-3f414c50d24d,Enterprise,10% Cashback,1
723752e9-95ca-495a-96f6-0f5e79b62e2c,Student,10% Cashback,0
d7630665-15d8-46c8-ba92-c6b12a51e681,Student,10% Cashback,1
98ff9643-0a86-4380-94c4-9446c75f7d3e,Professional,10% Cashback,1
3a12ad0b-9d9e-427f-860d-747ca1ea3143,Enterprise,None,1
a7fd25eb-94c0-4902-9aa3-7877d7faaf50,Professional,None,1
f5ab611d-c837-4def-9aeb-81abbbe2d159,Professional,None,1
b695c2de-22a2-4aa2-afde-abb36e129824,Professional,None,1
5cf358ed-f8b0-4475-93a6-a67ecd35e198,Professional,10% Cashback,1
a0e28c4a-25c9-43c6-aa9e-b6d0d38516b0,Professional,None,0
7b25752e-6077-4b8f-9df7-455eeae56682,Professional,None,0
cd62a348-0a66-4abe-8746-e0b6018daf01,Professional,None,1
781e64e6-6260-4071-b1b2-8a3a962aa2f4,Enterprise,None,1
5445e1a3-5c94-4583-b074-205427843cdb,Student,10% Cashback,0
116e4f2a-f0c9-433f-9f3d-3af46250a71c,Student,10% Cashback,0
cbdd08ca-f137-4e98-b5be-f41d787164aa,Student,None,0
a02ce42e-ebcc-4c03-9cb5-a54d8fd97543,Student,None,0
5dfbfa2f-287c-4e1c-a010-e474ec9a6a57,Professional,10% Cashback,0
0dca693d-22d7-48c6-a4c5-102c9e558778,Student,None,0
4533d766-2de2-4e7d-915f-f943d3e2ae21,Professional,None,0
ea0a74cd-5c28-41bd-8c89-3c54eed030fd,Student,10% Cashback,0
61290434-540d-41a9-9b49-266f5a5b3d5a,Student,10% Cashback,0
729f5d63-6ad4-4666-84f2-836e6a3fc660,Student,10% Cashback,0
58cd61ff-679a-46ac-b451-c2ac11219075,Student,None,0
60e5429c-49a6-45b8-8bd6-9ecaa5f8fe87,Student,10% Cashback,0
3ed75116-7e55-4ffe-88a1-0abea6386649,Professional,None,1
f1e52b1f-6bb4-4980-a3a6-254f4e4baef9,Professional,10% Cashback,1
64373c0c-51f0-4880-8a23-e47896fc2ff7,Student,10% Cashback,0
df333e47-11db-4099-b7f2-9c3e7684cddc,Student,10% Cashback,1
e4ff3e24-ab7f-4e0d-8e2b-08db95275a21,Professional,10% Cashback,0
658e7eef-22f7-4ccd-8bbc-54d902d9689e,Professional,10% Cashback,1
428a0840-eed2-4fd6-9a37-87b33c73b3ac,Student,None,0
b4e030e9-1e31-48bc-9444-9fab14f4f126,Professional,None,0
c5b7f598-804c-4fb2-b420-5d98ae5b7f6f,Professional,10% Cashback,1
fdc5bb2b-0202-49bc-aec0-bd66e2177ec8,Student,None,0
d95eefd4-ea2a-458b-be9b-a4765fce1246,Professional,10% Cashback,1
8045aebf-775c-40e9-aee8-9795a586e49f,Enterprise,10% Cashback,1
13a15300-8d56-4ede-8bee-acfcdcda4a22,Student,10% Cashback,0
e9774c99-762a-44d2-a085-89bcfaa6c4f0,Enterprise,None,1
4ec64123-0aaf-47a9-a104-238d12e714e0,Student,10% Cashback,0
399e62dc-8be3-4f1f-ab01-9a56471510d9,Professional,10% Cashback,1
2d241954-e3ec-4d09-8b85-9472d15df081,Student,10% Cashback,1
8ab94073-6ed3-46dc-8d76-dcd8dea1a73c,Professional,10% Cashback,1
c9c34a2e-fbc9-441c-8d63-480288f91d9e,Enterprise,None,0
60034d89-abff-4234-b91f-118bfec2e80c,Professional,10% Cashback,1
46d6567e-8002-49bc-a79f-93ed0a577166,Professional,None,0
a8990b8a-c409-4337-8b48-5bd4baf17c2a,Enterprise,10% Cashback,1
c44c033f-29dd-4c6c-afbc-de4e536b4612,Professional,None,1
5270f541-4fb9-4ace-ad8d-8f756851e31d,Professional,10% Cashback,1
fe45b2fb-72e7-4fab-b2ff-a6310afb685f,Professional,None,1
1a5b3387-d701-4844-bdcc-ccf813d664c5,Professional,None,0
41509f15-48ed-4055-be83-be45b870ba02,Professional,10% Cashback,1
4681e93c-3c45-4e96-8718-98006e77db50,Professional,10% Cashback,1
cd03a842-fe60-4f4c-801a-42948b5af912,Professional,10% Cashback,1
957eb971-df89-4854-a1d0-fe5420983f5b,Professional,None,1
a31fa783-317e-4cdb-bce3-0655d01b50d6,Student,10% Cashback,1
793c1fbd-29fa-4c4c-a6dd-db7f88fe1760,Student,10% Cashback,0
2b36b6c9-2158-48f2-9559-116eee10f508,Enterprise,10% Cashback,1
5ea2523a-3cf6-46f8-ae5b-f82aec61abf2,Professional,10% Cashback,0
4032e300-4359-4db3-8f99-efa0a5b130fb,Student,10% Cashback,1
beee4f0a-c4ae-47ed-be9c-9129f3196236,Student,10% Cashback,1
81a75419-80d2-4a18-b4d5-6f8555e7e8ab,Student,10% Cashback,1
e05231c9-531c-4307-9ff6-4f4eba59beb2,Professional,10% Cashback,1
853c8737-f76a-4eab-8471-eaf6f75e65bb,Student,None,1
619c0fad-fa6e-4cad-a6a8-24dd643535cd,Student,None,0
7678ad18-209f-42b4-99f8-91e6a154c659,Professional,None,1
751052ae-82e1-4864-b7e7-5aeaf428d0eb,Professional,None,1
98d04ef7-28a3-46e0-9fae-4b2f6199ef27,Student,None,1
9953c7cd-3fa9-4ded-9446-9023182bd4f2,Professional,None,1
fa0fda58-9c76-45dd-bd6f-fc7aeed34d24,Professional,None,1
168c373d-0912-4f00-8482-fef3b641de8f,Professional,10% Cashback,0
b540855b-237a-41f6-b16c-379fb8b711fb,Student,10% Cashback,1
0eda28fd-1841-47c2-8b16-47b23cb1f215,Professional,10% Cashback,1
37e7890c-bfc2-4ded-93d3-0df5442df1e6,Professional,10% Cashback,1
05462764-b522-454b-93ab-8a00f55f8777,Professional,None,1
3bcb3a14-baf6-44a5-8fb5-a2517421d225,Professional,None,1
835861ad-0163-45bd-b319-b7f240a9d89b,Enterprise,10% Cashback,0
1a6baf72-bd12-485a-a65f-fe4626034cc0,Professional,None,0
58329b9b-f8be-44d3-97ae-355700ad410e,Student,10% Cashback,1
28a19847-9d54-4d9b-a26d-2da0d7eeb7f9,Enterprise,None,1
21c54e36-9c47-4603-94ce-bfd7ad688227,Enterprise,10% Cashback,1
073c892e-2fb3-4efd-8d11-55d44c82a3db,Professional,10% Cashback,0
03183ab1-3b00-4b67-9d73-6d3e6f370bc8,Student,None,0
19525f62-5ea4-4c6e-a9f2-a0a48062185c,Professional,None,0
5c672360-fb1b-493b-b939-07c41a2f2974,Enterprise,None,1
232c78b5-715d-4c95-b418-31ae599b381b,Student,None,0
1719d085-7afc-4855-b2fb-fb5278d96e86,Professional,10% Cashback,0
95e822e4-20fb-4642-acfc-50ddfb27f9aa,Professional,None,1
2215667e-9467-4049-be4f-2430d0847eac,Professional,None,1
8d622a73-054d-4760-ac01-b285bcb5d5f1,Student,None,0
0a6c19e0-3eca-415e-9fd3-8c27ee79e129,Professional,None,0
c97e2e31-677b-4a4c-85e9-dce316d7bda1,Student,10% Cashback,1
4a8778f8-8e96-41b8-854b-8ad9416d9dd3,Professional,None,1
5797eebb-77a2-41f5-9489-5a8b193c01e5,Professional,10% Cashback,0
5af2bf5d-040c-4c08-9d61-d3305a6751e5,Professional,10% Cashback,1
2397efff-efa2-463f-a91b-e8a357a861d7,Student,None,0
afdb495f-3dd9-4d69-a0de-4922193a748b,Professional,10% Cashback,1
3c3c5eed-adbb-406d-93a2-a77506266502,Student,None,0
7dfba0d9-951d-48ca-a672-b08d5ba2779e,Student,10% Cashback,0
09da8102-8e09-4b13-97a7-c39a42ab9429,Student,10% Cashback,1
77e459dc-bacf-4d91-b6dd-4bfeccddd667,Professional,10% Cashback,1
a90c9597-8353-4e74-8c7b-24268de57e6b,Professional,10% Cashback,0
398686eb-06ca-491b-8f98-e07f9436eb50,Student,10% Cashback,1
3d46c5f2-62fb-44e0-8680-267183aff47c,Professional,None,0
a2c1730c-27b9-4c75-ab2a-351d0bc1c2ec,Professional,None,1
dde097da-eb53-4c4a-a045-cb28b7b873c7,Professional,None,1
14389950-095f-46a4-a2eb-22e2100017bc,Student,10% Cashback,1
7cbdb931-3fbb-42a4-a9e7-4ef0be0af915,Student,None,0
9a1bba0d-32b4-424b-b400-a98464564e97,Student,None,0
1dc020e2-cc87-43ef-b48f-e8b641bb22e9,Professional,10% Cashback,0
a4b9d125-03a9-4901-ae56-82341e1e1b0a,Student,10% Cashback,1
e12a7eaf-8480-4d64-8ab1-65f530a8d139,Enterprise,10% Cashback,1
d693119e-19ab-4dc9-930f-5139c4aa823a,Enterprise,None,0
d60f2fd3-f7f9-42fb-b28a-c9ce230b62ec,Professional,None,0
697e71b2-35ee-427f-9d01-e5ad7508c25a,Professional,None,0
0acb3bea-d006-4996-8166-5942d33dbe07,Student,10% Cashback,1
e6b60d69-b76d-44ec-8676-7ff74f510820,Student,10% Cashback,1
a99769ff-bda3-4fb1-b86c-37060331b151,Student,None,0
0960637a-e1ef-4507-b007-2e6a485a50e3,Student,None,0
ee8c0a92-5eaa-4388-aad8-be83b4dd8344,Professional,None,1
4e014ce2-9468-4a06-9032-6b56874a764d,Student,None,0
c78008ee-feeb-40e8-ae3f-f5082d4b984d,Student,10% Cashback,0
dcf2abf6-b8d2-48c1-8907-e6a9e557563b,Professional,10% Cashback,1
4b3db642-6e1d-43a6-ada0-401af5c4fccd,Professional,None,0
ed11bf21-6e4d-46b9-93e9-be77d8db7e80,Enterprise,10% Cashback,1
3113a1c6-ca76-45c9-a11e-3f8967fc2190,Professional,None,1
cea4902c-d8eb-45f8-934c-3165bbd5a47b,Student,None,0
6247ae46-9ed0-4b2b-af9d-085a3422984a,Professional,None,0
2f4b0fc4-ee04-44ab-b231-b2af60911a31,Enterprise,None,1
927ad421-e21a-4e2b-b069-072e5724e72c,Student,None,0
5f190294-f787-4501-9ecd-0bcb5dc2f918,Professional,None,1
3d416eb0-640e-4c59-a658-d679bf922ba7,Student,None,0
2aab3573-1be5-433b-8112-125efe6da431,Student,10% Cashback,1
0361e54e-54bc-4cc6-8447-6dc59e343929,Professional,10% Cashback,1
9f7ce219-c7e3-4ca0-a28b-5efc12db197e,Student,None,1
d28ff776-478e-41a3-9f39-dad7b5d1253b,Student,None,0
46b8d1f6-5582-499e-b5b2-47c8dfa3b955,Student,10% Cashback,1
3d8f631d-771b-4d84-b3e8-60878d3c0ead,Professional,None,0
2a60da86-7e28-4fe3-b24c-dc130e196465,Professional,10% Cashback,1
078ccd7b-43a9-449d-b3d3-7bd798204e01,Enterprise,10% Cashback,1
b5efa720-d6b4-4ace-89e9-fd87d35191e1,Student,10% Cashback,0
361e051d-b718-4ad2-9428-4ffb89bd9dfe,Professional,None,0
0ca2b280-bb86-445b-a2bc-412424bb4688,Professional,10% Cashback,1
b8d315d7-061e-42ae-b307-73188531d5a2,Student,None,0
213c85c0-c72d-41d7-81c4-5da8b8957579,Enterprise,None,1
84a0131b-731d-4c5d-9253-4ef407c32f63,Student,10% Cashback,1
0bb128e4-6de5-4ccf-9b70-1b7d5dea5d41,Enterprise,10% Cashback,1
ebce79d1-cab7-4c56-bd08-9a68cbfffcea,Student,None,0
c6878dee-0dab-4165-a375-19b613ff104d,Professional,None,1
bf22ab0f-15df-4403-80b9-c02670e59773,Student,None,1
55fd5624-e10a-470d-a50f-c0e3c3fd7ef9,Professional,None,1
12daff6b-8cfb-4085-8093-d6ef6b589da6,Student,10% Cashback,1
c9a7b729-2cde-4905-b95d-5b2c1b592355,Professional,None,1
05471114-fa6d-485d-8acc-9b26df00fe26,Professional,10% Cashback,1
82eecfec-6f5e-49df-a793-82659ae1ad7c,Professional,10% Cashback,0
c48b921b-74d9-4113-9d1c-a7dc8c40dfe1,Student,None,0
7e75a0c7-14d3-4760-9a81-18afaa428432,Student,10% Cashback,0
38393010-5700-43f9-a493-8870c979d2df,Professional,None,1
af3d50b7-039e-4791-a692-63ae85f87765,Professional,None,0
691063d7-f8d0-47ac-948f-1b4233e0ba20,Student,10% Cashback,0
8e605cad-b25a-45cb-84d8-6e2352db3ff0,Student,10% Cashback,1
2e4dbede-d49e-41f6-abf5-56006224a1e3,Professional,10% Cashback,1
6ff78679-10c1-45a2-a7f1-50dedd4dd1df,Professional,None,1
5cc69adb-a0e2-4a45-a1cb-26688634fab5,Professional,None,0
54b77aee-7bb0-49c1-9a8e-3fecfabd971a,Professional,None,0
2c2acac6-8661-4a74-a8c1-06920004df29,Student,10% Cashback,0
72169e66-396f-4389-ad9a-d4c121b8a493,Student,None,0
81a6769d-9df3-46b4-87c1-6446d0507066,Professional,10% Cashback,0
e07c8cc6-728b-4353-a3a9-13e211cc3107,Student,None,1
8c4f8ac5-096a-4b9a-aa8c-beee16179374,Professional,None,0
cefac700-8631-4106-888f-85aa669639c5,Professional,None,0
d6d688d3-6abc-497d-88ac-00fa1700612b,Professional,10% Cashback,1
89a4f624-5f98-4d55-975c-0a6da7354b6e,Student,10% Cashback,0
b2f75452-1789-4150-bf88-175cf610aecd,Professional,None,0
ec60aa12-547c-4054-a024-0c5e06160204,Professional,10% Cashback,0
a0ea663f-730b-4aec-8962-cb9a2445e157,Professional,None,1
6e6edcc9-6889-44ba-bac9-77f3eb4b1dbb,Student,10% Cashback,0
be3fd2a9-0000-4406-914f-8b274594cba0,Student,None,1
cb26bef6-623e-4473-ac77-588ec24fa91f,Professional,None,1
2ad0ffe7-cca9-4864-a6d2-4095bf08ab04,Professional,None,0
d2d6af56-ede8-48b0-bc4c-5bb78a473c50,Professional,10% Cashback,0
01b242fa-d0b5-44b8-a7c6-b04097d2c293,Student,10% Cashback,1
56f1271d-8fc5-4a64-8c50-2f49f14cf415,Professional,10% Cashback,1
1a858e2a-c5fd-4db2-89c8-36d1253ae26e,Professional,10% Cashback,1
843f7649-0bed-4e6d-8891-055d20c92f40,Student,10% Cashback,1
662abf17-11cf-4afa-aef2-0c7d2c0232df,Student,10% Cashback,0
9d74254e-0af1-47fd-8c68-0735261b7bde,Student,None,0
34fb2020-3395-4ba5-afe9-827c5335bd38,Professional,10% Cashback,1
24fd2bb7-8dc0-4988-bb0f-bf912f5e2eb7,Professional,10% Cashback,1
f36e68ff-5e2f-4af5-b599-15d8a99af580,Professional,None,1
1d054a5f-4721-48c5-bcc6-ea8a0058b7ff,Student,10% Cashback,0
f10a0bfb-4596-4335-98fe-c9a7f632e1f3,Student,None,0
d6c2905c-bec7-40ba-9660-af0f8f70e868,Professional,10% Cashback,1
0e857e06-adef-4c18-bceb-da57a54cbb46,Professional,None,1
df9688b5-b6e0-4991-9116-12be28516832,Student,10% Cashback,0
1d435070-4974-487b-872d-df1f1059adce,Student,None,0
ab7adf93-edb1-40bf-959e-574b3cb58d73,Student,10% Cashback,1
60d26d18-57f5-41e7-a366-18f7dd95a227,Professional,10% Cashback,0
7ad39226-81ce-4643-a385-3dc8229946f1,Professional,10% Cashback,0
125caecf-6c25-4d31-bef2-d9fbab40f88b,Student,None,0
ddf58a8e-9c21-42eb-b9b6-f6dea157f393,Student,10% Cashback,0
16c33990-75b3-498e-8916-b32e4be7c7eb,Student,None,1
55fb0de5-d936-4d45-8aa7-e4637b66cebf,Professional,10% Cashback,1
9e4759ef-f217-465e-a279-34d0f51cdfc9,Professional,10% Cashback,1
70842ad0-5566-40a2-a3b8-d64882ecfffe,Student,10% Cashback,0
db2b0b10-f1a4-4043-992e-7031edb92ba2,Student,10% Cashback,1
12b95db1-a081-4797-9758-ae3a1a3843c6,Professional,10% Cashback,1
d830b34f-3919-4ea8-890a-b86b26bf10c0,Enterprise,10% Cashback,0
cc577872-c39b-4ef5-a66b-66cb481c75d5,Student,None,0
ee9d4e06-748c-47d0-aa0b-3c4cc1127f8e,Student,10% Cashback,1
3935af4f-b848-47d9-bac6-ccca4cf73208,Student,10% Cashback,1
9b82a6a9-36a3-45ae-aaea-c56d92aee29b,Professional,None,1
52218b7a-483c-48e6-bbdf-b264946330c4,Professional,None,1
040f113b-38e7-4a99-9385-6aa42862994c,Professional,None,1
b0e53b8f-03ea-475f-a5c3-2ff94854a475,Professional,None,1
47bb729b-2e65-47e3-96e8-eeadcf9af704,Student,None,0
3b4ba23a-2492-42e9-8c4e-4ad19cef44ca,Student,10% Cashback,1
0266659c-e9a9-4ff9-8a84-932f8df5cbef,Student,None,0
c7830534-f651-4438-82f2-83f6c0ec6673,Professional,10% Cashback,1
338071fb-ebc6-4967-8229-66a2bb0ec1df,Student,None,0
2f29f60d-609f-46cc-a446-84c71c70b805,Enterprise,10% Cashback,1
82d44571-c53e-4c89-9c63-fc4f0ab195f3,Student,10% Cashback,0
9b515510-40a0-4449-b4cb-54108f097cea,Student,None,0
e74b4fda-4b42-426a-a9f7-dab6e019fd06,Student,10% Cashback,1
83b60f7b-919c-4770-a849-dce58e3099f9,Professional,10% Cashback,1
088d8ca0-1a55-4418-b917-0a1cdd6d9989,Professional,None,1
97075d4a-4ba0-4ffd-8b27-c1b7592e538b,Professional,None,0
cf7c376b-3e91-4688-9008-153b8cd87b25,Student,None,0
47e1a27f-76f0-4698-a19f-f757c63768a5,Professional,None,0
adfbd9ab-84b8-4c4a-a38d-0623cb440f9a,Student,10% Cashback,0
328abe10-3fa7-4e69-bf51-d3c487388968,Student,10% Cashback,0
13d366f8-6d55-4e24-b18d-2f298390c583,Professional,10% Cashback,0
5806e407-49d3-4d0e-a8ff-e9e3d4ad7865,Professional,10% Cashback,1
56cef6bd-70dc-4c68-a678-0d9dc7cc90a2,Student,10% Cashback,1
5bb2557d-d18f-435c-bde1-138666a07e1c,Professional,10% Cashback,1
58ef7c59-74fc-4d65-b55c-4416adb8181e,Student,None,1
c6512bb6-41c9-405a-aeb6-94cfd944e835,Professional,None,1
7e8c2ef5-f18b-4983-873f-aaffee501f03,Enterprise,None,1
7836b3c6-05e3-4d51-bb2e-89200bf5c21d,Professional,None,1
292270a9-d1de-4b12-8823-eaa9b01a5044,Professional,10% Cashback,1
58dcb665-dca4-468a-9c7e-48dbfab598e7,Student,10% Cashback,1
9ad1f036-f4d1-45b2-b183-b3c2e649dd4b,Student,None,0
d56cb7fb-f03b-4776-84e3-7b450029fb89,Professional,None,0
07d5d29c-1785-46de-baea-367a0808eaa7,Student,10% Cashback,1
1fa4b9dd-f027-4c3d-aa29-8845f648774f,Student,None,0
a896a8cf-bad6-4769-99fc-9daf4fd577aa,Student,10% Cashback,1
26428289-d429-4c92-87af-7a1f232ae8dc,Student,10% Cashback,0
eee23b55-dd5b-48bc-b74f-3a6ff896c13c,Professional,10% Cashback,1
73979269-60dd-475a-9a59-fe67129d24e6,Professional,None,0
dbd65a58-50f0-4a42-91ef-1cdc0db5bba4,Professional,10% Cashback,1
1330c0d3-25c5-40f7-9a83-5213f698c34d,Professional,None,1
67a63b3e-6417-44c6-9183-a660af03296c,Student,None,0
b7e5bf60-8929-4a5e-a237-f6e2adfb00c8,Student,None,0
b04d44ec-d38d-4359-964d-7e6bdd2e3415,Professional,None,1
a21477ae-94e5-412b-9c6f-95ded57499d9,Student,10% Cashback,0
64f8f8b0-8e4a-4f5f-a32a-c904304d69a0,Professional,None,1
0d15e47a-5345-419e-92ba-04f708ef430b,Professional,10% Cashback,1
656979f5-16c6-477b-89d8-1aad410b6001,Professional,10% Cashback,0
0c1d9dc7-2a29-41d3-9718-9a7d68303b79,Enterprise,10% Cashback,1
be016587-d2b5-4065-a2cc-879fdc01ea26,Professional,None,1
9f7bae4f-0ce0-455c-a777-685a177784e0,Professional,10% Cashback,1
610378d6-8d23-48d6-86fd-f33b587ee420,Professional,None,0
e01eb77a-b6ab-45b1-9e8c-2082ef01b8b2,Enterprise,10% Cashback,0
a0fe5f28-58d7-45ac-898d-a99ce69efe1c,Enterprise,None,1
695a75a3-f3b7-4b85-87a6-c7e5da5159ee,Professional,10% Cashback,0
6be82c8f-33cd-4264-a3ab-9602fae31f2b,Enterprise,None,1
145344cf-9fc1-4da6-8810-aa0565280597,Student,10% Cashback,1
8ddbf4e3-4f4f-4d5f-b8e2-0d84eb837635,Professional,10% Cashback,0
a8c207c9-3d64-4477-8a6d-00b54055f6e9,Student,10% Cashback,1
1d322d7b-9ed2-4e44-82dd-9131381b8b59,Professional,None,1
991b444c-3fb3-49a0-87f6-3f04750b699b,Student,None,0
28ef217c-80cc-4f1f-a232-ff8bafb35961,Professional,None,1
c59e9ed7-8be6-4c0d-9aa9-fa1db9c537fd,Professional,None,0
5d819e14-8b55-40ef-8c55-8dbd37f6986b,Professional,None,1
f541a91d-5dce-49da-a9b6-0401c63226e5,Student,10% Cashback,0
aaa788f7-d0d9-4b7b-9d08-34442f72fb0d,Professional,None,1
ca55498a-9985-478c-a049-5c87d528fecd,Enterprise,None,1
c9d1eb47-cb2a-4e79-8313-00504c624ab5,Student,10% Cashback,0
2e964c86-1831-4a01-91cb-c73c7aa0a0d9,Professional,10% Cashback,1
81b90c7e-54a3-40e9-99ab-dfbf559f7cd0,Enterprise,10% Cashback,1
ba3a5c38-e540-400a-90a5-7513ac977646,Student,None,0
2f91371b-4596-4956-bc68-76e0f114a38e,Enterprise,10% Cashback,0
530b5d05-ad5f-4dd8-a05c-2776aad97346,Professional,None,0
8e4fe9fa-cfcc-4a0d-ac0b-1a17230b2e71,Student,10% Cashback,1
a4c9e4e9-a95d-4c13-9573-c0acb4c525e3,Student,10% Cashback,1
9005b749-51b4-42fd-8514-f5e68b719955,Student,None,0
33d50815-bfb6-451a-8d17-f6a0f18a2a6f,Enterprise,None,1
3cba1672-9c68-41ca-afdb-5cef05e82694,Student,None,1
79cc4bc7-3fff-428b-802e-7449d7e047e5,Student,None,1
6f8db9da-fc9a-4ece-a9df-78a2f9beea01,Professional,10% Cashback,0
e57bcd7d-f649-453a-8657-4b8626c03163,Student,None,0
7737b14d-5408-4b91-bda6-fe252de4af97,Professional,10% Cashback,1
e5d75bcf-2205-4a74-92ae-c1f778e15658,Student,None,0
d1e91d3e-3b4d-45a6-8870-1c391af3c42c,Student,None,0
3b05ed6f-b07a-4f76-adb5-76af42c3110f,Professional,10% Cashback,0
82305484-9cb8-4854-93da-e08be4a85748,Enterprise,10% Cashback,1
13c03748-8171-4465-8def-adda4e7e6b96,Professional,10% Cashback,1
4f77ae29-30dc-4865-9fac-73b01880db53,Professional,None,0
523a858b-cad0-48b4-84f9-8b23f3dcdbd6,Professional,None,1
758eb631-b032-44e6-809a-551265eeaf9f,Enterprise,10% Cashback,1
05f06e5c-4a9b-42ac-bfdc-27a8073efa2c,Professional,10% Cashback,0
3af09136-e884-4f5d-b9d8-011f95ceae71,Student,10% Cashback,1
f126ffcd-9fc8-437d-bfc0-53ccd253311e,Student,10% Cashback,0
191e14f1-72c5-4658-b88c-b1d8561da84b,Professional,10% Cashback,1
b80b231f-1993-44b7-a3b4-cdd0213c7411,Student,None,0
3c221075-f73e-40e5-ab63-06c869b20036,Professional,10% Cashback,1
fabfff63-f8cf-4b25-a36c-1091c5174a82,Professional,None,1
60e681c3-43cf-4335-ab6e-4e1095b688ad,Student,10% Cashback,1
f6ace043-0062-4cd1-96fa-d948df54b230,Professional,None,1
a4a3b91d-1a62-4555-9762-e855eb1a6736,Professional,None,1
3832efba-63d3-40b8-88e6-2c11c760b031,Student,10% Cashback,1
13b739f3-eff7-468e-a267-3571a83420e9,Student,None,0
bd493b1d-81e1-487f-8a96-62483c2c0c4a,Student,10% Cashback,0
0502d522-bac8-4a01-8b82-8f7c4ad39c9d,Professional,None,1
a1764162-90e9-4bbe-823b-f990afe76957,Professional,None,0
ea895aff-1ee3-4d02-89ab-f51419394060,Professional,10% Cashback,0
d655d42f-c94b-41cc-8323-c94df5d38bce,Student,10% Cashback,0
3a32d91e-7d09-4672-b9b5-45656254e227,Professional,None,1
ff41e980-5324-4a8c-bd60-c4047a2d4537,Professional,None,1
82bf0ab5-2234-475d-89e6-cd680e61c250,Student,10% Cashback,0
c240b3ce-63c1-47b8-a790-7b6d44b85439,Professional,None,0
e7075c48-c5ee-4747-944f-99b6dc94e9b0,Professional,10% Cashback,1
498d29cd-e2e8-4155-bf03-99fd40d2d029,Student,10% Cashback,0
5806ad8c-5fc0-42bc-a2e7-82de8c99a28f,Student,10% Cashback,0
abc15ced-4160-4998-bbf7-ebe5f5836969,Professional,10% Cashback,1
1fb03f32-83de-43e3-9db8-22f78203f7ee,Student,10% Cashback,1
e0a3eaa5-9931-4160-82bb-e736e7c2a716,Student,None,0
25d06c4b-1897-490e-b364-8576fd7f3239,Professional,10% Cashback,1
c51df873-9273-4cb1-98ba-4da391ba0aa8,Professional,10% Cashback,1
e142f0e6-d32e-4f96-91d4-ca01b3b2eb30,Student,10% Cashback,0
7c30e05f-184a-4cf5-9a78-f4e779b57024,Professional,10% Cashback,1
3de80224-f9dc-435e-8669-b5ffe641eb06,Student,None,0
21d81c36-e3d4-445c-bb75-32fc8514872d,Enterprise,10% Cashback,1
cc4f7762-5934-45e7-9594-c8035fb51c3c,Professional,10% Cashback,0
5093674f-196d-41fb-985c-71df5293950d,Enterprise,None,1
93c59e90-1a2c-4484-a530-00b179423fad,Student,10% Cashback,0
e43c7d4e-011d-4c9b-935b-b4a696d0378f,Professional,10% Cashback,0
aad6fba2-3260-4832-92cd-79c1b6eee29b,Professional,10% Cashback,1
6f2df141-8972-45d5-aadb-e88c0ed2dc28,Professional,10% Cashback,1
61849c9f-49ed-4212-bdaa-5623b088412b,Professional,10% Cashback,0
641af0db-6b17-4ea5-8244-e00060386ba4,Enterprise,None,1
521e6fdf-3d16-4a57-979e-501b87883225,Professional,None,1
641bbe71-32d8-4386-a70f-192950ad3bc1,Professional,None,1
9c0cb40f-dbc7-47be-809f-8aed4d8a9b29,Professional,None,0
9a0242b2-c9f5-4ae7-a638-5c720a7b24cb,Professional,None,1
58a893db-52c8-4fef-9086-7f9c5c1f6220,Student,10% Cashback,0
7457a5ff-50fb-4c5e-b723-1eca03d448b5,Professional,10% Cashback,1
4ef034cc-21a6-4c58-b228-a07bb8e39d50,Professional,10% Cashback,0
e10766bc-9661-46cc-9ed7-c355848b5278,Professional,10% Cashback,1
7481b042-7726-4ef0-96d3-5ee809c84245,Student,None,0
85b9be09-952d-4eaf-82b4-0e02ca0d6487,Professional,None,0
365cc0be-70eb-4042-ba98-59947b29db7b,Student,None,0
d6cc73b7-259a-4270-be07-1010cdfbea85,Professional,10% Cashback,1
af1a96f3-8689-419b-84d1-b8402ca6d5ab,Enterprise,10% Cashback,1
e984e4c6-1350-4768-8081-955564d1661b,Student,10% Cashback,0
1484efd4-23b1-4bd5-8d80-1926e0a37cd0,Student,None,0
0ad45ee4-fb4a-4be9-bf52-ba4c8acdad41,Student,10% Cashback,0
3515b900-0dfb-495b-9686-b48d4f9712ca,Student,None,0
aa3923e7-d8e5-4f27-a870-02c6eec631b9,Professional,10% Cashback,1
a5a47b3a-eba9-4747-af24-d316a800d1d0,Student,None,0
483ff63d-7efb-4af3-98da-5c2341479d1d,Professional,None,0
69f35586-b08f-48f6-96ad-5c310e75aa30,Enterprise,None,1
274e5401-ecf7-4ce9-a832-44f5236088b7,Professional,None,1
e3190244-abcb-4202-b3cf-09c0459757cd,Enterprise,10% Cashback,1
4b52ca42-62df-4f92-a260-30a05329c231,Professional,10% Cashback,1
b26546cf-1831-4ae9-a5bd-14e10e665993,Student,None,0
611014eb-12fa-4a8c-a335-19a5275985a9,Student,10% Cashback,0
74277569-c666-47a8-84ee-3f9566c986a9,Professional,None,0
58d69701-c61c-4ec2-bc79-bb966e972378,Student,None,0
2f1a942b-40d1-4164-b23d-0ab8d89705c9,Professional,None,1
1162ccaf-74a0-4e5b-8577-a1374ca1efb3,Student,10% Cashback,1
64fd0928-fb93-4269-bb43-387df27ab45f,Student,None,0
23e734cf-9f1a-48cc-9ef5-94e69d7a49bd,Student,10% Cashback,0
3c79dfd2-375b-48d7-accb-50460d60eee2,Student,None,0
bb17016d-5e3f-4055-9a89-f14149b6c8d7,Professional,10% Cashback,1
301e4c44-e148-4296-997c-e8f4edbd5b1e,Professional,10% Cashback,0
db504d08-8542-429f-88ca-fba03a32a243,Enterprise,None,1
fb5824b8-0c87-40c7-9e9b-ea3fd50b9123,Professional,None,0
848a560c-3cf8-4550-81de-4fbd45ba387c,Professional,None,1
10b9ae19-c523-4477-8cf2-ae7c5140618f,Student,None,0
d10e56f5-ba29-454d-8851-4eef9acbc511,Professional,None,1
ca09e3fa-5857-4805-a5e0-895039e56822,Professional,None,1
1efd0e3e-d76e-4853-93cb-6bd4ce2a1a63,Student,10% Cashback,0
0887a25f-9c76-44a7-9881-13cdc072854b,Professional,10% Cashback,0
14e33d67-0cbb-4820-bdda-e12cfdea8eee,Student,10% Cashback,0
2bbc2802-7f96-4e85-9c9a-4cfeb45d9318,Professional,10% Cashback,1
9f48ef45-ffde-4eb4-a4a3-d8fa4e30e22b,Professional,None,1
ec455480-881f-4e78-aeec-77ffa00988a7,Professional,10% Cashback,1
48fa27ab-c1c1-4e5a-b554-e7122ffbeaa8,Student,10% Cashback,1
4e773ba1-e4cc-41a0-8a91-6f7f02db317a,Professional,10% Cashback,1
86d04ae2-aa5f-4dd1-a49a-c6a987e48c8c,Professional,None,0
1324513d-4ea7-4041-a59c-4ac4e4b44399,Professional,None,1
226ac6ca-5cd2-4f6c-bef4-7b11925926f2,Student,10% Cashback,1
b21de914-2a2f-42d5-a369-8398224ffa27,Student,None,0
bd83c4a6-464c-48e1-b95b-129c7e07d872,Professional,None,1
35936b72-3306-4354-bce7-7e225e0d93f0,Professional,None,1
b4ba61e7-14d9-4088-ac23-c6f2419d9f21,Professional,10% Cashback,0
b1c32f88-7ae3-4a8b-974e-626abdf362ad,Professional,None,1
6457fb9f-20b0-4760-a8d5-e0661826699a,Enterprise,10% Cashback,1
1cc2b63b-9612-4990-8372-5877836d6997,Student,None,0
d398b4fc-9dd8-4ebf-bf66-d7e28d118432,Student,None,0
5146efca-604f-4f76-be85-ea605dccea70,Professional,10% Cashback,1
6df093ef-5c17-4f7d-98c7-5511191d94cf,Professional,None,1
78bf6277-b07b-4537-8ed6-ed47a38c053a,Enterprise,None,1
5b59d4af-7810-4916-b05e-5854994aac3f,Student,10% Cashback,0
12b02800-c6a3-4053-be39-886db904aa19,Professional,None,1
2fe276ad-7aca-40f5-ac6c-09aa903ad0ef,Professional,10% Cashback,1
521b6359-7b2d-47cd-b30f-2f81b9606840,Student,None,0
6ed5e0e9-e28f-4457-bf86-31933607e81c,Enterprise,10% Cashback,1
07fc7c81-c92c-4336-b7e1-30cd1ad59c57,Student,10% Cashback,0
5e083601-23ee-4ae6-900f-6a29215bf3de,Professional,None,0
9af22e35-18eb-4d7f-9e1a-da7bb1b58cb5,Professional,10% Cashback,1
36016646-3003-4568-b2ca-4506187c5246,Professional,None,0
ea1830f2-729e-4cf4-b880-1f0cb81358c1,Professional,None,1
e899bf5a-8e89-405e-aef5-fc308f4314dc,Professional,10% Cashback,0
92a5cfe3-b98e-4051-995e-3ec03b6a52bf,Student,None,1
f17a69bb-1073-4f67-adbb-6054572ad2cd,Professional,None,1
41800682-408c-4be9-ae07-db8e6e958f36,Professional,10% Cashback,0
6de3c6da-65ac-4413-ac9f-70f08119950c,Professional,10% Cashback,1
323d277e-7b84-41b2-9bf6-e6a174baec1e,Professional,10% Cashback,1
b43fd9b3-c48c-437a-9adc-5ba14e53004b,Student,None,0
7dff7645-9a89-4a04-936d-982f072682cd,Enterprise,None,1
bcfedd89-f736-49c5-ac1a-88dd38a15f85,Professional,None,0
f687edc3-bb9c-475b-bead-8122b1c76d39,Student,None,0
5288d220-bdd9-4fbf-adad-c57a88ed9668,Student,10% Cashback,0
499b7fda-d0af-4142-8acd-8114add64998,Professional,10% Cashback,1
921130e0-ec15-4781-b805-4326ec7be68a,Professional,10% Cashback,1
4e08956a-c2ff-4f86-88ca-781d1418188b,Student,None,1
d6ae5e24-fc7a-4d00-9c1d-0df721b887b4,Student,None,0
dd5a5087-af36-4827-bf59-89eebcc1edbc,Student,None,0
c1602437-4152-4793-a0d8-75d0f367c5ba,Professional,None,1
9b3f6ce4-71ae-44fd-897e-2c7c0542430f,Professional,10% Cashback,1
11943872-ef98-474e-9a94-912acdce4745,Professional,10% Cashback,0
be580f40-45e9-4611-82e9-fb45503fd50a,Enterprise,10% Cashback,0
44082324-3274-4384-b7d5-9e0835b725fa,Professional,10% Cashback,1
8240393a-fa2b-4434-8f67-7cee58f721fe,Professional,10% Cashback,1
4e4a72a6-bccc-46cd-aba0-0e1651fe5d92,Student,None,0
c5c400e3-5474-47a4-9306-d6e410ce3050,Student,10% Cashback,0
9024755b-cc95-483d-b46a-348a590c08a4,Professional,None,0
f8037120-f268-4a09-8eb1-5c60f60dae50,Enterprise,None,1
4866dee5-856d-4d48-a8e3-9aa20a639fce,Professional,10% Cashback,0
5b103bf4-1878-4937-8e18-f92321154e16,Professional,None,0
849bb9fb-8238-4800-90e8-c5dfb768539f,Student,10% Cashback,1
303a54ca-e77c-4548-a923-1ced94e2f702,Student,10% Cashback,1
094b0d7a-a03a-4c74-bebc-c683fcdb3040,Professional,10% Cashback,1
be607c68-4cba-478d-af48-515ee8e70be8,Professional,10% Cashback,1
5d558c63-b5f5-4403-8306-c5d57e17c392,Professional,None,0
300e776a-3a73-4d5e-b2f1-3bd99357bd72,Student,None,0
8a3e6f34-59a1-46f1-9b0f-4bc7ad1ec72c,Professional,None,0
ec94374c-bcfb-4a82-8e3d-d8ec255cdfca,Enterprise,10% Cashback,1
d89d3c62-e23d-4fc5-bde9-61d02b04585e,Professional,None,1
06ae2b43-4cf0-4840-a461-15ce9bc5762f,Student,None,0
ee3bb0ab-a293-4f6f-845f-3417dcf1b39d,Professional,None,1
02afab06-bec9-488b-851e-4d3f188353f6,Enterprise,10% Cashback,1
a350afbf-928e-4a72-881b-edb4a931d3ee,Professional,10% Cashback,1
7061c2f5-c752-463d-a15d-2bf4e4fb3485,Student,None,0
630c8c8a-310c-4ea7-8a54-7b116b77db8e,Student,10% Cashback,1
2d7b21eb-3341-4564-95a2-d3de29374b3a,Student,None,0
455f163f-4eb2-4edf-8e24-11acee7f3c1f,Student,None,0
fc4d2598-f505-483c-8872-f8a0e8764d60,Professional,10% Cashback,0
06cc3a08-5799-41f3-812c-1376fc2679bb,Professional,None,1
a0f839ec-009e-46fa-80cd-f609df6c5caf,Professional,None,0
8a5b3a39-985f-4ee0-98b6-e683b967854e,Professional,10% Cashback,0
0fc02695-94f8-4c46-94ad-133aea71e8e7,Student,10% Cashback,1
6dac698b-97f2-4993-adec-a8aa72496f3c,Professional,None,0
985810c1-c765-463e-8e8e-e00ae963aa60,Professional,10% Cashback,0
e46c3e68-2a3f-4402-b201-8bb2288175a8,Professional,10% Cashback,0
ce62388b-e2b7-4cf0-9187-15efe2128dce,Professional,None,0
7e52538b-2e3c-4496-a732-a567cb7bf1d3,Student,None,1
5b9aa37a-3150-4a97-88dd-85f9badc7288,Professional,None,1
ee3fb202-1d37-461a-8c19-f0cec5ddd3da,Student,None,0
c8e5e78b-2e80-4cde-9a0e-86da1a5bd313,Student,None,0
1dd1422a-881d-4d62-99fd-53cd03c0e63e,Professional,None,0
2fb9021e-4cf3-4942-8b28-bef9404d949b,Professional,None,0
90a94cbe-37ce-40fb-aaae-0ed7e51512b8,Student,None,0
ed570720-048e-4a26-bd8c-f6a0cedd0a7c,Enterprise,10% Cashback,1
d34f4995-c06d-4e79-8339-0162aa3c66b3,Student,None,0
88ab27c4-e884-46cb-ac56-03d08a4e71b6,Student,10% Cashback,1
60550882-b145-44a0-b829-a4fb1da8cb50,Professional,None,1
65b34bf7-3853-459a-afe3-fff4cc3d036b,Professional,None,1
d62507f3-a2a8-4b81-bc6f-8de87ffd0925,Enterprise,10% Cashback,1
7e9ffa3a-565d-4dc3-8b37-0693a8e4e686,Professional,10% Cashback,1
6eb86155-fd3b-4de7-8de4-1e8e05d4fc34,Professional,10% Cashback,1
27e3c51c-1b7a-4482-9550-ecd23ad9eae6,Professional,None,0
c122836e-088b-4e29-b657-d07c0e7103f3,Student,None,0
4cb2f0b0-11f3-443c-900d-37213a94ea04,Professional,None,1
25f2483f-46f8-45d4-b484-15ec87e04668,Enterprise,10% Cashback,1
a595b635-559a-4f8e-8532-4173e94fffe7,Professional,None,1
65fbfc3a-8a68-4d69-a105-68498b833d2d,Professional,None,1
1d495fd1-dd7f-4e87-ab1c-20d2941bcd0b,Enterprise,None,1
69c27f72-b14e-4aba-a0f2-cbb91099fbb4,Student,10% Cashback,1
dfeaffc4-f5df-4916-b30a-d38e5a0d9851,Professional,None,0
6ec49ee4-4314-46bc-ac26-82efa6634eab,Professional,10% Cashback,1
a7d68b66-6bf9-491a-a198-020bdce82379,Professional,None,1
26029b64-2eaf-4c4e-ac15-9f382ef7a492,Student,None,0
f5760607-093a-4734-9133-f9d1a406676e,Professional,10% Cashback,0
bc94cff5-04ff-4a18-b749-507f9bf5afaa,Professional,10% Cashback,1
a9d48dee-6493-4291-8bbf-3917449cfcf2,Student,None,0
333cce14-23f7-4433-ba38-7fc117339891,Enterprise,None,1
16a80582-9ae3-4806-8f2e-5db3d9041a3f,Enterprise,10% Cashback,0
2ec33403-2596-45cc-bb9f-05b93664102f,Professional,10% Cashback,1
06010354-2b12-40c6-be27-77aa13cfe3f6,Professional,10% Cashback,1
975f7bb8-f1ff-445b-a677-b3158d4bb4e7,Professional,10% Cashback,0
214e3fa7-16b8-4bae-88d3-2a95a15b2b6b,Student,None,0
7b8f2a0f-fbb4-4fc2-8f32-3eca830fadde,Student,None,0
f746a09d-72dd-483f-bdba-7b6b4d0969fb,Student,None,0
281f327a-e4e8-49c0-9356-87b8f3cf83d9,Professional,10% Cashback,0
464eb05a-cd3f-418d-9dca-d708e4847eba,Professional,None,1
c9fc9fc4-59bc-42f3-a807-2103efe294f9,Student,None,0
2a60ca8c-a7f8-4132-af18-b92577308955,Professional,None,1
853359ca-cf83-42c1-8584-7f32cc08c0a1,Professional,10% Cashback,0
d2168bc0-2bcf-4952-9b5e-31bbb244d2fc,Professional,10% Cashback,1
1c876d61-c42a-47ba-ad41-0b5e2a7d5d4d,Student,10% Cashback,0
b1993fdc-a7ef-4f98-ac17-d6b7fec83211,Professional,None,1
15da4c1d-7aaa-49a5-aecf-4a3e942a5f06,Professional,None,0
35a6aaca-365d-453d-b8ad-f0ca22d30386,Professional,None,0
2cc673d7-bbcb-4e55-a440-a31b54e77051,Student,None,0
9d26ed52-bb43-4fa4-9726-73d7c0ee72bc,Professional,10% Cashback,1
6d6b3cc6-9708-47c9-a8d1-5ff748e19b14,Professional,None,0
0f6609b2-5acb-43c4-a4a3-c0d42f69d8e9,Student,10% Cashback,0
71166770-a3b6-42bd-a25f-b0965c056cc2,Student,10% Cashback,0
0eba0165-12da-40f0-a7df-4952079d7f89,Enterprise,None,0
e887ff2e-b487-41fb-aa30-480a155366ad,Professional,None,0
202b471f-fb67-4200-bece-8d2febbb43ec,Student,None,0
181ff650-6798-4233-8000-5a8d833f8fd1,Professional,10% Cashback,0
904f08a7-37cd-41ca-8abc-9edd08bd5028,Professional,10% Cashback,1
ab6de1cc-6f4e-4153-a175-a1880d486824,Student,None,0
962d7bed-e4c7-4c85-8463-46a1ac5804c8,Student,None,0
3da87ed1-7289-48b0-ac8e-34d42528c991,Student,None,0
cc0c6a4c-c940-46a0-9bf8-351fafbaebec,Professional,10% Cashback,1
9399e3bc-2984-403a-9865-1e604cb98af3,Student,None,0
6259fc61-c5bf-48d7-9e02-8d1d6b109e1e,Student,10% Cashback,0
4847eb16-1885-4a42-907a-19b0949a4872,Professional,None,0
f176ea95-81c9-4e11-8aaa-6874676e3df1,Professional,10% Cashback,1
bdc94486-f757-4231-a7e6-00b34db38932,Student,10% Cashback,0
3e3ca83f-769a-4a41-951c-c69a7825dc04,Professional,10% Cashback,1
1e8e0e56-18c4-4daa-84a1-6eb8a0353553,Student,10% Cashback,0
ff8d1744-5c49-44d2-b5b9-bc5253a14bfc,Professional,10% Cashback,0
84b3b588-77b5-42ff-9553-7d6483ebacd4,Student,10% Cashback,0
a4dae308-c302-4494-9b19-9426c83f3363,Professional,None,0
862bb8fa-7752-4e14-8d76-44ce8152fd5b,Enterprise,None,1
240f4ba6-160d-4778-849c-3ee940888cfe,Student,None,0
87ad3ed6-c1bc-4cce-a0f1-d5d00174af57,Student,None,0
62a674cd-b349-472e-a35f-68862f3331db,Professional,10% Cashback,1
267cb5c4-4d48-489e-990e-9e1cfd5626eb,Professional,10% Cashback,1
8e18e102-2503-4780-b58e-460625dbb781,Professional,None,1
7a5b5186-cd7d-4633-88fa-91dd7bf2ae0a,Professional,10% Cashback,1
5bea0d8b-d3d7-404c-9535-ed84c9a2029b,Professional,None,1
83ea96e1-edc6-40db-b0ab-0458145ff84c,Student,10% Cashback,0
1f1f142b-7238-4f6e-b445-49cf99d684c4,Professional,10% Cashback,1
5af2aebb-6d31-4284-803a-fecfe9acbc96,Professional,10% Cashback,1
2f6b647e-7e7a-44d0-99f6-050e426cefee,Student,None,0
76ea1b40-f814-4da7-99f1-7dc116a6b81c,Professional,None,1
2c9d8f0b-b9a9-46c2-87a5-0a1831b23124,Student,None,0
409d832e-8001-4cfa-94d3-560fcfdcc8de,Student,10% Cashback,0
4c02fd51-fc28-4ba5-925f-9ed6e2d6b67d,Enterprise,None,1
935d0380-3afe-4cbf-b6bc-ff9096fb2531,Professional,10% Cashback,1
922185f6-95fb-4b84-a6f4-eca2daf06214,Student,10% Cashback,0
1256a0cb-2212-4b80-98f6-6c1dc47e453e,Student,10% Cashback,0
1327f1ad-cff5-4359-a7ee-5be3663bff01,Professional,10% Cashback,1
e71f2bfb-d813-4d4e-a85a-dfd92a6dfd28,Student,None,0
ac82b8e6-eb4f-4c60-80ad-b42a97143832,Professional,10% Cashback,1
43a4c744-b646-4d5a-9a2a-62f7dfd7fcf0,Professional,10% Cashback,1
34c4263d-f439-4382-86f2-13e06fd355eb,Student,None,0
fbff8f34-33c1-4147-8eb1-ae99f9b5a766,Professional,None,1
22359c31-b91d-4547-8555-3281a874674b,Student,10% Cashback,0
23ae80be-960a-48e3-beb8-fb97510493c2,Student,10% Cashback,0
d0386fd4-7b95-4764-87b9-a9c0c28cfda1,Student,None,0
dafb2fc6-1dc5-4ef4-a7cb-5cc8783a5d76,Professional,None,0
2ff2f93e-5279-494a-814f-064669074969,Student,10% Cashback,0
a4084ce1-e410-4cd2-90fb-e6a27ef87988,Professional,10% Cashback,0
ee0a97ae-bbeb-447b-b7d0-089c4c7c79b5,Professional,None,0
5c371514-3e13-412e-90a1-1a9214e012ec,Student,10% Cashback,0
cb5d192b-f287-4921-89c2-34b66fb0e383,Professional,10% Cashback,0
ebbdd420-568c-4ece-ade2-6975e225b745,Professional,10% Cashback,1
e513462c-ce8d-429f-869c-0ffa10db10e6,Professional,10% Cashback,1
9476f98a-6073-4102-bd4c-0fded0a94e25,Student,10% Cashback,0
77b8a6d4-4bc8-4e38-a10f-b689958c6390,Student,None,0
c8933c8f-ac2d-4549-ad3c-f9223e7f2261,Professional,None,1
dbf9bf4b-7755-43af-95e7-3d4b8fb1ddd3,Enterprise,10% Cashback,1
75a892c2-9dbb-4e06-8bfc-fb9509aa444e,Professional,10% Cashback,0
6e945fa9-42dc-467c-89db-687763f5f3f3,Professional,10% Cashback,0
e780a371-b585-40fc-9b97-8d774d60011e,Student,None,0
8958ee1d-9051-46fc-a099-f72a58bb7e8c,Professional,None,1
4f0fc291-de91-4b00-a712-0cc58330ae4f,Student,None,0
2875669f-9fea-41d0-b491-bb7d79e500f7,Professional,None,1
6da8afd7-2304-47c7-9923-5f7221b22da2,Student,None,0
f126a305-9322-4fd0-8156-808baa867622,Professional,None,1
647f852f-695c-4a63-a266-d584189028c4,Student,10% Cashback,1
ce6ef87d-3e64-4b55-8750-74926847da34,Student,None,0
5c8fb4d8-ade3-4646-a89b-7b199f9ccffa,Student,None,0
5a5fc9ba-5b93-4e80-a34f-fe8a97c22208,Student,10% Cashback,0
ae6a52b2-8098-4556-8e2b-0fa1f0835e69,Professional,None,1
214a84bb-2221-479b-9fe4-df2033c5eb3b,Student,None,1
5f4d87f6-3654-45eb-b3e5-a2e03227c013,Professional,10% Cashback,0
e3a5cf18-0eb4-40f1-bc3d-c15d54efeb5a,Professional,10% Cashback,1
014f2f50-2d55-47c4-a928-3728408b2422,Student,10% Cashback,0
1ca6d35b-8017-4b31-ac2e-6f29641b0a2d,Student,None,1
59c27b98-98eb-4d94-8fdf-74a2d277248f,Professional,None,1
39db5d8b-420a-4915-bb0d-113562734aa3,Student,10% Cashback,0
b8c4d3b0-dc28-48b1-8a6c-e6509d56987c,Professional,None,1
6f3dc71a-2f24-41af-af30-d5dc40e136da,Student,None,0
f27353a3-5f83-44ea-b090-2fe4f40badd0,Professional,None,1
97699408-4100-4185-a1e2-3b832a486dd4,Professional,None,0
5afd61ee-284c-4897-aa38-3c396165b5f0,Professional,10% Cashback,0
8a056f45-c484-4c26-bc77-aed122548651,Student,10% Cashback,1
bd960364-b4e1-4c66-bcd7-567ae7028204,Student,10% Cashback,1
151f24ba-09b9-4ab9-978d-a165825c9f9c,Professional,None,1
cbeb7e5b-3ea8-40a0-aaf5-88fa142a9bc3,Student,None,0
74ee1205-07ed-4c09-90d9-6b15566aadeb,Professional,10% Cashback,0
8e1b898e-8e8e-4eeb-a357-cee9f821d345,Student,None,1
b3abdd54-aca7-4cfc-93c9-358a5c4d9844,Student,10% Cashback,1
e2283810-c145-4db0-b58e-0489089b28ce,Student,10% Cashback,1
901dc319-f8e3-4783-829e-969ae7a08c5e,Professional,None,1
47375d44-51a6-418c-9650-c3f89f106a1c,Professional,10% Cashback,1
da733869-1a2d-4794-aa47-86fd62412b52,Student,None,0
14d7f2a7-e444-4df7-8b45-82a98a139c0e,Student,None,0
4607e08a-dce9-4829-9a90-50927d824e8a,Professional,10% Cashback,0
a38e9679-7341-40e5-b98f-8f0270737410,Student,None,0
3a98a9fd-e564-4ec0-93c8-41e01b604b8b,Professional,10% Cashback,0
8c3f3b9f-37c9-4cc0-9397-8b41df5ab95f,Professional,None,0
523fb6c2-aa34-4195-9001-6d10b40c25c9,Student,None,0
23be6f3d-afd7-4b9c-a98f-21fd51bf3eae,Professional,None,1
46f5b550-bc5c-4323-a1b3-0afa84b39466,Professional,None,1
ad7b8e34-0610-411f-a5b4-829cdeaf074f,Professional,None,0
9fb18969-a649-4bff-b60e-d4cd09b9dcd6,Student,None,0
38ed198d-4905-4aa5-9b42-d5bf8888e46a,Professional,10% Cashback,0
b643f43e-4123-4e19-b5c9-acbb8fc78357,Professional,None,0
96a4ee7e-5682-431e-bb25-414baa1e710c,Student,10% Cashback,1
db997f28-5a3f-492f-a7a9-e1dcc8ea5768,Enterprise,None,1
4af8b3f1-8ef2-4308-bc81-3e2c8fb13fdb,Student,None,0
19c469bb-33d6-4d17-9d56-20180bbfaaf8,Professional,None,0
f9ab5065-a38b-4888-9903-94e6c7c3155b,Professional,None,1
e6b5f8a1-965e-45da-ba24-a486885d5737,Professional,10% Cashback,1
54cb9f3e-e4e0-4cad-b99f-40cd076c92b3,Professional,None,1
1aeb41a4-09a6-42cd-b661-dbe0c4380824,Professional,10% Cashback,0
2ac583d7-b393-42b9-82ee-b6d1c389d8be,Professional,None,1
0a5177ab-ad2b-40ef-b592-a793ca9d7d8c,Professional,10% Cashback,1
4533fc43-14b6-4ced-84ae-af29ef6f2a95,Enterprise,10% Cashback,1
b2f0ae87-e347-4ed6-8484-7e4ccfcff69f,Enterprise,None,1
e2c14fc1-3bd2-4bc0-ada6-0c3e91b5bf4a,Student,10% Cashback,0
a056a88a-a292-465e-9bdb-38f175f8c3c0,Enterprise,10% Cashback,1
8b5299a8-adf7-456b-b53f-af62c10eeee0,Student,None,0
7a520c4d-0bf8-4618-bdfe-ce3388c6c329,Enterprise,10% Cashback,1
3457f1fa-de31-45f7-9dc3-48e14276aead,Student,10% Cashback,0
3026ad5d-6313-43fe-9904-2514a7c49d8d,Professional,None,1
317671cb-90e2-467d-8da5-cffa77b09f4c,Professional,10% Cashback,0
faec6aff-9d65-485a-9d87-241f5e887d8d,Student,None,0
a054a08a-58b9-4369-947b-569367eecafa,Professional,10% Cashback,0
05b26351-5717-46f8-9e8f-f870990def0e,Professional,10% Cashback,0
6d0f6ea3-80fa-4d27-9bb4-abc11fee610c,Professional,None,1
01fc0fa9-d639-47f1-a01b-3a9c2f26c8c5,Professional,10% Cashback,0
6a58cbc4-9998-4e1f-97c8-202cc6204ba5,Professional,None,1
0284197e-250d-452e-91ca-e9ceb9256db4,Student,10% Cashback,0
5833e4eb-90b4-4213-a293-aab516174644,Professional,10% Cashback,1
ba6a0141-245b-4821-8d6b-1785036f5a84,Professional,None,1
ed7f2d91-3317-4a11-ac12-1ad6ceb7c3a3,Enterprise,None,0
5927943d-1eab-48e5-8802-d6ed5c82d4b9,Professional,None,0
e6814091-7b1f-4db8-8337-4917f1a3b0f9,Student,None,0
f4708448-88e2-4b7a-91d3-d0c8cdf8d27f,Student,10% Cashback,1
4fe90642-a36b-4c70-b197-71310bd7108b,Student,None,0
ee209a98-b86e-48b0-a1f7-5babc63880da,Professional,None,0
3fdfae4f-0d52-4c0b-84a3-bc3dc30a6a04,Student,10% Cashback,0
2ee160aa-d92b-4a9c-bb95-4d227a858110,Professional,None,0
bb491051-05b1-487e-9dda-b913dea3c408,Student,None,0
4eea4dba-b3da-4353-8547-04b80898f1fa,Enterprise,10% Cashback,1
c2534492-3d61-4b9c-8546-c43adace7b48,Student,None,0
41fe059a-02b1-451a-b9ec-7f2d08a687a6,Enterprise,10% Cashback,1
8195c0ff-8495-4264-88b3-180089ac5e65,Student,None,0
36568e81-d358-4593-8585-02fb4a689dcc,Student,None,0
51912ebf-f0d2-421c-a455-28866f15828c,Professional,None,1
e8136c09-a64b-4d6b-b411-fdb9146c631a,Student,None,0
39a55a43-2d7f-462b-b745-fed4b989714e,Student,None,0
701faa90-fb98-4edc-a253-28869be3cbf5,Professional,None,0
4fc03103-0591-434c-967e-ac80e7f791d5,Professional,10% Cashback,0
9a2d254c-d74c-4677-bda4-df30daa1b673,Professional,None,1
98f500ad-4bae-416c-a922-573a568ea128,Student,10% Cashback,0
82b287cf-30f7-49b8-a43a-b26d472fe327,Professional,10% Cashback,0
130d4f17-e598-4ee8-8d91-c5a774fe6106,Professional,10% Cashback,0
7a8c8be0-94e3-4502-85f4-bf6aace8a2ee,Student,None,0
a75941cf-c3ac-4fbe-aaa2-4e37353e192f,Professional,None,1
5c05c38e-d32a-48fc-9a08-7d84ea8dbfc4,Professional,None,1
060950e7-b60c-4d97-8d86-ac39dddefe0a,Professional,None,1
db6a2910-f3c2-49f0-a11c-8183159c06ff,Professional,None,1
4748f740-7017-4c90-8811-32a20e855be3,Student,10% Cashback,0
4e5a3d16-a98d-4bb1-98e8-b288ead0b828,Professional,None,0
b20755c3-cf1f-4308-89a8-939d44a63197,Enterprise,None,1
f6cdf57f-3457-41db-96c1-2fcd9f6cbf3a,Student,10% Cashback,0
db6add5c-c584-4823-bd47-af1bf8b0bd1a,Student,None,0
3bf72500-6346-4bb2-af17-ef4037d96a8c,Professional,10% Cashback,1
8d288e5c-24d3-440c-b99c-83817cd3e2ab,Enterprise,None,0
d287012d-b60d-4936-abbb-25c41337b696,Professional,None,0
630344fc-52ac-4b27-9f16-83e56d1b693e,Professional,None,0
876fc741-a067-4475-b352-acf0ab315725,Student,10% Cashback,0
1b227da3-da1e-4c67-aecc-e9ce7ecd35db,Student,10% Cashback,0
1a91f3d3-729f-469a-99cc-83c19980bdd9,Professional,10% Cashback,1
61223226-8760-4ff2-bf2f-34fe8f9dff45,Professional,10% Cashback,0
e136e1a8-854b-412e-8189-625cceb848e1,Professional,10% Cashback,0
4c02975e-5f77-41fb-ba47-284103778891,Student,10% Cashback,0
666ef5e5-02f9-47c9-88e4-763c9e597d68,Student,None,0
62bfae6e-9c1a-4982-b32a-df6338be4c0b,Professional,None,0
2f4c9995-9998-4de0-ba7e-1273ec9a6843,Enterprise,None,1
87b6530c-f96a-4f98-9bbe-0897fc5d3052,Student,10% Cashback,1
0ac6f84a-2a75-468a-8483-9aab0249b6e3,Student,10% Cashback,0
6fb712a1-bbeb-4f26-a8ca-1f5996992e5a,Student,None,0
d69459ec-4a4c-4069-99de-8ecf3a23fd4c,Professional,10% Cashback,1
dc08eaed-3b61-4d21-a080-39a4d9007099,Professional,None,0
a3b5fdd1-123d-4146-8edd-47443e42c08a,Professional,None,1
c35455ef-42a5-452c-8e14-6ef6497ecb2c,Professional,10% Cashback,1
57c491b4-9604-4266-b33d-4f9053c2dc47,Student,None,0
3fd8894f-8278-4f04-bf38-47eddc0d71cd,Professional,10% Cashback,1
3ceca5f3-87de-46f3-8366-c357fab68dbe,Professional,10% Cashback,1
e6b8870c-0baf-4f78-9833-be1e1a2c12ac,Professional,10% Cashback,1
6b15e7f9-78f6-41b6-b691-ec69fa3638ab,Professional,10% Cashback,0
19ced0b6-d223-428a-bc6b-802b2d00e701,Professional,None,0
b850a8b1-8ae9-4053-a05f-8085fa563db0,Professional,None,0
7f3a1962-c0ea-4b9b-9a35-c646bc7b81d3,Professional,None,1
5c068495-7d80-4b10-852c-5727878914b1,Student,None,0
8ece5c7c-2ec1-44f2-a311-4df809db9aa3,Professional,None,0
4d34ec78-0a21-442c-82e3-e6a3c9d8f827,Professional,10% Cashback,1
dace8653-4a6a-488e-a417-84d3fc86f602,Professional,10% Cashback,0
e6656a30-fc9c-40fc-b46d-6eabb7214f71,Enterprise,None,1
b7acbd17-d82b-465e-9cb0-a65423634279,Professional,10% Cashback,1
25bbbf97-00be-4fe8-aa14-5500708a9617,Student,10% Cashback,1
8d0e485b-7993-4210-ab65-4037c0977908,Professional,10% Cashback,1
f8fdfd70-7cc1-449b-818b-d578167f45ba,Professional,None,1
8cc9fd8c-0e5b-452c-b470-4b08220c0a80,Professional,None,1
18413555-da53-4abb-ac79-1337768d8858,Student,None,0
e4e92802-93dd-449d-b45b-3d3328fa7f70,Professional,10% Cashback,1
b7028e3d-bc6d-49ed-afa2-a984e6a5fb74,Professional,10% Cashback,1
b5fac234-b834-43a9-b3da-3d0be8ecf949,Enterprise,None,1
9f11e8d0-4ce2-4a11-9b59-0bc63275df20,Professional,None,1
d88b7377-5edb-436e-80b2-82c9ee7501a9,Student,10% Cashback,0
6d620c41-daab-4cde-94d8-253269b9a134,Professional,None,0
fec86c2c-55cf-4b6d-9323-c6c119c4cb30,Professional,None,1
f2955476-d941-438a-92b9-31f9536e1daa,Enterprise,None,1
4d82a32a-7a22-4669-bede-d26f753fa1f0,Professional,10% Cashback,0
4e5179fe-72d0-4fed-a106-a5e82d719c56,Professional,10% Cashback,1
1fec3a8b-941b-4317-92ce-6054a414e1ae,Professional,10% Cashback,1
f7e5ab39-4f11-4440-b1a8-f4382175ab4d,Professional,None,1
e6d8b8a6-ba06-418e-9912-586629f61121,Enterprise,10% Cashback,1
6d5e8607-b1c3-4df7-bc90-bd695da88859,Professional,None,1
4ae4aa46-77a3-4553-9a81-75eb8934cff3,Professional,None,1
0cf65173-38ac-4a77-874d-e904959d45bd,Student,None,0
17438e6c-dff6-456b-ab07-de55723ee6cc,Student,10% Cashback,0
17c53aea-6c7a-47aa-8abc-c678bceadab5,Student,None,0
6e7c3842-ca1c-4c71-8b4b-9efed8dbb5d8,Professional,None,1
99fac4fa-6c18-46e7-8e5b-0138a28cf260,Professional,10% Cashback,1
1b92e0c0-4ae2-4cb0-8879-45bf38e52d35,Professional,None,1
2783ceda-de65-40cd-a119-8e49ba55e6a1,Student,10% Cashback,1
5a2270e9-e43f-47c0-813b-084b9398dd6e,Professional,10% Cashback,1
19fe6740-b857-4cb1-a459-b36989768974,Professional,None,1
42c44907-5c41-4df0-9f19-0a9b2e1dd74e,Professional,10% Cashback,0
ae5c5fe5-23a1-4773-a598-c6135d87af4d,Professional,None,1
aa17844a-95a6-47e1-9662-1d2bb0004ba8,Student,None,0
2c656d10-cf08-49fc-8b5a-76a34207ee9e,Professional,10% Cashback,1
f656adc1-b119-4049-abf2-87a97c0652b2,Professional,None,1
b97db7cf-80e7-493b-bcde-59e4968618a4,Professional,None,1
866fc494-3485-45b3-87d6-0bfe7ea69b74,Professional,10% Cashback,1
29a5f626-89d2-4209-ab9d-b94c4fe4bc1f,Professional,10% Cashback,1
e6b79e7d-75fe-4132-a589-29f75331f921,Professional,None,1
488b1f5a-f5a2-48ca-a7ac-e8d858940441,Professional,10% Cashback,0
15fa3427-8c76-4871-869e-cbee26628034,Enterprise,10% Cashback,1
d6732154-ef46-40ac-9dd3-2cec2638e0f2,Professional,None,1
1e7c9abc-208f-45af-b4a3-cbfc302f96ea,Enterprise,10% Cashback,1
8d0f948f-257b-4857-a860-eaa0d02f12db,Enterprise,None,1
82e7b18c-8e07-4321-aea3-3920d71ec026,Student,None,0
62adef79-8360-41d3-a18f-bc63105afc92,Student,None,0
10659ed0-1049-4a85-b72a-a729aac41c44,Professional,None,0
6413c850-3413-4f55-9cd9-b5beae86216c,Professional,None,1
e1c93486-fc1d-484f-b1de-cb06cd63e2d3,Professional,10% Cashback,1
36547d03-e24d-4f6e-944e-66995097d5f7,Student,10% Cashback,1
074c77fd-e389-421d-a1b4-e38f640bee70,Student,None,0
27742f60-c822-4da0-a922-2512a7d8ce22,Professional,None,1
abd30168-0512-4ff4-b0b3-7e52d95da5d2,Professional,10% Cashback,0
0175607c-76a6-4034-8b93-f537dd163561,Enterprise,None,1
252b97eb-cdb0-4120-950e-13c81c87f489,Professional,10% Cashback,0
830a4b50-0b84-4db3-b3d0-75eba2ec6767,Professional,10% Cashback,1
80ce78b2-2087-4348-9282-3f9ac47c8964,Professional,None,1
2b6408e0-f4ed-4af0-aa25-95b7d36b9515,Professional,10% Cashback,1
7446dc53-6be7-4d97-a2c2-43d0acad0d01,Professional,10% Cashback,1
f4f21e96-e2e5-4d65-b0b4-bca2f4e57f62,Student,10% Cashback,0
c1f4b7fc-a0e4-475c-a06d-f7e8c218c782,Professional,None,1
70988ae9-9ee9-4ab0-8107-7d5779991229,Student,10% Cashback,1
05f72b9d-93b5-4adb-adef-4ace94cde631,Student,10% Cashback,0
dbdfc643-fd1c-49f5-aca7-c0a49c9b1449,Professional,None,1
cf3fa7fc-4451-40d6-99b2-8dd6a5df32ac,Professional,None,1
73f65523-7ff3-4891-af70-4a399cfa42f1,Student,None,0
93fbdc76-ac96-400e-9d20-82b7af079d11,Student,None,0
1628a0af-e562-40b0-bceb-69356de1a8c6,Student,None,0
2e313ff4-9fbe-4d9e-bb1b-7056e8200bde,Enterprise,None,1
df92c295-39ba-4703-bcf5-16371b570ec3,Professional,None,0
93e889b0-8f82-4e40-a0f2-a281d4ef3959,Student,10% Cashback,1
b68e3a73-4fc9-4610-8b93-f35ec4ca8459,Professional,None,1
4d119741-6bc4-4fde-b10b-593fcba3841d,Student,None,0
1a94a5b1-fdb5-49a7-9e3d-d820abd1ea6a,Professional,None,0
b685d5ed-c1b9-4f05-89da-48368503b62b,Professional,10% Cashback,1
f4cca843-cd36-422a-89c2-a7340d5e8a41,Professional,None,1
d8255273-faed-4d6c-a919-2c68200cbb30,Enterprise,None,0
611b0d4c-73d3-405f-8a59-199d3f2abf2e,Professional,None,1
03236ae8-54ab-496e-b406-7132582070df,Professional,10% Cashback,1
71c741d1-ec21-47ac-abbf-6e174a88ac15,Enterprise,None,1
c95f3420-d83d-4fc8-81dc-173c1a768608,Professional,None,0
4e5b087e-2d0a-4df6-97c1-a64cb110f21c,Student,10% Cashback,1
fa416197-024d-4a45-8644-e1e5304f6e2d,Professional,None,0
e4144db1-6866-44a1-ac2f-5b835a505b4a,Professional,10% Cashback,0
dfff9cf6-5c4a-493d-b132-d583dc03efa4,Enterprise,None,1
87e594d2-7df3-4d7c-a662-10208bb72051,Student,None,0
221aa2e0-754f-41e0-a9c0-8d8bb840f8d3,Student,None,0
8842fc64-f98d-4718-9c10-34c15bc7b7d6,Professional,10% Cashback,0
d8052a6f-66a4-44a6-9503-0df545a141b0,Student,None,0
374f8d2e-1fae-4c83-8d8e-06f84b86aa1c,Student,10% Cashback,1
013288f6-919c-4c06-8253-196c9fb0bd01,Professional,None,1
0444d0eb-0c30-4e76-b41e-76ee2566fa1d,Professional,None,1
53059e00-b97e-48c5-b0e7-5df1a59a91da,Professional,None,0
cee2d2b8-681e-4352-8fad-0395ac57fb99,Professional,None,0
7205ffce-2fe4-40e5-b950-1889b2811b75,Student,10% Cashback,1
ec799df1-d2d3-4e82-933d-2754d0890b93,Professional,None,1
1871ae89-1050-4309-9a96-6863f9d534ba,Professional,None,0
1c1fb5b3-3f9f-4acb-ae4a-cdbe4028bd87,Professional,None,1
839cd900-1b70-4114-9962-7676995602f6,Professional,10% Cashback,0
8f2f3578-9295-4f1d-aa0b-522bc09a85bd,Professional,None,1
e645f03d-c170-4fcf-bf0d-4f640cb86d22,Student,10% Cashback,0
e59d1895-935d-4bf5-a754-24c841582da1,Enterprise,None,1
242b525e-2990-4d4b-9cb7-e3ce019b47de,Student,None,0
9da273a8-8444-4875-a7d7-c95b5e94f6c5,Professional,10% Cashback,0
cc5519e6-a05a-484a-95d6-84c57d4f8a75,Professional,None,1
a6690a96-892e-4215-927b-a0989b010dcb,Professional,10% Cashback,1
c71bcd2f-71c2-49c5-8e18-bd7ccc6ad2d2,Student,10% Cashback,1
b366a58e-af2e-4fa9-bc3e-c816e4b7a7c0,Student,None,0
943dcc64-7c72-4886-b539-a3e630700fea,Student,None,0
1ff10852-ffb6-4d0b-a9b4-f3805acd66e8,Student,None,0
20055504-ba7f-4df1-826b-eec9ff3d6c56,Professional,10% Cashback,1
8af825a3-a6fc-490a-bc2c-c66c4e7038f6,Professional,10% Cashback,1
575558f0-3dce-4c1e-8f4f-d22f8a670e0a,Professional,None,0
ae7c9445-c5ea-4dac-8223-2a397e16148f,Enterprise,10% Cashback,1
7398a4aa-78f6-4968-93b3-ae3b68ac2b5f,Student,None,0
92de5a27-2ee4-4fb1-971f-a848413002ef,Student,10% Cashback,0
17066938-b359-4673-aee7-d4951079bb0d,Student,None,0
3b9b36d4-5d74-4d08-8f13-0584bda86f07,Professional,None,1
e17ba027-72e9-4e8a-ad96-2519b265eafc,Student,10% Cashback,0
757b9260-edf3-4e75-835b-66cab9a4f9fa,Student,None,0
335d08a4-84d5-43d9-b2a4-24d98bbc3b6d,Professional,10% Cashback,0
9cf4bc39-70ed-429f-91c4-ad79de9be798,Professional,10% Cashback,0
bdde6ede-88f8-49c7-bad7-05c4d3b3b72b,Student,None,0
49da43a3-e406-4029-b60a-d6c525fc9a4f,Student,None,1
a3d16b6c-67bc-4b5c-beb8-fd7e1a63a333,Professional,None,1
d9017fac-21da-4457-940b-891628e7b59e,Student,10% Cashback,1
c39874ad-1f52-40e5-806b-1c71e6163a0d,Professional,None,1
6fcde60e-18de-40fa-b39b-7d5b15e12a79,Professional,10% Cashback,1
daacbbd6-d41e-4974-a5ff-825d1a88018c,Professional,10% Cashback,1
79a7a166-ef01-463e-bb09-0d1480b80377,Student,None,0
1edaee2d-351a-44fc-96b6-afd3b30f0d80,Professional,None,0
2f7265b5-f7b4-4cfc-acee-5aabce6c9c73,Professional,10% Cashback,1
c92204c2-b045-4f2d-a457-985cfd451e73,Enterprise,None,1
2b5f59d0-649e-4b82-a998-f490229922b2,Student,None,0
32d3c7c4-f047-42ec-b325-ec011fdac8d8,Student,None,0
2100cb84-3624-46f3-a070-199aea301db9,Student,10% Cashback,0
30755d16-c977-4dba-8a4e-e4dd23272334,Student,None,0
30f974ce-8e8f-492f-bae6-b8d6eacde7f3,Professional,10% Cashback,0
1634aff1-4b03-45d8-872b-8ce281746c21,Professional,10% Cashback,1
434fea46-0a32-45e6-94b4-52e7eaa83643,Enterprise,None,1
114de8b9-16ae-4b2a-b453-aaa46493adc7,Student,None,0
3a68cd9e-3f5c-4633-88e1-f733da30dc7a,Professional,None,0
d3301f63-cf46-4909-9ce6-6d62af1ad655,Professional,10% Cashback,1
d1200709-70b7-4550-a47d-2f3fe54322dc,Student,None,1
83b752fb-43b6-4baa-b1e6-2b62c0ed6e66,Professional,None,1
67b07a6e-8ed6-4fa3-8cae-d5a0f4d8c849,Professional,10% Cashback,1
19c96c51-5924-468b-bcf2-cfe410e023ef,Student,10% Cashback,0
c51da4a6-504f-4c69-a219-0ea7afeffc14,Student,None,0
20704dd4-cbc7-437a-b72f-dc205548a16f,Professional,10% Cashback,1
9c2310d2-b1f4-42eb-b82e-57ddb41ce3dc,Professional,10% Cashback,0
f50757a9-6736-4c5a-8335-f65dbf6c596b,Student,None,0
4696b06c-8c3d-4656-a05d-741c1bf100ee,Professional,10% Cashback,1
6ae6c27c-00b0-471c-a30e-18071944b862,Professional,10% Cashback,0
b03233e8-fd93-4a92-b28b-f411e68b9b34,Professional,10% Cashback,0
eb77237b-783c-46ab-aa8c-a156f3ce30be,Student,None,1
2439d0fa-9c25-4d6d-b9c3-8a47055cae17,Professional,None,0
5227f1a8-6779-47f9-9824-235939a3bb90,Student,10% Cashback,0
f46c8a9a-0c7d-4322-b548-1d7914d3d172,Student,10% Cashback,1
7ced5870-d71b-467d-a479-654955544e56,Enterprise,None,1
fab868c4-8035-4eed-bdc4-27eaf97a52e0,Professional,None,0
0e2e95bc-6874-4b32-ab74-969d736f7021,Student,None,0
e786c906-d0ed-4a30-9430-1379cf5f9c0d,Student,None,0
589c77ef-8252-4e94-8bb6-cc34d6f942c3,Professional,10% Cashback,1
e7d410d8-1e39-49e7-b6b0-ca7ba513dc79,Professional,10% Cashback,1
200653f9-bebd-4a89-9138-20afabafb849,Student,None,0
fcbd1f4d-ed1e-4287-a04f-564149199c51,Professional,None,1
6a813e17-b693-44b4-9e54-0da7447207d0,Professional,None,1
66877a1d-1dff-4a7f-b94e-f032759aae69,Professional,10% Cashback,0
21f9cd4d-bb6b-4e9f-baee-dc903ca16df1,Student,10% Cashback,0
a9b945e5-6416-4be6-9512-dbd714168919,Professional,10% Cashback,1
38c32854-52fa-4fe3-ab27-6ec6298963ee,Professional,None,0
45e44d33-046f-4de0-b9f9-2a73dbc23eab,Student,None,0
f09b4235-882a-426f-8bf8-f2339ceb4a93,Professional,None,1
949280bb-aca4-4585-8915-901f597575d8,Professional,10% Cashback,0
08824a9d-ac55-4285-9ab6-41b897611df7,Professional,None,1
e811be18-6143-49ce-9423-edca4786c381,Professional,None,1
2c2f56da-ce2b-473d-9a77-7cf3412b339d,Student,None,0
649ad518-35e9-4864-924d-ff3329ab2c5e,Professional,10% Cashback,0
c5c48f6e-b8c2-41b8-9272-d118ad8c847b,Student,10% Cashback,1
fb309343-3056-4dd6-864a-1ccdc4fdfba7,Student,10% Cashback,1
3b3409b1-a5f5-4ef8-92d9-3709265ab249,Professional,None,0
9bd8507e-268a-445c-ae03-583aa6f141fd,Student,10% Cashback,1
af7a1348-e345-4eea-b176-0c66023d3f06,Professional,10% Cashback,1
7726de87-1c0a-48a1-b5d7-0f52d467bd91,Professional,None,1
b7b249e1-0309-48f1-a940-1a807176f011,Professional,10% Cashback,1
8c54aa5f-82f2-48ee-8a56-6ad68d14e860,Student,None,0
f97b44ad-d6d6-4ab8-9821-bdf127ea6461,Student,10% Cashback,0
d8ad382f-88da-41f9-ab22-471cfeeeca02,Professional,10% Cashback,1
03ba6878-d534-4813-92cf-ff5ece2f60ab,Professional,10% Cashback,0
d0b55c41-2cf1-4904-b436-2e41f662e18e,Student,10% Cashback,0
948336aa-86df-4ab9-8f46-e892cabf543f,Student,10% Cashback,0
90fc6fa9-7c4b-4aed-9d6c-7d26231f1914,Professional,None,0
4936056f-ed02-4435-9391-674364363ed1,Professional,None,0
fc59af76-2937-44c2-b2f9-2247d37c7668,Student,None,0
87c68567-dd20-49b7-93b9-5f34ea212024,Professional,None,1
4d38b894-4f57-40ac-bee2-c8e7d96e82f6,Enterprise,10% Cashback,1
f7941c8a-fdd4-4ce3-b49e-a0a383b60d5c,Student,10% Cashback,0
7ed05ef1-7034-46b9-bdfc-76d4e5365bf3,Professional,10% Cashback,1
45f8ad03-75bd-494c-aa6c-203a5f0069b7,Enterprise,None,1
10aac359-2eb9-4227-b7c9-4f5e6ec43fdd,Professional,10% Cashback,1
874704b3-eed2-4be6-ad83-5fe9ec12f1cf,Professional,10% Cashback,1
e134c6ed-3f7f-44a5-9cdb-f7952bf4d220,Enterprise,None,1
a84c6ac5-cd70-4e68-8cbf-539f704921f5,Enterprise,10% Cashback,1
ce5bddd5-9660-4c77-b1e1-3d5745930054,Professional,10% Cashback,0
81d96980-6567-4cbb-8926-3ee5a695f146,Professional,None,0
554c2acf-38e5-474f-b182-32baad820456,Enterprise,None,1
6c33705b-c969-4dff-a435-b036c1f8dd84,Professional,None,1
24eb0d9d-c2bf-4316-bbc7-316a6077acdd,Professional,10% Cashback,1
20bba947-5f0d-4894-b45f-d8b3b2c3d48b,Enterprise,None,1
edf7bd57-dc49-4c00-9656-e7646dac7782,Professional,None,1
c29c851c-9133-48a4-9240-f9772e77b091,Student,None,0
2dd75dc2-280f-47d5-bec5-47565eb6c9b5,Professional,10% Cashback,1
51e8d702-5df1-47e9-8cc9-e7be1c200db1,Student,None,0
15613d61-393c-41c8-b161-0be189b20302,Professional,None,1
435fc366-f7b8-42b0-9d92-c0330d81f76b,Student,10% Cashback,1
011f0d9e-fe98-4404-89c2-6da296acbbd1,Professional,10% Cashback,1
3f96f3b2-064e-46cd-82c1-a702152a0ff0,Professional,10% Cashback,1
37c2d214-90a7-4e22-89c1-3cc2ae36a50e,Professional,None,1
d34cd0fd-c63f-4dbc-a214-ac4817997c70,Student,None,1
7238b5dc-07a1-4f70-a2d7-3bc0cf65fbed,Professional,None,1
698def3b-aa1e-41db-94c6-0d54ca745121,Enterprise,10% Cashback,0
1dfb9d78-1ce7-4275-9606-025ff172ad59,Professional,10% Cashback,1
e871a267-50e5-4219-8646-f5b3e80f2009,Professional,10% Cashback,0
51879c49-3b01-4f4c-a6ce-d706a2456c32,Professional,None,1
298b53a8-3858-4629-9729-5efeefec996b,Professional,None,1
cafd8ac5-d0ca-4d1b-a9ff-dacaa7bc758a,Professional,10% Cashback,0
2c858738-1645-4790-9c94-8b3c281d6ea3,Student,None,0
3608c87c-6e1e-4b34-95d2-50c5b36fe147,Professional,None,0
ae43130c-a285-481f-bbad-8ae12dff5f6c,Professional,None,0
867a0dfb-5c13-48f9-9b18-2b6fa16b8170,Student,None,0
c3ed763e-abea-43b3-b3cc-6fb1cd38df0a,Professional,None,0
49ff3c6a-fe98-4a04-a82b-c83f0d7a346a,Student,None,1
79d95fcd-89d8-4ed0-a893-7e21dfe80187,Student,10% Cashback,0
34538476-1567-4c17-a6d5-7b303bb83ed4,Enterprise,10% Cashback,1
70791d28-1985-44d1-ad2d-d082cb5e90b6,Professional,None,1
2381c897-58bd-451e-a92c-376cfe7a980e,Student,None,0
28646664-c457-450b-a01f-0ab9b7f7874e,Enterprise,10% Cashback,1
730e8f56-7db9-45f0-8e19-a7105af4b4c8,Professional,None,1
897bcb9b-3322-4366-a02f-eb7fa3c8f751,Professional,None,1
e28cdc85-838e-4a10-82c9-92502b9ff184,Professional,10% Cashback,1
a3221cf8-050c-4671-816b-3b65795f64d6,Professional,None,1
c29cabac-0aeb-405b-97bb-66b68564e851,Professional,10% Cashback,1
b2ec6935-4d89-4a91-bd09-ba516c856dbb,Student,None,0
a565aaf1-fd85-4d5c-be99-fb392d10685d,Professional,None,1
2475d1db-0be6-428c-bb7f-98fadd035cb6,Student,None,0
32ecc85a-86c5-4fe5-8540-84cc4088929a,Student,None,1
ebba2cf9-ad5f-42e8-9bae-a04469f21b6d,Professional,None,1
557db6f1-8929-45f6-a531-8f839e33b2d7,Professional,10% Cashback,1
e287e038-7534-40ea-a4a6-1ee561441a87,Student,10% Cashback,1
87c9e705-ccab-4758-b4c1-fc76cd48aa35,Professional,10% Cashback,1
7f3e4dd3-8abf-45a1-aaeb-38fb50cfb366,Professional,10% Cashback,0
11836e23-faed-4bfe-99e5-9daffa3dce77,Professional,None,0
e8073d9a-60d3-4904-a295-fb18e604487a,Professional,None,0
198a91f1-04db-43c1-8e7e-9e402b94ca90,Student,None,0
c14f0ce0-f268-4814-88a3-5420dc6e6de0,Student,None,0
dd93195f-20b0-4144-8756-a4cd352c1c90,Student,None,0
dff6e78f-2d4a-42dc-a9c6-6457cbbbffb2,Professional,10% Cashback,1
e39b0a17-c4d6-4ddb-9272-82b7c8130c0e,Enterprise,10% Cashback,1
7fd12e17-f438-4f26-88cb-a4347cd49eb2,Enterprise,None,1
bf526991-b9f7-4e27-af5d-35c40f0e04c7,Professional,10% Cashback,0
19c03631-c9b3-4dde-8b13-3796d2f7b895,Student,10% Cashback,1
71305dbc-b3b4-4bd8-bcd1-89ea878bb1ec,Student,None,0
ae40b7e9-a43d-4d7c-94f3-4480d4bbd689,Professional,None,0
a6899522-26f0-4074-bf45-18103a9a5150,Student,None,0
27f7c5d2-080d-475d-9cf3-7a2f3b351afc,Enterprise,10% Cashback,1
2b25fcc8-5c39-4f79-b92d-1f9616656dfb,Professional,None,1
57d51278-a2bb-46a2-91bc-5f2dd1e62f36,Student,10% Cashback,0
a0cada51-be1b-41fc-b7f2-c90e0b94af1e,Student,None,0
d064f7da-196f-4978-a442-9d3cc03924fa,Professional,10% Cashback,1
b5da8844-7db7-4cea-a395-99f8ea9e65f0,Professional,None,0
e9eaeda8-9ad5-49cf-b08c-4fbb753a2383,Professional,10% Cashback,1
4e7ad055-cbe0-4f73-a593-06779235c156,Student,None,0
f9c91e8f-08e8-4f9e-a009-934bd5d622a9,Student,None,1
adf2c3e5-6f83-444b-89eb-cde4e91de667,Student,10% Cashback,1
6a7825f5-57d3-4622-be1d-b08de9dc67a0,Student,None,1
b5d4afe8-1e40-4445-b088-87588f557d66,Professional,10% Cashback,1
eb236de7-8cb0-41f9-b803-01889fe13d83,Professional,10% Cashback,1
a54fe648-1c42-4947-8cf4-bcbe2d9b17d6,Professional,None,0
ba64e697-41fe-49b6-a145-ac952e5ab81d,Student,10% Cashback,1
f155cdb5-10d2-4c67-8f3c-9ecb3de638b2,Professional,None,1
c21dc4f3-d9c1-4428-9b01-29c92f0cc18d,Professional,None,0
7fab0164-0bf5-42a6-b2eb-2e1765c62598,Professional,10% Cashback,1
861cf6be-32a0-482a-b25f-db851770bc26,Student,None,0
0d9819b1-7e07-4dce-9b29-42f8c79dbdfd,Professional,10% Cashback,1
791b0dbb-933b-44b5-a9eb-0ff99f4a1a6f,Professional,None,1
61f38c48-5f2d-4981-9335-c7582be015de,Professional,None,1
594858e8-d325-4940-8a63-6c7a96167e26,Student,None,0
349139e7-373c-4ba0-a1dd-d7d7d5546d62,Student,None,1
f0e1a96f-81a3-4127-bc26-2e09319f248c,Professional,10% Cashback,1
bd2d2d16-adca-4563-8402-d92e0e27e6a2,Professional,10% Cashback,1
3e716605-f912-4841-bdc5-1cf15e7b8f3a,Student,10% Cashback,0
4767e040-befe-45fd-98c3-a5444104ab53,Student,10% Cashback,0
963bab2a-ced7-41b7-9cbb-206d18361163,Professional,None,1
b7fd9d36-aae7-482c-b23f-6ecbaa445fac,Student,10% Cashback,1
8c8463f4-6f78-44e2-90a0-beec3450bbb1,Professional,10% Cashback,1
93583131-2704-4d64-b4ce-dd1fcab42dd7,Student,None,0
639af4dd-ad1e-449d-bc53-63b7766e3804,Enterprise,None,1
b8fd6bae-8671-4de8-819e-5082667c423a,Professional,10% Cashback,1
eff7bcb4-a3d2-4378-9b0e-ded771d1c362,Professional,None,1
52fb897f-4959-4106-a3b8-4d8facac553b,Professional,10% Cashback,0
a7c17320-d32d-440b-a932-0588fd9babc3,Professional,None,0
17c2f26e-3ce1-4e8f-b8f5-185a5a596192,Professional,None,0
f5ca2244-10fb-47da-a129-d8fe6f507883,Student,None,0
5ce514ad-494f-4caa-bdec-794da940c255,Professional,None,1
19b0fcf8-0225-4e4a-805e-0bcfde185699,Professional,10% Cashback,0
bc5ad866-50c9-41f7-a37e-4634ca63c1df,Enterprise,None,0
8828b2df-8d67-4ada-af71-1387fc8556f8,Student,10% Cashback,1
8474e42d-653c-4664-a4a6-0de7228bdc69,Student,None,0
033afa1e-ac7e-400a-ba40-5bf104a9b9fc,Enterprise,None,0
d6ce3d04-bd50-4981-89c5-3de742ba7460,Student,None,0
66752be7-4600-46bf-a666-87db8cdfcd1d,Professional,None,0
ff864fe4-e4ea-465b-996d-55b8876c913c,Professional,10% Cashback,1
fb84781c-5cd2-4585-9e36-b1df5f1fd861,Professional,None,0
89bdd7be-df57-4d9b-9186-30886abac7e9,Student,None,0
28f0978c-d8aa-4ac3-a8e0-4ff0f99edcfa,Professional,10% Cashback,0
62ad592f-ea50-4076-b38a-5ac4b6e750d7,Professional,10% Cashback,1
d1523840-a0b7-4dba-b246-e0662fb05dcc,Professional,None,1
94c25002-3d2b-423b-af15-5c72719dde35,Professional,10% Cashback,1
90aea5e6-d4be-4eb4-8063-17919cd43c3a,Student,None,0
e0b61836-e60c-437a-b9a5-37847767cbed,Enterprise,None,1
0bf26e9a-e7fd-42a6-8a70-1a9615107189,Student,None,0
c96a9a75-2dc8-43cd-9011-d564d24914c0,Student,None,0
71eef2f8-03b2-42cc-8f3f-2f206f7fc25b,Student,None,0
2ae8361d-2131-4822-84ff-30676db185d4,Student,None,0
61089107-29be-4bf0-a539-adeb44bf003a,Student,10% Cashback,0
4f0e9d4a-381b-44b5-8f96-c9b97a8dd739,Student,None,0
0fad6767-a62c-4dc3-9714-93c42662b25a,Professional,10% Cashback,0
6763e92f-4b4a-496e-afac-8445c5baa861,Professional,None,1
6b94bd59-8ea1-42fb-81f0-7090dfcd471d,Professional,10% Cashback,0
33fb5880-2b57-4314-8405-bb9f504b8915,Student,10% Cashback,0
1dfc7d04-a923-486f-bd59-68a0042c6e12,Professional,None,1
8e8821f8-f070-4c4b-ac5e-740f04d1697a,Student,10% Cashback,0
514bbf17-6320-43b3-b85a-310ea036013f,Student,None,1
f1175c4e-257a-40f4-bf4e-d67280d06470,Professional,10% Cashback,1
b6c95252-6c28-4e25-8481-eb922abb3dac,Enterprise,10% Cashback,1
f614cb96-c5a4-4074-a58d-536e803dda34,Professional,10% Cashback,0
a37979e6-7c18-4ff3-b5f9-06e726ec152d,Student,None,0
fbe3f8aa-32fb-4d67-9767-5094ee490dfa,Professional,10% Cashback,0
62a09020-038d-45dd-ac46-e31c349ad3db,Enterprise,None,0
75e81d74-37ff-47e4-96c3-7fb4fa90a957,Student,10% Cashback,0
3c2f2219-0cd8-403d-8276-5df56ef82e44,Professional,10% Cashback,1
7786f8b5-9072-4b6a-92d5-2c63b3dfa27f,Student,10% Cashback,1
b9b58d5a-5467-40c7-bf7b-a4261027a35b,Student,None,1
7121e6b4-cbff-4c27-9828-161df5b272b1,Enterprise,None,1
707025d2-5efc-403c-9b32-48b673ce6b85,Student,10% Cashback,0
ff59993d-fbbd-4442-b10f-bc2e7d5f8ac1,Student,None,0
8b2b3dbd-72bd-4324-a7fe-c794420d53db,Student,10% Cashback,1
bae5b5fa-ca1b-46af-887e-dbc270478ca7,Student,None,0
5ac2e31f-6e8b-4f6e-a658-e3656b603440,Student,None,0
6b372278-400d-4061-8859-460dcadc4c40,Student,None,0
f7fea9ed-0e71-494a-a61a-362a2563325f,Professional,None,1
25cf0563-eec1-455b-9e9c-ed6c6182ce53,Professional,None,1
f586b176-9096-4d6e-9eef-37b562a08d0b,Enterprise,10% Cashback,1
317800ca-c849-4bb4-9253-947ea3d62615,Student,10% Cashback,0
e968d4bf-228d-4149-80be-95a630e5a081,Professional,10% Cashback,1
ff104993-7b7f-49d5-9402-05f08a1b05c0,Student,None,0
d2f9f0bc-1b67-4ccd-998d-4a6a4a3cffab,Professional,10% Cashback,0
b321a1ec-085b-45eb-872c-3186a509e81e,Student,10% Cashback,0
f0e260c3-1d2a-44fd-a6b1-01aad6c81d5b,Enterprise,10% Cashback,1
2ab45942-5a0d-425e-9b7c-f8db033865b1,Professional,10% Cashback,0
446f4eb2-46b1-432b-90fa-30b50fd6fbe1,Professional,10% Cashback,0
eff587b0-a4d0-4348-8cd2-53ced95ca13b,Professional,None,1
e55a4903-cdf3-4346-99e7-5fb87073b959,Student,10% Cashback,1
2c541790-7efe-42ca-bd6b-46e5daedde92,Enterprise,10% Cashback,1
515a257f-ca39-4ae2-8bd6-934e0eea3f7a,Student,None,0
d567a36b-99d4-4d90-8bc4-f8ba8088df50,Student,None,0
acaced4d-2869-4b01-aae2-155916d1c32f,Professional,10% Cashback,0
4990e151-f513-4049-95c8-7c6d2bb855fc,Student,None,0
ce02645c-a929-47d2-b1f0-9a58f22ab7fc,Professional,10% Cashback,0
64d089f2-3afa-41ff-86ea-1c2f560b8646,Student,10% Cashback,1
e2bea502-b1fc-4900-866e-9efafbac56c8,Professional,None,1
75d8b37a-1b26-45b1-bef6-c59b5fee6c71,Professional,None,1
bd3c5695-2a71-4ded-a721-202bfbe24c6b,Professional,10% Cashback,1
c320c912-97dc-435f-90fd-337cb18d2dfd,Professional,None,1
251277e0-ba11-4bf5-9e10-a556df7ecade,Student,None,0
5a0dbef2-f9f7-4d8a-b8b2-b4509faa74e0,Student,None,1
e85e71ba-2566-4803-86ab-53ca834f62ba,Student,10% Cashback,0
eedc2bfa-e791-404e-b60b-970c9a531889,Student,10% Cashback,1
d205de46-b981-4dc6-833c-1a6fff3b42e8,Student,10% Cashback,0
8151dcc1-16ce-4b32-95f8-130a8b811e46,Student,None,0
1d03772b-f33c-4d9b-9635-23c608c557a7,Professional,None,0
ac0678e5-80f6-4040-a0cc-ba555f76ea27,Professional,None,1
9dff9d9a-690f-486e-aa3e-5b3acbe6f4a5,Student,10% Cashback,0
4e728c0a-a73a-4866-971a-36de6cc1a1a9,Student,10% Cashback,0
61d41e16-aae2-4a41-8f2c-8e12423942d9,Student,None,0
b6fc146a-f9d7-4bc3-9d79-f74c0bfb211f,Enterprise,None,1
6f6775fc-82e2-49cc-a321-43ae72784123,Student,10% Cashback,1
cd79c2f7-0166-46ed-b2b8-5d204303a616,Professional,10% Cashback,0
bc5ad115-7621-42f5-be18-f2fbc5286431,Professional,None,1
21305926-6253-46b6-9ceb-8353f7edb566,Student,10% Cashback,0
5d2ebedd-2494-4638-a16d-17fe4f30ef0a,Student,None,1
b80514d6-f20f-4977-9f88-a3c56001e7de,Professional,10% Cashback,1
9b741084-f607-45c2-8530-bcce344f13fc,Professional,None,1
1aebda3c-ab02-4566-a4b6-f75b9b328c47,Student,None,0
f2bb48bc-596d-4154-9cb0-9533eb576700,Student,10% Cashback,0
fbd8bba7-6383-4d87-abcb-4683bf2edc35,Professional,10% Cashback,0
7814a682-0dbd-499e-8f65-9386a706e758,Professional,10% Cashback,1
2cc53925-e1e0-4602-a3c2-51aa9d549b93,Professional,10% Cashback,1
5976d0e6-40ba-4439-812b-c9f5ac239611,Student,10% Cashback,1
f6f895ad-25f1-476f-93eb-55e87139bd77,Student,10% Cashback,0
8ec32acc-4826-46b3-9e32-8bf36ee5742c,Student,10% Cashback,0
fcb493db-883d-4eb6-989a-0a40058c00c3,Student,10% Cashback,0
d4c837f9-24f6-4dd6-be30-0a050b3de53c,Professional,10% Cashback,0
aeb984d5-4092-489c-a392-8ebd54671c3a,Professional,None,1
c8b8fcfb-fe53-4cbb-9c9d-b040290cef24,Professional,10% Cashback,1
e0b446ed-8b62-4317-b5b5-41830ecd1da5,Professional,None,0
a9c73c55-24a3-47d7-9141-9e5dd5001f47,Professional,10% Cashback,0
85c11dd8-cea7-4dfa-b74f-e222332e5621,Student,None,0
a590ff57-0336-4f89-8d1e-a3b5d21e4cdd,Professional,10% Cashback,1
2f1909f3-02db-4e26-bdbf-337d6f1c41e3,Professional,10% Cashback,1
f66ac760-7f69-49f6-aeb8-2867cbee9084,Professional,10% Cashback,0
731a727b-f1da-4f7a-9c46-7d8cf1de53b5,Professional,None,0
23ba1e49-0de1-4ff6-b09b-c490367cded2,Professional,10% Cashback,1
acd44b8e-bb6d-4749-be18-b790d89e1cd5,Professional,10% Cashback,1
78937626-9164-4ed3-b1c9-d054374df8db,Student,10% Cashback,0
c45393f2-2b91-4d72-aa34-102eca138b70,Student,None,0
e751598e-c9f9-46ee-b5f1-d3edd77d02ba,Enterprise,None,1
66e1f7f6-dcec-4ba8-8de0-957c814f48bf,Professional,10% Cashback,1
6e98856c-93a9-4533-8776-37ec5e64f779,Professional,10% Cashback,1
3b9394da-c234-43b7-858e-8503696f2f85,Professional,None,0
2818e902-cc80-4f3d-bef4-7b0c206a446b,Professional,None,1
6863ca54-7122-49ea-ba54-fc4429be8a2d,Enterprise,10% Cashback,1
1a52b64e-841e-475f-9078-09b32cdd432b,Student,10% Cashback,0
a830204c-8e9b-4d90-94df-4e850c9a4d31,Professional,None,0
39887baa-d92e-43bc-9d30-6f905d488d97,Student,None,0
b7c533f7-c6eb-48f6-a8fc-ea9637dfe281,Student,10% Cashback,0
f024744b-9c44-48f0-8e3c-0ed22dbe19a4,Student,10% Cashback,0
2dee30db-a590-4cbd-9f2e-dd2d582c0592,Professional,10% Cashback,1
33fb0205-d8fa-4b99-ae6c-0b5927ab5b51,Enterprise,10% Cashback,1
02a895f0-73c4-4e37-8f40-38fa43462d1d,Student,None,0
91cd9063-313e-4c9e-8d8d-5a458b91a474,Professional,10% Cashback,0
9bb97fdf-8f65-414b-a8fa-01965339fe35,Professional,None,0
fd0a6252-a47e-4745-9f6d-9541e4534ac2,Enterprise,None,1
abe55a14-a815-4d3a-a248-4f44efdcd769,Professional,10% Cashback,0
f0390111-6a92-4003-81a9-2fb54ec660c3,Professional,None,0
561442a6-17c3-45c6-8c96-7561fe15171c,Professional,None,0
aeb59da5-c886-491c-a1de-63f5d2acd9c7,Student,None,0
c87eaa45-6d31-438a-b39f-7aa691eb2367,Enterprise,None,1
1dd219f5-0312-483e-8a7f-6a05fbe98cb3,Student,10% Cashback,1
a24d71a7-2d4b-410c-8033-4b907c4d272e,Student,10% Cashback,0
a801528f-986c-491c-b217-6cfc6790faf4,Student,None,0
22cc8eb1-895e-4bff-b8eb-c09d12f27037,Professional,None,0
b27f540b-7958-4c28-a8d5-c2a48c3a9bd4,Professional,10% Cashback,1
2cd0a546-3a9c-415c-a7f6-7de51024c831,Professional,None,1
b3aaa21f-12c3-4e2e-bc89-6828b7312659,Professional,None,1
6ba26d08-d326-4d37-85e7-d8c7002927a4,Professional,None,0
ee972055-4b50-44ba-8272-7c54197d0c19,Student,None,0
877086f2-343b-407d-b6a8-ef32fad5dd32,Enterprise,None,0
f8db9111-1440-4a23-87e3-6478b26e3d61,Student,None,1
6a635b86-de2a-4dc3-b3cf-b95a9668cadb,Professional,None,0
1e381534-ed59-4573-9835-ae41f27eba7b,Professional,None,1
36242852-7651-4939-aad8-0c8c6bf8ecc4,Professional,None,1
7c1ee857-50c4-421f-8b5b-0b8195e416c1,Professional,None,1
151f281b-b200-4ce7-90ac-9bca248b6a3b,Student,None,0
64591e35-605e-46cf-9f5f-c02af0fdf9e3,Professional,None,0
2f918e50-bf31-477c-bbe1-abf8df4a592d,Professional,None,0
0969b324-2fda-4dfc-8ce3-12bae3e6c441,Professional,10% Cashback,1
fce34c60-ae3e-4d7c-8cd5-64de3e07d8aa,Student,10% Cashback,0
58a66861-95a3-4c60-895b-ba773a5e4294,Professional,None,1
83bf2aa0-f5b3-4a73-9f71-aa26748a5ca9,Student,None,0
c5f8d2cc-588d-4411-926e-e8f403378182,Student,10% Cashback,0
71abc1ec-5fc4-4974-abd5-dbeabec97215,Professional,None,1
13d9ea20-d5fd-416d-a298-1ecbc79b6dc8,Professional,10% Cashback,0
85501476-06d4-44e5-9fc7-571d5510f38e,Enterprise,None,1
78b1196f-100d-4b99-aeb3-d6bfa6673a2d,Student,10% Cashback,0
2cf2e2ed-ebc4-4f00-95dd-560f6532eca2,Student,10% Cashback,1
b1f0eab4-dd33-4c7c-abf1-51806011a10f,Professional,None,1
8c7c3ee0-23ab-41e0-8351-efb43188496e,Enterprise,None,0
8afd7210-c223-48f9-8df0-65b8bc591017,Student,None,1
fb3693ee-fc35-4143-85bc-b240c53d70d6,Professional,10% Cashback,0
c44d3d2f-9291-410a-9045-f53905081b17,Student,10% Cashback,1
691bcbb6-79db-4926-a1e8-10f4ad4e8c22,Professional,10% Cashback,1
548a43e2-3988-41e6-a785-64d7346c8a86,Student,10% Cashback,0
e8d77399-0521-4d3b-885f-4959ca5123ff,Professional,10% Cashback,0
108fdd8a-dd41-44d2-acac-fcd0891bf948,Professional,None,1
5c926b82-1f04-4283-ad07-eaa9646e0be9,Student,None,0
66b7c7bb-715a-4275-bd1d-ed2dbddd0da1,Student,10% Cashback,0
af51fe86-69f6-4710-b0cf-d06dc2d75eea,Professional,10% Cashback,1
f0364c48-1b96-42fe-a458-396a830918d8,Enterprise,None,0
2d232339-3433-4393-b980-c6575d1effa7,Professional,10% Cashback,1
b4dc73ae-c1a1-4bf8-bda5-2e472454ef24,Student,None,1
d2bce34d-4299-4d43-9db3-d8811ffe4f9d,Professional,None,1
8a90663f-436d-4688-8a5b-327f752baff9,Professional,10% Cashback,1
7d643d52-b152-4e5f-9994-ba7476f778fd,Professional,10% Cashback,1
931d8426-5f91-439c-b770-ccdfb94ecc73,Professional,10% Cashback,0
8ec2c718-a44e-4007-bfe4-0004eff742b0,Professional,10% Cashback,0
b0bd7a67-f388-421b-8f35-482b5064bc3b,Student,10% Cashback,0
be0afb6a-7310-4ad3-8002-394c12ecc351,Professional,10% Cashback,1
149bda01-53bf-4c5e-9297-c9dd21e30084,Student,10% Cashback,1
18547fcf-54ed-4c50-a0fc-8d3618b5a7ce,Student,10% Cashback,1
ef1f3c2a-7174-41c4-b160-d4c9a8a04379,Student,None,0
ed4a8fb8-7296-410d-9eb0-69ebde2e4659,Professional,10% Cashback,1
8361b870-fddd-4d50-880c-57ddd13a1745,Student,None,0
1360106d-3f80-496d-863b-f0174bed530e,Enterprise,None,1
1fc3be96-c244-4ab0-b457-2f4e44d5f819,Student,10% Cashback,0
682b0968-0fe6-48aa-a021-53b2ae9e956d,Student,10% Cashback,0
ed495913-dde2-4f26-bc2a-4ff6effc7f3a,Professional,10% Cashback,0
a454ccd6-7738-4333-b0cf-0cbcc92421e2,Professional,10% Cashback,1
ad36c093-bdfe-4986-8510-8bebaf10306d,Professional,None,0
9504236a-b700-41f6-bda4-f765f60fb99c,Student,10% Cashback,0
ab56f248-c4dd-4526-8e94-d1102dffb28b,Professional,None,1
704209d4-e6b6-4bb2-85c2-f1c18a7acdae,Professional,None,0
f91c8a37-4746-4c1b-8276-f05a1820cbe5,Student,None,0
bf4e0eb5-c97b-4ceb-a935-a3319362a59b,Professional,10% Cashback,0
0c0ba4a0-b34e-4074-af21-9f904a657e10,Professional,None,0
ad8fdefe-321b-49dd-bf9c-bf91983b8abc,Professional,None,1
b5b9bf4a-6602-4fc8-9aab-3ed7fa53b6ce,Professional,10% Cashback,1
6ad85cb7-500e-4c24-86e2-b832a65b6753,Student,10% Cashback,0
4fbe2689-7829-4c82-96cd-499c2d0ab2d9,Student,None,0
9a4c175f-fc7e-4d79-ae3c-d50a29bf59ec,Professional,10% Cashback,1
b4bc8dff-b312-46c6-a166-a2fb15958967,Student,None,0
34c32865-7416-4cf0-8947-932ca5f57099,Enterprise,10% Cashback,0
e99a68ad-c376-48d5-97e6-dee2f5fc025e,Professional,None,0
239efead-74da-4bdd-a577-bf4fd6f6ceba,Professional,10% Cashback,0
d191d60f-57bd-4f45-ac94-6386de67c5e0,Student,None,0
3d8413d5-fc86-447d-a198-11b9f9f8229b,Student,10% Cashback,0
1aba05c8-1885-483f-9c03-7e82ca5b8423,Student,None,0
31ebe71c-3cf5-4823-a813-99c285022e1a,Professional,10% Cashback,1
e172be4c-8fb3-47ef-97b7-a70876b35cfb,Professional,None,1
a1a4404b-4516-4f84-aeb5-34a9164a92a3,Professional,10% Cashback,1
8a935b4a-1bcf-476a-8933-ab2d27e4fe46,Student,None,0
b7d8443b-e8b7-40b2-a0c3-55fc16a95093,Student,10% Cashback,0
170ba34d-f386-44fa-89e5-a1ab7f0acc6a,Professional,None,1
7ad32117-a2bb-4488-85ac-8d393c949a5a,Professional,None,0
84fa93a2-4588-4d20-96b5-99c190252764,Student,10% Cashback,0
1cf11f10-d74b-4d83-a7c5-2fb4e430b73c,Professional,10% Cashback,1
4c02122a-722c-4300-b01f-be5fa2c9214d,Student,10% Cashback,0
30e558d8-a238-447a-9c18-b03b1ed0cb45,Student,10% Cashback,0
19f2fe0f-7886-4fbc-bd01-3664d301b893,Enterprise,10% Cashback,1
30681cdf-795c-4dcf-8b5e-71270f2f8cc7,Student,None,0
4d1a6d5d-d4d4-4f69-84c1-425278efbe89,Enterprise,10% Cashback,1
9f66d963-8578-48fb-9c31-4129473d9c5e,Student,10% Cashback,0
bca5db07-94f3-441a-9c26-73c3de84558d,Professional,None,0
df7abfb9-db1a-454c-a3bf-48b7c5a9ab85,Professional,None,0
f6b87ea0-7956-48e7-be4c-aa85fb07da9d,Student,None,0
279095dd-d184-4d78-b4cd-5bcfa2bcc011,Professional,10% Cashback,0
430ae025-f035-4d3b-a26b-ed9e0bbb8500,Professional,None,0
696ae379-e402-4f3e-b66d-bb0a89229816,Enterprise,None,0
fd1cced4-741a-46d6-b188-a619774f95ff,Professional,None,0
06097bad-3cdc-43c6-a5bd-73be4b663c8a,Professional,None,1
b023f864-065e-431a-9538-7ee6a7716cda,Student,10% Cashback,0
286df200-a5dd-4582-bbc9-e20498dc61bd,Professional,None,0
0335ad8f-9724-41b7-9703-d6a124634e83,Professional,None,0
9eca7d70-2c1c-4bd5-a0d8-fad168dffd0a,Student,10% Cashback,0
9c81dcce-125a-44b3-8b27-40c1073b05a7,Professional,10% Cashback,0
81d8aef8-6b28-4332-8a6c-aace89fe10d7,Professional,10% Cashback,1
e4ee9b48-3b5f-426d-be05-b8dd32cdb41c,Professional,10% Cashback,1
93c4b8d5-93c6-45af-962d-7614302117a2,Professional,None,1
e035c884-2547-4e3e-b46b-c907e4bf831a,Student,10% Cashback,0
2ddd0471-8a00-4d35-b95c-e34e646565bd,Professional,10% Cashback,0
00c35a54-55f9-4bba-a05e-decb3c312008,Student,10% Cashback,0
0fed5a8b-2dfe-42a9-92d9-bf33210887b5,Professional,None,1
de66f297-08a8-4ea4-99cd-7b124e08e998,Student,10% Cashback,0
33b9034a-4486-44f0-b169-46dc5fc28912,Student,None,0
cbdc63cf-7309-4529-9f98-d48cc399d6ba,Enterprise,None,1
87e7df85-44ac-44c7-9c9a-63d573436a3a,Professional,10% Cashback,1
cb40c94f-fee1-4c72-bd8c-a4c9c16f3cc0,Student,10% Cashback,1
765b8a2e-6a67-401c-94d1-524f4e8923f2,Professional,None,1
90fc7d20-ebc5-491c-abda-8b90649e6394,Student,None,0
7d2643b0-9750-4ea3-985b-974a5853946f,Professional,None,1
c8a33a21-493e-425f-8b0f-2b4e0a3e63ba,Student,None,0
98a6c131-2d17-438c-8f46-5546e6961dd7,Enterprise,10% Cashback,1
32f8735f-e63b-4637-9a18-abe32af8deb2,Professional,10% Cashback,1
22bfedc1-0f22-4094-be8b-2c0b32388982,Student,None,0
539f4831-c791-46c8-b2cd-8d8f01913f99,Professional,10% Cashback,0
63aabd8a-bb8c-4e0a-b825-7ac858f96d59,Student,10% Cashback,1
7ef764a9-f466-4483-b05a-137dd254ff46,Professional,None,1
f0f609c3-7beb-4bdc-b08b-c419dfa06eac,Professional,None,0
aa0d9e66-de5b-476c-bdfe-4f5ce234d320,Professional,10% Cashback,1
1d4fdcee-cf5a-4608-8c02-96a24c8217b8,Professional,None,1
290d3b0b-d1f4-42f9-aa04-e84e79829b62,Professional,10% Cashback,0
9e1562b5-b0cc-4c85-bd9c-2b01e537258b,Student,10% Cashback,0
888b1e6a-7063-4710-96b7-41212995a6bb,Professional,10% Cashback,0
221801c8-07c5-40e7-a79c-24a29e8e453a,Student,10% Cashback,0
075a75be-51c3-4c77-8fd4-0cb510c1f6f7,Professional,None,1
f3f3bbd1-762f-4681-95f4-79ae719eb995,Student,None,0
d3091752-efc1-493c-96b2-9361b3df4e42,Enterprise,None,1
b15afbde-fa90-4500-b6fe-32eb39cea6fc,Professional,10% Cashback,0
923a45b7-236b-45c5-81ef-7b0b3b99f85a,Professional,None,1
b8e36d98-1b1a-4116-b42c-86a3691ae6f5,Student,None,0
8a49a40d-5ee7-42f8-ad70-c033d034cb56,Professional,None,0
8a72e141-3c10-43da-987a-6245737f0957,Student,10% Cashback,0
5464e9ef-88f8-4247-b21d-79fdf0820ab5,Professional,None,0
616172b2-8f80-46d0-a359-fe43adc89f62,Professional,None,0
7e4fb717-c282-400b-80c2-9cce53b1aba6,Professional,10% Cashback,1
faa4d574-d4ae-4b66-9f5b-3d72cef8d628,Professional,10% Cashback,0
01b2d2ab-48be-4e77-a2d0-6f5a1f3e4150,Student,None,0
7f63330c-c041-42f0-9148-b0dc898ce471,Professional,None,1
da2e5cce-6819-41f5-8d41-c4b0c04c4786,Professional,None,1
81392479-9960-4b26-b046-330eee6f8b74,Professional,None,1
544cfe90-07a9-42ba-afbf-9d68f603fc0c,Student,None,0
a98ada36-4da8-4725-ac74-fe9531155c19,Professional,None,0
4045c2da-423f-40e2-a6c8-8c2f122073f9,Professional,None,1
b506bcc0-3a9a-4f9a-8791-eaeb7e8efd91,Professional,None,1
9599b950-65cc-4d4c-b043-a122783511a5,Professional,None,1
e631bcab-6861-4b37-86c4-2cab15e3863c,Professional,None,0
2f6a7977-53a7-4ed9-8687-70cc65f43354,Professional,None,1
bd492e5a-2bcc-431d-ab8d-514e7d9a9aaa,Professional,10% Cashback,0
bb18da4d-0f02-4b89-a3cb-fdf17a1ba699,Student,10% Cashback,0
d5251f33-8b84-4988-9a15-4e55912e8848,Professional,10% Cashback,1
5bba0a40-4b97-42d9-b2c9-246f68e12b76,Student,None,0
ca91a6ed-799d-4718-9b98-37ef67ef35fe,Enterprise,10% Cashback,1
5e7ac1aa-f6e3-41dd-9234-f5816f990322,Professional,None,0
6dc47f8f-303d-4fc8-90e4-647dc9d2d2a1,Student,None,0
83c4db89-abce-4d15-af02-9b87f3c6ee19,Student,10% Cashback,1
a1996e62-d601-4760-bfc1-55ea3721f957,Professional,10% Cashback,1
0473b7ae-4fc0-4ab3-9481-b44ce63bbf8c,Professional,10% Cashback,0
d64f83c7-7c1e-4d56-8122-b664ac209b5f,Student,10% Cashback,0
0a647c9f-b4df-447b-a685-72278ceab192,Student,10% Cashback,0
a6794883-f3d0-4565-ac1d-c84d61396f9a,Professional,None,0
eebc84ab-b522-425c-87ec-f16c38da4570,Student,10% Cashback,1
492901ac-527b-4849-8c93-e9aec280fc04,Professional,None,1
491369c0-eeb8-4998-b3dc-30f41d9663a1,Professional,None,1
1d28e6c9-14b9-4770-83c0-a3506f7c7ffc,Enterprise,10% Cashback,1
0e8be266-1c76-4691-a339-5bbc22dde6c1,Professional,10% Cashback,1
4a519a29-2099-4c8e-89df-fe064b9ad2e4,Professional,None,1
adf3a2ff-3b33-4fe8-a79f-6bd2c99ef182,Professional,None,1
cd60ea26-108f-447b-9031-28e5e9e230dd,Student,10% Cashback,0
da305050-7750-4df0-83b1-f5aa066e920b,Student,10% Cashback,1
dacc5b60-4414-45d2-a162-07cdf156ec74,Student,None,0
e0e39011-97cb-44ad-b184-0172bfa9622b,Professional,None,1
ec0bb577-9f3f-43b9-bd3e-1be2114851b3,Student,None,1
594f7a1b-878f-4110-b247-99fe2b5fad30,Student,10% Cashback,1
821d7d89-7bc0-46f8-b54a-48b10f3e1e3f,Student,None,0
28832b1d-35dc-4f30-97f3-26b0c647a17f,Professional,None,0
34597f97-fdb8-4dc9-910c-9a0dd349fdf2,Enterprise,10% Cashback,1
78f058bb-4608-4625-bdc7-93d56166fa56,Professional,None,1
c4aeeb32-2f19-475e-be12-58e9d6aa8500,Student,None,1
f5b7ea0e-7c04-4d05-9001-52e5db857b28,Professional,10% Cashback,1
69f9ce61-a56b-4b09-904f-8fd3c7f6f9d1,Student,10% Cashback,0
a9e9b819-5da1-4e16-830b-2b7cee946735,Student,None,0
faccd15e-26ce-486f-a116-94ed80d4a5a6,Student,10% Cashback,1
ba7a2371-a05a-4d98-b3cd-8d825be46f92,Student,None,0
a3fc413e-0b73-4793-be34-a1f1cf0b5b5d,Professional,10% Cashback,0
851eb01f-036e-4306-98a5-26e9a024ba3a,Student,10% Cashback,0
0ada6ac5-2bf4-4bdf-8528-ceb6dc00cea4,Student,10% Cashback,1
d539c647-f2b5-4113-8ec6-6377d4952337,Professional,10% Cashback,1
28ce4028-7757-460d-9700-7deab13d1284,Professional,None,0
193105e4-c412-4a01-8fcb-bf2a92f3493a,Student,10% Cashback,0
5384fb01-d2c1-4d17-a115-e6dde498ca30,Enterprise,10% Cashback,1
118b469e-8513-4a31-8662-ef150014f5ee,Professional,10% Cashback,0
99992190-c7ba-445d-b6f2-de3afeaba67b,Professional,None,0
998e3ad6-cbd9-43bc-91b7-f60ea3f4db08,Professional,10% Cashback,1
45fb5abc-2ad4-4495-8a0c-4a26dc8bb99a,Professional,10% Cashback,0
0060ddd9-02ec-4da0-b8fa-0a8125d6f746,Professional,None,1
fc0b3af3-d971-4668-8f9c-6f6d1b347e4d,Student,None,0
31a19785-59db-4937-a1dc-1132a2d39b63,Student,None,0
1582b85a-a783-4537-8d31-5417e001dae3,Enterprise,10% Cashback,1
2b371bfd-bff3-4f29-a4fc-36a4d2932719,Enterprise,10% Cashback,1
3e6c0bd1-8e2e-463f-8a5b-131717ace8b1,Professional,None,1
d7c3e8bf-abde-4889-8f80-72ac1149f7ec,Student,10% Cashback,0
d4ba7961-3eec-4f5a-bf99-69903f5467ec,Student,10% Cashback,0
5c01060c-57d7-42e4-9fcc-2631b541dc4a,Professional,10% Cashback,1
a2978d77-5ab6-4cab-9888-63be78c3e32b,Professional,None,0
638fe4ed-c861-45ab-aa8d-257a795eb71f,Student,None,0
f2ee950d-d3ea-4f8d-bf3a-575789af887d,Professional,10% Cashback,0
f74ab79e-e26d-4f6c-ade8-0fcea94a0a1e,Professional,None,0
63e9e256-6953-4c21-becf-b5885325c557,Professional,10% Cashback,0
97906550-355a-4926-9c17-395e5154c510,Professional,None,1
fa623240-31ef-41dc-8cac-338be3f5c0d8,Student,None,0
3e47daf9-5259-42ef-8cc5-107a7a0ed06b,Enterprise,10% Cashback,1
62013003-413b-4a41-a13f-70d6015ae73c,Student,10% Cashback,0
982217a6-c6f4-49e3-bf6a-120b1ceb1fcf,Professional,None,1
116faaab-8da4-47ff-9655-edab23fcc4d5,Professional,10% Cashback,1
742f7813-ed57-447b-adc2-54f35e8616bf,Professional,None,1
4b7aa67d-fc18-40d7-8742-8d8167c8bfc0,Student,10% Cashback,1
141bf69e-33d8-492a-acac-124689c203fd,Professional,10% Cashback,1
8db4a459-20a9-4761-8577-e441b2174d45,Professional,10% Cashback,1
100c17c8-caf7-4713-b372-08938d8f8dd1,Professional,10% Cashback,1
499c7151-73d4-4079-99d3-d7cb9756754f,Student,None,0
47b79388-64e5-42fc-99eb-ac2956e2d1db,Professional,10% Cashback,0
aed9bc4d-dab1-45ab-9c03-bebc2f95c659,Student,10% Cashback,0
a37b4d64-9d9f-4dcd-b59c-b011e2008fdc,Professional,10% Cashback,1
9413d188-850c-4c99-b58f-de8101d5d21b,Professional,10% Cashback,0
0ca29b7e-9f68-43f7-94dd-920d9278eec3,Student,10% Cashback,1
011e6f20-6721-4842-8bbc-1ff4e88e5029,Student,None,0
43cc550b-f01f-4766-b972-2b9e3b8ab854,Student,10% Cashback,1
895aa7b1-af1f-4fbd-ac4a-3dace5128b4f,Professional,10% Cashback,1
6232e5b0-2d7b-4767-8661-43ac0e287961,Student,None,0
5e13fe21-764d-4573-b081-fd39459de24d,Professional,10% Cashback,1
0d482a74-208f-4d09-9df1-3be8b03f721a,Student,None,0
b7d3c4c7-4b34-483e-916a-eb8b1bc923bf,Professional,10% Cashback,0
3ae3f275-1770-4768-bd7a-57b67a688789,Professional,None,1
170dd0df-fcf2-4666-811a-43f2a1149fef,Student,10% Cashback,1
8cafff64-6ccd-4970-a4bc-179249607618,Professional,None,1
3bd26f70-25e3-4bb2-a12c-1f33af01b498,Professional,10% Cashback,1
325f8ea1-53df-47a2-8151-657ae5592bd5,Student,None,0
3b6ab289-01ef-42a9-bed4-8f2d1820c0ee,Professional,None,0
054ce2ef-8b64-43f0-ae1c-592755f8e860,Student,10% Cashback,0
337f1894-8620-41cf-89dc-9d84b1c9d629,Student,10% Cashback,1
cfd21e51-755d-4a34-bd78-34f395447486,Student,None,0
2beca5b1-cccb-432a-8a43-872f5e463469,Professional,None,0
147beaef-0e6a-4ffd-b5db-f8ac2567e59c,Professional,10% Cashback,1
9682e37e-eba6-4eda-a19d-98613e4676a7,Student,None,0
e810122e-1bbc-47d6-b9aa-61f005327ada,Student,None,0
1c1a5ff8-7822-4036-8eeb-195c8634e84e,Professional,None,1
6623bf15-06d5-4be7-b232-97d0958753f8,Professional,10% Cashback,0
5115a9a4-ec72-4407-a790-bf05ed400931,Student,None,0
9fca7dae-f143-498d-826e-45676ab2b278,Professional,10% Cashback,1
53c996af-6f2c-424c-a68d-6710a0504c67,Professional,None,1
545aa423-543d-4a2e-8c31-5f72884d86f5,Student,None,0
14beffed-aaeb-4f97-9012-7400cd18f915,Professional,None,0
407538d7-4157-434e-ab9c-8265abc97e00,Professional,10% Cashback,1
dcba2be5-1ba4-42bc-8a28-ee0420969354,Professional,10% Cashback,1
0a980989-da03-4e80-9608-ce6e29c3ba64,Student,10% Cashback,0
9b0cecbb-d8da-48d7-aaac-b720e7de12f5,Student,None,0
17fc6fdc-df2f-4972-9154-35513e39ee9d,Professional,10% Cashback,1
d016fb35-b2f5-49fe-b635-5788dc954eb7,Professional,10% Cashback,0
388afa1e-2584-4105-a279-21fa1863f07e,Professional,10% Cashback,0
f4c7a872-24d6-49ea-9d2d-198d644691d1,Professional,10% Cashback,1
6cde92e6-7147-4ef1-9873-a3ddfe60a393,Professional,10% Cashback,0
6f757d17-51de-439c-93d8-e99b729a0067,Student,None,0
4e528457-f6c4-46bd-9c6c-9de1ff124a3f,Professional,None,1
b1fbc291-4d46-46c0-b928-96356f1ce36a,Student,10% Cashback,0
b72c1aee-37d7-4fa4-887d-beb345a31419,Student,None,0
aa5614f2-8827-45b4-bbc9-d1ad9e9ac9bf,Student,None,0
a0ccd2a9-2bdf-45eb-9f5b-7d9dc4d797ff,Student,None,0
500fc405-a518-4b85-aa90-58f14910b93a,Student,10% Cashback,0
1a297559-3707-4c7c-ae92-60c348c41e54,Professional,10% Cashback,1
658d95a6-7267-4dbe-aa27-a2702370dff8,Professional,None,0
e936b9f2-8e64-409e-865b-ca2c68bf1eeb,Enterprise,10% Cashback,1
fcd1478b-de34-43e0-a3ca-149fcf142ae6,Student,10% Cashback,0
c219b8bb-a263-4a08-b712-8afc4881d4ab,Student,10% Cashback,1
6d29a3d6-bdb3-4794-adaf-b6e9303cee59,Professional,10% Cashback,0
96630271-baa1-464c-bfa3-db24678aad82,Professional,10% Cashback,1
e6ce02b5-109b-43b5-b0ea-c99c56425781,Student,None,0
2045ac7c-762a-4122-b309-5cc6e2c40d6d,Professional,None,1
4693d347-92fd-4237-b4ed-759ca93b7675,Professional,10% Cashback,1
cfc538a2-5550-486c-b3a4-ef8d24bbb317,Student,None,0
12654212-8af0-44f1-a305-88a8fcc91aa1,Professional,None,1
96f396ae-f155-46da-a46a-a90a49f86cb0,Student,None,0
25ac3008-3d79-4698-b45c-7f206b01dbbe,Student,None,0
a614531c-3fae-42af-8e1a-72f39d68b0ee,Student,None,0
1d23c217-9d48-4fdc-b305-dfb4ba2bb7b6,Student,None,0
63320969-046b-4165-8e4b-c9135da6da78,Professional,10% Cashback,1
2fef0d30-f448-4297-854d-8ae34bb2f320,Professional,10% Cashback,1
054474b6-2722-4a66-b89f-281a63b2fd46,Professional,None,0
7cf814a7-6e33-4cae-b4b8-714199cca9c9,Student,None,0
5f9dd699-adc2-4690-9a18-2de012748112,Professional,10% Cashback,0
33a72ebd-88cb-45f7-b3d5-b7138967e41f,Student,10% Cashback,1
2dabc8b7-142f-4670-9bca-af4e0ea330fe,Professional,10% Cashback,1
b8fae6bc-9ab7-4204-9281-9170a0408ec7,Enterprise,10% Cashback,1
5458a495-ff15-46fa-aa20-65915701d8b9,Professional,None,0
2fbefd08-ebdd-474f-951c-aeea939b3877,Professional,10% Cashback,0
5cc33d74-1709-47d4-9714-14eb8e00e596,Professional,None,1
d6d8656d-37fe-45b2-a5f0-4d0dcdfb716c,Professional,10% Cashback,1
35918a34-437e-41a2-95d4-8e8fd59e0cbf,Professional,10% Cashback,1
1395ad3c-0380-4b67-bcfb-3d89b40cb1bd,Professional,10% Cashback,1
b805ae15-31b9-4cb0-a45d-0e81c2f3aae1,Professional,10% Cashback,1
87fed100-1770-4811-92d6-fcbc0673977e,Student,None,0
c678ce3e-be5d-4497-8bc0-21286c238385,Student,None,0
c437a89c-dd15-4a78-8f51-c59866d1d4f8,Student,None,1
ed5e1016-e219-4229-aae6-53d985553760,Professional,10% Cashback,1
4da87170-8ca7-4fe8-8053-6c0a72a87012,Student,10% Cashback,1
a0a575b9-0624-4715-937f-028c245de426,Enterprise,10% Cashback,1
4a4d1dec-a9d3-4861-baa0-f629e692c635,Professional,10% Cashback,0
568449e0-81a0-48fe-bea5-7c29b1b139ea,Professional,10% Cashback,0
48135726-6791-4ae6-ac0c-4b10a19e19ef,Enterprise,10% Cashback,1
07668152-6ac0-4b93-a514-6425a70ce389,Professional,10% Cashback,0
d54980a8-8dec-4935-9851-446c5263192e,Student,None,0
05089361-484b-4d19-8cf7-6fb34a2f74d2,Student,None,0
b979034b-b24c-4109-969e-7ab88f03a154,Student,None,0
b6e2cb36-3743-46e5-b13e-86dae7065897,Professional,None,1
d1a59720-2301-4a41-9909-9eaf747b46fd,Professional,10% Cashback,1
16cdcffa-9499-4be2-8bdc-9794a7ad3fbc,Student,None,0
310254cd-f3e8-4db2-bb55-43f6b32d0f25,Enterprise,10% Cashback,1
a4ca6a6f-ea79-4511-b9b8-0f55875fc039,Enterprise,10% Cashback,1
662dfbee-f44c-4d45-a64e-7a71cc4deecd,Student,10% Cashback,1
89502c30-6253-48ef-a854-5d8f8c84ba2e,Student,None,0
9cac8698-b4ad-4931-b1d9-cde7039b79e0,Professional,10% Cashback,0
c5beaef0-5976-46a2-b187-f8931ef149e6,Professional,10% Cashback,1
45d19ecf-21e9-492a-811e-080cafa96f67,Professional,None,1
c2f3bf68-3332-4c94-955c-a91546bd5f78,Professional,10% Cashback,1
1be7ffda-b0a8-40b4-bf4f-ac15d3553950,Professional,10% Cashback,1
4525a862-8533-4b0e-a775-4e16f414f36e,Professional,None,1
e7a3a6ef-ac43-4ea9-94cc-442749865a84,Student,10% Cashback,0
24907f94-43c8-4102-be04-a29d69978c66,Student,None,1
b444789c-e153-4a78-8665-68c50e9de182,Professional,10% Cashback,1
260fd05f-0257-4f43-b664-b8066b73c032,Professional,10% Cashback,0
8f2d160d-530e-419e-be44-71d47b8af02c,Professional,None,1
b540e6f7-407e-4b25-ac2b-316db30ea388,Professional,10% Cashback,1
ee2c8aa7-63c0-47a2-91de-2f85cf628fdf,Professional,None,1
a3887acb-624e-4272-8f63-bd450cb6a538,Professional,10% Cashback,1
c017e4ae-cacb-487c-8375-55d05f504bdb,Professional,None,1
1f03c577-0c11-4dc9-851a-1512d3434189,Enterprise,10% Cashback,0
f2d2e4b4-cf15-49e4-b1dd-8bd17c7faaf4,Student,10% Cashback,1
7296949e-0884-4ec7-ae2d-29c47ed49db3,Student,None,0
e997f6aa-3433-4433-8a71-237301ffdf5e,Professional,None,1
8fa0c3d9-56c3-4ac3-bcd8-a6efca09270b,Professional,10% Cashback,1
babc4c64-3fb5-4047-943a-29365a5d050b,Professional,10% Cashback,0
29675563-61c0-433f-a70c-92224826d550,Student,10% Cashback,0
676049fa-f6f6-42a4-9666-d09f19e2ddc3,Professional,10% Cashback,0
552cd044-8a96-4a51-bd2e-629dfb01224c,Student,10% Cashback,0
021a8117-59d6-44ff-bc16-f8e922e620cb,Professional,None,1
d82d3f72-c786-4868-aa0c-5fd056b3899b,Professional,10% Cashback,0
c51631fb-a9fd-4b96-9be5-ce7336473816,Professional,10% Cashback,0
e54d2987-0133-4513-9092-180226d538aa,Student,10% Cashback,0
bd13ff77-27df-421c-9b30-7f6302e075b4,Student,None,1
30804ea0-e0c2-4bed-a992-b8209c9281d1,Professional,None,1
b3f4cab3-d6f7-49d5-91e0-be5533417ff4,Professional,10% Cashback,1
896366de-3377-4de9-b805-cfd625397908,Student,10% Cashback,0
45a66055-d978-429d-94d9-d63cd4f89f44,Student,10% Cashback,0
17e4d018-873d-4faa-baf2-eb8009f99315,Professional,10% Cashback,1
af8608bf-16d7-4366-8131-797c6a78882e,Student,10% Cashback,1
9ef2838e-ef5d-4a91-9c4b-3f80d458f4c0,Student,10% Cashback,0
7e7dfbc3-dc73-46d2-b252-f0279e2291c5,Professional,10% Cashback,1
6ba4f8f0-d67f-4738-93b2-4e400c90e918,Professional,None,1
b6cc5cea-c242-4b8b-b0b8-35534a3298f8,Professional,None,1
50902b3a-aaac-4a6e-83a0-4e1cb20f9c1f,Professional,10% Cashback,0
914de8aa-b104-4da9-9f69-44d993a52ebe,Student,None,0
ed6190ea-bb8e-426d-a5ca-e23a201ec935,Professional,None,0
14895ace-4a61-46ec-9531-c77b3514c133,Student,None,0
19e621a9-9185-43f3-aa48-5eb4c1c47f29,Student,10% Cashback,0
5d0122de-352f-4ef8-8a55-e0caa6a54500,Professional,10% Cashback,0
84ef2e35-921c-4c3e-9b43-158215a766a7,Professional,10% Cashback,1
b86597b5-fdb5-404c-8772-d0bd3aa2a36f,Professional,10% Cashback,1
8ceb81e6-784f-499f-87a5-1f19eeb23081,Professional,None,0
1d417558-6b44-418f-b2e0-d2b3f53c8fec,Professional,None,0
d6026696-aca6-417e-9151-762f313e8d56,Student,10% Cashback,0
3b5db674-f275-487d-9207-49adb1831508,Professional,10% Cashback,1
11a1938e-e11c-44a8-9cb9-a16ff2ac18cf,Professional,None,1
06b07655-cdc3-45ae-bed4-a2ad8c750308,Professional,10% Cashback,0
de71df28-7a60-4dbe-8d84-d740c0006c2e,Professional,10% Cashback,0
b9608d16-db62-4aaf-b29b-b34dae2b3f7f,Professional,10% Cashback,1
71d5cb11-9f89-464c-a153-05f0c15346d0,Student,None,0
0b9501b2-2bf8-4e57-84bf-82f7e302b186,Professional,None,1
27f441ff-dfc2-4401-aff5-a01926775035,Student,None,0
0b710a81-b170-4395-abcf-d7f3802b63ce,Student,10% Cashback,0
d2d56b16-426b-4693-ab3a-8f00c9d07bce,Student,None,0
dfcc87d7-0727-42e9-aa6f-ffd42fdcaadb,Professional,None,0
0f6946f8-694b-435c-85c8-ec1f2d33e128,Student,None,0
7510f2c7-dee8-4551-aeee-2d6349edda45,Student,None,0
a66a8061-06ad-49d9-98a5-89fa2f7d5fbd,Professional,None,1
1d7603f6-aea6-467c-af7f-240490f383a4,Enterprise,None,1
ce25a55d-ec32-499b-b4bf-19574e1a8f85,Student,10% Cashback,1
096c3656-5de8-4be0-94c5-8ff42f80bdf3,Student,None,0
2626923b-33bf-42dd-b3b4-7aee7e21ef84,Professional,None,0
5301e064-f6bc-429c-b1a6-4d1c6136b838,Student,None,1
64f25fc1-1e03-459d-946c-1d9010cbc2ad,Student,None,0
1e04160a-b2e7-4d77-9308-8c092569f981,Student,10% Cashback,1
7b5d838a-f635-41fd-9425-9189148dfbb5,Student,10% Cashback,1
0c188d39-6515-41cd-af93-d7b8d52d6207,Professional,10% Cashback,1
61e18d39-8dcd-42d2-8581-02c442379814,Professional,None,1
5a5a84c8-e2f1-4a57-ad47-b3e3b33536c1,Student,None,0
57215199-151c-4eae-a42a-262928aa4441,Professional,10% Cashback,1
0bf2f3e9-3afa-4f49-9aa0-d162cbdf0ed0,Student,None,0
2d906edd-a29f-486f-bdac-8fcb61557606,Professional,None,1
d0a4fc4a-f2b6-4d06-ae69-fb21da8ea483,Professional,None,0
d9d37aeb-c0a0-45d7-9a7e-e752ef1c4c63,Student,10% Cashback,0
5ea99c6c-9408-4e76-91b1-965d7ea3e78b,Professional,None,1
7cbc8e08-ec65-4604-a3b1-d25b02195b54,Enterprise,10% Cashback,1
9dfaf226-397d-4375-8ee2-b84d76e72162,Professional,10% Cashback,1
82571e56-6675-435f-84ab-6efda986060c,Student,None,0
dfafbfef-2031-4465-b650-ccd7aaac860c,Professional,None,0
e3fc212a-0c62-4470-95a8-60b3fa62b369,Student,10% Cashback,0
75bfd663-456e-4e38-92b8-cc9b7cb21e10,Professional,None,1
c4f298aa-6e00-4845-8d78-9382013e2a36,Professional,10% Cashback,1
1f06cf05-777e-4dd8-9a23-e6302c5c77d0,Student,None,0
72e2959c-b864-40c3-9929-d56799c8f012,Student,None,0
9cbf1d97-b55d-4c18-8a4c-16ae80812d60,Professional,10% Cashback,1
a285af21-4962-4903-9a68-a5b26aee6f1f,Student,10% Cashback,0
6346748f-d106-4bf1-ac6f-b1ea950e5d51,Student,10% Cashback,1
cdbf93db-f902-487e-bb69-77e8f8dbe766,Student,None,0
c3d70cf0-cc22-4b44-a593-b8fe3c1e1c34,Enterprise,10% Cashback,1
d13bf363-901c-4e61-b9c0-1b3f00083275,Professional,None,1
f3e5670e-f0dc-4412-ab4b-47c96029f224,Professional,None,1
e1d31d40-b514-4bc9-923a-5922e968d5e9,Student,10% Cashback,0
76c9cb9d-852c-404d-a769-053fb9962677,Enterprise,None,0
32d88128-cb9a-4cdd-ab0e-9eab6ee1a683,Professional,10% Cashback,1
c6e974bd-88b9-406b-9f7d-5a6fb97bdbf0,Professional,10% Cashback,1
a2621dfa-00d9-4ce0-9dc8-aa68f5670420,Student,None,0
69892b8c-ae24-49d5-ac1e-318917afa2f4,Professional,None,1
dc308774-fce3-44d3-992f-2b9db2070061,Professional,10% Cashback,1
4308ff4e-05d8-4e43-8a5b-62f7d05d5a17,Student,10% Cashback,0
23a681c9-a562-4aa4-b456-01cfd6ccc929,Student,10% Cashback,0
b6d54894-5df7-42f6-8217-f88c5a63d5a2,Professional,10% Cashback,1
eadbdfbb-658c-423d-960c-3df4738cf017,Professional,None,0
5ea60aaf-a536-4187-84ec-9b19076cb1ab,Professional,10% Cashback,0
f7abd2bb-0cf3-4d85-898b-aa2b76d004c1,Enterprise,None,1
26bc0946-8a4a-4f47-98c3-6899cfda0af6,Student,None,0
7b06d094-46cb-4a0c-9acb-29a83d21659a,Professional,None,0
2887139d-7a2e-496f-83fe-0f97770ee1d6,Student,10% Cashback,0
b2db3d5d-3dee-4448-887c-5e3498b9ef6a,Professional,None,1
28df3744-d5de-4290-915e-7d98bc68e6b7,Student,10% Cashback,0
7bcdf28d-2143-43f7-8189-d2eb70e8692e,Professional,10% Cashback,0
c584c98c-59af-4666-94fb-a3617f1133cf,Student,None,0
d0867630-25a2-45f9-a869-8903b1035ef5,Professional,10% Cashback,1
81cbf1d6-5370-40f5-8587-81e5a1b15194,Student,10% Cashback,1
fe06ab35-852b-49df-812c-aafb0a83dd81,Student,10% Cashback,1
35cbd5e7-aee3-4e98-bb6b-651de7571686,Enterprise,None,1
d647ab6c-5da6-444d-b399-d01a2108b1af,Professional,None,0
13c4f59c-697a-4c65-895d-f2eb57d916ba,Professional,10% Cashback,0
46f4270e-817f-4cd9-af2a-7b7bfdb3c6f6,Professional,None,1
b7388ca7-bce5-47f2-b21b-f9723ac568d1,Professional,10% Cashback,1
b622e788-7d80-4981-8b31-9f8da2c5aeaf,Student,None,0
ce0206f0-eb1c-4818-9938-aa24228b4e14,Professional,10% Cashback,1
412dd720-081b-4619-8394-19b4df9ae251,Enterprise,10% Cashback,1
63da54ea-ec1c-4aa9-be60-f5e683e5a69b,Professional,10% Cashback,1
a67d51b5-13c5-4263-a9d0-a1e4550a5fed,Professional,10% Cashback,0
84788718-7434-4724-b409-1d64b893d6af,Professional,None,1
f7d9874a-d320-4666-91f3-bdc0654f779f,Professional,None,1
2cb84a3d-1499-40de-8d9e-05a3964e7deb,Enterprise,10% Cashback,1
d969ca1a-48cc-42a4-a028-cc4d41da78f8,Professional,10% Cashback,1
9f85c6cf-e25a-4ca8-b78b-bd509fe9934b,Professional,10% Cashback,0
c9630ed5-c847-41c4-b31c-e8866c7bc7c7,Student,10% Cashback,1
6dc4065f-ebdd-46e7-8dad-2428f0912739,Professional,None,1
525a6af1-fc72-4646-92e6-7297a32d459d,Student,None,0
1c13bad3-09fd-4e90-9e14-ee38864b59e8,Professional,None,1
c41b22fd-8c70-4363-aaac-393f1543e0de,Student,10% Cashback,0
6b685e23-9f11-4dd3-9ebe-f13aa18bf414,Student,None,0
b479f692-a83a-4c31-8644-9a992671d95f,Professional,None,1
8c92dcee-c849-4fb8-bc23-c3e7d30957b5,Professional,10% Cashback,1
a1f19783-c421-41ab-bec1-737cf0e84c6b,Professional,10% Cashback,1
8dccc690-2364-4d5a-950b-53a31ca80ac5,Professional,None,1
0804a67a-e12e-444d-b631-903274e46221,Professional,None,1
7cdc282f-b82f-451b-8427-ce0d54fb9b8e,Professional,None,1
ce2a7f0c-d8e3-4a9c-bd10-ced807d17d27,Professional,10% Cashback,1
297df3bb-6694-4b4f-b19e-6478e652d707,Professional,10% Cashback,1
9b963bce-cfcd-43a7-9f96-277204a06a3c,Student,10% Cashback,0
9ec3a420-7597-46db-9031-2e9e078fcc37,Enterprise,None,1
9351731e-fca0-4a44-903e-1964dae09d80,Student,None,1
ed523f4a-0eca-4e5c-9c87-f917ac88b0d8,Professional,10% Cashback,0
9453afca-1e9b-4245-8165-6a59d06547a5,Student,None,0
1eeac58b-4b09-4ff1-a698-056dfa31db39,Student,10% Cashback,0
aa2d78e7-7363-41f9-8f03-f69925cadb15,Enterprise,10% Cashback,1
53660220-89d6-4b1b-9f6f-17b018d490ea,Student,10% Cashback,0
1b4f776b-d813-441d-bc42-b908a3383b9a,Student,None,0
4c473e4b-60db-4843-a942-cd3d0701a31a,Student,None,0
bf9b48d2-9865-4877-b517-83783a27052e,Student,10% Cashback,0
ec1fe8c8-e6fa-4e1d-aced-66fb55d36c3e,Student,None,0
c81b6d08-3695-40d9-8993-1c5be1ac7c1c,Professional,None,0
a822b977-604d-4610-964b-1571e7553f1e,Enterprise,None,1
7cbfe2ac-d261-40be-9d9d-7fdb4189d6f2,Professional,None,1
db602b08-6b85-44fc-a4f2-ed0f0fe88564,Student,10% Cashback,1
5625393f-fe61-4053-8a35-f6147dfcd149,Professional,10% Cashback,1
88e2928e-81e6-4ede-99ca-399927a2fd25,Professional,10% Cashback,1
3f412600-f988-44f1-a4c7-7a21793ee650,Student,None,0
ca86a3fc-6623-43af-bfca-d6ebca7b07e3,Enterprise,None,0
beca4cb5-cf6d-4356-847a-c352f93bd43b,Professional,None,0
a71cd488-43c4-4a02-b218-893012e09d2f,Professional,10% Cashback,0
e4f88634-4506-4f9b-b372-6718eb79eabf,Student,10% Cashback,0
5bf48401-3275-46ec-aed7-5a4e143488db,Professional,10% Cashback,1
5796f446-ead2-4ce2-9322-928312ee495d,Professional,10% Cashback,1
26bc5801-9e21-46f5-b12f-790d431a5183,Enterprise,10% Cashback,1
b06e2fe6-a121-4e67-b602-61e6c7125d04,Professional,None,0
f0466a90-887c-40dd-85be-9a652ec9bf09,Professional,10% Cashback,1
6a89d775-4fd9-43cf-9d7a-ad1b62c41e33,Professional,None,0
7843952d-67d5-4d59-875c-aa81f67ce49f,Professional,10% Cashback,1
bc095964-97d6-4f94-9163-6422593703ac,Professional,None,1
144392e8-fbd4-4eb1-b253-4760febee00c,Professional,10% Cashback,1
ba737606-ca04-4c7b-a2b9-84824ebc9999,Student,10% Cashback,1
59847802-78f8-44f8-bf44-7c2d71abdb53,Enterprise,None,1
f94697c4-e3dc-4081-bbb4-f193760f0ef6,Professional,None,0
d970138c-6f96-40ec-970b-ed28616a4945,Professional,None,0
1bc19f96-970f-47a3-a85a-13c4da9662eb,Professional,None,1
a5e22b3f-2bb1-4524-b57c-9267f90f4065,Professional,None,1
8bd2d438-3572-4b94-aff2-5b79566921e0,Professional,10% Cashback,0
9af71875-aca0-4940-bb86-74a598c42937,Professional,None,0
ef48c04b-7f01-4fef-bf82-b9c0d67fbc8b,Professional,10% Cashback,0
4d698457-645a-46d5-847c-3f795df9f246,Student,None,0
a5c75c7b-f6a5-4cc7-8e98-0f7e30c42741,Enterprise,None,1
2a085d0a-43c7-4b54-b4b7-9bd681efe65c,Student,None,0
aa9b32e5-cb0d-4686-aeec-30a2eaad66c9,Student,None,0
d9bcd3f2-3485-4a6e-8746-2649a3075fcb,Student,None,0
db068887-aa81-4ae1-b2e9-80ff5fd8e26f,Professional,None,0
45b70984-6053-47d7-a042-bc85533fde11,Student,None,0
32106f05-a79e-4835-8038-1d082bd69fd6,Professional,10% Cashback,1
2f805bbd-742c-44c9-993c-7e24a00364ca,Student,10% Cashback,0
cef7a3fc-3751-47c7-b300-6ced06f91091,Professional,None,0
47f8ceed-930a-46cb-95a7-ed9b845e498b,Professional,None,1
cb5c6d74-18c6-4f8c-8575-1cdfbcd5c073,Professional,None,0
a1c13680-5eb7-4494-9ecc-cd38199d4f47,Student,None,0
3cd5a8bf-b90d-4f59-b7cc-4a56b95edcbf,Professional,None,1
7edae823-e1e8-4d5c-9568-9c48fe672ed2,Student,10% Cashback,0
85507aaa-2576-46d6-8baa-6071a1fdd8f0,Student,None,0
a27bce29-1e09-4579-a329-8482110eea87,Student,10% Cashback,0
729cb787-2004-490a-a8da-e40dfabc7d9a,Professional,None,0
45cd41b5-c129-4c9b-8a4c-6f3473559428,Professional,10% Cashback,1
867af600-fab9-4964-ad0c-d0a7cd85e9e5,Student,None,0
5440930b-ff28-4584-819d-b35276f43068,Professional,10% Cashback,0
98007b1f-165e-497e-96ec-47a41377cc84,Professional,None,1
06d2a5c1-6e04-4672-b564-f6043dfe6cfc,Student,None,0
20213c8b-d8c7-48ee-8e47-110566792d1f,Student,None,0
cb5b6289-6ffe-4abd-9407-a212529affbd,Student,None,0
97adaf2d-24c9-40f2-95f1-35d896af838c,Professional,10% Cashback,0
c8071594-2179-4bc0-9c2c-c1d8e4362b0b,Student,10% Cashback,1
bfbbf6c8-9d27-4af8-a628-5fdbcbe2c911,Professional,10% Cashback,1
035f00f7-6057-4ea5-998f-5b8579f78cba,Student,None,0
49a3985c-1aa3-4c78-8110-36a08b19bbec,Student,None,0
1e123bb5-53af-4885-bc48-e79763ae799b,Professional,None,1
1e326d7a-2992-42ec-823e-c227d9c16c91,Professional,None,1
ee2133e5-78e6-4a94-a1dd-a7dcf5c9b97a,Student,None,0
6edb935a-50c6-4b9e-8d86-7da126d4dba0,Professional,None,1
e8437114-0968-4f5e-9bd6-9309b10ae44d,Professional,10% Cashback,1
aee33a1b-a048-4843-92bf-b09a15d36fef,Professional,10% Cashback,1
46e83fe0-0d5d-47ce-81a1-746e366a4fe5,Professional,None,1
9cb1618b-27fc-4560-92fc-72c2a6b3a597,Professional,10% Cashback,1
fdf95af1-7f23-4049-ae25-be4ad3893e8a,Professional,None,0
3c2fc279-ebc3-4b6c-b556-14099b1fbf28,Professional,10% Cashback,0
826aa82b-d7da-4862-8c00-ae0942e84cab,Professional,10% Cashback,0
c66625e1-26dd-4b1b-9e4b-ffe81e6df3f6,Professional,10% Cashback,1
0acc78cf-a1ef-428d-a084-1b0d129eead5,Professional,10% Cashback,1
90d09984-a03f-4903-9d28-f0245dc6cdef,Student,None,0
cd78dadb-5b1b-408f-acf5-53d1c54b4b0f,Student,None,0
a20cb00f-0188-41c2-b83b-8195c44a81d8,Professional,10% Cashback,1
4ff8977b-5b82-44fc-aab0-a22eea8c721f,Student,10% Cashback,0
fc11732e-87ea-4abd-8f84-17aaaa471f58,Student,None,0
b3b3c474-4f8c-41ae-a628-43d5ddbb05be,Student,10% Cashback,0
a28e208b-679d-48a8-ae99-12e8b7c787a9,Student,10% Cashback,1
a5717e22-6591-42e1-b1d4-e1ef49b55a93,Professional,10% Cashback,1
c644d8ae-5fc6-49bb-b57d-9061461ae1f8,Professional,None,0
8cdc45ea-cf87-44f8-a882-b107fe439d61,Enterprise,None,0
f7edf1ba-599a-4e80-80ec-8f8e08fe505d,Student,None,0
c651904e-d1ac-4588-9f0d-415f96c0b0e2,Professional,None,0
b46029d2-23ad-4db4-ac03-bc83e37e9762,Enterprise,10% Cashback,1
756b5a68-9e96-4464-a80b-7bcf3870b965,Student,10% Cashback,0
3f4514a6-ff1b-4f3a-8457-b6babbc6e0ed,Professional,None,0
e0e7a3e0-e2a6-4d57-8ba6-f2d32078a8dd,Student,None,0
f2d2e9d8-a6fa-409e-8d5a-d413ae1c7393,Professional,10% Cashback,0
8a73c00b-971c-4ab7-923d-6034b4af4ccc,Enterprise,None,1
63b73c5e-19dd-4dc6-a272-abdab8b11f29,Professional,None,1
dc4fa633-52a1-434a-85c9-2e49d1de382d,Student,None,0
b0dbc07c-158d-47ad-881d-9f62b2db1f8a,Professional,10% Cashback,1
91461840-8367-4cd8-8a4d-d94e33326fe9,Professional,10% Cashback,1
d67eb7cc-eb4a-4f02-85a1-77e5ad6155e3,Professional,None,0
e9a1a0da-64a4-43bc-9001-799907f862d3,Professional,None,0
546c6e82-4808-4d73-93d0-43c1c495cb53,Professional,10% Cashback,0
b66bb89f-a572-4fbe-95d0-3fa9288fdd1c,Student,10% Cashback,1
7da851dd-ae06-4952-8712-716681a0aaa5,Professional,None,1
f1304e16-d986-416f-b4f0-97e43e73e34b,Student,10% Cashback,1
4328f752-f352-438f-9b5e-54063a4660ca,Professional,None,1
ce7c35c2-1077-4b92-92b0-bf805a2c3c34,Student,10% Cashback,0
04ef0571-77aa-41d6-b11b-45146f6523e7,Student,None,1
fccdf932-d23d-438c-8746-16fb88a057f4,Professional,None,1
c14d38bd-960b-45fb-a3f1-b5cc0df1a531,Professional,None,0
dd5882e6-d167-48f6-ae3e-1df02b982d6c,Student,None,0
1e24628f-0f22-4058-aa00-f5657d5a13d8,Professional,10% Cashback,1
448b0de9-6d09-425c-9312-4740d839c614,Professional,None,0
814f2ac1-7127-4a19-a237-0c9bd48ae428,Student,None,0
5eda12a6-a836-4826-b0f8-2368c5f31c49,Student,10% Cashback,1
175d4dfc-c715-480f-8b8c-24fce83bc3d3,Professional,10% Cashback,1
2f7f0ef5-ec21-4a85-b518-55fd6bb4b054,Professional,None,1
23501a65-b6ae-40b6-9d4d-394009e01a6d,Professional,None,0
07ccba61-5bfe-4bfb-b335-64f55ac41217,Student,10% Cashback,0
62242ee4-19b7-4b42-99e4-612b33d3dea5,Professional,None,1
1739883f-51f3-419a-b26d-e9d4c06fa978,Professional,10% Cashback,1
d05c56d6-59bf-45ad-bd2b-a3e7ea368c84,Enterprise,10% Cashback,1
d711fd93-fdb8-42b4-8ce2-6ca1b18e4091,Student,10% Cashback,1
e01a7790-9c34-461f-9553-019fdcb2da3f,Student,10% Cashback,1
899ec121-12c2-4d6f-8123-e2f4ec87c8fd,Professional,10% Cashback,1
03426a30-fa3f-4fcc-89be-1f29022075e2,Professional,None,0
f5a17384-a67e-4305-acde-e72ca8a92fff,Professional,10% Cashback,1
605fd02f-a927-4e14-84d7-119d719e5398,Professional,None,0
8d17f5c1-eaa5-47c1-9c8e-257765ed655f,Student,10% Cashback,1
57ac360f-1738-4813-a382-6241dcafe79a,Enterprise,10% Cashback,1
495cb981-725e-4436-9166-e4cd5777b88c,Professional,10% Cashback,1
55c7a345-17a4-461b-ac00-0911b1082cf8,Professional,None,0
69cdcef7-861e-486b-b4db-85ccae2de001,Student,10% Cashback,1
d8972a16-d7db-4a68-923b-c4501c62f945,Student,10% Cashback,1
2c84318d-ce97-4fbf-9130-2e8a738d34b3,Professional,None,0
5e0c6730-2991-419a-a879-19d49e60a8b0,Student,None,0
8d2e87af-30c8-48d1-bbb5-ee737d6b2f3d,Student,None,0
0293878c-ade2-45f5-9fba-c30a3b94e14c,Student,None,0
3936685e-3ba2-4b47-aaaf-47b57d1d48ff,Student,10% Cashback,0
542bc878-0270-4bcb-9650-aa0f1dcb15b2,Student,10% Cashback,1
a892930b-80d9-40e8-9c97-41b52741b275,Student,None,0
836af881-f8fd-4974-8281-f6debd2fcf2e,Student,None,0
5adf905a-5bd3-4370-a8cc-5f972fc4e65b,Professional,None,1
e20e7698-204a-494b-b063-dd96d05c8a07,Student,10% Cashback,0
2a852105-19b9-4a05-8e36-428ebadcbfd0,Professional,None,1
05610be4-cf99-4a20-8803-d95ec4f17e7a,Professional,None,1
61de38e0-e358-4c14-8bbc-1793d1ffc4b8,Student,None,0
60de24e9-ef60-4009-a915-bd85ed47dd9a,Professional,10% Cashback,1
6378da97-617f-4139-ad47-30915a833278,Student,None,1
a9efb9ac-370d-41ff-80d4-7f34818d8e17,Professional,10% Cashback,1
029363e5-6866-40ad-a9af-026d073cb9eb,Professional,10% Cashback,1
b1eee981-d6ea-48b2-97fa-3d653631da2f,Professional,None,1
a2d46a8a-f777-4317-ae16-2f16db175912,Student,10% Cashback,0
8d87ba8f-d666-47d6-a3b2-3a01e2cb2863,Enterprise,None,0
eab85050-bd32-47e5-9ee4-f61b7d6c6232,Professional,None,0
e4597c91-f983-404a-b2f3-1adc4d3b6690,Student,None,0
3ef08217-0b73-45dd-b80c-dbc0b69121d2,Professional,10% Cashback,0
6d5d95b8-37d0-4c37-a702-2525a167ff2d,Student,None,0
22345c50-6e32-4753-8dda-cdbb9d72cd42,Professional,None,1
26572923-6dc9-446e-bc78-c9f280a48725,Student,None,0
71325d4c-7e85-460d-b7f3-fa37c6369af7,Student,None,0
f30d3d9e-78b6-457d-9537-9b51e08444b3,Student,10% Cashback,0
1e5b6957-37d5-4220-8a81-4577fc03f77b,Enterprise,None,1
6dc5e2b2-57e1-43e6-9b6d-3fbd645afaac,Student,None,0
44a8a9f0-89bb-4cde-b57b-d1f653b0c6d9,Student,None,0
c44e6b90-b15a-41d3-b26b-0d9a8df0f2b5,Professional,None,1
e773a478-37c4-4043-ad90-da6ba5cc8e1b,Student,10% Cashback,0
2fd7e47a-8ff8-4c90-8b10-800b1f7b73cf,Student,None,0
39340153-86e4-4e12-aa95-29a222f3f13f,Student,10% Cashback,0
04112bf3-3ae0-42ce-9e02-767439ec14be,Professional,None,1
8849e319-3dab-4701-bc4a-d631692466fd,Enterprise,None,1
9e4d8056-9d37-4412-b1dd-1c3677d09f41,Professional,10% Cashback,1
49108f06-e2af-4385-bf0a-50bdb04edf09,Professional,None,0
01a348ba-7359-40cb-b163-1eaff5674acf,Professional,10% Cashback,1
ec2b6e33-e8f7-45ae-aea8-195acb0ed283,Professional,None,0
85e93b85-aefc-4d6a-baa2-09ccabc8e883,Enterprise,10% Cashback,1
8f2ca592-726f-427b-9662-099833ac69b9,Student,10% Cashback,0
fc42f50c-69f6-4944-8783-cfe1e0100eec,Professional,None,0
0d35d42f-f55a-4e01-96a2-63c91398c879,Professional,10% Cashback,1
a822e898-088e-48f3-993f-1da25dc6079d,Professional,10% Cashback,0
610f814d-acd3-46cc-99d9-3f01e4f06e54,Student,None,0
bfcd459c-16de-441d-8796-041a2ff52398,Student,10% Cashback,0
7658ca55-7ae1-4d55-93a8-ca52f1dfc9af,Professional,10% Cashback,0
30bb6dd0-ca80-4b5c-8c4f-497f5fc9d202,Student,None,0
c5421bf2-959c-44e5-892d-2879c6e7b6b1,Professional,10% Cashback,0
4e6b0931-8c46-4109-b3f6-b970718053d6,Student,None,0
b7909e67-39ae-44b0-ab0c-5cda81b13971,Student,None,0
e369ab74-e317-4472-a90a-714c6b995955,Professional,10% Cashback,1
538fb726-86e4-4067-b279-ab73ed4b851b,Professional,None,1
bfbaa93e-3b52-4e16-93db-efcb9f64170e,Student,None,0
533c1d46-d29f-4501-bad7-4a1913badaf5,Professional,10% Cashback,1
61a75597-4d00-4b4c-a418-f22e293bd47f,Professional,10% Cashback,0
294caed4-4a23-43d3-bb08-cf00a458a28b,Student,10% Cashback,0
7829b929-c1ed-437d-9903-418e06b39996,Enterprise,None,1
15801a56-e143-4ffe-b60b-679803cc53a7,Professional,None,0
724ad523-ed9f-40e3-b144-4ad66a6978fb,Enterprise,10% Cashback,1
794c3617-9707-4103-abe4-485205c4e009,Professional,10% Cashback,0
d01ce08d-56c2-4811-bcd1-726e2204661d,Student,None,0
42620355-eb10-489e-a99d-d3b3b6ccf7e6,Professional,10% Cashback,1
2dd10f67-dc89-440f-840e-2c0ae36c6619,Professional,10% Cashback,0
076bda50-d05f-4e26-91a9-34b25f8aed9e,Professional,10% Cashback,1
47494e4e-04d7-4889-a731-123c48bc0da8,Student,None,0
727e471a-c888-4233-9a42-73e121bf15be,Professional,10% Cashback,1
6a911019-a37f-46fe-9e19-e51f321fef4c,Student,None,0
209c519b-7cb6-43e1-8db3-4f2019a6d610,Professional,10% Cashback,1
d22e1c57-ef30-43db-b815-fee078a73b9d,Student,10% Cashback,0
549c9cdb-7d06-4407-993f-7161a3d6af8f,Student,None,0
35c5147d-e65a-47dd-a0e5-ac29ba8247ea,Enterprise,10% Cashback,1
e0b6ef41-9a28-4872-80da-9006f2676685,Student,10% Cashback,0
e26dae6f-a4bb-440d-80ba-0b5ee1d3e727,Professional,10% Cashback,0
8f43237b-9b84-48b4-8244-40d1918e59c0,Enterprise,10% Cashback,0
d30213ba-deb5-421d-a676-383273e0d771,Enterprise,None,1
a2beec26-c0b0-42f5-83de-3694adeb4ed2,Professional,None,1
5bd89a77-0ab5-44fb-8511-c0d6567318f6,Enterprise,10% Cashback,1
c2b920a2-3982-4a5c-9bc0-f46edb0f43b8,Professional,None,1
a0d3a3de-2548-40c2-9328-ffddc676b899,Professional,10% Cashback,1
9a5ed336-447f-4f1d-b5c4-1818d5e6e56e,Professional,None,0
739df829-db71-4eec-9d03-e57cdd81b61c,Student,10% Cashback,0
d1d8a54c-29f2-478e-8417-c0e8377f5705,Student,10% Cashback,0
fc8ed778-2193-477f-8930-533a8205a737,Student,None,0
27f6625e-aa1c-437d-a950-180b5b663f6e,Professional,10% Cashback,1
d96b6826-c00e-4412-9950-de6b7ae484eb,Student,None,0
e41e88c1-423f-474a-b9fe-70c5d042fb67,Professional,None,1
85703761-07b9-455e-844e-83da9ea9c037,Professional,None,1
0db35d02-f476-4184-9ef2-8cc6a581cef7,Student,10% Cashback,1
bb50527b-ddfe-4a8f-acea-8db993487fed,Student,None,0
cc719294-8093-433e-924f-fd3fcd414a49,Student,None,0
0995e722-54e9-4d95-9d46-fae4f458dfad,Student,None,0
ec6fa57a-ca36-43f1-a034-c8a2dea10d7d,Professional,10% Cashback,0
64fd974a-685f-4bd6-b4e6-d3300aa12c84,Professional,10% Cashback,1
649b3b86-bcad-40d2-ab2c-a3a55ae9f209,Student,10% Cashback,0
27a90287-d0da-4e5c-b66e-be0f55df804c,Student,None,0
1a1fee54-6f4d-4580-833f-b1a5587eaf74,Student,None,0
f899b97c-cf7d-4da9-b8f2-ec5c0cfd83e6,Student,10% Cashback,1
f4574a94-3a12-4f92-80e4-78f16281da5e,Professional,None,0
a995263d-851f-473a-a086-a38b39951998,Student,10% Cashback,0
f8c0d454-accd-41cd-8327-e99ff74b43a0,Student,None,0
6793ea85-bbd9-4bd1-9a50-6aa09684c5a9,Student,None,0
5e92a391-1fa1-460a-a5da-fda7ddf4529b,Student,10% Cashback,1
ff6dfddd-e4a2-4011-a6a7-8835b8dee3d4,Professional,10% Cashback,0
a796252d-6aa5-41bf-bac0-7c7d49e06eb3,Student,None,0
a5fbd3af-dadd-4aba-a0f2-241e846dbdf4,Student,10% Cashback,0
50d337aa-386d-452a-8fce-056e61267575,Professional,None,0
20745ba1-7550-45b2-b53c-fde12063e17d,Student,None,0
5a037705-813f-47cb-ba4e-0841091b5216,Student,None,0
686d7bb8-aa32-42ce-b214-e4100bd054e4,Professional,None,1
90c0d013-3628-4897-bba0-0afaae6ae777,Professional,None,1
7baf101b-a0e9-4d7b-8aad-e4b016bb9010,Student,10% Cashback,0
047d5866-732d-40c4-b0a6-3c1c413843d8,Professional,10% Cashback,0
1a21cc8b-d926-435e-bba8-5c694fcce425,Student,None,0
57231bb3-2d66-47b1-b599-f52d2a8cd9c4,Student,10% Cashback,1
98123492-0dc8-4b00-bddb-ed120129a17b,Student,None,0
5ea7840f-6c5f-44d8-8c74-4e659eb859ec,Professional,10% Cashback,0
b5706d18-9888-4436-8634-9e257a3a1838,Student,10% Cashback,0
39330e0e-3b04-40c9-a6ca-be47307e86d3,Student,10% Cashback,0
e59666e9-344d-418a-8573-36ab3f009af7,Professional,10% Cashback,0
8d1a0b41-1868-4487-a95d-26156084f8b0,Student,None,0
a7f38c8c-f548-4266-87e5-fa5b35fa208b,Professional,10% Cashback,1
e58482f8-d5b1-41a1-b2f8-ba287eb2212e,Professional,None,0
01fb7d58-7276-457c-be45-8493878e2cc2,Student,10% Cashback,1
2da6a1b6-5126-462f-8356-8db3557fb6d9,Professional,None,1
d7851064-f7b5-4ec7-bb98-431edc782c73,Student,None,0
b88df504-062a-4069-aebd-a06bb801f4ea,Professional,None,0
67b4e190-29ff-4044-9655-fd8e2653ee7c,Enterprise,None,1
94b83f9b-43a7-43a5-9fab-8d7080a6f26d,Professional,10% Cashback,1
0501a5d6-cde5-47c2-88b5-5dcda80e5a99,Enterprise,10% Cashback,1
93eaddfd-f58c-406a-a7f8-bcd97b743097,Enterprise,10% Cashback,1
9f0f2d3a-ad4b-47bd-b1cf-44c288e59fd0,Student,None,1
185cd0d3-7b7c-43f7-bf32-fa3660942395,Student,10% Cashback,1
6f2c2091-3c7b-4774-91df-237354339331,Student,10% Cashback,0
3ce86fa6-be9d-4bb5-a99c-65b12e6cafc5,Professional,None,1
60ddef99-0af9-4672-b987-41b367b32e7f,Professional,None,0
63f41fac-c254-4328-bf4d-637307711525,Student,10% Cashback,0
9ef8fe09-1f46-48bd-a031-728b1b0cdcaf,Professional,None,0
ec401ddd-2096-4bdc-ac43-75c0e241a2d9,Student,None,0
e95dbe55-f16b-4f08-beb2-bf30ef02fe46,Enterprise,None,1
76cab13e-ee20-4413-be05-0e5360e51133,Professional,10% Cashback,0
803b905f-eb71-4ed0-8874-b581c5c2a6a8,Professional,10% Cashback,1
4d64d163-a2be-4917-a9bd-be5b37e20319,Professional,10% Cashback,1
d39a3ee8-8d2f-4b55-9bc2-d03385be1d14,Professional,10% Cashback,1
77c58a29-5b5b-4bd6-af6b-45e6d7beb76a,Student,10% Cashback,1
0dfc06b9-b418-455d-a2be-a2101ef97a21,Student,10% Cashback,1
15fefd5b-0b70-4ce5-89fb-298c62a760dd,Professional,10% Cashback,1
c80e1d75-95d0-42b5-bed9-70f1cca8295d,Student,None,0
e55658db-0a48-4b0b-95ef-35ec8e0db5b0,Professional,None,0
c63b1bea-3b77-4078-87af-afc602ad3a22,Student,None,0
dff9d13f-e701-405b-a281-582955598b42,Professional,10% Cashback,1
fcc1d487-980b-4921-84e1-5a2cdb189880,Professional,10% Cashback,0
4c7b62ce-1ee0-4367-abf2-b2619802c54e,Enterprise,None,1
97029973-4a6e-4c0e-a818-07fb17c37f99,Professional,10% Cashback,1
4fa73cb3-55a6-4435-932b-4f4744c19a19,Student,None,0
159d16f8-deb8-4db4-a154-918306d8ed6b,Student,10% Cashback,1
0c76ae09-750d-4deb-b620-6d74b177a31a,Professional,10% Cashback,1
deeb8a49-5c26-49ee-84d5-32fd36f1f5c7,Student,None,0
b3fb8bf6-346a-4639-a8fc-7509990a9852,Student,10% Cashback,1
86b1f7cd-4a6a-4955-a925-1b1b7dda33ec,Student,10% Cashback,1
104f1391-a13b-443a-b33d-d3f658b6025f,Professional,10% Cashback,1
2abb83d6-2896-4018-a398-36ecb00ac3eb,Student,10% Cashback,1
6b5e7ba1-5026-4e38-af86-5ba3db8c80ff,Professional,10% Cashback,0
f46e7a6a-6587-4cf4-a2d2-45c951fefd8d,Professional,10% Cashback,1
e2023295-2c91-4616-b5ff-de00e4a6bdd0,Professional,10% Cashback,0
c8a5f4ce-3a3f-4210-9296-ecf50833cc31,Professional,10% Cashback,1
12003fe8-391c-4096-a4f7-f86633cfdcf7,Student,10% Cashback,0
faec7cab-b788-4eb8-939c-174fb7d812d0,Student,10% Cashback,1
4097f841-d9f9-4e25-9da9-fbaab9245243,Student,10% Cashback,1
e0ca0c14-46a7-4032-ac83-d8b64f1941c9,Professional,None,0
4bd52263-c1b9-4d01-aeb4-4fb5b2d210cb,Student,None,0
0ccce501-d5db-4f25-a704-b90334fb81c5,Student,None,0
57baef25-16b5-4cd3-925b-90d17fee3edd,Professional,10% Cashback,1
7b66f4a8-f1b7-4c55-ac67-9b0685aaf4f0,Professional,None,0
f85a6ea7-7a2d-4182-a9bf-99cb70e8ae52,Enterprise,10% Cashback,1
0f40a84e-3856-4a0b-a5c8-6682d5df3f72,Student,None,0
c0a82fa9-66c4-4662-ad8e-5f28ab6aa14e,Professional,10% Cashback,1
0c4b9fc4-b532-4109-8ab8-d93f1468bc06,Professional,None,1
2d277a09-df9e-4c95-a950-108bbdf6b6f5,Student,10% Cashback,1
bd304a28-1ce9-4815-9fec-1de0486a799e,Enterprise,None,0
b10a028d-e9b9-4c7e-829d-287cbfc8f13e,Student,10% Cashback,0
f17e107a-7e2c-4445-9aa6-ef58509ed3fc,Student,10% Cashback,0
b5d538d5-89f9-4ef9-aa02-e2153586ed8f,Professional,10% Cashback,1
cfbe0ea5-a061-4351-a1d3-5a811a82e487,Professional,10% Cashback,1
dc9ba3cf-901d-4588-806e-0707e014682c,Professional,10% Cashback,0
360ee95f-73b6-4fd2-b547-858368820a86,Student,None,0
35ac63f2-bf05-4070-9cb2-ddf631ba31bd,Student,None,1
e09044dd-5bd6-46fd-a990-a4c624a8dbcd,Professional,None,1
19ba7a39-5b31-4420-bbc5-097b739b3f7d,Professional,10% Cashback,0
b5a0c980-f4fc-40d0-a8cc-bf0757a1ceae,Professional,None,1
e4b2109a-8af3-491d-96ba-bd32d067b05b,Student,None,0
98c48312-ba03-466c-994b-065b94817814,Enterprise,None,1
ce39239a-4b53-456a-8e61-734d6d8b75c9,Professional,10% Cashback,0
5769bc10-5cd0-414a-acb0-5581dcdc551c,Student,10% Cashback,1
6dff881a-0d09-4fe7-96b4-e66cd39661c4,Professional,None,1
1228bea2-13f2-4d6f-bbbe-bdb43b6e2408,Professional,10% Cashback,0
4ecc40d6-32aa-4744-a706-7f8a2a8571d0,Student,None,0
e9c2eac0-3369-4e9e-b04c-7df5c01f6065,Professional,10% Cashback,1
2bcce005-aa15-4dcd-bd81-d4cfd74e5b95,Professional,None,0
0d2b6edf-474d-4dcd-8737-06a76e500555,Student,None,1
b82acb8b-6b91-4cf1-b503-8ae8ab91c6e9,Student,None,0
a2376644-7a39-4078-83bd-1261b561ba18,Student,10% Cashback,0
c7ee9195-779b-4861-88ea-47ab530a987c,Professional,None,1
1735039f-5847-4d56-b2bb-be8e028318ad,Professional,None,0
2f2f10ed-0482-4450-89ac-e9389c4499dd,Professional,None,1
692b3160-73ff-4aca-b0dd-84050ebf6fa1,Professional,None,1
872b88f2-5590-444c-83a6-72e5d94e73db,Enterprise,10% Cashback,1
bcabc0e7-2670-4b32-835d-70e4789f3c9f,Student,10% Cashback,0
51304a4d-8ea4-418f-bbe3-8a92ad3261cb,Professional,None,1
efc8372e-42fd-4529-8110-ffcd678dd56e,Professional,10% Cashback,1
48edcf4a-6dc7-4dc3-9766-6a276c570c74,Student,None,0
b2076030-fed9-4905-934f-795a3c733613,Enterprise,10% Cashback,1
65888240-6353-4076-acec-65a73c2bbafb,Professional,10% Cashback,1
62405f4d-acfd-4074-b85b-1f728621a777,Student,None,0
619e191d-0f18-44d4-be81-8bef3e83d947,Professional,10% Cashback,1
7afa4142-46c5-45ec-b46d-8227595d9a81,Student,None,0
83c92f54-c245-4275-b6a2-5588258413c4,Professional,None,1
28953ae0-f757-400c-93b3-9895569bb7b4,Professional,10% Cashback,1
c009d978-fe75-456e-917c-518b5d333a48,Professional,10% Cashback,0
63913cd5-3f14-4c23-81e5-eaf7ce6bc67b,Student,10% Cashback,1
3f196088-7656-4aa3-9b1c-cd5170641648,Student,None,1
8bf202a5-a2cc-4e09-8188-3a8c67daaaf7,Professional,None,0
35a8d2e1-52c7-4eeb-9d7c-3661517fa7f4,Professional,10% Cashback,1
84cf95a4-0eb3-4c53-abd2-903ecb52452d,Student,None,0
ecfb3b9b-7407-4bb9-b97c-352e013d55f8,Student,None,0
c6a9aada-8b07-4cb1-8254-362f79c7420c,Professional,10% Cashback,1
f292c00a-34a6-4070-8a33-849c94da7728,Student,10% Cashback,0
031b75d2-c07f-4425-a43a-84802a2c82de,Student,10% Cashback,0
bbf49c39-2705-4078-988e-99b3ae4c1413,Student,None,0
cc48c104-05e7-446f-84f0-626b83ab279b,Student,None,0
7bbe8733-e6e6-4e73-a49e-33cd059f7b1a,Professional,None,0
3831411a-e0ef-4327-8d82-660e530cc20a,Student,None,0
4c3ed3a3-4395-4b2b-8061-66dcf88f079e,Professional,None,1
fd90222b-182c-4768-b980-7f040bf9de7a,Professional,10% Cashback,1
bcb2b555-185c-4dc1-b998-07231cf640b4,Student,10% Cashback,1
de3eb476-4dbb-47e8-8168-524c4d6185d6,Student,None,0
307dff41-e4b9-461d-afc7-e5de4c482723,Student,10% Cashback,1
5da355a7-1b31-4365-84d2-a641e402abac,Professional,10% Cashback,0
80d0b210-5711-48af-9fce-a1f174b76d39,Professional,10% Cashback,1
9d320bde-b062-406b-95c1-7d49c1d6857b,Student,None,0
fbc5fcb6-35a6-4fc7-87a2-586b4bae47e4,Professional,10% Cashback,1
a519cba3-18a9-4d66-8ed3-d5c84d7cd0f3,Student,10% Cashback,0
f4a20e42-56b3-46ab-bbe0-26c7f186b925,Student,None,0
33fe8823-e180-4dd5-bedc-84bd65a51f08,Student,None,0
80638db2-7e14-4da0-90c5-e0ec8c42fef9,Professional,None,0
fee27512-a5ab-43fa-aed0-86d8b5f8684a,Professional,10% Cashback,1
fd2745bd-44f3-4afd-bbcd-9aab1c8bf82a,Professional,None,0
247ebb03-28aa-4bab-8430-46ac53edfd57,Professional,None,0
6454171c-0069-4258-a2c9-8d1f5f659388,Student,10% Cashback,1
7ec8aca9-2ec6-4f44-bd55-84385252927b,Professional,10% Cashback,0
b83b6e35-09e4-4135-8c2a-294c83bc6f3e,Student,None,0
c6de80bb-d2cc-442b-a609-401429759e21,Professional,10% Cashback,1
255556a8-7997-4dc6-9c95-56b47b842183,Professional,10% Cashback,1
c23b7bf2-2a3b-4af5-aa47-d9c5f7aeb3a7,Student,10% Cashback,1
8e3db2c5-1543-49eb-818b-ae069082a889,Student,10% Cashback,0
c5872d63-e275-429a-b76c-4a04c4162f1a,Student,None,0
ecc846be-9d78-4450-a394-e7828167e8e6,Enterprise,None,1
67dda0c1-2f72-4551-b6e5-3875cb20197a,Student,10% Cashback,1
e68e71e5-4842-4398-be51-fccc160f717e,Professional,None,0
11506060-615c-473d-b53d-fa50db062b9d,Student,None,0
90b8c319-9d4b-4fdb-b927-7913a02bf273,Professional,10% Cashback,0
bec02dd2-d4e0-46ce-880d-17237dbe4a53,Professional,None,0
ff5a2e0e-acf7-4310-a386-7460a0cfe4cf,Professional,None,0
65746f49-a3d8-48e0-b7bb-23b3a74f1f51,Professional,None,1
7436c88e-6180-43e8-9c58-8aac73616ee7,Student,None,0
ff235807-7ada-4811-a2d1-a230b4701e5a,Professional,None,0
e5c9cd22-87ed-4340-b5e8-3144ecc3890e,Professional,10% Cashback,1
d4587b65-ae87-4c18-b746-4c14423eaa12,Professional,None,0
02ca0fe3-b9d2-4d9d-ad91-c64060a16a1c,Professional,10% Cashback,1
bbf7263e-4ef4-47ea-8985-9b6f41580e42,Enterprise,None,1
42f1e6d0-d966-4a9a-bb2b-7c126cd3d8d0,Student,None,0
9cc4bfad-d4f2-4342-99ee-6ea1b4affd36,Student,10% Cashback,0
26002513-b0b1-4866-8e8f-ded8f554dd9f,Student,10% Cashback,1
db887a09-c28b-4c5a-b41b-a7d55908b167,Professional,10% Cashback,0
0832e118-e82f-4f91-b7bf-478dc83700f8,Student,10% Cashback,1
0b5d0143-5c80-434e-9ea2-6f7e69becf3b,Student,10% Cashback,1
7079a58f-e93b-4194-b6c2-4365ea09f2ed,Enterprise,10% Cashback,0
1567ed13-0cee-4aa7-a5d9-aa19faf3b125,Professional,None,1
1048ff87-7891-49d8-a3b8-13d476b6991f,Professional,None,1
768d7773-a828-43b3-86b9-f14e682a1af8,Student,None,0
6545771f-3dab-4faa-9e00-20fc84fc0a2c,Student,None,0
9d0030df-2043-479c-85df-119034a1de42,Professional,10% Cashback,1
a0e36a86-f1fb-450a-b2b8-e3ae3271e403,Professional,None,1
c0ccaca2-dfb3-4f2a-9f60-1254a049ef18,Professional,None,1
43bc3775-21e0-4308-b4fc-dcbdc295e5f0,Enterprise,None,1
249abf07-687a-4c52-a2ab-6ef76d38f905,Professional,10% Cashback,1
4486484f-3308-40ac-9b85-2c28bd47d325,Professional,None,0
fa3bbcfb-308d-4b19-8377-26c4c2fdfb5c,Professional,10% Cashback,0
85c445cd-4fe9-4b9c-bb88-a2e3f2317968,Professional,None,0
ba61558c-ead3-49c8-b1a0-d7ea2c6860a5,Enterprise,None,1
3fb3f0ea-21b0-413c-9e9e-687545cb9973,Professional,10% Cashback,1
ae93c2eb-455a-473d-9fdc-c6a4f8dc1bb8,Student,10% Cashback,1
1ae8cb62-1f33-4b8b-878c-c7b105529e15,Professional,None,0
cc4dcc79-098b-432c-a49a-a237ae99265d,Professional,10% Cashback,1
d4f318e1-c534-439c-aab2-600717a9e541,Professional,10% Cashback,0
5fb89f7c-4b10-4d36-b5c9-39a432609ecd,Professional,10% Cashback,1
864af04b-9a9f-4f7b-8d90-ce3dbd1e6adc,Enterprise,10% Cashback,1
07666ccb-eba0-485c-9ccf-3c32ee874509,Enterprise,10% Cashback,0
66aad2a3-eee9-4e69-8063-0202222469b3,Professional,10% Cashback,0
cde6ab3a-e0aa-4536-9470-eb984cc08131,Student,10% Cashback,0
959d3494-9ede-4cf5-8a3a-f9f409e551df,Professional,10% Cashback,1
631575f6-86e0-4c8b-b115-448dc39c4092,Professional,None,1
3e4b56d1-1ee1-4e92-bab1-cc49f6a852bd,Student,None,0
18840de5-4272-413a-bef4-7b70a8fbfe14,Student,None,1
5fa8387b-336f-4674-a05e-84db82c8b025,Professional,None,1
be532a7d-4580-4991-8ea8-65eb7567f4a3,Professional,10% Cashback,1
14ea708e-3aa8-4941-b35b-88670367b614,Professional,10% Cashback,1
33e5da1b-d0f8-4689-8212-568f114d6f4b,Professional,10% Cashback,1
0c79d5d5-5be1-41bc-ba06-7220eb22be71,Student,10% Cashback,0
9b5b1d27-f146-4507-96ad-9ccc9ee3a858,Professional,10% Cashback,0
48b20af5-99da-44ee-a660-49508b04a88d,Professional,None,0
140226ac-04d2-4aeb-af55-3ec34487a331,Professional,None,1
5e49db90-a7c0-4243-9ef6-8cf307dca6a5,Student,10% Cashback,1
68fecc55-1487-4036-bf5e-d6de682f387a,Enterprise,None,1
f565fc93-60bb-4e68-a4fe-809bd6766318,Professional,None,0
c12c9b97-c635-48af-b7e0-eb96b3cba2fd,Student,None,0
1da53e43-14f8-4e46-9393-2df6a74eb5e1,Professional,10% Cashback,0
f45f75de-ff17-479c-a99f-fd51c98af12c,Student,10% Cashback,1
49ef0267-a4c2-41b6-a01a-c8740399881d,Student,None,0
70831f9c-2816-4376-9972-74793e56fbf8,Student,10% Cashback,0
c4feae7a-107f-440d-aa8b-4c5bfc21c380,Professional,10% Cashback,1
1a29dfc6-50f7-44da-8f0a-8b7a9d07daea,Student,None,0
5b536fc1-119c-48fe-9209-ab2bb8d4f9c1,Professional,None,1
7d8af40c-836e-4140-9451-c76d464be24c,Professional,10% Cashback,1
bb3a351f-0cf2-4c1b-8982-13a4e79aefbc,Student,None,0
04a48883-15af-4413-8414-2faf2e39d639,Professional,None,0
45f70543-1a25-439c-8b78-910a90fbd5bf,Student,None,0
44d0a6b9-fdd5-4235-917a-06523434af92,Professional,10% Cashback,1
4a7aa7df-6294-453e-b995-c8b30e24ffc8,Student,None,0
db112fa4-8243-410a-8dbe-225cf8e894b4,Professional,10% Cashback,1
c350fdb4-d4e0-43b0-af31-9a994276767b,Professional,10% Cashback,1
f1a53421-30f3-43a7-bc8c-2cc8262f6350,Professional,None,0
ab7b7a39-a371-4778-9ed3-daad4a174da2,Professional,10% Cashback,1
0865d679-3227-4fd4-a8fe-a22e0de8350d,Student,None,0
0298db00-0042-409f-9503-894bae2a146a,Student,10% Cashback,0
0b48b6fa-0061-4386-9482-3c2c469994fc,Enterprise,None,1
38998606-5afd-4f75-a555-e90b688fc0e3,Professional,10% Cashback,1
966e5ec8-d978-4d43-882e-2086e266e238,Student,10% Cashback,0
c6bc6416-4c1a-403e-8481-fcb01b707fe5,Student,None,0
097be86d-095d-4b10-b902-7a307ce988a7,Professional,10% Cashback,1
7bf01d45-216b-4ce5-a838-8163b77adf9a,Student,10% Cashback,0
8cb897f0-48ff-4256-92a9-3015febdcc63,Professional,None,1
ad57802d-444b-4efa-b0a7-e8484fba43ba,Enterprise,None,1
89d5c240-d8f9-4a68-b655-45028e01d3d7,Professional,10% Cashback,0
12e64dd7-8bc8-4104-9694-3fd8aec6b323,Student,10% Cashback,0
ba709540-932a-4614-8eff-cc44f7c999ca,Student,None,0
7095f05f-9aca-40bc-9dc0-fa5360555352,Student,10% Cashback,1
bea145fa-381e-44e4-aad2-c2f3e7822627,Enterprise,None,1
6fb7e0e7-1ef7-4a66-b02e-67a25cfe5507,Enterprise,None,1
91602278-899a-4239-a573-07aa9793bc56,Professional,None,1
77a224d3-f417-47a4-8dae-eaaa73821a37,Professional,10% Cashback,1
dafc25d8-15e1-49ed-82b0-d20747b01ff5,Student,10% Cashback,0
e5cd621d-4fbe-4a59-a838-f3b7e93964db,Professional,None,1
eb56fcc3-5c80-43a4-b207-2aa41a5e12ed,Enterprise,10% Cashback,1
48d47475-baa0-4f24-8aac-bacf386f9702,Enterprise,10% Cashback,1
1a8100ee-4ae1-4ea5-8b10-5458d09402d9,Enterprise,None,1
a4df443c-f459-4929-bd31-4014c0b46e45,Professional,10% Cashback,1
fa66dbf6-bee9-443b-a622-ca151b15dccf,Professional,None,0
1462913f-5e17-4dc2-8e56-16a41a5a8b63,Professional,10% Cashback,1
c0f6d32a-d9f5-45e6-b069-47379bb0d87a,Student,None,0
9402ade1-622a-4ba4-a388-fb5428ea746b,Professional,None,1
35b19d21-2aa5-4ad5-9713-7395d3111c4d,Student,None,0
e15b9122-0468-4744-8764-0b75c7056a39,Professional,10% Cashback,1
1f39ebb9-7076-479b-bdc1-498a7a6e9102,Student,10% Cashback,0
c186d505-895e-472f-b486-e418063400c9,Enterprise,None,1
f712892f-db9a-4daf-b5d0-df871ca58927,Student,10% Cashback,0
e13b58b2-d63e-4ddb-8f56-0ef5e95ce30f,Student,10% Cashback,0
1b85e4a8-627f-4d56-ac9b-3b40c98642cb,Student,10% Cashback,0
bd29b248-9cda-45aa-81b8-047b86835258,Professional,None,1
5df173eb-5540-4d77-96ca-e85daaebdf53,Enterprise,None,1
826e144b-cbe6-467f-9370-ee421ae7738f,Professional,10% Cashback,1
c4526e4b-71b6-4bb0-85f7-2eff57199336,Student,None,0
5c337e51-2577-4742-8c58-c54e2e7367c1,Student,None,0
106ba9c6-5b8e-471d-bc16-827566614670,Professional,10% Cashback,0
560fb098-fde2-4ce0-a5d7-43b189d82b7f,Professional,10% Cashback,1
48f0d74c-abde-4d29-8cfb-1a8b5d4102d3,Student,None,1
c58fcb88-4ac6-4ded-bcd2-7de453840069,Student,None,0
17089872-163b-41b9-928d-74ec164f8601,Professional,None,1
aa9b8383-b642-4977-939e-9f5451abad67,Student,10% Cashback,0
ed8eab95-a21e-4fd4-9983-107554ccca07,Professional,10% Cashback,1
1c595a74-25b2-4a9f-a8f1-6807b2609ab4,Professional,None,0
cb2a1494-3701-4953-9b99-3a63240b4f97,Professional,None,0
8eea670c-489b-4164-a7fa-226eeafec72f,Professional,None,0
5dec2c0b-cfb0-4350-bee7-1867cb4f1e55,Professional,10% Cashback,1
887da27c-fd7f-4593-a3c4-4b0617f23143,Student,None,0
874a337e-fccd-4623-9eac-eaedec949724,Professional,None,1
951758dd-f845-4d1e-8160-ba84d2197992,Professional,None,1
938b1c7b-7243-43e7-a2fe-89f62b586836,Professional,None,1
5da8f9fc-d708-43f5-88f7-6fdda1110908,Professional,None,1
704fbd6a-5973-49d2-b1d5-7932ae4c5b79,Professional,10% Cashback,1
b3fcbb43-7bc6-4de7-9f79-ac00d045afb6,Professional,None,1
810250d0-1703-45fb-a0bb-b6e9a5f7629b,Professional,None,0
8976d9e5-bcac-4f5a-9c9f-540fa7c9e0e0,Professional,10% Cashback,0
d4447108-c886-46fb-b4e1-c38eb6987af9,Student,None,0
d030de1f-3866-49ad-8e5e-7831e0314e0a,Student,None,0
c9bae457-b094-4ba9-af6a-41c67e39944b,Student,10% Cashback,1
3b8ed7f0-f64a-47c5-a981-e1ae2237b94a,Student,None,1
30cff34e-2af2-448b-ad5f-fb477310cf4d,Professional,None,1
1cef9755-5184-42fb-8675-a956107aab4f,Enterprise,None,1
2ef40a99-4eed-4d89-97ed-654a67fd6186,Professional,10% Cashback,0
d9b2903b-da4f-465d-bfed-825db6ef7592,Professional,10% Cashback,1
d1cdd0bf-55ad-4863-9155-925da6ceb5f7,Professional,None,0
31d7644d-4d3b-409f-b164-d42ebe9fbf13,Professional,10% Cashback,1
8443c522-7e05-470a-8da3-9d53c6b58148,Student,None,0
672ac7dd-b5f8-485e-8dd0-719913f5f979,Student,None,0
79fe0747-5157-46ec-92e0-e68271980c70,Professional,None,1
d20ba8ec-95f6-419d-808a-1ae59389ee67,Professional,None,0
3bf65c3d-5aca-4d95-8875-f46dcd8abaa7,Student,10% Cashback,0
fd178b6c-9c17-4609-930c-6aebade75f90,Professional,None,0
16014005-58b2-4c62-acda-7218fd39b56d,Professional,None,1
eefc9ad6-4690-4c17-b31a-0c24d22fb4f5,Student,10% Cashback,0
658e4f94-347e-4cad-9e00-8934c678bf86,Student,10% Cashback,1
0e7b748c-fda9-4b00-9230-c156ecd8d1c2,Professional,10% Cashback,1
dcf6e890-c501-411f-bb25-75ec47db741b,Professional,None,1
92c199ae-22a7-4467-95ed-72fa26c4a2f9,Student,10% Cashback,1
b43be316-3f8b-46ab-95fb-88d42f8ad201,Student,10% Cashback,1
50370e91-3058-4607-af68-f9372ba150fe,Professional,10% Cashback,1
e792d299-943e-451d-8edd-5fa89d56e91e,Student,None,0
4c810ab4-e4e4-4c19-85f2-a54745b16ae4,Student,10% Cashback,1
703340fb-5f53-43e7-8b58-2168be67aa71,Professional,10% Cashback,0
3c7c4801-b8ce-4e3e-af06-105fa31ff178,Enterprise,None,1
52babdfd-8445-43c8-829a-fc610ab29933,Professional,None,0
f8cd5310-5c24-421b-a2e5-833bc599b1a4,Student,None,0
a88ca24f-ab26-481e-b9de-5de568a29cdd,Student,10% Cashback,0
2f05ac17-9bf1-4e82-a5c1-79179bcf3db3,Professional,None,0
20c27544-1772-4250-8c2c-5210fd04a106,Professional,10% Cashback,0
8d14d837-1ae5-4d6b-9895-4c137341b195,Enterprise,None,1
5eb1b2a8-d212-4200-8c90-0bd9acc1af2c,Professional,None,1
6a3c3519-97bd-4ad5-a2dc-2e49d43df2a8,Student,None,0
3619a669-70f4-4d2b-9d00-21bbf744219f,Professional,None,1
94e7c56c-c2fc-421f-9b3c-56d1c5f74df5,Professional,None,1
e9137c1d-ba24-4c86-9ea4-e2432d42ccce,Professional,None,0
b9ed32a4-d5b0-4513-b4b9-ec0b204850fd,Professional,None,1
1703a3e8-6dab-4908-bdf5-86e0e2323984,Professional,None,1
1a941eb5-8cfd-4798-b6d3-ed101d069133,Student,None,0
bf76d2bc-bed1-44d9-9da5-9d83aaf4274e,Professional,None,1
02e582cf-02fd-455c-a057-2408c2be80a2,Professional,None,1
affe2651-4a0a-436c-aa9a-993bdd7537c7,Professional,10% Cashback,1
f64259cf-fc60-4cbe-898f-7cbf298dc217,Professional,10% Cashback,1
b2731dde-d0ec-4df5-96d5-b9c818b96ef9,Professional,10% Cashback,1
fdf11e81-7454-480c-944c-b9f0be426ba7,Professional,10% Cashback,0
288f3181-1493-4c60-a445-00263246ee49,Student,10% Cashback,0
497dcc05-2b27-41d0-9f21-b49088895b40,Enterprise,10% Cashback,1
397d9913-a80a-4296-8035-63bc24c612f4,Professional,10% Cashback,1
854e51f4-760f-4e0d-83e7-bfbbf46823d7,Professional,None,0
e3e2e88d-07ed-42ba-b2b9-ff23e42a18cd,Enterprise,None,1
164464f7-7440-47c2-9e7c-448456d51161,Professional,None,0
9298b54f-4a99-4e53-8a12-5dfdfca8092f,Professional,None,1
f699b991-d9b5-4214-a5d7-93bce8af2211,Professional,None,1
1982d27d-792c-4f6e-a69c-f4c3b3d39479,Student,None,1
0d883f88-10e0-40a8-93a9-a98b12bda0fe,Professional,None,0
a7af909e-7c97-46f3-a864-66047c0e8406,Professional,None,0
9ccbd31b-db35-4aa1-8d25-73be5c9aea40,Professional,10% Cashback,1
c9953043-0178-4c62-b60b-285bc259ffa4,Professional,None,0
54937ebb-8af2-41ed-9727-6b4f4072d978,Professional,10% Cashback,0
965eab86-afa0-4578-a31e-ca4009f106af,Student,10% Cashback,1
fe6d9768-ddbe-41c3-91a4-5aaad8d7c5b3,Student,10% Cashback,0
f590f02b-16a1-4ed0-9b1c-17f43d5ccb2d,Professional,None,0
82408616-6187-465b-a4d2-5f12d0647ce2,Student,10% Cashback,0
d1df8cbd-54eb-4844-afd9-33290da3ad9d,Student,None,0
0ee97db2-850a-45d7-8272-753536088f81,Student,10% Cashback,0
d2f48e17-f98b-429a-8ea4-fbb1c5d11c04,Student,None,0
0935f3d1-42ba-4a3b-ad7b-70b2f6a28157,Enterprise,10% Cashback,1
716ff13a-6dfb-47f2-8dfc-203fdabd6768,Enterprise,10% Cashback,1
87d2b76e-cdd2-4dd0-9ed4-bad453e298e5,Student,None,0
0d3147da-7a5d-488f-a8f1-4ab616509dd7,Professional,10% Cashback,1
9cb90643-4937-4a36-ab38-80920c787a9e,Student,None,1
073c6cc9-3876-423d-8885-da316fe9ea33,Student,10% Cashback,1
4a4f3718-4539-4e70-be63-d0d10e441b89,Student,10% Cashback,0
b6111139-cff1-44ce-b128-a1667712cbb0,Professional,None,1
e2e25db1-2c9e-4bf7-9e69-8e65cb4a9f54,Student,None,0
713a8cd2-e085-4486-8ea9-4f398c04e47a,Student,None,0
d0e6c319-85ea-4279-98a6-b231a1ee2a7d,Professional,10% Cashback,0
96900862-99ee-4960-8dfa-f957301fc61c,Enterprise,None,0
3144a50d-357c-432c-9500-bc0f9da395db,Professional,None,0
6bbea667-7e05-41c5-a9c1-dd6d72bd9830,Student,None,0
d895858e-abff-41d3-aaf6-57466ce5f336,Student,10% Cashback,1
d4ecadfc-8672-4bf9-b56f-514c19723383,Student,None,0
82dab850-48b0-4445-9790-53fb0ca18e2a,Enterprise,10% Cashback,1
541b5a4b-5171-4be7-b7df-5bd72436296d,Professional,None,0
f6eab01c-796e-4b47-a01f-31f3e5d74ee0,Professional,10% Cashback,0
b70e418b-3650-43a9-8120-a76b3c16ea20,Professional,None,1
9f9601d9-6831-4fb1-8c24-84591f43b5b1,Student,None,0
6b15f9cb-2aec-43cb-aecb-c6b0e7e0d5f4,Student,None,0
0219ff13-21db-45e6-b00e-08dc07e3d4cf,Professional,None,0
f8d0e6df-85c7-4f99-8338-0d860efc420a,Professional,10% Cashback,0
80e1b3d9-0af6-4712-9cc5-72a1d34419d7,Student,10% Cashback,1
9de4f2c5-b572-4bf5-b1d4-cedeac91a1ed,Student,None,0
a6d22511-f7dd-4ff8-bb16-caf459504718,Student,10% Cashback,1
ee0e67cb-6aeb-4e7b-999a-1797982d8383,Student,10% Cashback,1
43b5a2b3-4321-43c6-97cb-dd495cbdaf94,Student,None,0
8f12d688-31de-4f49-b5ff-4e0e9c49f141,Student,10% Cashback,1
c203aa34-3cb1-47b0-9376-25fcecca5059,Student,10% Cashback,0
481fa6ab-9926-4656-86fe-912ad7ab7864,Professional,10% Cashback,0
e6b6eac4-a3f4-4038-94f2-48e2a87ac524,Professional,None,1
e5c01b81-4e90-42dc-9359-22a59e541c99,Professional,10% Cashback,1
ca4a999b-38c4-44a2-8b80-c166151a1b03,Student,None,0
c5d7dbf2-0b6e-484b-b5d3-554578a63efb,Enterprise,None,1
0aba72a5-c084-4ff5-8cc6-24464d792f0b,Student,None,1
dedec4d1-2afb-4393-a542-7b3372344bc4,Professional,None,1
bbfe4c44-5ef3-4223-868a-fc910967a08b,Professional,None,1
e8aa64d0-ba8e-4e97-8097-40b6307b8a22,Student,None,1
93fcf41e-a647-49eb-bfed-3d0803eb3e3b,Professional,10% Cashback,0
43a9a20d-c3f2-4f05-b534-6d80f56a153b,Enterprise,None,1
9c9a4482-ea0e-494d-b8b1-1806ce40fa40,Student,10% Cashback,0
cad357dc-c8ca-4cdd-ad3d-df0da4adaefc,Professional,None,1
67dca291-eb43-4fc5-b353-6a21961497f5,Student,None,0
5a85cd9a-0383-44a0-b7f4-d82670f84fd1,Student,10% Cashback,1
e3948ce6-a21c-471f-b019-9bbc76ad517d,Professional,10% Cashback,0
18ec36b0-2d1d-49bc-aace-4289468486cd,Professional,10% Cashback,1
c23befb6-2d84-415a-bc3d-58a52bc94cf0,Professional,None,0
529a8ded-1ecc-494d-b581-cac0bbe90886,Student,None,0
5daa21f7-ca32-4054-8cb3-d6c91d63ddd7,Professional,None,1
1be2a40e-d904-4a3a-9fb0-5f383cc89e4c,Professional,None,0
1df35115-30b3-461d-aa5b-afd81d14dbe4,Professional,10% Cashback,1
ae29bfbd-6dc6-4ace-acfd-52c1b590a988,Professional,None,0
7cb9ca1c-686c-46dd-88c7-6655a062c2ed,Enterprise,10% Cashback,0
57500d8e-5d9d-42b1-9a9a-e9d11a54bfa2,Professional,10% Cashback,1
df1e2b98-dca3-4116-a3ae-0260536c3257,Enterprise,10% Cashback,1
e67ead5a-a47a-4de5-a9d9-b8dafc667a81,Student,10% Cashback,0
f4de94cb-57b3-462d-94ba-82b71edb7870,Professional,None,1
464c330a-bbb3-4b71-a69b-a850d9a3cf96,Student,None,0
d72a6e42-defd-4df5-9feb-5d76afd03446,Student,10% Cashback,0
a5b5606a-6460-467e-9788-6563ab0c4d1b,Enterprise,None,1
b0c6b76f-a128-4cee-9002-956691b5bea7,Professional,None,0
40f34c51-731c-418b-8dff-e8b8289bb9fe,Student,None,1
24d83e6a-26f3-4523-bee0-5610a33beed3,Professional,None,1
cc7d7d13-6c71-4e55-86cc-310dffc212d5,Professional,10% Cashback,1
9b00d506-404e-42d3-939d-c221ba1a6915,Enterprise,None,0
d1fc4fe0-8517-4b5c-9585-ca873f31e5f1,Professional,10% Cashback,0
ee3880f1-d349-4efc-ba80-e0e914d6227e,Enterprise,None,1
866eb60b-21f4-4763-b4ce-27388b53bbe4,Enterprise,10% Cashback,1
600c6c48-b064-4fc9-88f2-980921b84802,Professional,10% Cashback,1
227d6db8-3045-470d-bc83-80dd2f0278c6,Student,10% Cashback,1
274be8b9-0f9a-4005-b4ad-93485f26f95f,Student,None,0
5680dd77-91aa-492c-9fa8-a14a8dbe5501,Professional,10% Cashback,1
1adb75c1-5f66-4e7f-9899-773e76925dac,Professional,None,0
acd34cf6-e3ff-455b-9dfe-4aa512d64dc8,Student,None,1
b97d16fd-2440-43ce-abe6-0e50d2073d67,Student,None,1
ad23c39f-31e1-42ed-99b6-c2b8c968e281,Professional,10% Cashback,1
1735309a-f96f-4288-a6ed-dc973a418566,Professional,None,1
5e51773f-5ff8-4905-ad20-892960bd9b44,Student,10% Cashback,0
2240193f-91a0-4dac-b34e-de216f911f98,Student,None,0
11f4ef22-6028-4eab-a00a-04812025c838,Student,None,0
843132de-af28-4db2-957a-3b13ab9e5fd4,Professional,None,1
d4e874d5-28d2-4d65-a024-04ca5888b8a6,Professional,None,1
356cc531-c543-4f0c-97a3-8ad4d793c338,Professional,None,0
e124fe13-ef27-4f1c-b87f-4c8f388ef72c,Student,None,0
a5435709-32c0-42f9-bfcb-c44c973495de,Student,None,0
1fce93e4-87f7-40bb-9fd1-0c6142902bd6,Professional,10% Cashback,1
8998c9f6-98b9-4fdf-9db2-78bb4fef59fd,Professional,None,1
602e9459-5dd1-4ea2-bfd5-629708158712,Professional,None,1
20aca719-a99e-4008-8081-a338cf363d81,Professional,None,1
8b2a7047-39a4-4c1b-a674-e856a2b3676d,Enterprise,None,1
4367fdef-e780-4e99-9045-f6020a79105c,Professional,10% Cashback,1
b728468d-4706-4107-9491-d834fee30614,Enterprise,None,1
2ca52973-4363-46f0-8148-1e4339cb1501,Professional,None,0
e7f2fe15-1e75-49d5-8a56-d1c8ebbc7563,Student,10% Cashback,0
6a44b923-0a6b-4759-8c8f-760efe326db6,Professional,None,1
f233aefd-b236-43a6-a7ab-83436a5199bc,Student,None,1
7fed9f40-c256-4c6b-9b8d-5c68217ec0b8,Professional,10% Cashback,1
8d1d9c05-8305-41e6-815f-e409cfa0d4ce,Student,None,0
148e0802-6b2e-47c9-8f94-d234da5d3ac5,Professional,10% Cashback,1
f1166245-02cc-4d22-977a-01da7538ade3,Student,None,0
ce49d3e0-a920-4a5f-8252-0e1c2ff28252,Professional,10% Cashback,1
8df36d74-dc56-45c9-84f6-8336e147aab3,Student,None,0
8275d489-f014-4aca-99b1-f2b47ac40d0b,Student,None,0
064c9710-795a-47f7-a816-7ffcf6226f25,Professional,10% Cashback,0
85bfb82b-66a8-4956-bf42-737820c8c2e8,Enterprise,None,1
b78a3363-0ccf-43de-b3b4-b101465e75a9,Professional,10% Cashback,1
d5aad7dd-ae4a-4e44-89b9-cc2c6610e290,Student,None,0
61d9ac12-9323-4286-9238-15eb58d68bdd,Professional,10% Cashback,1
987145dd-53f1-48ae-a0e7-0f1a09323a78,Student,None,0
52203863-dca4-46b9-89c5-f565040f3848,Professional,None,0
60dc1a32-b4e9-486c-be3a-285b73c1e16a,Professional,None,1
8a344a3c-5a73-4316-91bd-3a156a4ce4e7,Student,10% Cashback,0
f93dd524-0865-4e5b-bb08-ebeb14e75fe5,Student,None,0
ed848c3f-c36c-4a6a-ac54-8ccc91cd3d4c,Student,10% Cashback,0
0cdf2de9-4db2-4cf6-b3f4-bc285c810cc9,Student,None,0
a7d8cbea-f738-46da-9ee0-cb8b6f3d6312,Professional,None,1
069cb060-f065-4be6-b8cb-362a41627649,Professional,10% Cashback,0
8ee3aec4-6fd2-497c-a24c-1112f5bf9e78,Professional,None,0
53a33d0b-fa42-4515-839e-85e116230569,Professional,None,0
e19266fd-efb2-484e-aa56-1b3b36f381e0,Professional,None,0
cc136ae5-5f15-4cfc-ab11-262bdc23d1bc,Student,None,0
74ed0aec-b527-46b0-b2fc-792434614993,Professional,None,0
8fd21e0f-9420-446a-ac20-c21609956ad5,Enterprise,10% Cashback,1
0e6e9417-cb76-4d2f-8da9-13e0ee7efa11,Student,None,0
33fb064e-9401-42a1-b09a-c80c6c013d4c,Enterprise,None,1
fbaf508d-4dc2-43ad-a2c9-8ecd6bfad8db,Professional,None,1
a753ca08-5bfa-4d7a-ac5a-e84e10d2bf04,Professional,10% Cashback,1
c2e67832-bcc2-4c57-ae4c-8e826be44bfc,Student,None,1
7b4c0b4c-3112-47f7-9151-f3782be91bed,Professional,None,0
2919b4be-1bfc-427c-8ec7-22cb042a0cec,Student,10% Cashback,0
9389e559-6099-489c-905b-bfe887e459a6,Enterprise,10% Cashback,1
7353e918-ee33-41d9-a6e9-8a285b3df346,Professional,None,0
b7be3272-627d-4304-9dfe-434f5f959e32,Student,10% Cashback,1
936e8f93-bee7-476b-ae4e-ef5d20a4d915,Professional,10% Cashback,1
c022b7ea-de87-4dcb-a538-d0311737ba98,Professional,None,0
06fb3bb5-0975-4128-9321-f4b048919e46,Professional,10% Cashback,1
47157317-b249-4d1f-9b6a-f87f144fa0d5,Professional,None,0
55b22b2d-2b78-4f5f-8348-27dd21238cf7,Student,10% Cashback,0
6ad6af3c-de22-482c-9d0d-e3bc1628d2a9,Professional,None,1
137e7850-d0af-4d31-8f99-ca8f775b322d,Student,None,0
76a43ab0-f691-4691-a5b0-8f76539687f6,Student,10% Cashback,1
f1af236b-ebb0-4a7f-a929-a39fa9d4289b,Enterprise,None,1
320d553d-533d-4131-af86-37310b98af65,Enterprise,10% Cashback,1
68652a81-69ef-47e5-b417-e30e36564c54,Student,10% Cashback,0
b64252e6-9135-4606-a192-890694d7cd4a,Professional,10% Cashback,1
86b9490b-d192-4607-96d2-eca1989b39a8,Professional,10% Cashback,1
3877f025-fe96-4bf5-87ae-39596f9bbb5b,Professional,10% Cashback,1
7c2730ef-304b-4faa-92fc-caacf11b7189,Enterprise,10% Cashback,1
28574a26-31e5-4720-a153-6b5e6ac4051c,Student,None,0
4ee5d691-e5a3-4145-8bea-ad4b723a40bb,Enterprise,None,1
406f49f8-381d-44f8-9c90-d1722f37c8e2,Student,None,0
045eeb7a-e472-47a6-82f0-be09651ebae6,Enterprise,None,1
231c22f5-96d1-4409-af53-d9a09895fe04,Professional,None,0
8162e827-52f3-47b1-8fda-55fc7e273788,Professional,None,1
8e5bedbc-7848-4dfc-9f86-4648962d10c5,Student,None,1
75bf08c4-d030-45c4-93f9-f50ffc113a40,Student,None,0
5815e408-5d3f-4b8c-a0e4-306a320c4fd5,Professional,None,0
4cbcbb53-912e-4e95-904a-50dde1ad1794,Student,10% Cashback,0
bcbbe188-535c-4805-9bb3-83b51764ad9c,Enterprise,10% Cashback,1
4f4324fb-2233-462d-b18e-44d289313ad7,Professional,None,1
b741e035-c9b3-4959-bc4d-1e38b0f4a838,Student,None,0
2f91a409-d378-4352-a119-be574a9e8012,Professional,None,1
4e0f5659-3a8c-43cc-93d8-9e3d4ca7c6c8,Professional,None,1
c838de6e-279d-46be-89d2-0cdc18293bd7,Professional,10% Cashback,1
99dc82c4-4936-488e-b191-3e4af5e2ce92,Student,None,0
53300fd2-f5e8-43e0-9ba4-3c661caac429,Professional,None,1
8fce9adf-a719-4681-983c-a18574a84080,Student,None,0
98a367cb-b44f-47c7-9eb5-1f6ad738ee78,Professional,10% Cashback,1
660bb589-666b-4585-8bcd-e59a9121bf4d,Student,None,0
2c2c163c-2da7-4173-a79a-568644d1793b,Professional,10% Cashback,1
7d17fa50-e596-4c90-b930-1d299e00f3e7,Student,10% Cashback,0
412f40ba-1a73-4fb2-af34-c9544e2b37f4,Student,10% Cashback,1
4200cd1b-ca8b-4ed7-ba19-b13032b3b177,Professional,None,0
83f1668c-97ec-47fe-8811-0e190306436d,Student,10% Cashback,0
508acfd0-8032-48d4-954b-766e4eeffb81,Student,None,0
dd90e92e-acf2-4762-9710-922ff9b28125,Professional,10% Cashback,0
92fb7118-aec3-4a5b-b1db-16082e4e7c12,Professional,10% Cashback,0
f6eff290-b167-4b22-a463-1943ebde3dad,Professional,None,0
ddd7c8c4-8825-4f71-88e9-51f300d576f8,Professional,10% Cashback,1
fa6fbe20-8055-4dc3-b2f9-348b3ec6f99e,Student,None,0
8625354d-c849-4e16-866a-b7167e692a23,Student,None,0
b426391a-23d6-41a0-9f59-fb7e0ff6c677,Professional,None,0
543c77b5-b355-4a7d-9a44-d4a7fc7e4986,Professional,None,0
86abc23c-df66-4cee-bf50-5031543d521e,Professional,10% Cashback,0
076ab213-2ad8-4364-bfd2-487a6c98aa28,Student,10% Cashback,1
b253338e-64be-4673-b578-906e00311e17,Professional,None,0
0270957b-82cd-4c9e-9efd-18009b332388,Student,10% Cashback,1
b71f87e8-4797-436f-b061-d9cbee8233da,Professional,10% Cashback,0
cff3ce32-6e65-4f6e-9e74-3ef3f0222632,Professional,None,1
1867b9d5-b699-45ea-bb12-ccf63c6ce7b3,Professional,None,1
936039c1-2637-4c33-98f4-4cc52af8247a,Professional,10% Cashback,0
c92c52b0-1cef-471b-910f-215c87af44cf,Professional,None,1
6f632b94-462e-4381-a732-a397c25e9ae0,Professional,None,0
22ee57f3-86f5-4945-bc5e-b34991ec47f2,Student,None,0
5102df10-ef9f-4a5a-80dd-a13932708c4b,Professional,10% Cashback,1
1c5eab78-8683-473b-8648-722fdd080b42,Student,None,0
75c9e3b3-f0b4-4dd1-8576-b327a87f0a1d,Student,10% Cashback,0
a3dfc75b-a5bb-47e9-94ce-5f3ac1628127,Professional,None,1
d1da3321-4aeb-42af-ae17-8589fb25866b,Enterprise,None,1
a6bb0ca2-185d-41b5-bda6-3ac4abfbac1b,Student,10% Cashback,1
55b1ddde-44df-42b6-b7f1-6f1f160bdb8f,Professional,None,1
3cf8d0bb-a02e-43d0-90eb-9727f1052a8e,Student,10% Cashback,1
11244b62-3874-4ce0-aa6e-bb940036a656,Professional,10% Cashback,1
41cb992f-3685-42fd-a4f0-1b605afd7302,Student,None,0
4b42cfa6-f7e3-440a-90a1-e95d74826f00,Student,10% Cashback,0
64f7eb09-28e4-424c-95c8-6bdd837529d9,Professional,10% Cashback,0
0a42649c-52d4-416f-b070-5ae995ac835a,Professional,None,0
3c164770-13dd-4a29-8393-7a932ea8c470,Professional,10% Cashback,1
433b4dab-0f00-4632-aabd-690601752e6c,Student,10% Cashback,1
c873288b-0129-4fcc-b775-b8e579f215f8,Student,None,0
b0e043c2-1d65-4e98-bb49-fde564748d34,Professional,10% Cashback,1
6a642180-94bb-4c9a-9e84-f075285d6fa5,Professional,None,0
57510a4d-19c7-4da4-a0a1-8309e6d796d0,Student,None,0
0f078990-7318-4e41-a598-528b8f4479c0,Student,None,0
328b283b-9a37-4430-bf80-f0f4c90b72ae,Student,None,0
f9178403-9ee4-4318-8487-41899e53a88c,Professional,None,0
3dab117c-710f-44d5-8e6a-bfbed254ab0a,Professional,10% Cashback,1
0d86098b-aeb7-4b82-a29c-c652df1409c2,Professional,None,1
39bc5d45-7538-462b-b817-688cb1c69174,Professional,None,1
692fd001-3014-4972-baa3-206e31db3b58,Professional,10% Cashback,1
f4c03f15-063f-452c-b82c-2938fa10c84f,Student,None,0
4809b4f7-1a28-49cf-8b0e-932136cfb41c,Student,None,0
5d6b74fa-9176-4a1d-9a48-78bd4aba53f2,Enterprise,10% Cashback,1
2a4c1667-9560-4b74-998c-f9ce9cd185bc,Professional,None,0
ec65ece9-5b4a-4f7a-94d9-22159341dae3,Professional,None,0
5e6c3cd7-f8ed-4b18-b573-97fb40560448,Student,10% Cashback,0
372318ac-ea5a-4843-9ed7-391e1e2b0436,Professional,10% Cashback,1
04154493-3e54-4aa1-8729-7d279aa55f35,Professional,10% Cashback,1
34d2b24d-3cff-48ec-82a2-42312f7f5902,Student,None,0
8d3a17a7-f098-434b-8990-1da78ff8af5e,Student,None,0
25857f50-92b5-4294-8159-a3137f0c2428,Professional,10% Cashback,1
e37a33a0-ab77-426d-bfbc-9cf355f0f376,Professional,None,1
df23a573-613d-471b-93d6-f1c2498dfc7b,Student,10% Cashback,0
ddb25500-f08d-4659-9da7-ec196af0e0f5,Professional,None,1
0f60045d-4f40-4714-b251-f61baf2f76e3,Student,None,1
795bd77c-c5af-42b9-a8fc-981c771d02b4,Student,None,0
709b1f03-8447-44f6-ba6a-bc5cf4bce04e,Professional,10% Cashback,1
bcf76dab-8807-475d-b7c1-0a21eb13161b,Enterprise,10% Cashback,1
13c44978-6c44-41ed-9d28-d086fdb64643,Student,None,0
63236796-d169-437e-94b9-ba125a0291f9,Professional,None,1
eef81c4d-4f50-4fc3-a8ee-01367ba9b561,Student,None,0
3cd60c52-bcc3-452e-9791-390a3a21212e,Professional,None,1
6546dd4c-cec9-4a93-8744-bb698a9fe6d7,Student,None,0
2ddcbe3f-45a9-4409-a133-2d30423fc634,Professional,10% Cashback,0
871fe985-086b-4a70-b8ed-e58514cf64a0,Professional,10% Cashback,1
8e2fac79-0268-44c4-938e-0fd751337cca,Student,10% Cashback,0
2cd11d0a-ddcc-4b66-a888-2c8c2e987d79,Enterprise,None,1
ee7b45d8-5ec4-43e3-8cf1-692a6f72c5e4,Student,10% Cashback,1
9fd6d089-b539-4120-82fd-4d2175588835,Professional,None,0
1bb4c61b-e294-4456-b4fc-89f6b624b310,Student,10% Cashback,1
d8731577-0e6d-4d14-9b3a-b35d3fc3e858,Professional,10% Cashback,1
3e5f5f3e-f8c8-4d9c-8c95-088ebbca0fbc,Professional,10% Cashback,1
f0af90df-dd1b-451e-b6ab-d078f459d74b,Professional,10% Cashback,1
c34b2cb8-27ec-4fcb-9a1f-588b233b4d4d,Professional,10% Cashback,1
584af42c-bb90-47b9-8f56-57b3afef8e1a,Professional,None,1
a592e03d-30c4-4100-9523-ee35cd2d84d2,Student,10% Cashback,1
80d18d6d-756d-4d8a-b361-2699ec101232,Enterprise,None,1
97acd537-3358-46ce-b93a-02099eae17b1,Enterprise,10% Cashback,1
e6fd2517-06a9-44f2-b5c2-8c90477885b3,Professional,None,1
93ebab8c-22c4-4078-9ac7-2945023a37de,Student,None,0
f95c6704-231a-4ae1-a77b-f97dd8b446b8,Professional,None,1
9950f3f0-7d3e-412a-bcfd-7765c5d20059,Student,10% Cashback,0
149d5f8d-2e1d-4dbc-a720-74c42eca18ef,Student,None,0
f1facffc-2294-44ca-a068-a320bc3412f7,Professional,None,0
e11ffbc6-a562-4ec8-b011-600d08b81987,Professional,None,1
af3c83d9-d97a-44df-9931-651189c77f6e,Professional,10% Cashback,1
9ca6971a-33e4-4cd2-aa6c-b020fcf67954,Professional,10% Cashback,1
66ad6fe8-92ff-4856-9fc5-4be0711b8e4d,Professional,None,1
026df40b-5234-445d-a4e5-ac47cb1dd19e,Student,None,0
998bc31e-fb45-4617-ba2a-463c02e591f8,Student,10% Cashback,0
2e1d313f-b19a-41c4-a914-d3b2f24b63b3,Professional,None,1
dec6f731-d3bd-428a-9187-495c34e57741,Professional,None,1
b8e52994-3627-435b-833a-fb5ef6a667ad,Professional,10% Cashback,1
04c4538d-1fd3-4d1a-9d0f-ea644cb14dce,Professional,None,0
41729f56-4ed4-48e8-a20e-2339b73ea794,Professional,None,1
568a2989-106f-4344-a3a5-7a4af9e2b7bb,Student,None,0
a7c8b5ec-e53e-459e-9367-adc633e504c4,Student,10% Cashback,0
4f85a0a8-a6d1-4a5a-8fb5-3bf62628a52f,Professional,None,1
0e9fb7e9-1bf7-4084-b500-dd7b564a179c,Professional,None,1
0f3c9873-4ce8-4271-93c5-21b31e25ecf5,Student,10% Cashback,1
ef0c1d76-d097-4b79-b676-f8ffca2071b4,Student,None,0
8d0862ab-0008-4819-9cff-50b3bbc6f065,Student,None,0
f88a5150-6034-4bb6-9e99-bdcf0d29cc9f,Professional,10% Cashback,1
ae9ba057-6536-471c-bfa8-6b4571eda92d,Professional,10% Cashback,0
f7193c76-160e-43ca-9bdc-2142e84df1c3,Student,None,1
49366c8e-52d4-4c72-a2b4-2528fd0d03a0,Student,None,0
5717123a-d21c-4767-9f0b-59238d5fad76,Student,None,0
cb28becd-e2d7-41bb-8134-143c041bce95,Professional,None,0
704ae0cc-d289-4ce2-9c23-a61207723165,Student,None,0
dee38dfa-0448-4678-b928-0a16aa9b8267,Student,None,0
754bbbd2-71ed-4672-bbfd-9c23e2bbcc22,Student,None,0
2c8c494c-844b-49b5-b6c6-67f9d1e94335,Professional,None,0
4b6a9edc-8b79-4dd5-aa94-40a47f55c948,Student,10% Cashback,0
f1a4d118-01a9-479c-8e67-3580a64a7f89,Student,None,0
b7e4a73f-1b6a-4c67-89ce-ac6a92dab594,Professional,None,0
42b5e4ba-ab4d-4640-b7f6-d1496aeab8c8,Enterprise,10% Cashback,1
e38595e2-b8a5-4f7a-9a8b-cb5c4b3996a3,Professional,None,0
e4dcc6a7-8efa-443f-baa8-7bc9ec5d1c2a,Student,None,0
fd8bae92-fa3a-4bec-924c-61768e012a61,Professional,None,0
4bf6feeb-56f2-4f37-b48d-1e585a6ef165,Student,None,0
11033294-a204-4a30-8c72-8efc6b486d84,Student,10% Cashback,0
f4f2684f-6f7d-4b09-914a-aae552419025,Professional,None,1
09623ea3-e539-4e86-98d0-2b64ab1bfcd0,Professional,None,1
a77a386f-0e15-449d-b31e-f1688dbfced1,Professional,None,0
e6ca527c-50c4-4991-adeb-501871a88612,Professional,10% Cashback,1
15fb8946-cdc8-4958-bbc6-967e771b1e36,Student,None,0
b3f03381-e803-4c1f-8e10-7ed126b05d26,Enterprise,None,1
8de73fd2-e8d0-4098-8b1b-b28fcf86d5eb,Student,10% Cashback,1
a926b38b-86c8-415e-9945-72736689af15,Professional,10% Cashback,0
29c39892-a858-477d-8bd7-8b0b1c442e44,Student,None,0
f78ea72d-5c3c-4314-a4b2-3841ccb050d8,Professional,10% Cashback,0
c2bd9520-2b4f-4043-8e97-eb803c96576a,Professional,10% Cashback,1
e91b2ae6-b334-4c0b-8836-d596da30b437,Professional,10% Cashback,0
1299a5c5-17af-4fb6-a6e2-3991a78257a1,Professional,None,1
68c8f526-2902-4745-9184-2ac1e467a54a,Student,None,0
c7843e10-7e4e-45de-865f-36c8607c30c8,Professional,10% Cashback,0
259a6a4b-0f64-482f-accf-4ca081edfe2f,Professional,10% Cashback,0
42d42ac3-b3ac-4dbb-b208-6565e8c56428,Professional,10% Cashback,1
c2905ce6-2f49-4d57-b193-079f5c88574c,Student,None,1
e8ecff03-2e9a-4479-aab9-d8992d641f01,Student,10% Cashback,1
4667b009-29f5-464a-85f7-1a4601bb358a,Professional,None,1
2bcd5fab-e142-4c06-8a05-f8b7e8111aef,Student,10% Cashback,1
0ebc56f1-e6c4-46cf-a427-2ff7790d3185,Student,10% Cashback,0
64003685-7e2f-4050-9806-2a8eb36058bd,Professional,None,0
b2846e5d-a4ab-41c3-a66e-946072e1d201,Professional,10% Cashback,1
3e449649-fb86-4b07-b3d1-d71e86a7de7b,Professional,10% Cashback,1
ad1161f6-a720-4485-8e2c-87b7c2c77a64,Professional,None,0
687377cf-b7e9-4554-a7eb-885ea5dfbe5d,Professional,10% Cashback,0
57590b01-b881-43bc-b3ff-525e84bd21f1,Student,None,1
80e7c1c7-462c-4eef-bcc4-6e5cd057a97a,Student,10% Cashback,0
449bb486-6f55-4698-b7cb-fa76e474da3a,Professional,None,1
6d3d7e04-77d8-494a-8db7-e02fee89e4da,Professional,None,1
163e8e90-a742-43ed-ba02-3a882b9d0bb5,Enterprise,None,1
24d39924-0a60-42e9-99e0-f7c919393a9a,Professional,None,1
eacf81b6-d687-443c-8332-6645b2c00978,Professional,10% Cashback,1
494d34fb-5db2-4fe0-97c8-2eb6469b02d6,Professional,None,0
88fa666c-aae4-41d4-bd5c-e9e1a2e6f0b0,Professional,None,0
aa44ffc6-328d-49bc-a629-c45d22c34442,Enterprise,10% Cashback,1
1f1cb5ea-72f2-4f27-84f4-24461370721d,Professional,None,1
1fbdef22-267e-47be-9583-05b305e81c7e,Student,10% Cashback,0
2aba82ba-23bb-434f-b612-39cb7a58d988,Student,None,0
750ac1f3-1c41-4926-a32c-ebe6ab6683b3,Professional,10% Cashback,1
298b0da3-5cd2-4c14-9eec-86ee81dc0128,Professional,10% Cashback,0
ebbf0db5-468a-454f-951b-3a42d8483650,Professional,10% Cashback,0
d58c4674-c936-49af-974f-e5486ec13621,Enterprise,None,1
5ffdd4ff-7509-438f-97a3-b911f9a2388b,Professional,None,1
76fb48cc-ebe1-4d41-8dcf-f295d1c9d784,Professional,None,1
95d26f8b-1567-40b4-b6d8-cd43bcbc7d9d,Professional,10% Cashback,1
6281d823-2177-480f-8c0f-4d3706673b30,Student,None,0
adb650b0-b8e9-45b0-8a2c-2f65a5faeca5,Professional,None,0
4642303e-5aa2-4477-8069-64a9759c994d,Professional,None,1
a22a317d-4eb3-4f64-bc7a-c4cf5b6ac937,Student,10% Cashback,1
39e3584a-c5e9-4111-8696-d471b47500e1,Student,None,0
682066c4-8172-462c-be2e-98092ddbc85d,Student,None,0
4aa8a693-f508-4efb-a90f-4ef7e55dcfbf,Professional,None,1
5bb36ced-cade-46f3-8188-eb5ab4f9a431,Student,10% Cashback,1
6195e49b-c926-4668-b94c-31dcbfcf9977,Student,None,0
59bafcb7-455a-4caa-b3e4-5506709023ed,Professional,None,0
d88fb9d6-eb14-48c4-a802-f72b0fced179,Enterprise,10% Cashback,0
f3ac9498-170c-4e28-99b6-c1d836248441,Professional,None,0
032f90c4-c37e-4fdc-b915-01b3a5dd8d5a,Student,10% Cashback,0
078af4cc-d81f-432f-885a-2e6ca2f02023,Student,None,0
0bf63400-d802-4ed3-9257-f789fbc2eb56,Professional,None,0
a9ffe807-0158-4796-bf98-7866b5a9c88d,Student,10% Cashback,1
6130320a-017e-4978-9b0e-59e02b84ccfa,Student,10% Cashback,1
0c010632-aad0-4780-a736-26201212d29b,Student,10% Cashback,0
a10683f4-9d86-481c-97fd-b5a34ebbc7ad,Professional,None,0
12758f18-5bba-4d3e-930c-62330685ca9b,Professional,10% Cashback,0
7d311552-0f98-4822-9cda-69e85d1c61c2,Professional,None,0
7b4996b7-7c46-412a-94ff-8662cf52625c,Student,None,0
2b83a9a3-5042-47b8-9687-7c284c1a6aac,Student,None,0
f7871170-ba8a-490f-b21e-bf8f7ca6e94f,Professional,None,1
addcd52f-4a2a-41a3-83bf-66b5c9b2e911,Student,None,0
88b813b7-815d-4e57-8553-cf585fe9cb24,Student,10% Cashback,1
4647bdcc-b1aa-4e87-a28f-e4ab98b8339c,Professional,None,0
b026ff1b-4833-4917-b230-787efb7b2d1d,Student,10% Cashback,1
e50674ea-1796-4169-9824-5a311cda9dad,Enterprise,None,1
fe3346ee-0a7c-4dfd-8c40-565351157e06,Enterprise,10% Cashback,1
6f4961fc-751f-4bfb-86da-eac4f33c2e44,Professional,10% Cashback,0
2a6a449f-0650-4c9f-b214-cdd39b5bf4f5,Professional,10% Cashback,0
666446e9-bfbe-4a6d-95e1-b5cc1bd4fe32,Professional,10% Cashback,1
34c6797c-6561-42ff-b2ea-e1ee84a6934a,Professional,10% Cashback,1
60d4a51b-b8c3-43cf-9deb-121be3fc897a,Student,10% Cashback,0
1f1ca9d5-d24c-49f9-839a-6b5c2f46d0f5,Student,None,0
4e94bbae-737f-48f5-94f0-3e3e54d44f93,Professional,10% Cashback,1
d2231027-85c8-4264-b71f-b92d135dccfe,Professional,10% Cashback,1
87812e63-0ccc-46b3-97c8-46f04c5161c6,Student,10% Cashback,0
3cd8742c-6d45-4987-82a6-40f5070a9ad1,Professional,10% Cashback,0
5be33cdd-a753-43da-8d29-10de9963a98d,Professional,10% Cashback,0
c899c7b8-216a-45d0-874c-1c61e8b01bbe,Professional,10% Cashback,0
5bfa63c2-7d6a-4a6f-a228-bc45e39c6b37,Student,10% Cashback,0
4e813521-1b76-4903-b0e2-f558295c5780,Professional,None,0
bb9e8fd7-5af0-440c-89f1-a2280836f289,Professional,None,0
db63819f-818c-4637-b14e-a44790f0f655,Professional,10% Cashback,1
a0f0fb6c-d9c5-4986-822d-0c6ccabdb6b9,Student,10% Cashback,0
02b2ec1c-b2c4-41d3-85b7-6c779b3ebc82,Professional,10% Cashback,1
af3d03b4-f3a0-4fba-86fc-c3e4f5763ad9,Student,None,0
8d92a6d3-4140-4538-8671-ec7ade7bb153,Professional,10% Cashback,1
748fdde5-a204-4bcf-9fd6-1816ce22344d,Student,None,0
5378dfd8-72b1-4169-a0ef-93c5f95bf526,Enterprise,10% Cashback,1
cdfdf185-7367-4a3c-9650-6b13c4219434,Student,None,1
df3fd705-85c4-4ceb-bb34-0e8a5478eb25,Professional,10% Cashback,1
80ac1eee-9ea8-482e-ac21-d7d1c2dbc0c8,Professional,10% Cashback,1
57231c8a-988a-4a87-b9f4-82483d2c59db,Student,10% Cashback,1
2d2a2695-0f78-4103-983b-a4a07f89fc2d,Student,10% Cashback,1
dd864d6a-e76d-4a75-8058-bbef4279dc6c,Professional,None,1
6d769673-fb12-4e36-b693-0b2d0a9350c6,Professional,10% Cashback,1
7123e839-0142-45af-af32-686a8d65a6ff,Student,None,0
b793f32e-ab7d-4cb7-a149-c328eed61c50,Professional,10% Cashback,1
0b94a8a3-ca48-475b-876a-1f9ed5d27ba7,Student,None,0
50b9ea2d-8248-4ef6-ad6b-83e2563affe8,Professional,10% Cashback,0
d3f4272d-3a1e-4d02-8b81-c239d7befd2b,Professional,10% Cashback,1
983fd139-78c2-4186-817e-ef8d6fc25499,Student,10% Cashback,1
abe5fb84-49ab-4a69-8309-a9be87578b93,Professional,10% Cashback,1
944c1d1c-cf26-4136-b64e-efadbf0f6402,Student,10% Cashback,0
32ee411d-6f99-455c-b8a2-e992a32008d2,Professional,10% Cashback,1
440cdc72-d54c-4d6d-aa5f-a8bc2614ecd6,Professional,10% Cashback,1
f663f771-8d5c-48f1-ad72-fbcb298fbd0a,Professional,None,1
9398ba0c-ea92-4f82-9ecc-3e32245856b7,Professional,None,0
6bd066c4-4cf8-449d-a53e-07897c27dbbf,Professional,None,1
0ab5c679-7e55-422d-a69f-c7a27adf3580,Professional,10% Cashback,0
280ad3a2-bd68-429c-bff6-b2260bc924f6,Student,10% Cashback,0
93c00a98-ecb0-4b91-9d88-2270b15e71a9,Professional,None,1
abac904f-5c46-45ad-8997-46a00f7257a2,Professional,None,1
43714992-e166-41ea-9806-b2f426addfe2,Student,None,0
d9260209-5b2f-4a95-9d42-a20671fb31b2,Student,None,0
e71b675e-97f8-40c6-9238-5e5042fed0e8,Professional,10% Cashback,1
b4b06074-a3c1-4fdd-8186-aafc949a3d0b,Professional,None,0
f12b6103-20c0-4d20-ae24-ffb951f2a3bb,Professional,None,0
fe47b60c-e32b-435b-84e6-76b4da7fd1a8,Student,10% Cashback,0
a7fe3dcf-0160-4c3f-83a9-ba3d3d3ff471,Professional,10% Cashback,0
3473bc13-339c-472a-80bd-5ddb2f671fcf,Enterprise,10% Cashback,1
2acfbb79-857b-4288-b69c-de8d43d2827a,Professional,None,0
d2134346-0277-4de7-8059-04fd144c352c,Professional,10% Cashback,0
dea17c4f-96bd-4169-9a2c-89082e8727cb,Student,None,0
1b7ff309-faff-40a5-8f39-dd374662e663,Professional,10% Cashback,1
5c9fbee2-b14e-4577-ae56-dde2b4284624,Student,None,0
431ca720-ca3f-453a-9bcf-c39027d98fcd,Professional,None,1
c59fbb2c-6033-47ea-a3b8-26711f1a5af2,Student,10% Cashback,0
5329cade-eb58-4a03-b092-cb9106e9bad3,Professional,None,1
2e112832-d9af-4986-a074-2915442d7734,Student,10% Cashback,0
5de4dec9-01f9-4198-9da8-51ff9be20a19,Student,10% Cashback,1
75457b8a-7047-4efd-b3b8-a497f9307271,Professional,None,1
16ee6020-d86c-40d1-9dee-178c1dd7b0c9,Student,10% Cashback,0
e49de998-e0ac-4d0e-b09d-1d2587606454,Student,None,1
7a81020a-23f9-4c90-92c5-9b66d8a9f11f,Student,10% Cashback,1
a38f05ed-44f9-43ca-86b9-bc5ab7530b4c,Student,None,0
fd9c52a5-ffd8-4f54-b794-9de47b2cadb8,Enterprise,10% Cashback,0
54e49878-9ec0-41ea-9761-33665b75045b,Professional,None,1
9c7cf412-9e44-48e2-a7f6-15dfc3e6e489,Professional,None,1
ae81d9d1-b14e-433b-84f1-a0d4e1b4b2df,Professional,None,1
a9f65ed9-3c49-47f2-b700-9409dbb472db,Professional,10% Cashback,0
effcf441-abd4-49b1-93f0-ac1024423136,Professional,None,0
4d3f1f2e-488b-468b-8dff-49dea94195f2,Student,10% Cashback,0
764ef9cf-3983-4760-98c5-8ffd437578aa,Professional,10% Cashback,0
b1120180-9894-43a4-ad9d-b13ed1eb6eb4,Student,None,1
25e12a37-cbda-4be2-8742-c59396199951,Enterprise,None,1
e81ca564-79b2-4eb2-92a1-15fe9b03c2c7,Student,10% Cashback,1
ff1e0db9-cac1-4576-87e4-60a462494f0a,Enterprise,None,1
ba1d4542-a106-487c-a5d7-65ece2fdfa76,Student,None,1
2e49bd72-687e-422e-8610-9b62dae10982,Professional,10% Cashback,1
f5b0fef1-f910-4829-ab0d-89f6600ddc34,Professional,10% Cashback,0
ce271f46-f5fa-49aa-8748-900fc82831f1,Professional,10% Cashback,1
fadf0206-188c-474b-8d77-800b475b00de,Professional,10% Cashback,0
a210b550-62f9-4093-84bd-3fd7345b54d1,Student,10% Cashback,1
d61be0e1-5305-48ff-a19a-c5b1542cbfc0,Student,10% Cashback,1
f78287a9-e96b-450b-be2d-cc552d7a2671,Professional,None,1
73484a3b-8c9e-4d74-a43c-7526a376af76,Professional,None,0
d4442884-3cdc-495f-a507-0038e425d27c,Professional,10% Cashback,1
3ae2024d-22dc-4af2-9e59-994671b442c1,Student,None,0
6010e9be-c3a8-4686-8602-4ad23801edf8,Professional,None,0
ab840a37-46ff-47b0-8d02-05d3bb52d22b,Professional,10% Cashback,0
3039334a-29b1-4870-9705-aad53bb52856,Professional,None,1
dfa88cd3-2da6-40ca-8d8c-30bd65f25381,Professional,None,0
3ed4c53f-d822-44ac-9669-f915e67a0082,Enterprise,None,1
e5d744bc-bc3c-4469-b7e9-9a2dda63172f,Professional,10% Cashback,1
928a4eee-f2dc-473d-82c4-57300c122d79,Student,None,0
2629e0e6-dfe5-4f96-82fe-e66064bdffe9,Enterprise,None,0
99f32d7b-f59b-433e-a9be-72cbab7bc8b0,Professional,10% Cashback,1
f06042e6-eb05-4d24-896e-3c1140152e9f,Professional,10% Cashback,1
1d0887c5-26c7-4718-a0bb-31d617b1aa5b,Student,None,0
2d7a97a0-2402-4c18-b8a8-a590c7bd009f,Professional,10% Cashback,1
52fca744-1d12-471a-8ed1-3a06b48524a3,Student,10% Cashback,0
98e1d5ba-8232-4c00-9461-114b09a038e7,Professional,10% Cashback,0
61153c29-eff9-497f-99b0-f382255f9914,Professional,10% Cashback,1
750d8ed8-0016-484c-a809-4098008c26f5,Professional,None,1
3790b31f-a0b0-4d74-9f7d-93c089543df8,Enterprise,10% Cashback,1
26a7e7ae-e0e2-418d-a6db-e246d03a9fdc,Student,10% Cashback,0
73dd79e0-64f4-4808-be17-24cf44978b6f,Enterprise,None,1
1e1bfa99-97dc-4bf5-8496-ed4e1f3cb017,Professional,10% Cashback,1
e5271eb9-0468-4738-be1a-47780e0d0953,Professional,10% Cashback,0
586f481f-6485-4df6-8238-2652372a4a99,Professional,10% Cashback,1
58167573-08d3-41c1-ae79-bc67335caeca,Professional,10% Cashback,0
3f01919e-29d2-4808-aca9-5cf2d1346b61,Professional,10% Cashback,0
ee95e821-43eb-4651-9cca-c0566d9f0401,Student,None,0
8fd58a32-7daf-458a-a650-1e3def60a0b6,Professional,None,0
4aa1aa5d-dd38-46f2-b4a2-4236b031c3cb,Professional,None,1
19ed341d-ed42-44e8-8436-e1d12b3c3760,Student,None,0
7e3ab89e-4fe5-4dec-9622-bd54344309b5,Student,10% Cashback,1
be0ef5dc-fa5e-47bc-964d-d9625a16c8ec,Professional,10% Cashback,0
d188250b-d9a6-4300-8a6f-1f284628ef98,Professional,None,1
fd43be3c-c5e1-4084-bbf3-86adb6ed1f1f,Student,None,0
84d5346d-c733-4f0f-9915-87ab68fd159e,Student,None,0
97261f69-5248-436b-80aa-6e99727c59c1,Student,10% Cashback,0
ecbb00c7-002e-4454-818f-4e664b87ce2a,Student,10% Cashback,1
6e26d44f-bc5f-454b-8b80-99c0b4391965,Student,None,0
4e808ec9-d417-4dfd-a07f-34ba5eb4d5e3,Student,None,0
90ec9685-572e-4d21-9e89-69493443b7d2,Professional,None,0
4548ead7-108c-4813-8869-bbc95d3afa18,Student,None,0
e8a23c05-5f8c-474a-a8d9-17fcca3e5e40,Professional,None,0
47fe7617-1917-4abb-994b-593fe1c9702a,Student,None,0
bef5e329-2224-43d9-9621-0b32ee04fe51,Professional,10% Cashback,1
3f079cac-0ae7-432c-9040-367969249da0,Professional,None,0
cbfdaddc-d47e-45ce-a773-4de44d71e505,Student,None,0
f8fdf90f-c8ba-490b-bc9d-96670a72cb01,Student,None,0
7bde45bd-0ec3-4070-b6ca-833a252eef33,Student,None,0
55a0237a-8e0b-44a1-8807-feefc5d36890,Student,None,0
80e0160a-f652-41ba-8036-ad9efebbef2e,Student,None,0
077651bb-ab84-4b9d-8f8b-e9194a229312,Enterprise,None,1
c1ae31fa-649e-4c0c-ad19-ff911ffb2fa6,Student,None,0
70440e28-2281-46a2-94ec-0d6159ca008e,Professional,None,1
624b92ce-18c7-438b-8228-6db39b10065a,Professional,None,0
571e3c22-e317-49fc-aade-90d29d4be21b,Professional,10% Cashback,1
17d61410-a409-43e2-a287-3a3f793fc882,Student,10% Cashback,0
8b724980-48c5-4e4b-9591-c72dcab968fc,Student,None,0
c6d5d216-9d17-452e-9252-109959c856e1,Student,10% Cashback,0
4fde45f7-1035-49ff-89e1-6f99e0fe34c5,Professional,10% Cashback,1
7ca120a3-a84c-4dec-8192-4e10e41ab48b,Professional,10% Cashback,1
5b96ac26-7129-4e78-9841-55be2731ea76,Professional,10% Cashback,1
0d603bc5-f794-49e2-b485-cf36fb3f906e,Student,None,0
ff64c6a2-10ac-47fb-9465-14af20887a88,Student,None,0
68f42797-750c-419e-a516-093db8c7d26d,Professional,10% Cashback,1
f2e77224-f6ce-46c9-bec1-f79b756c0ec0,Student,10% Cashback,1
749ed8c5-a7f6-4a22-a55d-980e1018862f,Student,10% Cashback,0
a2f3d09b-9007-4ab3-855e-ba8266d1d56a,Student,10% Cashback,1
81f9a4db-b36f-499d-9293-70d02eabd82d,Professional,10% Cashback,1
567154c2-99c3-4aff-8cf2-23a357668e91,Professional,None,0
16190ed7-3816-4e30-984d-bca6663c9330,Professional,10% Cashback,1
004ec18f-9948-45f9-b875-22528e44f357,Professional,None,0
f8372f36-1311-4138-b33c-82ae7577d669,Student,None,0
4b13cbf0-943a-479d-81f9-0c9487889ff3,Professional,10% Cashback,1
6431d463-0a3c-4f24-91d8-5d4bc9abfdd0,Professional,10% Cashback,0
7eb3dbed-16a2-4b5f-9084-e2991f36995f,Professional,10% Cashback,1
4df2d83c-9aa1-4335-9f41-085089a64373,Professional,None,1
ccc84503-8d3d-4ad0-afe9-5be0ab3309a8,Enterprise,None,1
315a18fc-28bf-4b52-907d-26a911a36f72,Student,None,0
4dd0fb3d-a01d-4c5d-b8e6-402e377c583f,Student,None,0
b4688297-c7cb-4d96-9ce7-d1f72444648c,Professional,10% Cashback,1
ce3770fd-5a79-4250-9513-416b02b91b21,Student,10% Cashback,1
85026c8d-43f2-4eb1-aa90-245b996fa146,Professional,None,0
4fefc06c-610d-411e-b042-ba521eb45267,Professional,None,0
60f2de26-b121-4054-9f59-47db20e3ebc7,Professional,None,1
7c54a081-65ef-4dee-8909-55fba7849a6b,Enterprise,10% Cashback,1
3a551f80-46be-487c-b7f8-5d6c8199a95c,Student,None,0
9c5a825f-381d-41ee-b51d-3641bd2c8507,Student,10% Cashback,1
5dd2c676-db7a-4b90-ae29-0d3e75588326,Professional,None,0
e49ede31-70c2-4a4d-a523-6358039f6b73,Professional,10% Cashback,0
ad46cf9d-9fc5-403f-ad9b-7f35aedcf282,Enterprise,10% Cashback,0
15017d77-9087-419d-8f56-16ef9519964e,Student,None,0
59852463-b1bf-4448-a121-0aafa9d563c6,Student,None,0
9365064f-1000-4225-b42f-9b2b2c3704f5,Professional,None,1
eb070f70-f249-4919-822d-008030a2821f,Student,None,1
f513f70c-429a-4d70-a4e4-523c658e573b,Professional,10% Cashback,1
49259f87-9692-4d07-b5cb-063b0a45cb13,Student,None,1
310b62d6-2e9f-4627-9e65-617bbce07bae,Student,10% Cashback,1
aadca2fa-eaa7-4176-888e-dc494732c7cd,Student,10% Cashback,1
412fc7ee-3d39-4d28-8a4c-243040b4f436,Student,10% Cashback,1
476c060c-45e0-4be0-b6a1-6be740dcc53e,Professional,None,0
5cab5122-9ea2-4558-bcf7-980b72701968,Student,None,0
8fd5f184-ce62-4092-8bad-dc16cebed38f,Enterprise,None,1
0c2923b8-e74c-4ab2-8180-ab322a1411bc,Professional,10% Cashback,0
b7b9e2cd-6504-4481-ba8a-92632fbbd01f,Professional,None,1
5ce5129f-83ee-4f4c-8a29-ecd2518ac207,Student,None,1
5b696a3f-3729-4ff3-ac07-75b65662a6fb,Professional,10% Cashback,1
4391b4f4-329f-4ace-a7f9-f8ebcd4947b4,Professional,None,0
46b10d69-500b-4343-a47e-7e1910ec8499,Enterprise,None,1
08c783bc-8265-4836-981a-b7198be78eb0,Professional,10% Cashback,0
2dbbc1b4-ecb2-4d58-bd35-a2a6e42765bf,Professional,10% Cashback,1
c8a61a12-ffcd-49a6-8e1b-c75346da1f87,Student,None,0
12228fcf-840f-445b-9961-3cb11728041b,Professional,None,1
cc13baf2-579b-4448-bd85-1740aed13c71,Student,None,0
486b6f6d-8b9c-48cc-a8b5-b5787b5aef82,Student,10% Cashback,0
77d564fd-e9f4-4f55-8ff3-c07bba5419b5,Enterprise,10% Cashback,1
3a1aac8e-ec7f-4ad4-ae4c-eeaf4a9615ac,Enterprise,None,1
54e42192-b05b-44ae-9152-3c0131a8496a,Professional,None,1
7e77bae0-c2ab-4efc-9a7f-620c1cc623ff,Student,None,1
49194235-9992-4495-88f4-ecb46cb2fb07,Professional,10% Cashback,0
6d984d58-89a5-408b-a2f6-d5d21e7949b8,Professional,None,0
05b9c5b2-e63d-4cd2-a757-9f51f60cc150,Student,None,0
5da55881-6c2e-4306-9904-5cea6206aefd,Student,10% Cashback,0
8debdd50-6872-4e65-8416-a6b929000ad6,Student,None,0
3e5a99f1-ae41-4c28-a299-fc2dc21bd4d9,Professional,10% Cashback,0
07c04047-d402-4705-8b9b-0208373e8104,Enterprise,10% Cashback,1
320de3d9-a100-49d4-a310-836dc6ea06c5,Enterprise,10% Cashback,0
4fdf310a-a1ac-4c8f-93a8-4811ff362095,Student,None,1
e188503a-f41d-472b-8f9e-7682e28f3324,Student,None,1
07616aa7-b754-4975-83aa-7f75d70d1ed2,Enterprise,10% Cashback,1
f8be8cf1-e779-4a3d-8672-bf1c26326961,Student,None,0
bab427ce-4370-4d3f-ad9d-9986418699a5,Professional,None,1
6b425364-a29d-4beb-98aa-39148283b466,Professional,10% Cashback,1
838d1732-e0d7-4b62-9b15-96180918b127,Professional,None,1
caad7623-da37-4791-819a-0084c3845206,Student,10% Cashback,1
29e64052-0f7f-4678-84a3-0707122740ed,Professional,10% Cashback,0
a82ef3d3-38c1-40b2-93e7-01b964489c1f,Professional,10% Cashback,1
fa24b431-e88d-4bd3-9d07-bb50274333e7,Professional,None,0
dc67321d-ba83-480d-a34d-b8d63df37802,Student,None,0
e8fbcdaa-f7a0-4a72-8d87-00ca454802fe,Enterprise,None,1
2942c558-1681-4f30-99a2-1c314cb8c7b7,Professional,10% Cashback,0
b8e2afe3-de1b-4a58-8d33-3138010983cf,Student,None,1
73c829c7-3fdc-46d1-9e0c-0fd9c7b6b789,Professional,10% Cashback,1
4ab64c99-8512-4485-b15d-13751fc8a75e,Student,10% Cashback,0
860cfabd-6bc2-4798-a9c2-8ab76ae1fea0,Professional,10% Cashback,0
74287412-218a-406b-a43a-ad590286bd7e,Professional,None,1
5c89cef7-5341-4ccc-b5c6-0df651adde8c,Student,10% Cashback,1
e278da82-9297-48d2-8e60-e5773eeca783,Professional,None,1
d4ed1ff9-baa4-4ff0-a41e-ef764069e3c0,Student,None,0
706a0a27-9a32-4054-88cd-e5eb1d19990c,Professional,None,0
1e62efe0-0ccb-4535-9145-9de6125ca097,Professional,10% Cashback,1
0525d2cb-f7c8-41ec-9f53-210afff3a303,Enterprise,10% Cashback,1
32f0d326-50f9-4c5c-a2c5-4be20ec59350,Student,None,0
841daa7d-a451-43d4-9b12-7cc51f3ef490,Professional,None,0
039e7caa-2367-430d-bb52-9e7309161e7c,Professional,10% Cashback,0
43330b80-8f26-400e-996e-f591234af96c,Student,10% Cashback,0
883b1146-0359-467c-91ee-4c607a42ed67,Professional,None,0
55f261af-8d7a-4b04-ad59-2a278866e3e0,Student,None,0
db63507a-6373-4bfc-b4be-dee3f291458d,Student,10% Cashback,0
e2922227-1f8d-42f6-a413-6da4ffdae111,Student,10% Cashback,1
16c22f7d-67f2-49de-8e27-17ecaa5f17ce,Professional,None,0
a8a8afd5-28f7-4004-9b20-d6b76ce83432,Professional,None,1
001e255a-2d2d-49fb-90e8-324423db3e57,Professional,None,1
dd43b666-b93d-43cf-96ab-28bc268c600e,Professional,None,1
38790eae-9934-44d3-9c28-09c1c8d23c40,Professional,10% Cashback,0
6ec54eff-bfd0-400c-a404-28e71fc5ae13,Student,None,0
e6b0939d-fa93-4d7b-a947-db2ad65cc45d,Professional,10% Cashback,0
42974d69-14a4-45d6-928a-0eca383e1b11,Student,10% Cashback,0
b5bce849-7b61-44d0-b949-79012ef41742,Professional,10% Cashback,1
af2cf94b-9b8e-499a-b2a3-0223ce81a3ff,Professional,None,1
29a368a1-1775-419c-86cf-64280fb9c92c,Professional,None,1
4eeff2df-ca3f-465b-a543-dba2a541b4f2,Student,10% Cashback,1
30d4ca62-e6ae-4c5a-b907-3e4593ea2052,Enterprise,10% Cashback,1
044ad38c-7eee-452f-bed5-9bef20c785c1,Professional,None,1
6ebf6277-5e29-4964-8aa0-f91375c57157,Student,None,0
8b1fcf35-984c-4b5d-90a3-73fa954ed779,Student,10% Cashback,1
2058cd05-f28d-4846-a938-c8ceae757722,Professional,None,1
8c2b22c9-2384-4f31-b42b-d3b746ab2926,Enterprise,10% Cashback,1
44a8d293-c805-428b-8466-b9b72f566478,Professional,None,0
5bbdc2ec-7d04-4895-83d6-67e323c5e937,Professional,10% Cashback,0
063384b7-4d72-449a-acdf-9e98fc65daf8,Student,10% Cashback,0
6f4b6fa0-1049-42a3-bb66-1b56675a0d11,Student,10% Cashback,0
28085eec-c20d-46b9-9cc0-b3281c99e1bf,Student,None,0
bf3c5d02-66f8-47bc-b5f4-e170049e50f9,Student,10% Cashback,1
236ed2bd-2188-4810-9cda-992f87d3c7fc,Professional,None,0
c48e83a5-162c-4dcc-bd23-df457358154a,Student,None,0
f755fdce-f112-4889-aced-73cc0c5f5194,Student,10% Cashback,0
f2250ccc-4b1a-47e0-9c58-abcd9cbbf377,Student,None,0
cfcdf7c1-6684-41c6-8362-b067578eeccb,Professional,None,0
ecf1144b-7712-4271-8f5b-c96d238620a8,Student,10% Cashback,0
1145c8e7-4a88-462c-9e61-ac1067b508db,Student,10% Cashback,0
a304c0af-fe7f-4ea3-a875-0cd5c40ee5cc,Enterprise,None,0
0605c623-9fa7-42a7-8cb1-f741f38acd15,Professional,10% Cashback,1
85330ddb-423a-424e-9542-ed7fb809643e,Professional,None,1
9eaccdc7-f1d3-49cb-b5eb-34fb61fb2203,Professional,None,1
b2bba591-e177-42c5-92b5-366c62e79b69,Professional,10% Cashback,1
c941e66c-2c8c-4e3b-bf0a-39720b51ee38,Student,None,0
2d5abb4c-41f2-42fa-9d21-496ea54f304d,Student,10% Cashback,1
ed1d2c66-49d9-41ae-bc71-9c2e2a62b23e,Professional,None,1
d071af7a-5a38-4e6b-bf95-6b7fd93df00b,Professional,None,1
76590839-f73b-4762-a4bf-da1ceec318ef,Professional,None,0
40d462d3-2f72-4b72-b4bd-04b640a6a598,Student,None,0
f2303170-2901-4cfa-849a-546784f15abd,Student,10% Cashback,1
42909202-6eb2-4a8c-9550-f9f9d59f05e8,Professional,None,1
736e0944-672b-4e44-85e9-0c5313838832,Student,10% Cashback,0
f8ebe1f5-218a-486f-b5bd-d1222fbc8387,Professional,None,0
9b42c383-4ca5-4cdd-b415-7d209a91ad11,Student,None,0
b9a71c16-5028-4934-bbbd-96530d51ae3d,Professional,None,0
5d581a82-7439-4cd5-91da-73cfc62593e4,Enterprise,None,1
1dde8609-5903-4fbf-97bd-3051bcbae967,Student,10% Cashback,0
7a8be6b1-8823-4b4a-a513-5534f724e566,Professional,None,0
b7729b93-b005-43d6-88de-0b2a4168a586,Professional,None,1
c5e7766c-802e-4233-939b-0a2ba2043f5d,Enterprise,None,0
c8a024d3-e491-4860-943c-92d27534835a,Professional,None,0
6f1142b0-ab50-4d7a-8888-735d3a01a6bf,Professional,None,1
09070721-d6e6-4479-868f-a32507075ff7,Enterprise,10% Cashback,0
bcbbde8b-a9c8-40fe-b953-0cf2017d6ac1,Professional,10% Cashback,0
f38d93d4-abb6-4c00-b552-889476727a03,Student,None,1
db9d1385-7005-4fd0-9a69-4c067175c91a,Professional,None,1
63855d19-a2a4-4339-bda0-79abb5904a07,Professional,10% Cashback,1
d0d58c6b-bc6d-4eea-8495-03ee04da84fc,Student,10% Cashback,1
110cadf8-4cd2-4009-95fd-5693395a618f,Student,10% Cashback,1
b3f85f2b-1a6a-4202-80ea-aa2786ecb7c0,Enterprise,None,1
61f1d438-326f-444c-bc99-c405808aec1a,Professional,None,1
cd68ed2a-cc64-4e37-bf61-e3d94bda31b8,Student,None,0
d681c01f-ad43-4003-bb85-3077c8886c1d,Enterprise,10% Cashback,1
619a03b7-dd98-4ee7-822b-af5af3dca8d4,Student,None,0
8bc3dcf0-1ecf-4a08-ae9a-dff912ea78e9,Professional,10% Cashback,1
4244f59b-089c-45b5-a945-f6d7f40ecc0a,Student,10% Cashback,1
dcc1d532-d8ad-4c27-9ae7-dee12604f745,Professional,10% Cashback,0
097258e6-616e-4801-a0c6-254fdf9e99ee,Professional,10% Cashback,1
596b2609-f14f-4996-841e-18ae24851c64,Student,10% Cashback,1
7b3cb2cf-0272-48de-96c9-9eda4d24cbf6,Student,10% Cashback,0
eb8fde99-c3f1-4051-b43b-8857d5058a99,Student,None,1
ff37df84-01a1-4bd8-a215-b2c79a851af9,Student,None,0
5489cfae-5179-40d7-b710-830c5812f905,Student,None,0
df433ff9-ab3a-4b50-9f83-0f5f6b8d9ae1,Enterprise,None,1
1ef31a74-9533-447a-ac4d-533afacbbbf0,Student,10% Cashback,0
7088c7a2-3259-405e-b5eb-41f904ce5208,Enterprise,10% Cashback,1
f407e90b-6c31-4584-aa37-dbad96bd232e,Professional,10% Cashback,1
d4d6c0f8-937d-4940-aa6f-145df8bf6c2d,Professional,None,0
703be978-97d7-476c-b56e-181de8bb5325,Student,10% Cashback,0
6d28af48-052b-4202-9477-05f1db6e1ab2,Professional,None,0
1ac346a6-f2d3-46e1-9442-52949c006210,Professional,10% Cashback,0
ed2313b2-24f1-41bb-a0f5-39e0b933fed9,Professional,None,0
fa6c2fe6-896f-4dad-893f-e98d7504f455,Professional,None,0
f8131a95-994a-4018-845c-b3cc35826369,Professional,None,1
7219ce71-6233-4f06-bfc5-aad0ffefd357,Professional,None,0
061efda4-717b-4db2-b21d-e7b3ef15c1e4,Student,None,0
6167b032-2ef5-4962-87a9-494cc0cd4549,Student,10% Cashback,0
71fefb56-b521-4788-87dd-bf2336e7d68a,Student,10% Cashback,1
51d9eaf5-ced4-4338-87f1-6e5a8268d0d3,Student,None,0
095b7cb3-9cde-4dc9-aa0b-6a93dc2b22f8,Professional,None,0
b53fa512-8aab-402a-bbd4-115cc0407f1b,Professional,None,1
b4d50095-675e-4a7d-80af-b59860526cc0,Student,None,1
c80b87c4-9568-43d4-b4d2-eabfb9eb348c,Student,10% Cashback,1
9ee96559-50a0-4722-a59a-e74eca2fabd5,Professional,10% Cashback,0
7ebab3a0-a42c-44ce-9eb2-5ab503f98f8e,Professional,None,0
266aa739-6623-4458-b616-3680f2b0fb34,Professional,None,1
5fc5d874-1436-42da-a3ff-bb36f6cfac14,Professional,None,1
e1c522cd-2e07-4cb6-a43b-4a4f3aab0b10,Student,None,0
0d2dadcb-002e-4cef-a9e3-2b7ee4bec0cc,Student,None,0
a3d60b3e-7540-4b48-b53e-5ba43cbee1a0,Professional,10% Cashback,0
3f7bd665-33c0-4a6b-81b5-bd4b9b1ac5d3,Professional,None,1
c6446236-41de-46a4-b4c8-0dafd4103dd0,Professional,None,0
bc0b38f8-d8f6-49f3-8bbb-b903c36a5853,Professional,10% Cashback,0
a7fd362d-a1ce-4255-8ce3-fcbdd3ce9fcf,Student,10% Cashback,0
5359913b-dcde-4d7b-9408-5f750f89399b,Professional,10% Cashback,1
1e972d70-19e7-4f99-aac9-79de22ef3411,Enterprise,10% Cashback,1
958c473a-3bfe-4857-a300-6fe99127c8ac,Professional,None,1
ffd06b1e-a200-4ddf-b625-086e850e022b,Professional,10% Cashback,0
65e6c739-6aff-4af8-80ab-8037ea290ce7,Professional,10% Cashback,0
6014c185-ed0c-43c9-ae59-c9d8059c4430,Student,None,0
65272278-4720-45f1-b6fa-f406f162b97f,Student,None,0
cc05ec96-57f1-473b-ab61-4ad91c423437,Student,10% Cashback,0
d5a2c3dd-ecc1-45ff-bf1f-64fbce19bbd5,Professional,10% Cashback,0
e730fd51-565b-4a66-9bd8-c330b76c99a6,Student,10% Cashback,1
434ca223-a298-49c4-aa11-0acb1fe0f756,Student,10% Cashback,1
1a7ce625-b859-496e-bd7d-0d4c4e9bd602,Professional,None,1
22de7da6-0765-402c-9161-ccc8d2f45f59,Student,10% Cashback,1
b343b294-c072-4abc-9512-30cb356b9fb2,Student,10% Cashback,0
31205923-3f36-48b8-9a65-2611f95730cc,Professional,None,0
0ae17323-91c2-469d-ba0e-53e0473d6ec7,Professional,10% Cashback,1
10718e97-1677-4913-ae84-cbaff57a61d9,Professional,10% Cashback,0
cd6e847e-3035-4a57-9cfa-96505d8f75fb,Professional,10% Cashback,0
b4ce8709-da89-44ec-99fa-da7feaf15660,Student,None,0
e4ae399d-ffbc-4c93-a244-c178e8acef93,Enterprise,None,1
60462802-33f6-4e7e-acab-78e189c8cffb,Professional,10% Cashback,0
7b11f0dc-f633-4aeb-bc7e-1d02804e684e,Student,None,0
684fa671-74d5-4d2f-b392-2eba121b1111,Professional,10% Cashback,1
d323384d-98e8-4845-bc16-a7cb964bd3f5,Professional,10% Cashback,1
4ce473a1-5c92-49cc-8460-5ed72fe11e8a,Professional,None,1
56db7c32-2f87-4e71-882e-cad4e5b9a20c,Professional,10% Cashback,0
871e9ad6-1590-43a7-aacc-62e5b26d17fd,Professional,None,0
32efe17d-e934-4eb4-be8f-a816814ced46,Professional,10% Cashback,1
87d1b12d-37fe-4642-b115-7e68c8a43233,Student,None,0
f4815914-b7b4-4f2e-9c5d-b54141408ba4,Professional,None,1
abf6c980-c5fa-4fd6-85ef-cbd191627da9,Professional,10% Cashback,1
05e1b5ae-0e35-4b02-a7ad-a3e15d258d4d,Student,None,1
ab5b51c8-5a92-4678-9159-d98cfd1f19d2,Professional,None,1
92f9fd68-74f8-4759-958b-c9d8f9a6b1f5,Professional,None,1
bb30dfc4-da97-41ad-8f5c-e7725b236d7b,Enterprise,10% Cashback,0
33e195a8-ab6e-4756-a1b8-e890098596cb,Student,10% Cashback,0
3b670a24-14bc-47d7-8d5d-50085c4282dd,Professional,10% Cashback,1
41cdce08-19c4-470c-ac4a-f03662184352,Student,10% Cashback,1
4c557b81-db5f-4e42-bb9e-6283df7dbd00,Student,None,0
39a59ea5-eafe-4c4d-8b9c-0afcc213ed6a,Student,None,0
55a5d424-2768-4b73-8703-11d6d00577b0,Professional,10% Cashback,0
516da304-a40b-47f3-aa3a-0f0f7788edda,Enterprise,10% Cashback,1
bcad505f-4141-4716-b5d9-05add2739f50,Student,10% Cashback,0
954bf63c-74df-44b7-879e-5fdaf0d19497,Student,10% Cashback,1
136943a4-8d1a-4a39-85b1-b753e2fcaf66,Enterprise,10% Cashback,1
1fc1b3ec-dfc8-4f3d-9830-cfd55b1ca08c,Student,10% Cashback,1
a79cc31d-2c37-4104-a75f-60a8d5da6cae,Student,10% Cashback,0
e9379be4-6b99-4828-abc8-6ed08b2a9cb6,Student,None,0
de4ba2fb-6591-4e28-9a01-ddf7f4be91ed,Professional,10% Cashback,1
f6261d4b-05f9-44f6-a5f8-066725176c2f,Professional,None,1
6c36e64c-920d-42a2-8df0-76db0cde02c2,Professional,10% Cashback,1
1f901c01-05f2-418d-bdd6-039d04900e13,Student,10% Cashback,1
ba1c8aa7-072a-41b1-82c7-8317e1f59647,Student,None,1
9c2879cd-ff40-4fcd-b6e0-f4e84d57cf1c,Student,None,0
686d9a14-a9d4-4f6e-8fe8-b27fe9f56a47,Enterprise,10% Cashback,0
ae96afed-975c-4945-ac19-fb531d3c3f04,Enterprise,None,1
ffa1749b-28f4-448b-8e99-1d5a4b635e31,Student,10% Cashback,1
97628d5c-1ab6-45e5-a6bf-60b0ddd2f358,Student,10% Cashback,0
9c63182c-1105-4e69-936f-eb28cc3711fd,Professional,None,1
3e1d438c-61b1-43cc-8daf-d361d1fe2a44,Professional,10% Cashback,1
0c00934e-b70a-478c-b996-1a2ddc642fe7,Professional,10% Cashback,0
9a9c42d8-b146-42e8-a3dd-c3e14794200f,Professional,None,1
c2c71a7e-f0c0-4c24-9bc3-92c4c0211475,Professional,None,0
ca267aa3-434b-48f4-b5cb-12b858651f0e,Professional,None,1
21796f9d-a390-40c1-b9d6-abbe4bc83005,Student,None,0
200d1de1-3e77-44c0-ab2b-42409d2c8b9b,Professional,None,1
9783dc2d-f14a-430d-b88a-39e3ccdc4027,Student,None,0
986452e9-28b6-41fb-bf36-730632569492,Professional,None,0
8dfaebd2-cb47-4dfe-b8e3-8eba1f71328e,Professional,None,1
a5d27af2-a389-4232-b507-0ffce899e51f,Student,10% Cashback,0
ebb88dfd-70b2-4e1a-b639-ade3b36f8d58,Professional,10% Cashback,1
dbe8e14d-b4a7-468b-aef9-931caf4b8dac,Student,10% Cashback,0
59a0f3d6-516c-4c3d-944b-9cbc928ac9f2,Professional,None,1
e82acaed-f31b-40f5-b770-06b9fe4859bd,Student,10% Cashback,0
de6aaa06-3d98-4e15-aae2-5cfe308223a1,Professional,10% Cashback,1
edbb1105-4132-4ed1-afc4-b3f5e9ff27c2,Student,None,0
b4d4b8a8-4094-4f7e-8d0b-a61f31cb5138,Student,10% Cashback,1
e5dbdf28-dd28-49f7-ba87-fd0b11198ac4,Professional,10% Cashback,1
34902143-4983-4fe3-a3b7-aca2d827e0a9,Student,None,1
65686635-507e-460f-b78d-4e670a6b905a,Professional,None,0
b42e5462-894c-4c2a-924f-448a43c63e4a,Student,10% Cashback,1
b7c3b1d5-5fc5-42f9-9cb0-7e5f48f79db1,Enterprise,10% Cashback,0
5684704d-9187-4f1f-9ebb-b5f2fa65c297,Professional,10% Cashback,0
4681177b-7eab-4961-9f7a-83b0f8ecfe8c,Student,None,0
ad8efed8-57f5-4a12-bcd9-8054f030bbb8,Professional,10% Cashback,1
2acdb64d-b494-45e2-abd2-53230f455d94,Professional,10% Cashback,0
038077b7-0cf1-4124-bb5f-cf5e4214a360,Professional,10% Cashback,1
741a6601-ec94-419d-8635-e19fbb737924,Professional,10% Cashback,0
dfd3235c-95bd-4d16-80bd-bb9216179e5b,Student,None,0
7056ee18-4f73-4cc7-a419-b5908cd3d27e,Professional,10% Cashback,0
2bf1fc5b-1f3f-4282-ac62-829e2f42bf49,Enterprise,10% Cashback,0
0a294a02-cdf3-405d-8819-02a47d89dc99,Student,10% Cashback,1
09287649-d67f-4657-ae68-9276c76435c6,Professional,10% Cashback,1
3039b08d-b0da-49dd-b54b-1db76682e30d,Student,None,0
06830d5f-ee76-4a8b-8a04-c48bc48b44d2,Student,None,1
36dbd464-dbb1-4603-b93d-cc0dcdb8a587,Student,None,0
78a7a5f8-cf37-4e8d-a7fc-d1a36eaf5def,Student,10% Cashback,1
a21c05e3-73c2-4078-a922-5d83b50f5a89,Enterprise,None,1
6305fd7b-d858-4a07-8636-95a0448e28b2,Professional,None,1
80d11b84-afa7-4579-8712-d3834b00b497,Professional,10% Cashback,0
8a4ff1a5-8cc6-4c83-92c4-2ba74cdb4b41,Student,None,0
159eb629-2d63-4dd1-90fe-d8aaf7f2138a,Student,10% Cashback,1
cc6605f5-c461-4624-a7da-5628b29220a6,Enterprise,None,1
eeae57ba-266c-42a2-a4f2-0e12498963c7,Enterprise,None,1
4087d198-14f7-4344-bd32-bf42b245cd06,Student,10% Cashback,0
ffb9502c-bf62-4b7a-9d6c-2cb79461c677,Student,None,1
ebfd4d41-a632-4690-8da3-3bca4556cb8f,Professional,None,1
49805b1f-6550-46e7-83cd-d67b8b2d3242,Student,None,1
c29e8e8e-fe62-4a53-b882-2e142c418573,Student,None,0
a15ef195-66b1-4e58-8167-ebd6891b11c0,Student,10% Cashback,0
c6be0bb3-d868-4371-8151-abbfc3cc0702,Professional,None,0
0b646447-c442-4f87-8907-04c231668031,Enterprise,None,1
9a163fc9-e9d2-4a9f-af0b-90ebdcfef458,Student,10% Cashback,1
77b3a85b-4b6b-49ca-9c39-62f5b7db845b,Student,10% Cashback,1
6cc3561a-df19-4b5b-9c18-aabf7cebe7f9,Professional,10% Cashback,1
0aa0908e-e442-4832-9f7b-c30ca5fd28dc,Student,10% Cashback,0
7dcd2ff9-d012-4ead-b9c7-681a6224e449,Professional,10% Cashback,0
13af406e-1742-4870-951e-8472db93583e,Professional,10% Cashback,0
ebb04065-a7c1-433d-bd31-851ddba0677c,Student,10% Cashback,0
b5fc44a4-c799-43be-b39b-787c2a6ba721,Student,10% Cashback,1
ecf0de9f-e529-4fcc-981a-6b699de4f300,Student,10% Cashback,1
3fc8adfc-64ad-450f-82b2-22d91f24a416,Student,10% Cashback,0
74fc90c3-1a1f-4417-b057-f8d9d43014ea,Professional,10% Cashback,1
95a1d38a-1d15-4811-9e2d-8a4b85b734e6,Professional,10% Cashback,1
30758413-e70c-489b-820e-fd8f8881bdc9,Student,None,0
cbb42af1-3010-4b12-96ab-a8e14d46ace7,Enterprise,None,1
d1f481e7-0654-4916-be7c-8aef5d5d3920,Student,None,0
220bd4a1-bebe-4d47-be0b-3a575d83b84f,Professional,10% Cashback,1
680dc32b-6bc7-45d0-bcf8-ae2f36c98607,Professional,None,0
97706020-15b9-4802-93e4-67bbbebf5c4c,Student,None,0
e85bfab4-7256-4123-b391-e575f14a51d4,Professional,None,0
650f2146-8156-4d70-ab94-341f907304fb,Enterprise,None,1
409f9ec2-ed42-4c52-b0a2-bb2e233c66b0,Student,None,0
2d0b3119-a5a8-46aa-929d-38eb5d490a87,Student,None,0
92ff7747-c6a3-4145-8665-70484b6635a9,Enterprise,10% Cashback,0
ddcda89a-630f-44e3-960a-af8320a83102,Professional,None,1
9e17f56a-bac9-46aa-b3b7-b516b446f9f0,Student,10% Cashback,0
120aacb8-0fec-4883-978e-9c9251765921,Professional,10% Cashback,1
740c7d5c-ef76-407e-b14d-e19bccb86ec3,Student,10% Cashback,1
ec0f6dec-af7b-44d2-ab48-71128ad88a08,Professional,10% Cashback,1
7defd524-64ff-4da3-a8bc-b03a1519d8ef,Student,None,0
4b816974-c767-4cce-ae19-927fd556e916,Student,None,0
93749709-5c38-4186-a237-e71bd297f99e,Professional,10% Cashback,0
87a3f45e-12c1-410a-a94f-a8c838deb11e,Professional,10% Cashback,0
6f39a8e3-db98-402e-8077-df3b6a0dfc0d,Student,None,0
39d67080-c3d2-4eef-b131-977475a94f6f,Professional,None,0
6c900925-c4f7-4e79-8d1b-066762d0cb0c,Professional,10% Cashback,1
2bf94a21-5cd4-4e58-8d7c-e7016c488fa1,Student,10% Cashback,1
294be8eb-76a5-471a-85fd-0c7b9336c8b2,Enterprise,None,1
dacad7fa-3c3d-4e3f-82b4-6f2f9505ce43,Student,None,0
68def294-3416-42ab-a317-9cf3b5687d52,Professional,10% Cashback,1
8b54445e-b993-4152-a2cd-6590ae33d7d3,Professional,10% Cashback,0
d0dd4b9d-04ef-419a-96a3-f2eadf28e9e3,Student,None,0
9b47630a-c115-4313-9d30-7595be243a48,Student,10% Cashback,1
3bf59353-002b-43aa-914a-c3056179086e,Enterprise,10% Cashback,1
b51d3f90-e23e-42b3-8939-ff54413233fc,Professional,None,0
09472fec-2e76-45dc-a7b7-b9b9fed3590e,Student,10% Cashback,0
a69fca35-a80e-495c-968e-1b8681abbcd3,Professional,None,1
c4bb7022-8c1b-4a2b-8232-ca7f55a8eb9f,Student,None,0
e5d49ee4-abcd-47dd-bac1-795274796540,Professional,10% Cashback,1
4a96d34b-4032-4eb2-a051-114ab7cbfe57,Student,10% Cashback,1
13eca898-c785-4e9f-8d4e-ce619e900913,Student,10% Cashback,1
d85a167f-01ed-4348-be3e-99ccec9f5393,Student,10% Cashback,0
43d3d655-20e5-43dd-bc81-8f298d5e44e8,Professional,None,1
283de1b3-ea77-4ca5-8fc4-705f53c20d6d,Professional,None,0
ba4f7b96-43a9-4838-a283-e7f1215c6cae,Enterprise,10% Cashback,0
cdf3a4a5-cc72-4a0a-bf7b-cef9d7ef0c93,Student,10% Cashback,0
ce8d6167-3ce0-432e-9863-9e0c2d27e1b3,Professional,None,0
ce9eff17-ed2d-47af-b5dd-6cb50efcba91,Student,10% Cashback,1
3e76ea2b-23d8-4bde-9985-062718c1ade4,Professional,None,0
005e8641-763f-4d88-b57b-c1ee2fc701b5,Professional,10% Cashback,1
00baca48-9d53-4b06-9073-f9bb83c55629,Professional,None,1
d45572aa-e875-44aa-b2ee-dc2144dbb5c0,Student,10% Cashback,0
f3c2a7fd-9aed-48c3-b6f6-3696cdd099d9,Professional,None,1
4f018025-9c74-47a5-8d86-184162ff5203,Student,None,0
bce7459c-6342-46e9-8785-fc9a2815358e,Professional,None,1
5f6e45b3-8ea8-4ebf-a9bf-4bef4179f765,Enterprise,10% Cashback,1
b8b614d2-c4a8-46e7-b4af-fdc29face773,Student,10% Cashback,0
91723ec3-96a4-44a1-9c67-8d1994fae83f,Professional,10% Cashback,1
2da65b09-6b58-42dc-829b-0b501ba07472,Professional,None,0
262b94bd-dbb3-4637-9ec3-449e7bf2ea20,Professional,None,1
130f817f-b36a-4d12-bdaf-cdddfee4bbc4,Professional,None,1
5e8d3049-3aba-4298-b5e5-0bf48f1aab25,Student,None,0
976ea0a7-07a5-4cfb-b3c4-d96fe279c4a6,Professional,10% Cashback,1
056ff638-3199-4a28-a962-fe888969aa4d,Student,10% Cashback,0
de33ffbb-0c24-41a9-a6e7-304c243fc2ff,Enterprise,10% Cashback,0
7a96817d-2547-48a1-8afe-144068273091,Student,None,1
cb4ac8ca-cb83-489c-8c10-aa2f26445228,Professional,10% Cashback,1
ed1c82a7-8f45-4903-926f-d0a27e26f448,Professional,None,1
660586e0-4f6d-4c29-8561-045d21453511,Professional,10% Cashback,1
3f117618-e22c-4a07-8806-a5b636be0080,Student,10% Cashback,0
be2f6924-b7ce-49dc-b948-ca96ce9a2c62,Professional,None,1
4ee354a3-5851-49a8-a6c6-1aa8f551c4a5,Student,None,0
5b60ddca-82dc-4271-bbeb-627afbf35dcb,Student,10% Cashback,0
90da29ab-8d2b-4355-a240-520d5e68fc5d,Student,10% Cashback,0
362d7a39-b238-420f-91e6-282637ec46a8,Student,None,0
f986c185-acf0-425f-b480-6450eae7a65b,Professional,None,0
3ece7364-6e1a-4ac9-af18-0498ede85dff,Student,None,0
7f5e618f-079f-4adc-81bd-10eb66530793,Professional,10% Cashback,1
cf4d9005-7d32-476a-ab41-abc6146df1be,Professional,10% Cashback,1
23f54908-f206-49f4-8882-52ad8a17ea77,Professional,None,1
03f1d0a2-62eb-4c91-8669-6b977ae23bd1,Professional,10% Cashback,0
39389967-69b7-4cde-a2c1-9ea44259f990,Professional,10% Cashback,1
4a6940ba-d7cd-47a3-b7c5-afcb4da3443e,Professional,10% Cashback,1
f0d5dd91-0b60-4e7e-9a3b-c6506d56dcaf,Student,None,0
87421d94-b6fd-4a40-8b9a-4203da62f562,Professional,10% Cashback,0
ffe43d9d-c063-42a4-80a2-ebe0ce04d9e1,Professional,None,1
81193a7b-0f55-45ab-a539-05f1004e3559,Professional,10% Cashback,1
239d1834-e0ea-4689-9dde-2710dc671af5,Professional,None,1
5c3f4cff-5bfe-450e-9b27-ce5176b77e27,Professional,10% Cashback,0
30110715-b28b-4b2b-9091-2cd5699ace57,Student,None,0
fda82f3f-530e-44b3-9269-81d1feee08fe,Enterprise,None,1
ddef6b80-9031-49fe-b81a-dafca6a9381b,Professional,None,1
1637838d-c26b-44ae-b525-972067ceecef,Professional,None,0
de08dd74-08c7-4e60-a3d0-625d2ef1b3f7,Professional,10% Cashback,0
cfd83217-c673-45a5-8522-7aea56bc8fa7,Enterprise,None,1
88c92275-6907-4f6b-8017-161ea983775e,Professional,None,1
31cd26e4-a2cb-4df7-8a17-1c8be1539401,Student,10% Cashback,0
baa0c1c8-0d2c-4afe-9fdc-7c6b1c17b5e5,Professional,10% Cashback,0
110dc4ba-7529-4997-a162-3185dbde5d13,Professional,10% Cashback,1
6def788f-fcd5-4764-b0cf-7e9f2e0b1ab3,Professional,10% Cashback,0
6d8dd20a-0bec-4be3-b5b7-5aef5544d05b,Student,None,0
dd75c20d-efa5-4951-8bac-35b66d810935,Professional,None,0
a7dbe9ed-6d75-4d2f-8094-a15abe04d47f,Enterprise,10% Cashback,1
8a6942f4-7420-4eb1-b3da-11d3969ea26e,Professional,10% Cashback,0
b5a42772-8192-467a-9e1b-d7f8d9dbe624,Student,None,0
01b93a7b-25c9-445f-a44c-d5bb73096a71,Student,None,0
61c6efae-1699-4dc2-bb38-0702b57baec5,Student,None,0
63810a83-7cc3-49dd-966e-b48277dde7d7,Professional,None,1
ab6413bc-fd0c-4efa-ba30-5e91acdc92b4,Enterprise,10% Cashback,0
755655b9-663b-43d8-812d-0cbd8cdfe818,Professional,10% Cashback,1
83aef3b7-0372-470b-97cb-ceda11721ac5,Professional,None,0
ade0a702-398b-4963-a84c-cc9ebf2e5229,Professional,10% Cashback,1
a29e78f2-e8fc-4495-b57b-7d28d58f29bc,Student,10% Cashback,1
af0a79de-df2a-4ab7-a300-bfed9ee59c94,Professional,None,1
2fa06bd7-26c4-4b7d-82a3-ae072213c127,Professional,None,1
99f68957-53be-4879-be29-e0c89055c07e,Professional,None,1
61614d12-8610-4930-8ee6-4a9ba2b3ecd2,Student,10% Cashback,0
124eec28-6ae9-47c3-9797-f6439b0409dd,Student,10% Cashback,0
a261dc53-6796-48f3-b7d2-c02f0cd0d97f,Student,None,0
5c364f29-bd0b-4b67-a062-ca9c451ab2f2,Enterprise,None,1
deec4baa-87ee-4caa-b2dc-14be2bb6fdae,Professional,10% Cashback,1
d6b132d7-a231-461f-b05d-fb0e274b7f42,Enterprise,None,1
a29b3932-ce94-4db4-977d-8fe1aea4a0c4,Professional,10% Cashback,0
0956e87f-2b29-4e43-8a33-e8554eaa0d71,Professional,10% Cashback,1
8b0c4d2e-7058-4867-a2f4-07377e920231,Student,None,0
ec1b2201-1a2d-4b66-882b-3f396049bcab,Student,10% Cashback,0
0434ab83-a7e2-4ddc-baa9-e832b09600d5,Enterprise,None,1
eee4deb3-13d1-4ce1-be15-54f1189f2825,Professional,None,0
bdfeb032-557e-4239-a064-b02c1cc93714,Enterprise,10% Cashback,1
b6e65ae6-0511-4e0a-9c95-4d36c0a19631,Enterprise,None,1
aeea07dc-ba20-4e10-8a81-1c3b52571e1a,Student,10% Cashback,1
a863b5c2-1b2a-4182-a47d-ef6b44dca25d,Professional,10% Cashback,0
932f3d9f-cafc-4cbe-80e1-806527c1467e,Professional,10% Cashback,0
a3ece138-bb12-48b2-af6a-91c491b12234,Student,None,0
57565366-289e-43aa-a6d7-36bba470bf03,Professional,None,1
47f0543e-c7d5-446c-aadb-3d2182716acc,Student,None,0
3d2c7fdc-5cb2-4996-b40a-325df0bc8cb6,Professional,None,0
ff08a80e-6323-4058-acef-0a5b2eda9462,Student,10% Cashback,1
9b355cd0-474c-49d8-a32c-d2f6cfe96bec,Professional,None,0
2faa88f6-7264-489f-9edd-84ac8f093606,Student,None,0
4a8fd81c-bda6-4129-8e5b-5f4080eac588,Student,None,0
c86e3a62-90ed-473b-a500-2f5642c4b0b9,Student,10% Cashback,0
552bf237-7bf1-4d5f-8bd4-6e4a1559f90b,Enterprise,10% Cashback,1
3a969de2-8385-46b3-9e81-9dd28165560e,Professional,10% Cashback,0
0ebfa036-af27-44ba-9c83-54665c5762f0,Professional,10% Cashback,1
913debca-002d-44cf-94e8-ca2782fa5802,Student,None,0
638aece6-e389-47e9-9aa9-f31727dc7917,Student,None,0
e516995f-22b8-4504-bf86-6451d6218b6e,Student,10% Cashback,0
8a1bed11-e665-4f4b-97a2-64d914b9b314,Professional,10% Cashback,1
5de8f9ce-c13d-47b3-966c-8033da3024f9,Professional,None,1
b9a5a182-7142-4644-8799-5fcfbc50847f,Student,None,0
642c330e-1322-4eba-a382-689baeea5409,Professional,10% Cashback,1
aa1a0903-f17c-4298-9538-e6db23c413b3,Professional,10% Cashback,1
4597fd2c-756e-4419-85d2-f24e4eff58ad,Professional,10% Cashback,0
b7fad4c9-e272-4af9-87ff-5cd5b11f25b7,Professional,10% Cashback,1
9a1528fc-b809-4886-bbf2-a91b40ea2305,Student,10% Cashback,1
21473356-3c1b-4b50-90b5-a3de5ea8df12,Professional,10% Cashback,1
7c83f06a-e4c7-4015-81d7-d5246d0cc896,Professional,None,0
f7eaafa2-4306-4108-b5c7-96d1062d781a,Enterprise,10% Cashback,0
b2c624cb-71c3-4035-b272-013481e57adf,Student,None,0
035ab0aa-3bed-456f-9442-4c884cff0621,Professional,10% Cashback,1
cd405ad3-5f7f-45c7-8154-0b1d08d185f4,Professional,None,1
bfa24d3a-b90f-42b7-830a-57658376f762,Professional,10% Cashback,1
8e28dabc-1bad-44d6-9e67-e6a9bad1f2fe,Student,None,0
95aae8c4-d84d-44c4-a656-42cb8ffd8b71,Student,None,0
8f660f7a-2aa4-40ab-9dc1-498a42f17744,Student,10% Cashback,1
3383766e-c839-456c-b1cc-f2aec4ad6aaf,Student,10% Cashback,0
77ed8f93-4232-4e1b-b30d-20f0b05e387e,Professional,None,1
5f7e2ff0-c7b8-471f-a6aa-6f59e685d9ed,Professional,None,1
93b51d8e-a28f-4ba1-bad5-07be719422eb,Professional,None,0
292b9593-a9d4-4dac-b04b-3af060409b49,Professional,10% Cashback,1
005b52b3-4bb2-430a-a9cd-c1febc47608a,Professional,None,1
442b5cc3-9f7d-40e4-9161-a853b1c9b4a0,Professional,None,0
fa318b19-fd4a-4aa5-8ad4-c56e7c1e8ed2,Professional,10% Cashback,1
3c4e9915-5c36-4561-ade4-10ebc50628d8,Student,10% Cashback,1
4e114c74-f534-4faa-87f3-5ba6a9641b15,Professional,10% Cashback,0
aac82bc2-b6c8-42cc-b962-0c80b534823c,Student,10% Cashback,1
74f29f4a-9e6c-4678-8bff-9c1b80acfabb,Student,None,1
d978b8c2-1214-4e1d-9eb8-b176f5648929,Student,None,1
cba12785-58b8-4925-8188-79f749efa1c6,Professional,10% Cashback,0
db3a6be3-3403-4b40-8836-32206038865b,Student,None,0
33e6fd47-e290-4a9c-ae25-e81846ce9407,Student,10% Cashback,0
5c70f765-906f-476a-8841-85a05fe024e2,Professional,None,0
ab3b1ad8-8984-48d3-b653-28bac4fd147a,Student,None,0
62a17334-7609-427b-9ac1-8ca705b3c1d7,Enterprise,None,1
db0c34e0-242c-4371-acb1-05b2cddb8062,Student,10% Cashback,1
54fa8c75-9dbe-4ddd-886d-5f828da4dd4f,Student,10% Cashback,0
b18e57a4-9d79-4b21-acfc-fb36aefe8605,Student,None,0
0bcb8d31-2818-48f2-a39a-262eb2e77264,Professional,10% Cashback,0
477aaa2b-ab92-40a4-a69d-fca891c0772f,Professional,None,1
20827828-692e-42e8-b88b-9d978bdda8ec,Professional,None,1
7e7dab3b-e0f0-4809-acd6-555922d3e270,Student,10% Cashback,0
af0ccd77-2a84-4994-9000-6952f0aff410,Student,10% Cashback,0
3522df90-4068-4789-8aea-40b6749d82b9,Student,None,0
0be53c64-1160-4387-bc9c-dd8e42e9b119,Professional,None,1
16a3adb6-0c77-4c3c-aa7a-103ff68d9b6f,Professional,10% Cashback,0
7633e3cf-672f-4596-b11e-ff4cb957121e,Student,10% Cashback,0
f2968d49-3ec8-4852-99ec-469d2dceab76,Professional,None,0
6bfe9c84-4d1a-405b-a485-3b57b06b7007,Student,None,0
b1e6be50-8f95-4732-bc09-396de687cb09,Professional,10% Cashback,0
c1bc6fcc-a6c2-4fea-9ef1-defcd12fd2d4,Professional,10% Cashback,0
87b3c203-f322-40a7-9f34-423727bf8580,Professional,10% Cashback,0
fe6c5876-4726-49dc-a31f-72c7a12cbc2c,Student,None,0
e36859bd-3c5b-4cac-b84b-79e7d6fc55e3,Student,None,0
e9417aeb-56ca-4bb3-b7f8-eab85a6a3f11,Student,None,0
5291e230-d44c-4a3a-9c99-55e863e1a4e5,Professional,10% Cashback,1
27c6d858-353d-4d1e-a113-dc54a31f9820,Professional,10% Cashback,1
403a74f1-0624-4e30-8480-874b2f368688,Student,None,0
fce63a8a-9441-4237-a6c9-10be1d3d3065,Student,10% Cashback,1
3b6f494e-bfe6-4b3f-8a35-869a17494303,Student,10% Cashback,1
60e93d90-a297-4e5c-bfd4-2b6201ec9260,Professional,None,1
4b621f50-f357-4260-bc4f-064cc2e278cd,Professional,10% Cashback,0
d1b34941-9870-4bf6-b2c7-9230628d77f9,Student,10% Cashback,1
fdb03db4-569c-49b9-9b01-da7e6c5ed4b7,Enterprise,10% Cashback,1
7fa49fd6-5eca-4998-8e37-9563de88b992,Professional,10% Cashback,0
044cc0b3-9e3b-4460-996b-87fec41f4c61,Enterprise,10% Cashback,1
8578b4a7-f188-4660-919c-5bfdd59569af,Professional,None,1
b2261fb1-990d-43eb-89e0-6facf7c35cfc,Professional,10% Cashback,0
cf5034b6-5984-4949-b196-daa6e6687ee2,Professional,10% Cashback,0
93f6fe18-8d04-4b75-97c7-76e9fd3ae7f7,Student,10% Cashback,1
dab8f3c0-84dd-41cf-ae2f-6dca36c27a41,Student,None,0
5518e1f7-b4cb-4ae0-b885-0d80b60e10a2,Professional,None,1
fb99d01c-0d89-441b-af1b-404420b1c3b6,Professional,None,0
ec5a1c9f-c7a3-4fcb-ba98-1c451cc25261,Student,10% Cashback,1
0ef0e7d1-6e05-4c57-a246-bf259d6ee4f9,Student,None,1
b1684306-eace-4ff2-8937-fe7ecb3c26a8,Professional,None,1
3a1d4c81-f153-4aac-81d8-5bc5439bc2ff,Student,None,0
65a63390-0685-46ae-94bf-87f58f8198ba,Enterprise,None,1
a4b7212a-16a9-4a76-abf9-c9546639925f,Student,10% Cashback,0
3752f622-8322-41c5-99a2-7936a065c5c2,Student,10% Cashback,1
7444a8ee-8951-4806-a2b2-1d24e017d0e8,Professional,10% Cashback,0
6009d4b7-1ca0-432f-9e66-871184bb81c0,Student,10% Cashback,0
7f6a6e63-d94b-4813-9413-0432fd1ec55e,Professional,10% Cashback,1
0a34610f-fb78-455f-9d79-84d9d9052632,Professional,10% Cashback,1
56dd0b72-b0f4-406a-89ff-c7ea687ff3d7,Professional,None,1
2718898b-f7a8-4fc9-a38f-b1e01ffbf828,Student,10% Cashback,1
c7c9b88b-d579-40ea-9e12-b036d392b8e4,Professional,None,1
d4ead72a-740f-4293-8360-cbda756672d0,Student,None,0
7c8383c8-24bd-4ef4-8ddb-8dc735ee0c82,Professional,None,1
ef319fa4-3d80-463e-9403-9d8a19597e40,Professional,None,1
f9c847c3-885c-4385-b267-cf842ef307b8,Professional,None,1
0439f3aa-d6be-4032-891f-2e6be29537d1,Professional,None,0
7704a789-671a-4de1-a298-3936c02d83cd,Student,None,1
d7cac6b4-ea47-4002-bfe4-2e11ca9cc27f,Enterprise,None,1
ccab232b-b6dc-4180-9c7a-67901caf3191,Student,None,0
c6d16def-fde9-4b59-b503-57536a667f4e,Student,10% Cashback,1
0d9d6f2c-0b28-4e77-80dd-3fd2faffb1a3,Professional,10% Cashback,1
479e2f62-3a59-444a-a0a1-bb335c8d92ab,Student,10% Cashback,0
2429616b-005e-490d-8242-15d40ce0efa7,Student,None,0
d4603981-741a-4452-98a4-95fa5556edc7,Professional,None,0
a192d5a9-bcfa-4e04-825b-85f00bb0ec96,Professional,10% Cashback,1
6492444e-14ff-455e-b45a-778ea229aba6,Professional,None,1
ff54c145-aa1b-406e-8044-697758b68bda,Professional,None,1
2ff503c2-0ddd-40a2-86d8-22183332a07c,Professional,10% Cashback,1
efaa9afa-4bb4-4afb-bfe6-f73f61ed03eb,Student,None,0
e4a3ac46-cd61-421f-a181-f8f5db867a5c,Student,None,0
a0ce003e-87e1-492b-a803-3e1012d2408f,Professional,10% Cashback,1
a706ae73-08a2-4f38-abfc-f2b8183288e4,Professional,10% Cashback,0
92ab2d8f-a5d5-46a5-9bbd-347b21e9b94a,Professional,10% Cashback,0
b118d625-cfab-403b-9327-697cea684330,Professional,None,1
a9ca0683-3f88-4d1c-a52e-2272c24e39ba,Student,10% Cashback,0
5f1a7ff3-7c8c-40ce-8cec-34e120519bae,Professional,None,1
8185684b-e616-4761-8e16-071335b7d409,Student,None,0
3af26035-fabc-47b1-a785-8616a59b6bd8,Professional,None,1
7eb16f8e-d793-4f1a-90c3-b73e1e18d18f,Student,10% Cashback,1
e20b2561-7e96-4461-92fe-9b29622a9e3c,Student,None,1
607acd57-bf55-48f3-b0d5-024d4b83bba7,Student,10% Cashback,1
5780cd36-3666-4ad4-8137-b40a24f17436,Professional,10% Cashback,1
f11b4a2d-66e0-4f96-ace9-9df5dd841049,Professional,None,1
c89b47fd-5056-41f2-acbe-e93603b6268f,Enterprise,10% Cashback,1
d8506315-b922-4d63-94b4-1f02d31c005b,Professional,None,1
6c2e3648-73aa-4025-b59d-429b0230ef03,Student,10% Cashback,1
94512d32-dd62-42e0-ae6f-8e425f674ca5,Professional,None,1
dce25d06-3ec5-4e64-9e54-f68fff0873f5,Student,10% Cashback,0
6609a3c0-9b63-4238-b5cc-74233b556109,Professional,10% Cashback,1
892d421b-696e-493a-a6dd-788357401efb,Professional,10% Cashback,1
f84f529f-98d5-4cb5-88a1-a5c759f4e84b,Professional,10% Cashback,1
f92746c3-6711-4a05-9fd3-793ccbbcfd30,Student,10% Cashback,1
2f9cf6b6-fb0a-4661-80e6-1953c5ca3bd3,Student,None,0
c0b02d8d-19ae-4fd5-a328-6d471d3a2459,Student,10% Cashback,1
af3393f0-2cb3-4a49-be95-64a559befb92,Enterprise,None,1
2e4a87b6-f1d1-4b4b-88cb-7c846e3f867f,Student,None,1
923decb7-f19e-42c6-ab03-2fda9e887f0c,Professional,None,0
bf484c3a-3aca-4849-ab1b-17eb595c916a,Student,None,1
0002708f-fde4-43d0-be54-237302e88625,Student,None,0
f0503e57-1762-47a5-bfe2-73507f6669eb,Professional,10% Cashback,1
5a1b3dc5-44c3-4099-9b37-7af1ea50b034,Professional,10% Cashback,1
89ac579d-c7c7-4d9e-9b23-13af97eeb3c0,Student,10% Cashback,1
c3097d7c-bec4-4c63-b333-82e418959cfb,Student,None,0
a10de6ff-cba4-491e-9ee4-b6997a6b47df,Enterprise,None,1
0d9dd301-0d4b-4460-9c27-16dcbb4b15fa,Professional,10% Cashback,1
195700e5-e0bf-49ec-a434-562ad79db7b3,Professional,10% Cashback,0
3262ad1f-3de4-4522-8543-537fbd880f9f,Enterprise,None,1
796c8192-abaf-4456-9d56-ca1d603121f2,Student,None,1
49d9720d-c89c-4590-bf95-182bf98cfe50,Professional,None,1
7fb76b0f-2e3d-4d60-98eb-e944363bf055,Professional,10% Cashback,1
db7fc7b6-adc6-4d7a-a8b8-84e66ac4275c,Student,None,0
54e1a842-ca5c-4481-9ed5-a65292e12ac9,Professional,10% Cashback,1
3fb20bef-0deb-4308-8e3d-21216bea0d4f,Student,None,0
94c49ee0-e6a0-4108-9758-63410af347af,Student,None,0
4ad0106e-708f-43ec-b634-1e401385d3c0,Professional,10% Cashback,1
9fbd6661-84bd-4130-bc7b-fc28b6e8099e,Enterprise,None,1
cca8af71-b54f-4e4f-b9a7-2445906da33f,Student,None,0
5d628050-7aa8-447b-86d3-46350af6bd3e,Professional,10% Cashback,0
111edbe3-f403-49c1-aa44-26eb0cb9450c,Professional,None,0
74536324-8ed7-4b7a-bb5d-59c43133849a,Professional,None,1
4a61d91c-0184-42c9-a90d-2e8ff38052e9,Student,None,0
4f18c36d-521a-49d0-99f1-65551c5055e4,Student,10% Cashback,0
87ff4b8e-5975-478b-a319-e8a66df01874,Student,None,0
2affefa9-9002-469c-8fc1-849fc3ba8fe2,Professional,10% Cashback,1
be1c98c0-2e97-4a8b-9c9a-8f69efa06055,Professional,10% Cashback,1
9b0f0c32-c3f4-4b7c-86e6-fa1c1a11d368,Professional,None,1
d636e94a-b34d-41ff-ac17-239d7695312f,Professional,None,1
7f5ee48e-debd-42ed-a947-d4bb98f5d97f,Professional,None,1
d69510bb-cdce-40ad-a52b-936fd54c232e,Professional,10% Cashback,1
2d37068e-7a5c-4d86-938e-b245b59d1eab,Student,None,0
ae2b8965-7395-425f-932f-34f011c33430,Enterprise,None,1
ecc1290a-2bd0-420c-ad28-c7e55b49f08b,Professional,None,1
6198d451-ce80-4ac9-ac72-d536c3331f99,Student,None,0
4b69ac19-1cf8-464e-8ab7-57ca22c5779a,Professional,10% Cashback,1
8d8e490e-e504-4287-bb17-e8c25bce7908,Enterprise,10% Cashback,0
a5305972-2596-43ff-baec-87d2ee69ba63,Enterprise,10% Cashback,1
12cfea1c-5077-4b8c-a196-1c693817e818,Professional,None,1
63b9272b-57eb-4bae-8e39-938b8ee16a85,Student,None,0
4b53f298-0665-4150-b6c5-63ad81264e7f,Enterprise,None,1
fe1de9ff-c7c4-4b1d-a486-63e353e824f9,Student,None,0
2a95391c-29eb-4c6d-ab8c-c6acca9fa4fa,Student,None,0
f167c956-2ce7-4e1a-9e01-d0b967ca106d,Enterprise,None,1
11237613-14e4-4fa7-bf5b-f874f3ca548d,Student,None,0
7812c5c8-88d8-4b77-a1e1-612435d05e85,Professional,10% Cashback,1
828f9a8d-b0ba-4e14-a3fa-b6846ab0861a,Student,None,0
c7bf9da4-fe69-4186-b645-d508ffb48399,Student,None,0
5630ea62-acf7-44b6-9d7e-a5e245e8437b,Professional,None,1
170624b1-7832-4ff1-ba2a-d79021b96c1d,Professional,None,1
94736b78-be48-417a-982d-a7b4b4b4f4e6,Student,10% Cashback,0
d5cee0a5-9ead-48c3-ade7-591474592430,Professional,10% Cashback,1
a6abc0ce-64c1-435e-bd56-bd78ba0d330a,Professional,10% Cashback,1
061217a7-9631-4238-ba1e-12e2c1543d75,Student,10% Cashback,1
c4ad8ea8-cfec-4a47-b24f-12169c381502,Professional,10% Cashback,1
73852fdf-e1cc-42c5-959b-d59a7b64d201,Student,None,0
8a1d657b-5938-45e5-8c89-cfa3293833cc,Professional,10% Cashback,1
c467404d-3051-421f-b849-36f791357f1f,Student,None,0
d48a0104-bfdc-42c8-80b9-b84c08edafc8,Professional,None,1
3a77a2e1-2adb-4711-bd45-1d8538666613,Professional,None,1
a38a3859-a699-4594-9e41-feb82fb89c75,Student,None,0
e4e4fa2d-7244-4102-9cdf-91e4e1b14fdc,Professional,10% Cashback,1
e2f3fcd5-c76b-421c-b4b3-bf84e43beaf9,Professional,None,1
352cec46-1e14-475e-a090-441842173f50,Professional,None,1
520a8da9-66b7-4e6f-9668-6beab9af95b0,Professional,None,1
ceb4aa5b-a6e3-4eeb-8f91-a76753ffb2eb,Student,None,0
e413be79-e07b-43fb-8d9d-e9f4fb567484,Professional,None,0
d0aef8e7-29c7-4421-ace1-c5eb24157c07,Student,None,0
4e0d246b-c03c-413f-9ec2-06f597aeb95e,Professional,None,0
f101874f-a01b-490a-9245-653b4f8095a9,Student,10% Cashback,1
3cb20578-8012-43b9-919f-0a6f237e7c65,Professional,None,1
3a6c8568-6048-4e04-b1c6-de6bbc68f4af,Professional,10% Cashback,0
60b6e3da-c05e-443b-a4d6-aa6a43e7de11,Student,None,0
06331d50-37bd-4df8-98be-f4b70b17f868,Professional,10% Cashback,0
6dc318a6-f79e-4f22-a571-1bcaac98c531,Student,None,1
67a0c28b-7eca-4542-8ba6-c5d65ac49bd2,Professional,None,0
c8c43c3f-0e5e-4569-b0cf-c997bbec1897,Enterprise,10% Cashback,1
4de87ecf-9de9-4b37-b2fe-7a68d2db3300,Professional,None,1
1be6e5f2-bddf-47aa-a459-71f4db8bcb7f,Student,None,0
3d55b4b4-7723-4a0f-972d-caa605095f6d,Student,10% Cashback,0
56d0959e-14ee-468d-b623-21a597cd2285,Professional,10% Cashback,1
d032d6fc-8be8-4d0a-9a7b-ddef33a75832,Enterprise,None,1
48a3a4e2-a8cb-4fc4-b879-00b9851f60f0,Professional,None,1
cb61769a-0c09-4840-90f8-73be6142bc7c,Professional,10% Cashback,0
08281361-8bdf-40e9-90b7-c95fd6a778d9,Student,10% Cashback,1
25b8c10d-57d8-46ff-8cc5-a4321aa6976d,Professional,None,0
ebef7cf4-bd4d-4ef2-97be-1cabd053ea86,Professional,10% Cashback,1
639578a9-3a64-4f65-a0da-2e09a4010d87,Professional,None,1
3ae7fa06-a545-47bf-a7fc-68a17247f6f7,Professional,None,1
139c05c1-5cc1-4003-a7c2-3ebb4d3bc431,Student,10% Cashback,1
25493554-6995-4f93-aefe-f4cadccdf9fc,Professional,None,0
d446ea8f-e57f-46ef-80b8-9d5885bff288,Student,None,0
097520c6-06d6-4e0d-b5e0-3c06dde8bf67,Student,None,0
a4b0ae9c-c0e1-4b74-8b9a-1709d0ff7423,Professional,None,0
2417ba47-d4e2-4340-88bd-3779f0d7feed,Professional,None,1
af24c043-b355-4bda-8b8b-48050230b90d,Enterprise,None,1
04755226-4d36-4f49-83bf-4fafc463a6cf,Professional,10% Cashback,1
f8bf4410-c6f2-48be-a948-f6b9c57b492e,Professional,None,1
745410fe-14b5-4a81-9808-6098abbd21ce,Student,10% Cashback,1
2ec81512-69ff-460e-87ed-764311a821a8,Student,None,0
3e47c123-6c44-423b-a8e1-cae2218b0e4e,Student,None,0
42b0ea41-af1b-479a-b156-b1e961ba4a20,Professional,None,1
18eb729f-845f-441e-84b3-b26ede83cb1a,Enterprise,None,0
118a36e1-7dc6-41eb-a396-0bb8d2345324,Professional,None,1
b5d2b614-ef03-4808-969a-8b590a0d2993,Professional,10% Cashback,1
ea3755d6-d99e-4eb1-b623-01656028d1bf,Student,None,0
917512c4-c319-4368-8ed1-f5c32f29582b,Student,10% Cashback,0
5ea9bae5-5c3d-49c9-91f3-98088b9a45e5,Student,None,0
95c9727d-0bc1-4917-8694-de0d4b5a7cbc,Student,None,0
c637f04b-fbff-4622-b2e5-72e77899ed3a,Enterprise,10% Cashback,1
310e560f-ecfc-4b0f-980b-5c7e986f5ba8,Professional,None,0
a197c827-8ff7-4368-b097-735783ee60b9,Student,10% Cashback,1
fb941403-ba4d-4c8b-bb72-ed6fcf92f341,Student,10% Cashback,0
ea975047-21e9-4b37-a497-0d751c1a0047,Student,None,0
5adf1fd9-5bb5-45c1-80ee-5e88496735e4,Student,None,0
6213463f-be47-4b12-af08-b437a65f51f5,Professional,None,1
25da0f88-52ae-4e82-a13d-62a33f800cca,Professional,None,1
f5597dd8-6b30-49a5-a419-fb8f9d0fadcb,Student,None,0
94ea8c83-928f-4883-b7c3-22a3cc5bb9a0,Enterprise,10% Cashback,1
f33f59e7-e71e-4c9d-aed9-dbf95cda4794,Student,10% Cashback,1
4034640b-9379-4330-9b2b-77d688982be6,Professional,None,1
738e427f-21ae-4e87-9530-49bfbf6ea7d8,Professional,None,1
4f7cab29-c0a5-4322-b779-5430f1410b62,Enterprise,10% Cashback,1
7a23f8ba-3b06-41b7-8e68-1c8179b4cdc9,Student,10% Cashback,0
bf8149aa-9791-4b90-9ad6-00aed382680b,Enterprise,None,1
d50a94ce-473e-4efd-a9bf-122433d5491c,Professional,10% Cashback,0
dc75317c-bc13-4314-8e7e-837ba17a6982,Student,10% Cashback,0
c8a82657-e2a3-4dd4-b06d-f1fb52d64780,Student,10% Cashback,1
b26ad5a2-945b-43b0-a1a2-a0e1e1909c86,Professional,10% Cashback,1
d9f8b98f-95ed-432d-804a-4efeefa379d5,Student,10% Cashback,1
65027cee-31a1-4c80-a251-19fcb33a82b9,Student,10% Cashback,1
4fc32136-b93d-4371-a24f-ca22b7561dec,Professional,None,0
8310da97-aa5a-417a-92f3-19fb55c45c61,Professional,10% Cashback,1
0bea38ff-5f88-4b5d-887a-5bbd093736a4,Professional,10% Cashback,0
b3cc0eb6-c53b-4d92-a92e-6b060d45cbdc,Professional,None,1
10915d47-3648-4f5c-a109-bdc34244e985,Student,10% Cashback,0
99069a34-80c2-456c-afef-2700fc60fdf1,Student,10% Cashback,0
34770ff9-2144-466c-96c6-a08e8ad555f5,Student,10% Cashback,1
17d61746-b0f7-40ab-a06a-1cea604d6671,Student,None,0
2b2912c3-50e3-42d6-b77e-2d2a2d099447,Professional,None,0
6fb5e7e6-a731-4a4e-9682-1bc91f0d3049,Professional,10% Cashback,0
ba59f674-121b-4df9-ae49-570b3f335477,Professional,10% Cashback,1
ccc8aaa5-1a99-41bf-9e21-c4642aa34d1c,Enterprise,10% Cashback,0
6df9862c-60c3-44d5-92c5-2620d86f0892,Professional,None,0
501700ab-eac7-4a9e-ba6f-fc679bd9bc5b,Professional,10% Cashback,1
8029153a-3230-4f94-b0c7-2b15e82d29f3,Student,None,0
b2031571-a17b-4024-a9dc-6f173b663de7,Professional,10% Cashback,1
37b35cfc-e832-4fa0-9a1f-1009c5672292,Professional,10% Cashback,1
d38e56dc-0ebf-4946-886e-84b87edd0e6c,Student,None,0
f775595c-05f7-4752-ad9b-3b923dd06256,Professional,None,1
74b8b218-c012-4aa5-ac23-c4646f79feae,Enterprise,10% Cashback,1
47c11cf2-129f-410b-a8b6-20ca385663c7,Professional,None,1
ab8c11ea-fe7f-418b-9f8b-b829ad1fdc62,Enterprise,10% Cashback,1
64d9655c-1c7c-4741-bf8d-ac54a7da38d1,Professional,10% Cashback,1
cd752a02-7a96-4e95-ba3a-bea35ee00ef8,Student,10% Cashback,0
781bc21d-5dd6-45bd-a3a6-eaa713daebf4,Professional,None,0
b0c686b4-e0a7-4329-856d-3b9337c2f2af,Student,None,0
c83ebaf8-25ca-45a6-818e-1c98942bea12,Student,None,1
38f38e53-c0b3-4168-9b4e-f54fcd158207,Professional,None,1
0f582f84-1025-45b0-8499-28b11467f85b,Professional,10% Cashback,1
663f20d7-ed46-4b5e-ab5c-5fb590f50060,Professional,None,1
06532647-bc9c-4fc6-b5ac-6d69f449327f,Student,10% Cashback,1
69317765-b1ef-400c-ac09-da98d4f46310,Student,None,0
e64eeaf4-2672-4fde-9505-a86e6cd37eec,Student,None,0
84acfef6-32f8-4a35-af7c-e80945e7fbe1,Professional,10% Cashback,1
db1577de-7278-424a-83a3-d94c650ea87e,Student,10% Cashback,1
d5b9bf82-8d68-4530-b874-054886923e28,Professional,None,0
b6a7463c-594b-49ec-8d36-59af6a1b3bbf,Student,None,0
ea5e7bba-5771-4226-98c5-3b6102454d01,Professional,None,1
2e4bdf64-7744-49ba-828b-ccb6f226c7b7,Professional,None,1
2e910d06-b66b-4ff5-bbc1-86e151409f98,Enterprise,10% Cashback,1
7775c531-3c7e-458d-9ce5-e320f9be4b44,Enterprise,10% Cashback,1
37b5982b-c767-40bb-b2ac-d15ab5cdc0e4,Professional,10% Cashback,1
0c6d197d-fb61-412b-94ec-6c3f58a57670,Professional,None,0
dd73bec9-6358-4755-acdc-2620c17dffdb,Professional,10% Cashback,0
ab3dc8e1-eb2b-4b26-9486-5fb0b26888ca,Student,None,0
6d1f369b-9ece-4956-a108-4a71b91b2b91,Professional,10% Cashback,0
3fb7ec60-86b7-49e8-b42a-91516a48a1cd,Student,None,0
4bdde621-be0d-4191-9a24-b6a1bb7ba3ea,Professional,10% Cashback,1
610fe360-5433-41d8-a33b-f52e0580c065,Student,10% Cashback,0
f5b110ef-e3bc-4cb1-9858-7cb30db70c2d,Enterprise,None,1
fa47c18f-29bf-4b52-9512-125a4671ff6b,Student,None,0
11ea5da9-8538-489f-a70c-01538b9ad760,Student,10% Cashback,1
dc6f5080-f797-4662-872c-2f27b055d147,Student,None,0
087f1d87-5093-4f0f-919c-b69aa7a9d4b2,Student,10% Cashback,0
d4918689-550c-4f5e-a68b-346fdd3a3817,Professional,10% Cashback,1
943cbee3-bb72-4983-ae09-d49550f193a1,Student,10% Cashback,0
2dc7c704-8dfd-445a-86d8-d190da75de76,Professional,10% Cashback,0
c824d813-ab2a-4ddb-b8b4-15dab8df68b4,Professional,10% Cashback,1
2de20dbd-bf00-4a11-903a-ab6263cd98c7,Professional,10% Cashback,1
bc80583c-e143-454e-98db-94acfcd8851d,Professional,None,0
cd2ce26d-2c81-4f1b-bd93-f3b1ef77952c,Student,None,0
260393c1-84c9-4c1a-b744-fe2b964f6190,Professional,10% Cashback,1
79668a1f-5ac6-47c5-a2be-ba9b5a0fd3d4,Student,10% Cashback,0
2e16ff72-5b09-4eb5-a329-f4233fda8d2b,Professional,10% Cashback,1
e85d1ddc-6d90-4a2d-ba30-1a961a7ad823,Professional,None,1
8ffcb0ec-2051-46e1-9cc5-eb4a76e29ce2,Professional,None,0
3619888c-0bd9-4006-a7e7-f551101cf497,Student,None,0
3df00663-aa40-4419-bfc4-e3eed3bc9a61,Professional,10% Cashback,0
2411a087-4702-4fc9-b524-90faca8522cd,Student,None,0
a62f7396-f069-4bb7-a244-7d30ad6a7b02,Student,None,0
36e3df3a-13ee-48ce-89be-19abc6eb05cd,Professional,None,1
a2b8c525-d4d5-4dc4-b906-39df8068f30e,Student,None,1
c2342824-6242-41e4-8f5e-30dc37e7a467,Professional,None,0
9ce98ca1-73c4-4c9a-b8c1-3d99c646e7d9,Student,10% Cashback,0
2d81bc25-d0ed-416e-861d-7310310a19d4,Professional,None,0
323a4abd-9d5c-42d6-b002-bd8cfbf37a01,Student,None,0
6f1d62fa-f040-4b08-944f-da06b6522fdb,Student,10% Cashback,0
b39b6219-5979-495b-a016-85ce4b5e1bb5,Student,10% Cashback,1
0ef5cf46-77db-4c19-bac5-4d8f36efd5dc,Professional,None,1
ac7cd3b8-e3f6-4ec6-9108-7c5a079cb762,Student,None,0
d585a864-61f0-49f2-98a2-04dfe3840279,Student,None,0
d9871776-ccd7-4504-b8ec-d6af47bf7c65,Student,10% Cashback,0
272f097e-a620-4a06-836a-87834e9882c9,Student,10% Cashback,1
ab8cd983-c2bb-4847-926b-8bd3b8a11e51,Student,None,0
ff0f456b-6c95-40d1-b13d-0f887980fe44,Student,None,0
7993cd9b-f81b-4c86-b8b9-f5cd66952bde,Professional,10% Cashback,1
b07988ca-0a36-465c-aeb4-1ebfe002fdd1,Professional,None,0
3d1fc927-4dd1-46e2-8d9b-c0d0521fca40,Student,None,0
4857a172-fb53-4c5d-afde-ecbfa3f6b51e,Student,10% Cashback,1
9f6bd3eb-0007-4699-8a3d-80d7d3571b30,Professional,10% Cashback,1
c14c616a-4b20-4211-8371-3aae187835fb,Student,None,1
4adce49e-a59a-4e0c-a996-7c7ceaa2c062,Student,None,0
7dd1ba7d-bc55-4600-b976-2083458d4869,Student,None,0
e228a1be-243d-41c3-a953-f8bf5aa023cb,Professional,None,1
0844e610-3746-4fbb-abbe-cfa22ab19ca2,Professional,10% Cashback,1
1f2daf7f-7b02-4b32-89d0-ec7b5db2a107,Enterprise,10% Cashback,1
bde707fe-b2de-4cc6-b436-fd79eca91e43,Professional,10% Cashback,0
a96e08e0-7887-4983-a1c0-0a71ebca239c,Professional,10% Cashback,1
0a7d45fa-b3b1-4efc-a1c8-3513dd613452,Professional,10% Cashback,0
e27f9c43-52d1-483c-8627-1857fd337b3c,Student,None,0
68162412-4ed0-4ad9-aab1-8f828223cbd9,Student,10% Cashback,1
0efff87b-1120-4216-9f4f-28f3054d7399,Student,None,0
7c9f560b-b0d4-4c3b-9101-06aa3a062063,Student,None,0
60bccc4f-3516-49c0-9f14-626d1732227c,Enterprise,None,1
b204547d-91dc-4322-9ffb-3218bb530fde,Student,None,1
aa3376e0-6d1e-46c3-a2fb-d31ba229d02a,Professional,10% Cashback,1
50034c78-417b-4de0-9bcd-aaec78b39f54,Professional,None,0
37e2fe82-f36e-4c7c-b901-7bccea8516fa,Professional,None,0
df61b2b5-105d-4600-910e-e4d0c1f8815b,Student,None,0
fc344030-4e02-4f90-a2ac-1557c8ce4e15,Professional,None,1
10d879fe-767c-4a4a-b0f6-5650596c76d7,Professional,10% Cashback,1
e3abe7e1-0090-4081-8c7c-dabf51ce8b3f,Student,10% Cashback,0
7c2ef033-8aff-4248-9909-0b9deffb0c75,Student,10% Cashback,1
2b1dda6f-2d67-4f8a-9ce5-4a18b5fd9410,Student,10% Cashback,0
1a0ef0f6-0600-493b-b991-dfa557ccc1d4,Professional,10% Cashback,0
cec4f70f-cd0e-45ff-a923-abe82614b273,Professional,None,1
adbcf6af-74be-4b73-84e7-18fb76cd2bec,Professional,None,1
7c5cebb5-2acf-4f1b-8899-10dee61bd39a,Enterprise,10% Cashback,1
c8278172-4057-4cc6-8a96-49a7f3297218,Professional,10% Cashback,0
1272f96c-f06d-4dec-9cfa-083f2e591499,Student,10% Cashback,1
7d5c4c80-182e-4ffc-be7c-920b9dfe35bf,Professional,None,1
887be7fa-7524-454f-8061-9ce5b67f2140,Professional,10% Cashback,1
19426a80-59b5-472b-8131-f9568040c11d,Professional,None,1
25047153-7321-451c-ad1b-62e105e96de5,Professional,10% Cashback,0
3f91aed5-934b-4739-8108-2b6d171b3fe8,Student,10% Cashback,1
f9032f81-4d72-4288-8e31-74d5e48ac813,Enterprise,None,0
d85e71af-63a6-4c9b-8c64-69f0336951db,Professional,None,1
67f46bc1-eb67-46bb-bbe9-365b4dcf6fed,Student,None,0
b5c61b58-0a18-43ae-8aba-d91391860b39,Student,None,0
adbe83f3-3562-4495-adfb-a8257854ec83,Student,10% Cashback,0
406a05b3-169b-497f-a74f-ab288c01401a,Professional,None,0
0a055281-9688-4c4c-bad2-776356f95536,Student,None,0
70049319-aac6-4993-8736-25758b12e2ff,Enterprise,None,1
56235842-f18e-4eed-9ba5-4f2f609f7c6c,Professional,10% Cashback,1
22b1f1dc-bfca-461c-91d1-65991fae5134,Student,None,0
9ae7c01d-12d7-4056-994e-d24ec72b2bf6,Student,None,0
676127b9-0dc8-43dc-852b-dfd4c8f2cddb,Professional,10% Cashback,1
869e0c74-e103-408a-b928-8a6c1fac975e,Professional,None,0
a72bab4c-69b9-472e-8f98-af615ee3e663,Professional,None,0
756f2ef3-b265-47b4-a5e2-24017067a2c4,Student,10% Cashback,0
f364aa6a-4409-4b8f-85b0-5291d13b7d5c,Professional,10% Cashback,1
91785b7f-2632-4c9b-bafb-91fe4b874cee,Student,10% Cashback,1
6f125a20-3956-4eed-a1c6-82fa9965bf34,Professional,10% Cashback,1
077007a5-e7b2-4c84-aa8d-152966206fbf,Professional,None,1
3d2e4d4d-ec87-4fac-b00c-f061491e2893,Professional,10% Cashback,1
e491e889-ffeb-4b02-9314-5244abf8d63b,Professional,10% Cashback,1
7060f0f6-cd60-43df-ac75-708bc468e1e5,Student,None,0
474825a2-c08e-4ba2-b1a3-d307e35b28f6,Student,None,0
2f713471-984c-4003-85f2-e56823f5dd8c,Professional,None,1
594b332d-98c8-41d8-86ca-c3af1cf0d1d3,Enterprise,10% Cashback,1
6ea202a7-a7ca-4a2a-a545-e56f52166194,Professional,10% Cashback,1
5d21c1b7-cdd5-441e-806a-09a393ce8dd1,Student,None,0
240acc9f-c792-42ec-a811-71e09c92980d,Student,10% Cashback,1
ca4c9dca-997b-420c-b228-a4babe6244f0,Professional,None,1
4ca51d48-e85b-4b35-b1e3-cd7f12b7528e,Professional,None,1
d4532c90-0860-4943-9b45-610c0abe588a,Student,10% Cashback,0
ab720e36-daec-4906-bc67-8101bc6ae2cf,Enterprise,10% Cashback,1
e6b6b7d5-1bbf-48ea-bbda-dca80d09fbc4,Professional,10% Cashback,0
b9c6ac82-a530-4ea8-a184-9aa56fcc0025,Student,None,0
75a50e29-4523-48b7-8199-05dee96480ea,Professional,10% Cashback,1
a01694c0-d6c7-48dd-b143-25cfcf1774a5,Professional,None,1
0badf077-edd9-43b0-afa9-f8f541024033,Student,10% Cashback,0
547894e4-dce6-42f1-8906-fd21b44f9451,Professional,None,0
e82bf50b-b858-4f4b-aebd-fa5be692a763,Professional,None,0
27135ab4-a173-4b8d-acea-f79df5dc4c36,Student,None,1
1c6a56ac-ae4f-4701-aab5-0ea9e5f76ea4,Professional,None,0
2cfb33e4-84ad-4f40-a283-bb339dc2f792,Professional,None,1
efe6db0e-c876-48b5-8e2b-7ff0aa4ae7b3,Professional,10% Cashback,1
c728b735-c208-4bda-8a83-aab378242b01,Professional,10% Cashback,1
987b6cc3-83e3-4709-bc95-4a0aa3b31d8a,Enterprise,10% Cashback,0
993fdce5-fd85-4b01-ae58-ee1f6755b7a1,Student,10% Cashback,1
1ec68527-42d3-444d-826f-1c0e54518333,Student,10% Cashback,1
7a407dac-6768-4389-8a62-882a0af06a66,Enterprise,None,1
f27ee05e-3f87-4e8c-9b5f-a38eb02d46f7,Student,None,0
8ce39141-20e4-414f-a7fa-8b44e879aed8,Student,10% Cashback,1
ecc2cffe-264c-4fdc-9048-4f2947e485f0,Enterprise,None,1
9489ff03-ce31-457b-afa5-3e17bb58ac88,Student,None,0
5430ca40-6230-48ba-a906-b75a2f340fec,Enterprise,10% Cashback,1
4d06513f-3251-47da-9ed7-c52a90c8702a,Professional,10% Cashback,1
7a82231a-8b22-43ca-8828-3594c2645a9a,Professional,10% Cashback,1
8c31b814-a621-43d7-91cc-b9f2c2e76688,Professional,10% Cashback,1
2fa01b01-fd65-4173-87b8-ce2fcdc3bc52,Professional,None,0
0a0b50ee-154b-4eb6-9db0-19f6e8153ef1,Student,10% Cashback,1
599fdad0-4609-41ba-a9ea-aaf41b3d83f3,Professional,10% Cashback,0
7787cf95-2c8b-4332-bf0b-2e8d7ce2922d,Student,None,0
886ff32d-6e0e-464f-bbdf-17febd1c6a4f,Student,None,0
05c3caea-a2c8-46e4-a6ba-1827ef0e60e0,Student,10% Cashback,0
e9f65601-8a25-4542-840b-fa6ff6d686bd,Student,None,0
75f0a3cd-0944-4763-b4e0-a2e5b66784dd,Professional,10% Cashback,0
e0984332-3170-4761-8a47-75b7208bcaef,Student,10% Cashback,0
eea325dc-f5fb-450f-b27e-35944cea5d58,Professional,10% Cashback,1
2ee6c7eb-2c76-4014-a74e-161840ee187b,Student,None,1
0f26d7e8-e710-440a-abd0-313e0afa219f,Student,None,0
a8ec4b3c-263a-4646-bd78-0e2868c76d84,Professional,10% Cashback,0
9a5ac6d4-4127-4aa7-973a-e5384d8d302b,Professional,10% Cashback,1
58ee8282-3007-456c-bf4b-11dfef063c5e,Professional,None,0
22fb238c-0d3b-491c-a695-e791e690ed4c,Student,None,0
4be08ae3-c8c2-4801-a9da-b812e9e9b007,Student,None,1
03c68810-0a53-44ff-95ce-1895300efdc2,Professional,10% Cashback,1
8939c121-1f6c-4369-8576-ea050f4a0e51,Enterprise,None,1
a41ea63b-41b1-4df4-8881-9811a92d5ec2,Professional,None,1
e1ee8a6e-e76e-4aa0-a0a8-b6bc3c2b70bf,Student,10% Cashback,0
e797cdac-a68f-4bbf-9ae3-486c4439bc6d,Professional,10% Cashback,1
75b5c1ba-0f85-412b-b140-08109aaa5efd,Student,None,0
4a9a144f-4a18-499a-b940-32a9c436ce26,Professional,10% Cashback,1
8df30f52-107f-4daf-b682-d940c09b94d9,Professional,None,1
1a4da6e7-7136-4d33-a526-89da06d6187b,Student,None,0
40948fb9-86d3-4eed-8035-19044c2b50b1,Student,None,0
d88a02a6-944d-48be-b2e2-062d03162381,Student,10% Cashback,1
aea902b7-0b21-4306-982e-db3c8a6c39ad,Student,None,0
94a7cc1a-8bb5-444c-92e2-be774de1079b,Student,None,0
0914b559-e0f9-4c04-9430-4acb92ba0173,Professional,10% Cashback,1
95bf2cdf-e5d8-42bc-ae6c-2cd34b3c6d7e,Student,10% Cashback,1
d01257bc-b250-4730-9149-be9e5385fa1b,Professional,10% Cashback,0
9b53799f-ef43-4295-a4b2-26c02f930135,Professional,10% Cashback,1
58ad4c9a-c4e7-4a26-aef5-e1bec25fb635,Professional,10% Cashback,1
f1514173-9700-42f5-987c-6e8cb0143d0c,Student,10% Cashback,0
b5d6fcd9-8a4d-4939-9dca-3db18e996826,Student,10% Cashback,0
f85a3de3-ba97-4b11-ae01-f25ecf105989,Enterprise,10% Cashback,1
b296b645-a16b-4a67-993b-eacc2b5c5cf3,Student,10% Cashback,1
e55672c1-d945-4bd0-95c2-cc38689f90e7,Professional,None,0
aafb5433-9f86-4072-95eb-99bd97424fd5,Student,None,1
5c478736-dc81-466e-8110-6039d57a2bfd,Student,None,0
668f91ef-39b1-4885-9659-9690a2fa3600,Student,10% Cashback,1
6a73fa63-ec1e-41d4-b48f-f0dfb8169b62,Professional,10% Cashback,1
4b94cfcf-4aa9-4918-8561-7e0e65992f95,Professional,None,0
9e527314-bd8b-4cf8-b4ba-7cbc7df9ca14,Professional,None,1
dad478e5-6fe8-4cd5-9901-794daf4d974c,Student,10% Cashback,0
c467fe03-6306-4974-89fd-b5149c29116a,Student,None,0
e618603e-16fb-4e36-89bf-81c260b022b7,Professional,10% Cashback,1
56e7f88d-94d9-4dbc-b4bd-0bed5e0b4d5d,Student,10% Cashback,1
061ac0a5-49a3-4109-a388-e8e35978c046,Student,10% Cashback,1
4779de8d-c96f-4937-95ef-842eb53c0de7,Student,10% Cashback,0
c4bd3c51-9b34-4e5d-8171-4ae4e3ee5e0f,Professional,None,1
e1412fba-7f30-4d91-83fe-dbb394c3e371,Student,None,1
3a8edf98-7fa2-488a-9b45-3518e9e7ebe8,Professional,10% Cashback,1
aaf77cd0-d444-4684-ad74-963d6e8f31a7,Professional,None,0
51384386-f99a-49cd-a622-aa33c16fbb17,Student,None,0
fc41dd02-5176-4b87-ac19-cef5b67f5736,Student,None,0
6294e2ec-be03-461e-86d2-bd88d3f594bc,Professional,None,1
464e29ff-e61a-48f5-96a7-f756d56ee543,Professional,None,1
e9bea5ec-0caa-4ec8-b725-43d8bfc66527,Enterprise,10% Cashback,1
8a9c7f6b-ba6a-464d-8251-b3f4bbbbb4e0,Enterprise,10% Cashback,1
9e8ad4a7-bdc3-4c51-8162-63d382ca40de,Student,10% Cashback,0
d2b85f0e-80e0-4fca-9700-6e20ea248933,Professional,None,0
4848a425-aa74-4991-bae2-0fb9b66dea91,Student,10% Cashback,1
4e198995-0ed5-441a-a29e-417abaa7272f,Student,10% Cashback,0
fdf86443-2c90-45cc-8f97-345669f541c9,Professional,10% Cashback,1
5f694614-9118-45c5-b3dc-003a33e7c965,Professional,10% Cashback,1
699a8cd4-efa7-4f4c-8395-b9b3947f61fc,Student,10% Cashback,0
d775d2be-8704-4def-850a-b756fd48c511,Professional,None,0
433703b6-b6ac-4531-9e71-104641ee8c8b,Student,10% Cashback,1
06d6ef53-b44b-4caf-bee1-5dfb049b7bb9,Student,None,0
2f92aa55-c819-47dc-a156-f09ea381cfae,Student,None,0
47e26ecf-ba5f-4d70-b3c6-a127075ba987,Professional,10% Cashback,1
1c77a920-3ebb-49b0-8ca6-972a769d71b0,Student,10% Cashback,0
3c2141bb-c451-4288-a101-2c56087defa0,Enterprise,None,1
95c08c90-7b76-4752-bd2e-bbbc0e29e82e,Professional,10% Cashback,0
b79538cb-ccc4-412c-b1f0-659d621d3c0e,Professional,None,1
bf286d12-b9ce-44be-be21-80088c84e89d,Student,None,0
2d998183-184a-4032-83e1-4605b1c00bf4,Professional,None,0
0b66ea4c-c12a-4a0e-b89e-2adff96f5cec,Professional,None,0
75d64b11-e5f9-4c2d-bc08-5f517d158543,Professional,10% Cashback,1
477ba756-33c9-4570-b8ad-a7d38d684a57,Professional,None,1
c4402c67-7e39-451c-9555-4d926a1ce3eb,Professional,None,1
16d0bd9e-63b9-45a0-862f-383371c815a6,Student,None,0
9b55475a-8269-465a-8d79-d334a0c2c395,Professional,10% Cashback,0
83a9e83e-8b34-480e-b3ce-4f5863bcb309,Student,10% Cashback,1
c938748d-6b81-4d07-8b7c-6a16db2123bb,Student,10% Cashback,0
479e210c-847c-490d-96ca-fec9da913b76,Student,10% Cashback,1
c41aa000-d079-4f79-a150-5bfd43f3128f,Enterprise,None,1
b5686b9b-870d-4bf9-a18c-fde3d693e60d,Enterprise,10% Cashback,1
2551f139-5ae4-4fc6-8b89-b93d6e7a5ae4,Professional,None,1
73e3d962-4a3d-4954-b0ac-0b3141867322,Professional,10% Cashback,0
257af272-019f-4f68-84fd-7bf9271cec89,Student,None,0
5b67de3d-2903-4f05-a554-7f70e4071e2c,Enterprise,None,1
bccc4565-4b60-48e8-8f36-14b2c163feb9,Student,None,0
53395997-9c2a-4a61-8265-28fbc6c13dcb,Student,None,0
9f9d38d0-1e56-42f2-83b7-b91603e2ae97,Professional,10% Cashback,1
c4c3aa16-43ce-4e1e-a260-a6aa700e05cf,Enterprise,10% Cashback,0
58cfe08b-8286-4912-93d7-2d3c6d36bac5,Professional,None,0
041628ce-c999-4788-8eb2-3ce6f11c88f3,Student,10% Cashback,0
2af5daa1-2445-498e-b5d8-00de9310c8e3,Student,10% Cashback,1
b7676192-c8a3-4162-b639-4c19392cc3d4,Professional,10% Cashback,1
2003db11-65b0-4c82-baf3-110bfe8ae316,Professional,10% Cashback,1
913249b6-76e1-4bd2-90ce-07bffcd41858,Student,10% Cashback,0
f3011a0a-3512-44f1-8f11-990036c7e5a6,Enterprise,10% Cashback,1
c5464748-4e69-4b42-8cb2-f138c9691ce3,Professional,None,0
e8601632-5017-43da-983d-5bfc68d5d51e,Enterprise,None,1
106467c0-10ca-4d5d-b688-22f7aee9e480,Professional,10% Cashback,1
d9314dab-9eca-4794-b704-1885e54918cc,Professional,10% Cashback,1
26462010-0f8c-43de-bc5e-fb965435fbed,Professional,None,0
a758866f-85c5-4f24-a571-21f118565f11,Professional,None,1
9c7f257a-a186-4381-9ce5-56b8743d2154,Student,None,0
12b9afcd-e11f-46dd-8cca-a6a2e4bca8e2,Professional,None,0
b69647b1-a88c-4412-a438-08ad0155c1eb,Professional,10% Cashback,1
4e44ab18-c8e9-4f87-a255-81f55368c3a5,Student,10% Cashback,0
d2766101-cb90-4645-8419-a27514602b01,Enterprise,10% Cashback,1
2bb6aa43-2492-433f-bdb6-b06cee0cac1b,Professional,None,1
583f8656-b44f-41e1-a2f6-cf4ed75e0383,Professional,10% Cashback,1
695a110b-6566-4fb7-8cf8-8b186237549d,Student,None,0
852fc413-2036-4530-ac07-541535887a93,Professional,10% Cashback,0
a6133182-2166-40b4-a393-a94af099e5c3,Professional,10% Cashback,1
c7214c3d-01ca-4405-b2ff-9588713d2840,Professional,10% Cashback,1
4968d8ec-6866-42d5-945e-33f3e4f0692a,Student,None,0
6b78dda3-bd7c-4c3e-9779-f776beb0d409,Professional,10% Cashback,1
ab7babb8-cc7e-46e8-b467-e2c9c9c4fad2,Professional,10% Cashback,1
a6aa6465-b2ff-4bb5-bd56-8f21ce79fa58,Student,None,0
359fdb63-044e-4976-9a83-db1ef94786e1,Professional,None,1
07cf5eb1-6948-4699-a5ea-01278ef0d68f,Professional,None,0
2af01458-7512-4f03-a192-6923853ff41a,Enterprise,None,1
e7ce615a-5c09-4584-99c9-203f6100d2be,Student,None,0
88f9b282-74b9-4370-b269-5a3631c7c622,Student,None,0
0c1925ad-1a42-4d9b-a329-ae147350f993,Student,10% Cashback,0
b9e60664-85d6-4c34-adb0-b77de2976ce3,Professional,10% Cashback,1
611d272c-85ce-4f0b-80bb-9c79f42cbf01,Professional,10% Cashback,0
ac84b3ea-df7a-4a3a-9c58-182e5a1319fe,Student,10% Cashback,0
8a06343a-bdf8-424e-92b1-76394a0390d2,Professional,10% Cashback,0
698d84ef-4e9c-47cd-880c-0d29316a41c4,Professional,None,1
08703eb0-5c48-44eb-b295-60903aa468c2,Professional,10% Cashback,1
9ee15b60-476d-4891-8cec-de4d927986d0,Professional,None,1
ee95fdfe-b6fc-4c1a-b0ca-cccac0db0775,Professional,10% Cashback,1
c23d09fb-1516-4ffc-8165-830ed4f4a190,Student,None,0
f44e80a6-12c6-41cf-b4e2-52256c80d619,Professional,10% Cashback,0
c814dd77-484b-441d-98b6-452b77f2f2c9,Professional,None,1
9342fc41-129e-4187-b2e7-33db597f63b1,Professional,None,1
d2efb75b-7b92-4bed-bc7b-e8ed7774fd66,Professional,10% Cashback,1
a91a126d-f172-4601-9da1-8b563ac7a06c,Enterprise,10% Cashback,1
bdb68c16-212e-47d6-8a30-056a57328d6b,Professional,10% Cashback,1
2430b88b-dfef-4e95-b4d6-68dcc069718f,Professional,None,0
f6bbf831-36b2-4ef9-bb88-ff06747ce981,Student,10% Cashback,1
757f0121-e630-4250-ad68-06760fcf701d,Student,10% Cashback,0
6807de6c-8d10-477d-baf8-946f1c5351c6,Professional,None,1
5c76b80a-c998-4d52-8c34-53d693579194,Professional,None,1
89bdd243-ad6b-40d0-8e24-3ff0211eed0b,Professional,None,1
cad688de-12a9-49c5-9ef1-566b44dece92,Professional,10% Cashback,0
af3a81f7-a7be-4157-9c36-6ca742a6e17a,Professional,None,1
1bfa73fa-5604-42af-9c87-caf9c6301ac6,Student,10% Cashback,1
3590cadb-30ec-4068-97a8-74698d3ea186,Professional,None,1
b5ab93eb-42dd-43cb-9d6c-1dfc2988497d,Professional,None,1
068dc724-cd6f-4633-b4cf-3436ed030f49,Student,10% Cashback,0
636803c3-2e03-433d-9273-104c1ff53226,Student,None,0
71040113-a8b5-420a-af7a-dfe38980b3a8,Professional,10% Cashback,1
a4638940-bb38-4f08-94dc-9501a59a377c,Professional,None,1
c3730f31-e44e-4206-9c9a-b5420efc37f6,Student,None,0
2f3dfed3-708b-46df-8bae-45a1307dd6d6,Student,None,1
a4e3fae3-45e2-4df2-b11c-f870a35d0b10,Professional,10% Cashback,0
b3815421-e5bf-4d0c-bc91-bbb7f4d3dbb2,Student,None,0
b339cd0e-1243-40b8-adf2-91368f1f5957,Professional,10% Cashback,1
cdc3e158-f4af-4209-9fb4-9347d9168a70,Student,10% Cashback,1
1918ba77-dfd1-466c-a86c-cc447c7e7b4e,Student,None,0
6a89b62f-286d-4291-bda6-3384de627eda,Student,None,0
1cde692f-8acf-4aa5-8b77-616d12c1ce46,Enterprise,10% Cashback,1
120b96d8-341a-4d68-bcd7-9a9e93eb6eaa,Professional,None,1
d10f15b0-0162-41d1-9daf-813509e245c1,Enterprise,None,1
56154f1f-8798-4c14-a038-29ec5f286a55,Enterprise,10% Cashback,1
4fff33d9-1c75-426c-acd6-63928c239fdc,Professional,None,0
c572c1aa-e1a2-49b7-ae4b-2d17daec39cd,Professional,10% Cashback,1
5036b556-874d-4e4b-8dee-5db3b76e6ba4,Student,10% Cashback,0
ffd12b61-a39d-4255-95e8-2c10953548e5,Professional,10% Cashback,1
1e0e8ceb-de71-4b4a-9ad3-206c8f86da15,Enterprise,None,1
670037c2-1624-4e27-8dd1-3d7f8dc5f6b0,Enterprise,None,1
e83533a3-1e29-4191-bfb4-a15b974f14dc,Professional,10% Cashback,1
2c6ce619-14ca-4dbb-9edb-53f362c5fe56,Professional,10% Cashback,0
e5946531-a0fa-49d4-aa19-915922d26e85,Professional,10% Cashback,1
031b001b-2da0-40a1-93fc-66008b80c173,Student,None,0
61762e19-abab-41c2-ae33-81009bea97e0,Enterprise,10% Cashback,1
6d1e9f97-8d97-48df-88f9-8214f04ff2f8,Professional,None,1
bf4a41ca-99ed-4c19-81bd-4f2faa42a585,Professional,10% Cashback,1
6d6d56aa-61d9-4149-9d8e-994b74f15b65,Enterprise,10% Cashback,1
26bc6b08-62d0-4b5d-b4f3-aff46f1d3da5,Professional,None,1
5ab251f8-faa8-4e5b-aa4b-820a84f6b803,Professional,None,1
139f3e82-557b-4c0a-914b-88e7c00f3a82,Enterprise,10% Cashback,1
1c37ca3b-4629-48c7-a620-c1b9fdc75216,Professional,10% Cashback,1
755fb972-f445-4126-932c-090fc66bb8bd,Student,None,0
be4d0802-1077-4aa6-86c4-1f816d833a8c,Enterprise,None,0
7e4e212a-d984-4f77-97bc-b31899994dce,Student,None,0
b2a4d349-4da3-4d15-9094-601b8b90dc0a,Student,None,0
2a14a255-d356-44e4-bd55-d4afa509fdae,Enterprise,10% Cashback,1
8d4422c0-74a2-4521-912f-f73e701b1af8,Professional,10% Cashback,1
c342bc02-04ce-4ff4-a670-9bd587523bea,Student,None,1
759f5c23-36e3-47ca-a33f-b201ad69cf98,Enterprise,10% Cashback,1
8b1d3e36-da48-49c6-80df-771a1079c625,Professional,10% Cashback,1
238e4607-c140-4273-be67-08a8f88a5a0c,Student,10% Cashback,1
472f2feb-6594-4053-b1be-238878670c77,Student,10% Cashback,1
375d80ea-9094-473c-9db2-9d0335385adc,Professional,None,0
e4617835-6e41-4a5f-8083-4f67aeebcfff,Student,None,0
2d1709d4-206a-42d7-84af-8632a048cf6b,Professional,10% Cashback,1
1ca2b4ff-c44c-4cb3-bcc9-a03af9be46bb,Enterprise,10% Cashback,1
b2fea404-dc81-4e42-a1f0-de6c95326fbe,Professional,10% Cashback,1
cf9c24ee-40c6-4368-974d-b936f846b6cf,Professional,10% Cashback,0
b213430a-5cba-4fc5-a3dd-bee97605ab94,Professional,10% Cashback,0
4dea5e43-57ee-4d0a-b538-2d159973e0a0,Professional,10% Cashback,1
a31388ab-3833-46d5-bb07-edb70d3fd23b,Professional,10% Cashback,0
e23f96d3-9fae-45f3-858f-b2b086d270e9,Professional,10% Cashback,0
fa9af92e-85e5-4b7b-8149-52bd38254297,Student,None,1
e66ad719-b3af-4d70-913a-f0059fda5a9b,Student,None,0
797c9adf-da3b-4e31-9935-aa6bffb5f1d8,Student,10% Cashback,1
865ff18c-30c3-452b-bd8f-aea9b8b2edbb,Professional,10% Cashback,1
b0e46a83-04d1-4a74-80e6-85e176b13e1f,Student,10% Cashback,0
109706cd-0b5f-4c3b-abcc-3708d07fa47f,Professional,None,1
552b2b8d-d971-43ec-9945-991d134f5ab9,Professional,10% Cashback,1
0c6b78b4-6f38-46cf-9c3b-9b9241160aa6,Professional,10% Cashback,1
18cc89ec-84d6-42fa-a56b-612bb590b9e0,Professional,10% Cashback,0
435b8f41-670a-4a3f-9d16-dcafb49b8ead,Student,10% Cashback,1
b2686320-687e-455a-ae48-56036898911a,Professional,None,1
e9eec77b-7852-4292-abea-2052556d2a36,Student,None,0
daac2091-6a58-4235-b229-b6c73bc53acf,Professional,None,0
ab210b37-5d5b-4e40-b58c-d77f6f100bdd,Enterprise,10% Cashback,1
78e388f6-4757-465c-acb3-a69be04d37df,Professional,10% Cashback,0
285dc96d-1082-4604-993c-daac54565b91,Student,10% Cashback,0
f1d1592d-baee-4c4b-b874-51448484145b,Student,None,0
301ed713-6872-4f1d-b795-5e79d7d4de35,Student,None,0
fb9914cf-a6cf-4752-aacd-cd02e41a252b,Student,None,1
fc7af04e-4d99-49b8-8762-5633d88ff0cb,Student,10% Cashback,1
d0ce54f4-c7e8-44f7-bf5a-1b5889ca31cc,Professional,None,1
dd130a09-d031-4e77-b1ef-bdb794384fb5,Student,10% Cashback,1
164bbdd1-5e72-4d10-b4a9-6c59fca9e385,Professional,10% Cashback,1
cb080347-32a6-4637-b15d-92db69a8445f,Professional,10% Cashback,0
2d5ace60-f933-418e-811e-d47fec929e9e,Professional,10% Cashback,1
d889088b-6f13-4079-8483-10a2ea8c5215,Student,10% Cashback,1
848f8715-7e4b-473e-960c-eb0d32777018,Student,10% Cashback,1
09f4ad46-d052-4a66-830c-90b2aa0a96d0,Professional,10% Cashback,1
e7b88d45-7c3f-48cb-bbfc-b5c036fbad18,Professional,10% Cashback,1
5cf68334-1700-489f-a155-fdcdb699b1b3,Enterprise,10% Cashback,0
563ea8c8-0881-4bfe-b62b-325a3cfce2f2,Student,10% Cashback,1
a743a89a-9566-468c-b4dd-d5c69e59ee05,Professional,None,0
c6bb12dc-fcdc-4e27-b02b-a2a45ab0b30c,Student,None,0
0dae3883-1590-43ba-905b-856d6d7ed37a,Student,None,0
e1bab6ba-63f8-4805-8a50-4d5c6be967df,Enterprise,10% Cashback,1
0c46e76c-c8a9-4be0-a174-4568b0e4b797,Professional,10% Cashback,1
ccbff30c-333d-4e6b-aec3-21f0edeedf54,Student,10% Cashback,1
b0bad6e3-db40-4003-b7ff-1a4d362abf3c,Student,None,0
13e0977f-5b0c-44c9-8f55-d2ef2d8986e4,Enterprise,10% Cashback,1
d4ec5757-d51a-4093-8c47-3381f718a2dc,Professional,10% Cashback,0
f9bf84cb-9761-469c-914d-f2a66af53a3d,Enterprise,10% Cashback,0
4cfb57d8-0303-42d3-bc9e-d6a9bde1e12b,Professional,10% Cashback,1
85f89d42-678e-4111-8e17-f88f9f95bb77,Student,None,0
fddb3375-332a-4248-970c-dd79d9223436,Student,None,0
883305eb-8810-4d1f-9f11-b20ce191a34d,Professional,None,1
c9e3323c-4f4f-48b3-8a27-6a71e0622874,Enterprise,10% Cashback,1
5243090c-2ca1-4c97-8094-d158795e6031,Enterprise,None,1
e45bed20-dcda-44b8-ba1b-c6f52c40e12c,Student,None,0
296c14bb-1c5f-4460-be45-b6aeebd43e78,Student,None,0
7214cd0b-0107-453b-9ee3-59c57b05c6a0,Professional,None,1
b2647b04-14ec-4811-8cde-680cf454a1a9,Professional,10% Cashback,1
4a7e7a58-e3c4-4f92-aaf8-a693ae6a1fac,Professional,None,1
1d5ff2ff-36cc-459e-bd0b-dcd30c8adfd5,Professional,10% Cashback,0
a9f47717-3feb-4509-a935-2517a6c7998c,Professional,10% Cashback,0
c9ba0b23-21c1-49ca-9d95-d5aaaa093c0f,Student,None,0
594ed55a-467f-4393-b368-2765582ebdd9,Professional,None,1
d5f75e0f-a1c3-42b0-b60a-8daa082b7c4d,Student,None,1
f938b7ef-825e-491c-9a10-2da7bf39b114,Professional,None,0
a946efb6-5e30-4dc4-bed3-c511fe7f7df9,Enterprise,10% Cashback,1
94c2fb8a-271c-4496-bc75-7e53468d7813,Professional,None,0
d9b3557f-e553-4da1-9c27-6e01e8f2af6b,Professional,None,1
8d521a39-4b02-45d4-8d57-888fd242ebe8,Professional,10% Cashback,1
c14a3149-3bc8-443c-8225-7c6dffb21b8b,Enterprise,10% Cashback,1
b346941c-cb45-41e8-af1f-52f433272027,Student,None,0
3ffed3c2-3cee-4b97-ac3d-0016efa181e6,Professional,10% Cashback,0
040169a3-dfe8-4640-b0ce-e8525fbadbcd,Student,10% Cashback,0
1f7d221c-ef74-49f7-8d91-d9af415a7b18,Student,None,0
4333dc54-1767-4cad-89b9-003c09812a96,Professional,None,1
4623fb04-0dbd-478c-975f-78d6b73fd2d3,Professional,None,1
18d840fa-6215-4241-b76b-ff2671a14044,Student,None,0
c59436ab-2379-4087-89c3-3c5df29bcb86,Student,None,0
ccc76f9e-ad15-4b16-ba46-01723536f80f,Student,None,1
35f06dc9-f5de-4d08-93f3-f90a37a751bd,Student,10% Cashback,0
09954b50-6dcb-4ab4-be0a-9d9549f1e5d4,Professional,None,1
3fe09228-9cfa-498a-bfba-d82e867467db,Professional,10% Cashback,1
591b18d3-0e91-4133-9a7c-8c0662d0f20c,Student,10% Cashback,1
6b4e161d-06a1-403f-9714-a2e5d589acda,Professional,None,0
b1c7cc36-186c-48bf-82f5-ee244001a688,Professional,10% Cashback,1
4e427a4c-d849-4aeb-bbc0-2d23b070bc12,Student,None,0
c193396c-85d5-4264-84ba-6ebfb383bcf5,Professional,10% Cashback,1
88094dee-4adc-4be5-a38d-247f93ea0697,Professional,None,0
5dbfeccd-4ef5-4fd1-a18c-849b3cce8147,Professional,None,0
f9b50af6-f07f-4f44-8c38-d9c86c09f1ab,Professional,None,1
bd8171f6-1f1c-4dfb-8147-fde45027f8bf,Professional,10% Cashback,0
0deab962-1806-498f-a4d8-686833b04db3,Professional,10% Cashback,0
45c028d8-b048-47c2-8676-b94d7aa0f539,Student,10% Cashback,0
83de8e7d-0959-4449-b033-caa70e9d192e,Student,None,0
b5534928-8131-48a5-934f-ebb1965c7798,Student,None,1
f918a642-b5e2-425a-9158-bc68d4755618,Professional,None,0
247100db-b6c9-4c11-b825-9c43502c525b,Professional,None,0
e9c980c7-81d6-442d-beb0-83186916b87b,Student,None,0
ac515c30-c834-46cc-b8f0-a4658e25ff33,Enterprise,10% Cashback,1
c0b01450-7ca8-43f0-ac80-c4063447f33e,Enterprise,None,1
89f0f003-5962-43f5-870d-4a2a1ab8b221,Student,10% Cashback,0
85bdadd0-8571-4c88-b596-1c3cec90555e,Student,10% Cashback,1
7efec30b-4d6d-4858-be35-da4a1d26feed,Professional,10% Cashback,1
c1cd6a1c-befc-49ad-b5ba-8d66436153dc,Professional,10% Cashback,0
652eac51-91dc-4430-ac91-5720449a82ad,Enterprise,None,1
ed9819a3-5ee9-4a69-ae76-5e4877b6d6b0,Professional,10% Cashback,1
fd8730fe-cb32-4414-b888-f8a1cf3f4cbb,Student,10% Cashback,0
283ad2e7-9a1a-4990-8db7-19d4ec84b80b,Student,None,0
6740c5eb-b13d-468e-8c02-f0a4ef01e546,Professional,10% Cashback,0
6caacb3e-cb03-4667-9e8a-ea796de2892a,Student,10% Cashback,0
d99070ae-ca5e-4a4c-b15d-1f5fcbf293fb,Professional,None,0
5adefa59-1152-4d91-9c3e-01626e6ec00c,Professional,None,0
93d18d9d-691a-4855-8fe8-4f18d2319bd0,Professional,10% Cashback,0
33461b8d-361c-496c-b261-d7e6c3c9e7bc,Student,None,0
b0b8af53-d61b-432c-b3f4-bac4c5d8f598,Professional,None,0
ab45e9c1-c654-47cd-82a6-805315c3a8de,Student,None,0
be88c24a-524b-4252-b47c-6c6b61dd461f,Student,10% Cashback,1
63d29ea1-5dde-4b73-ad17-6c67c5191c66,Professional,10% Cashback,1
85990b51-6760-406f-985b-0e66e80264a9,Student,None,0
3694a163-84d6-438c-a891-dfab4d1fd744,Student,10% Cashback,1
9994909a-cf28-4b0f-b06d-13713650682c,Professional,None,0
6ba1df00-1a52-4459-b38b-fde896e5776b,Professional,10% Cashback,0
5a5f7b6b-2d04-49e5-8e2a-de03d9c26c83,Student,10% Cashback,0
4ffd569e-99b7-4ad4-bb71-4c1463fc0a3f,Professional,None,0
6fb2adc6-666c-4598-bc4f-b70cfdeaa47a,Professional,10% Cashback,0
68a7e06f-1011-4e0d-bab4-030df2bcfae2,Professional,10% Cashback,1
1bea967a-65c6-4a9b-8aee-99d27b393b1b,Student,10% Cashback,1
29ef2ada-16f9-46a4-85e5-6d90c41d3c6c,Professional,10% Cashback,1
cd6fe1d1-0dc5-43d3-ba73-8ee4dd93c166,Student,10% Cashback,0
0240e240-92b9-460c-90f1-89a8e675745e,Enterprise,None,1
fb09b8da-bb65-42e4-b286-0863aebccd80,Enterprise,10% Cashback,1
f30ee9eb-da01-4c42-b188-399239ef295e,Student,None,0
4cb0b1d5-9279-4593-961e-9239b55f4041,Student,None,0
8fdcf1e4-89cd-4cd9-96ec-ced54efda470,Professional,None,1
71949bc6-2b85-444c-843b-f58ba5bedae8,Professional,10% Cashback,1
c2937ede-7829-4955-a4e7-8ea3d14f7265,Student,10% Cashback,0
42775f14-7a19-46ef-be7a-50eed09268e6,Student,10% Cashback,0
7032b12c-f3a0-427f-92e3-cbce6db11b37,Enterprise,None,1
09bb8954-bd24-4f61-a7e0-153c6f7b4074,Student,None,0
c042c34e-1fcb-4ef3-962d-1f6c8de8017b,Professional,10% Cashback,1
0f5451b1-864a-4afb-85da-ec12c4ccaae3,Student,10% Cashback,0
de05a31f-7e0a-494d-8d2c-0c35d0fafc52,Enterprise,None,0
a9ec3315-585a-4876-a27d-d7bd741daafa,Professional,10% Cashback,1
c99211c1-f734-47f7-aae0-2dd117689542,Professional,None,1
d2a05d7c-37ae-4906-b9e3-952965f2e969,Student,10% Cashback,0
2673655b-6aa4-4062-9c75-9be9203c26db,Enterprise,None,0
b7c53cfc-e586-4547-9727-e13fba5415f1,Student,None,0
5f00a5bc-240f-478b-b6f2-f476ecb15d88,Enterprise,None,1
5525c80c-dced-446c-98b7-84e50ead842c,Professional,10% Cashback,0
9fe6a282-7db7-4b43-aeef-0ba2775a89c4,Enterprise,10% Cashback,1
d7fdfe4e-71fe-4da5-b704-632bbfcda7f7,Professional,None,0
7d573612-4bea-4bbf-93b4-3408f268e58d,Enterprise,None,0
dd3d6adc-6952-4526-8dbe-a62e0d573464,Professional,10% Cashback,1
50e10a75-e14e-4ee4-ac5e-bc89dc74a5d9,Enterprise,10% Cashback,1
6c51ff56-244a-4541-8545-60e664083561,Professional,10% Cashback,0
04a34133-1a0c-4fd7-9f32-a729a3e52e33,Professional,None,0
d07a6f02-89a5-4bd5-8abf-39f49b9c8354,Professional,None,0
cf2075e5-2d12-4fea-8f6b-4ee3d2921799,Professional,None,1
a6ebc288-e24d-4357-aee5-18de4ee874cc,Student,None,0
93565ea2-c265-4f98-bd5d-434933365efa,Enterprise,10% Cashback,0
3023218f-8f88-45c8-8244-1fcd78091ef0,Professional,10% Cashback,1
3b44fba5-6699-43f3-ae85-d41771f7bddd,Student,None,0
ecd4650d-4d44-44be-a567-4d6ea6c9bd22,Professional,10% Cashback,1
aa9eadde-453b-421d-81c9-25d6fd0cc65d,Student,10% Cashback,1
9efccab9-a6e6-48f6-a574-34211aed2440,Professional,None,1
88f5f162-1cc9-4591-9d9c-cf0fa035939f,Professional,None,0
56b6378a-b428-400e-9a75-96a36523b414,Professional,None,1
7b3d5870-387b-4c08-9192-6a96759db4c4,Student,None,0
8e0c3c3b-cb68-45d7-9366-a82db890f04f,Student,None,0
b26e2fa1-65f0-46ff-9abb-b180b18ab3cb,Enterprise,None,1
473c7e7b-820b-451f-8e84-f6649d9d156d,Student,10% Cashback,1
5a43422a-dd9a-47d5-b4d4-cc2d8cb78878,Professional,10% Cashback,1
4d45e628-6e66-44cc-a34f-49bf3b42c87e,Professional,10% Cashback,1
3dc34bae-2d46-41e4-9916-005173aa90d5,Student,10% Cashback,0
f8ce3dc4-7b8d-401c-baa2-614bce09f78c,Student,None,0
e43b1865-c3ed-4389-8bb2-7fa4ca17014e,Professional,None,1
a8aeaec4-2e72-4e2c-8e5e-d4cc1f170382,Professional,None,1
b52c28c2-0ed0-40ad-a0cc-c4f7d0eefe0c,Student,None,0
8171ec32-85ed-4a97-82a3-ab5508f37d36,Enterprise,10% Cashback,1
b012fd31-3692-4bf7-8cea-0413af73197e,Student,10% Cashback,1
856f083c-ef4d-435c-9629-201da139b5f5,Student,None,0
2c4af5e6-3456-442f-92d8-f83061f37889,Student,None,0
b531d370-9692-4223-ba37-4097814e5f8d,Professional,10% Cashback,1
f22aeb50-4591-40f0-99a3-b74c41cb72a9,Student,10% Cashback,0
cb4dd785-6403-4a26-b14d-492744bbff10,Professional,None,1
7e322043-6800-4f0c-b432-7717ecd99174,Enterprise,None,1
0a62ec47-ed53-4519-a887-ff81ccbfcfa8,Student,None,1
751b23c5-e9d7-4d81-aca7-2387c91d88ef,Student,None,0
f2c6892a-ad9c-4aad-b2cf-d3bd7daab8f8,Professional,10% Cashback,1
c7c52ea3-e757-433c-b4b0-158d87ec892f,Student,10% Cashback,0
dc0490ad-a6a7-48e7-b759-ef405c209ecd,Professional,10% Cashback,1
3e62f396-bba1-4be7-86d8-60a891102415,Professional,None,1
cdc24e49-4ea0-4344-ac5b-38e2f1c7f97a,Student,10% Cashback,0
37f9a18d-4dc7-4ac5-9ae8-bc35ebe1247b,Professional,10% Cashback,0
78a5d6e7-fa4b-4d7f-b945-cf1d2bb4386d,Professional,None,1
a046c91b-1675-4ec0-b133-4f047e6ab5d1,Student,None,0
f549e526-6394-4b76-b7b3-3d5139eaf91d,Professional,10% Cashback,1
4582609b-c542-4692-9942-724dbd11bfa4,Student,10% Cashback,0
87811669-3ac0-4eb3-8ec0-e788c4210527,Professional,10% Cashback,0
ba6de0e6-6c7a-4b33-abad-300e76335cd9,Enterprise,None,1
257e68c7-3c96-42e5-af37-cd225520c4e4,Professional,10% Cashback,0
ffaea82f-7436-45a9-8466-0d398d3d2d39,Student,10% Cashback,1
451ec877-cce5-4f83-bf7e-b4cc7b3a16a7,Professional,None,1
f78888b1-e1a6-4d8f-ad8a-db999e6bce7d,Student,10% Cashback,1
4d3c39c0-df97-4a4b-bc75-677358103972,Professional,None,1
85b74b27-e8f3-4b62-83af-442136616d34,Student,10% Cashback,0
fbcd9a7d-54c6-4f32-af97-12c7cc74afa2,Student,None,0
eb2aaa07-5a98-46cb-a62f-c53ddd183ce8,Professional,10% Cashback,1
944b4361-a842-46f1-b52d-94be920c7707,Professional,None,0
45ebef08-7065-41c4-a6be-ac4f6143869e,Student,None,0
6b0c326f-546b-4fb6-9713-59e0461c3cab,Professional,None,0
00b3c9ad-9a1c-437b-9856-50f0fdf61210,Professional,10% Cashback,0
7dde4bd4-4fe9-44b8-a5e2-e4536680ff67,Enterprise,10% Cashback,1
42369a50-c566-4001-9bd9-91e22f13b6a0,Enterprise,None,1
1bf081db-4375-479d-afb1-69d3d0280861,Student,None,0
edd6dfbf-1ce3-4ffb-9a3b-62f3e9d0b4d8,Professional,None,0
040ebd76-fda6-4f1e-8e86-dec87a1cd50c,Professional,None,1
dbde5100-7a9d-4d55-944b-410e2f6b2ded,Student,10% Cashback,1
3a791a42-0a3b-4980-b7b1-316df68db99b,Professional,None,1
7b6323f3-481c-4d8d-a7bf-b9d539515520,Student,10% Cashback,1
03247fd2-eb2e-46fb-9b40-7a34b61bfc71,Student,None,0
c9b9022e-cd32-463d-bbb2-e966794d5a6c,Student,10% Cashback,1
12d51ff4-b767-40c3-86e4-937a97fe8bfb,Enterprise,None,1
ba4dfa15-72dc-4833-8cb2-4704be94efde,Student,None,1
b434933f-63e4-4535-99d6-5f8482df3fd1,Professional,None,1
642701ab-595b-4f3a-9b75-ae54fff50eaa,Student,10% Cashback,1
ca2ee1cc-5f32-4cfc-9bcb-b023ac05b4c8,Enterprise,None,1
5694ad70-0e2c-4a38-a93c-c57dbe9ad60b,Professional,None,1
38768282-b311-4811-83b6-e4983be6a8d3,Professional,None,0
ddd98a3f-cb0c-4be3-b92b-88fc16205b81,Professional,10% Cashback,0
20a85e01-0bdb-47aa-bc86-7bc1f30afe06,Professional,10% Cashback,0
20bb350a-9904-4795-a3bb-74e93ab900cc,Professional,10% Cashback,0
95aa695a-db0d-415b-88ad-1125a333b305,Professional,10% Cashback,1
475fcc1c-5e90-4e1a-a043-545f9ae0e99d,Student,None,0
fa506ffb-05da-4d33-805e-96058661db72,Student,10% Cashback,0
97ac6d83-9e52-453a-91f0-1f9675df5f63,Student,10% Cashback,1
f1a44ade-fbe8-4db2-905e-f381064e5437,Student,10% Cashback,0
eda5b3f2-b7ba-4db6-82b8-bfed8701b62c,Professional,None,1
0bc278c8-901d-4818-8556-1fb4e28142ff,Professional,None,0
f90890f8-1b74-47d8-8922-5641d18905c8,Student,None,0
05fac4b0-c336-4c9c-8a08-5182d0278601,Professional,10% Cashback,1
a6914ff8-d7d4-4fd1-bf7d-c873770a61b7,Professional,10% Cashback,0
6ecb5bea-3865-48d4-be76-9e5a7b43b09a,Student,10% Cashback,0
a4b2320e-a412-4aba-a05c-f34dea7d5653,Student,10% Cashback,1
50c6741e-a8a7-4a79-abe4-7d022a938093,Student,None,0
623cf59e-17a0-4739-bb60-173ad2c41911,Enterprise,None,0
fe098480-3144-4345-9343-a009a5a8022e,Professional,None,1
77330b06-8a1d-4213-8a6f-ed47d56b0b97,Enterprise,10% Cashback,1
35ca2b99-e312-4994-bd30-1365dd35cd50,Professional,10% Cashback,1
3973339a-e99a-466c-9059-30e434650d79,Professional,None,0
90806f8f-2c17-42af-85a4-474e21feeccb,Professional,None,0
4dd6cc47-3594-4144-a4fc-fd03625f6b12,Enterprise,10% Cashback,1
40fe71b8-8b55-407a-8e79-90f8c658cd11,Student,None,0
d7c66821-c849-4bc6-b240-4e2ff8c84db8,Professional,10% Cashback,0
a495b660-281a-40f9-a004-4befd64bedd6,Professional,None,1
ec388bcd-180c-476b-81a6-956869a9f878,Professional,10% Cashback,0
5682d9cb-6340-40fe-9132-1567d73b86d1,Professional,10% Cashback,1
a50b59d3-5e80-464d-a17d-53876ab12063,Student,None,0
91c9847d-9e5f-49ee-9158-41a12794c3e1,Professional,10% Cashback,1
22000df4-f6e1-4362-abdb-eba397c0f907,Professional,None,1
d971d977-7760-49c2-a100-7d28b36fb1f7,Professional,10% Cashback,0
a1acbef2-8d4d-42d0-ad9f-7409e3631768,Enterprise,None,1
499a71fb-2a57-4794-928c-747b8debe090,Student,None,1
e6eef7b3-b515-4938-9810-a9978ea7b52c,Professional,None,1
3497b9df-8a9b-49df-9a2a-029eca3bf085,Professional,None,0
3e6c5a8d-679f-4457-9561-0e1f2e904dc3,Student,10% Cashback,1
63fb9609-3763-4854-9284-877c5ddae730,Professional,None,0
3cf675b2-5708-41de-a698-37b0dc4a53db,Student,None,0
f9e9d8b1-773a-4b48-b06d-db25623e7edb,Professional,None,0
8ac9f6a7-6543-4773-96d6-9e6b88a1b358,Student,10% Cashback,1
b2ddd8d6-cfb5-4adc-ba81-9336cd21b65e,Professional,10% Cashback,0
00d212c3-efc8-4f77-ab96-026c8d7c09c5,Student,10% Cashback,0
12a81473-7296-4980-b6e4-cc0b7b46532d,Professional,10% Cashback,1
15bad8a1-6881-4ce4-b2e4-a93008f2ec4c,Professional,10% Cashback,0
23a2077f-a701-4315-ab92-c56b5a75343c,Student,None,0
f3e14ceb-7260-4c41-b9f0-2bbfc9157673,Student,None,0
d523e929-0d1b-42a4-a76a-03a5c49415be,Student,None,0
40e16860-4093-4105-ac72-a466d76e7901,Student,10% Cashback,1
b408f475-c4b9-496e-a288-79d7315c4229,Professional,None,1
8687433e-2cce-4731-9708-6ac1a4591158,Professional,10% Cashback,0
785beaab-ea1f-42d2-bd29-4f8c27dcd8d9,Professional,10% Cashback,1
71f759c9-0b53-44b6-b675-ff7caedfeef3,Professional,10% Cashback,1
862aa725-c322-4796-82e0-830aa9d69819,Student,10% Cashback,0
b4d151ec-d2f6-458b-bfe9-b9e0340d636a,Professional,None,0
2cf9f5d6-c446-47d2-aff9-18d81e509b68,Enterprise,None,1
7ef836e1-46a7-44db-a2d6-fdc876ebbd3b,Student,None,0
4df73397-38c3-4269-9c00-22ffd43cff14,Professional,None,0
d65069c2-5e05-4cdd-8dbf-ccd6ea8e9991,Professional,10% Cashback,1
e05332ba-c939-4faf-81e7-dccb136eccef,Enterprise,10% Cashback,1
0ca5b470-bb8d-4931-a1f4-278d2dc37b77,Professional,None,1
19aa4854-a567-4381-ab02-a18edd9c59e9,Student,None,0
8eb2f1e0-fadd-4ccb-befe-f96541514cf8,Professional,10% Cashback,1
cb2670c0-dae0-4500-b0e5-0b39b6579b9a,Professional,10% Cashback,1
c6060de3-5ffa-450e-8c50-6b5c67e483d0,Professional,None,0
95fe76a9-33b6-4fc4-8d36-2ee5a12f6a64,Enterprise,None,1
bd750e4f-4a77-485d-9d94-e1fffe4834d3,Student,10% Cashback,0
9d05339b-83e3-4ec4-9959-1a2947dd4ee1,Student,None,0
7ac835dc-871e-45a1-b88e-5a1f35fd2a28,Student,10% Cashback,0
7eb9346e-c08b-40ad-9ff3-e3a7416bc041,Enterprise,10% Cashback,1
685b35e5-4fc9-4839-9da0-f4893b29dbbb,Professional,None,0
22ced93b-609e-40ce-8d26-078c61d6199a,Student,10% Cashback,0
cfcbb8aa-ef97-4157-92c7-ee37d39fa221,Student,None,0
633e137e-ae74-4d9b-af54-a315c2d9d73e,Student,None,0
194ccdf2-3374-4a3f-8db2-28ba84588eb0,Professional,10% Cashback,0
3c4994ed-3daa-4974-b10b-b28d863cf399,Student,None,1
ab874d59-5526-4d97-8374-b40c0a5dd194,Enterprise,10% Cashback,1
cbfb66fc-19cb-42e6-ad1a-9ae5c4981031,Student,None,0
f5b5bb53-0024-4064-92e1-3cc24d36e791,Student,10% Cashback,1
7a07f015-899b-41ae-a6a5-5dfa7efd7c00,Student,10% Cashback,0
174573ad-11c8-474d-b396-6f851e549f33,Student,None,0
91bff23a-4f5f-4559-9397-3530b69714c7,Student,10% Cashback,1
a5cfe855-bc80-49dd-bc61-a956928e47b4,Professional,None,0
08f3c94e-5f7c-4cd4-9bc7-a974f8464316,Professional,None,0
9d66a995-210e-4693-a370-75f66485ec68,Professional,None,0
3b277652-7867-474f-a25e-1f343850a21d,Professional,10% Cashback,0
863381f1-a014-464c-8352-34c349bd0960,Student,None,0
e9609dae-91c3-431d-bb63-9c0e84924f97,Professional,10% Cashback,1
03acbbf7-615e-4b74-a394-8486fccbad9c,Professional,10% Cashback,0
322b1296-5be9-4ec8-82fc-fd78e8e04e98,Student,None,0
3fcb64ec-d14c-43f5-87f9-f41300c74e32,Professional,10% Cashback,1
eb758e53-95a3-4c93-8108-1a7effc32354,Student,10% Cashback,0
1b804d41-aa88-4ff2-9415-b75c21b854fb,Student,10% Cashback,1
d8ad8fba-ec0d-4fcd-82fb-dfb2aaa10a3a,Professional,10% Cashback,1
a6cd97a4-574b-44d7-9f80-5133831c66bb,Professional,None,1
59d47da6-d662-4e26-9ec9-e05b4a407471,Professional,10% Cashback,1
f20486c7-07ba-4662-a0e3-a68c492eaab4,Professional,10% Cashback,1
75b24feb-5f97-4a39-947f-660a83b8b035,Enterprise,None,1
4e8e71c6-9fa9-44d7-881f-d73ce7e56a97,Student,None,0
c45e552a-ff9f-4142-bb91-1d4913388569,Professional,10% Cashback,0
b095aa70-80ab-452b-a99e-200861761018,Professional,10% Cashback,1
5e4d78df-1948-471b-9030-3a764b158644,Professional,10% Cashback,1
05567665-58ab-4de1-b7c7-158bca853fb7,Student,10% Cashback,1
d5d02c4c-42b6-49a9-bba5-dce3964a1ee4,Enterprise,10% Cashback,1
c010e8a7-b029-4fe9-bea4-7552f69c22fd,Professional,10% Cashback,1
40048150-158e-43b4-8b3a-f3aadfea0c50,Student,10% Cashback,1
c42dcf72-4939-4beb-a78e-a709ea16f955,Enterprise,10% Cashback,1
b903af46-4e47-4489-82c6-371cb46104bf,Student,None,0
57544abe-9627-4394-a760-7c06df60649c,Enterprise,10% Cashback,1
d9205b8b-8a68-4662-8714-0fb2f3eb5bb7,Student,10% Cashback,0
9b2cf19d-5017-43e2-95cf-034b97e625c0,Enterprise,None,0
91b49a9f-5ee4-43c1-a895-2ba40d5e0f22,Professional,10% Cashback,1
dd98f182-d2de-42ec-a152-44fc4fbfa31b,Student,None,0
adac92eb-b26c-4439-b775-e8adbacde2f0,Professional,None,0
7ded4a9f-d4fd-45c1-98e0-06925dd26417,Professional,10% Cashback,0
510b9dfc-21f3-4fa0-89c7-5261e75356b7,Student,10% Cashback,1
362366c8-13c2-4101-9d1d-d3a8060aa87d,Enterprise,None,1
bbba1300-4c85-4793-bc7e-528acd7628d7,Professional,None,0
fb1d8061-a067-4738-b800-12173dbb500e,Enterprise,10% Cashback,1
65a25519-4213-48a9-abcd-f95e25e95074,Student,None,0
777d7667-d254-41d4-880b-f5a50469fde4,Professional,None,0
a4a2e6e1-60f9-4571-ade2-d9e3bbf52687,Professional,None,1
bb169c2b-982b-481e-a0f9-f7a59376e173,Professional,10% Cashback,1
8bc8e6a4-7d8f-4dda-8848-14b2691a7f78,Student,None,0
de016642-a164-43de-964d-eb175039c185,Student,None,0
1c2fde64-f274-47ef-94f0-3c553836a10c,Professional,10% Cashback,0
55cc7492-ca8c-4f1c-a308-45cba5c8db30,Student,10% Cashback,0
1659da12-ea36-444e-9cc0-58a307896c14,Student,10% Cashback,0
09bb827a-de9a-43c0-b69d-c2300e4dca7e,Student,10% Cashback,0
a6faa466-a158-4b00-9ea2-5db3154b1e6b,Student,10% Cashback,1
adc10743-c145-477a-86b3-9715d6fc72cb,Professional,None,0
81836d45-71cc-4623-882f-ca525bcd7d92,Professional,10% Cashback,1
52fc8fb5-98ab-4208-8c42-7c11d78b1a7b,Professional,10% Cashback,0
68c08fbc-3d3c-4b7a-9963-6a38e09b835d,Professional,10% Cashback,1
a68a42db-2c7f-47c4-9b53-f39f79e95832,Professional,None,0
e50c21b9-dea1-4ae0-8ea4-4f104237d90b,Student,10% Cashback,1
a4dc855d-b344-4f70-bed4-02fe691a526a,Student,10% Cashback,0
0ba64f7f-67bb-4970-a1f9-0dca042fb277,Professional,None,0
ce7f1fee-da16-4b2a-a52e-94448fac6c6f,Professional,10% Cashback,1
36a01c17-7694-48b4-b9d1-d7aff17bea46,Professional,None,1
f2bb8228-293c-474d-9859-4e0f7732367d,Student,None,0
4eeffb31-63d5-4093-aa39-ee3f66081296,Professional,None,1
f3b65df3-797a-4414-9483-2f492f04a290,Professional,None,0
5743bb13-a90f-4c99-b383-6b591074424e,Professional,None,1
58443384-3659-43ef-a507-0e21a137702c,Student,10% Cashback,0
65d4f962-8379-40f7-809c-6034a595845a,Student,10% Cashback,0
eb160414-a71d-49c7-9102-c082025f3e77,Professional,None,1
17d45a68-0e83-4e93-852e-458c3a973842,Enterprise,10% Cashback,1
e3273254-e932-4bfc-b449-77b0de69be16,Student,None,0
7dd462f6-f4f3-4e0f-bda5-14da6dd0707e,Professional,None,0
05dcaae5-765f-43c2-b4de-4330a8bc7959,Professional,None,1
b85fb358-13b7-496e-a8d1-6478a5573ef1,Student,10% Cashback,1
5d58fc9f-96b8-4087-b3b8-55eb9d8298b1,Student,None,0
189c71f3-65eb-4162-950f-7d9c4d5b3203,Student,10% Cashback,0
c47eb51d-0077-4976-91a9-d413c4b22afa,Student,None,0
32c9c81a-8107-437b-8237-519f1c36fbd8,Professional,None,1
bfea26d8-0405-48fd-9c0f-f33b3837828b,Professional,10% Cashback,0
16215367-40c2-415a-81d8-112611b1891a,Professional,None,0
a8674d1f-0f24-430e-a412-fd2aea1966ca,Professional,None,0
271647d4-562f-4d45-ac99-02ff648a0745,Student,10% Cashback,0
c8694c81-407d-4974-92c9-e0880ca70b5a,Enterprise,None,1
91a96109-3b0c-47bd-b7a6-c5b0d69ba7f7,Professional,10% Cashback,1
895b4873-a1ed-46f8-9757-3068ee3e8d55,Student,10% Cashback,0
113f4e91-be79-4c91-a5c2-d42f262dc124,Professional,None,1
958b11f9-8cfe-458e-ac78-b4a684bf002b,Enterprise,10% Cashback,1
8c2f01ea-5314-4f55-9688-6d04e0044b88,Professional,None,1
4c892ec2-3be6-4522-bca4-7931ec7f4b37,Professional,10% Cashback,1
95e7774a-8bfa-4df0-b3fe-f1d7f1e823ff,Student,None,0
b66ce710-f6d7-431a-93db-899b81d6c990,Enterprise,10% Cashback,0
e44885f8-acaa-4656-837c-0859c346edfb,Professional,10% Cashback,1
2d722d2e-0a12-4a0b-87d8-1c0809727616,Professional,None,1
918a0b99-6682-4758-9256-1898cc51ecab,Professional,None,1
56077ceb-3a3e-43b0-918b-ffffc6611082,Professional,10% Cashback,0
8654c76a-e6bf-4d8b-b7e0-26106bdb8f2a,Professional,None,1
661d4952-53e6-484d-a487-47e87d7c0bc7,Student,10% Cashback,1
1278ebd1-1407-44e4-b716-af424416b3ea,Student,10% Cashback,1
1f983d87-add5-4828-8127-4f4b96e706b3,Student,None,0
70f17f93-002f-456f-a5ee-1f71653dad17,Professional,10% Cashback,0
57593f95-e326-45a8-aa12-ef25bc68bfa8,Professional,None,0
9cd12223-25b6-41d9-a391-63903f8e3f32,Professional,10% Cashback,0
640c68e8-ad42-4b2a-9bd4-b4efdd28310e,Enterprise,10% Cashback,1
e73e5328-a5fd-4bb1-9d33-40ffd83f0fcc,Enterprise,None,1
0ae09e92-8a79-458c-93bd-e44486aa2e48,Student,10% Cashback,1
d83772d1-a2f2-4395-9d15-e6d22e8220d2,Student,None,0
a6688c9f-6583-4b77-88cf-7aa8c1cb0af2,Student,None,0
9e87c707-1030-4805-88d4-970512c97b79,Professional,10% Cashback,1
f8906fe0-d767-4a9c-a6ca-26481970fc2c,Professional,None,0
fe94a09c-9f70-467c-85a9-cca54f5b8eff,Professional,10% Cashback,0
a95856d3-55de-453b-af44-96b47825262c,Professional,10% Cashback,1
7631b531-3852-4336-86c6-951f8d05b0f2,Student,None,0
2fa10f9d-fb0b-4673-99d9-1df94d3af107,Professional,None,0
2c18bf5c-ff4e-40f2-a8d6-49c3486321af,Professional,None,1
40f24758-3db2-44ab-8dce-1b997fcea003,Professional,10% Cashback,1
4c1d4fd7-88f8-4ab5-9c5d-01249bf338c3,Student,10% Cashback,0
bb25bee6-68f7-4ec1-a281-ef8db59cfd0a,Professional,None,0
a64f948f-0a0d-47b6-8e26-9b42018da1c2,Professional,10% Cashback,1
c6eabec6-bafc-4165-8a3a-31942bff1e85,Student,10% Cashback,1
01602689-8b06-4266-a526-c014b7643795,Student,10% Cashback,0
526f6b29-13e5-454a-b2e7-28588a3aa4ad,Student,None,0
2972706f-31a5-490a-accc-b9782f37262f,Student,None,0
28bf0118-6925-4781-843d-b35b133d25fa,Professional,None,1
9a1f94e0-2678-4b9f-a9d6-6b1f8357dfaf,Professional,None,1
92496d5e-625e-4ded-b51f-15828d84499f,Enterprise,10% Cashback,0
df55ba87-6552-4c70-b513-4802858a2e05,Professional,10% Cashback,0
192a4b3e-89b4-4615-b416-3e1afbaa2726,Student,None,0
2df251dd-d55d-47c8-84c3-0d893fe03962,Student,None,0
e1eb0612-45dc-46e8-aca5-41610f2ed4fa,Student,10% Cashback,0
588e3c13-c683-452e-855f-55eb44941d18,Student,10% Cashback,1
6d13dbad-8d93-4e92-a5d6-3e2b004ed231,Student,10% Cashback,1
76493d79-ac11-4a1d-aac0-1c1d5f7b41f8,Student,None,0
49aae6f7-bccc-4edb-b48d-59e404b771fe,Professional,10% Cashback,1
f1c06c2e-b247-4007-b022-85c7eb85f67c,Professional,10% Cashback,1
165cb30c-31b5-4745-a23d-861ae490274d,Enterprise,10% Cashback,1
5947ee0a-bbc1-41a9-825d-55e622f7cb58,Student,10% Cashback,0
a9213c06-1ddf-4a51-8f47-bd4b474cd51b,Student,10% Cashback,1
c4e6294b-afe0-41f6-b551-d1bc14d8de25,Student,None,1
74d0af70-b802-488b-b9d7-db6a9b2f4d81,Student,None,0
0e86426f-86d2-44bc-ba36-53473846c5c0,Professional,10% Cashback,0
63317b2d-f609-419a-b782-75abe00554c9,Professional,10% Cashback,1
674f2e78-d8c3-48b2-a6b5-74640ac6f610,Student,10% Cashback,1
3c49fd95-ed19-4dae-97db-688b6a29a22b,Professional,10% Cashback,0
bb50b96c-c2b4-4a4c-bc16-782c045b6e5e,Professional,None,0
65165bed-968b-4aca-8d1d-fbfca7529022,Professional,None,1
f4702991-b2ad-42f8-b1c6-86e74c7b8706,Student,10% Cashback,1
76115b21-bb67-4175-97a6-c545f2cd054b,Student,10% Cashback,0
d14c34b2-bb52-4742-96f5-2f1fab397215,Student,10% Cashback,0
06c43b85-4b91-4cca-8a4f-cbb33a24b2ec,Student,10% Cashback,1
5fc85f4d-c762-440d-b298-04dfbe336f59,Professional,None,1
fe187b6a-36be-4070-8433-2d00bc03b86b,Professional,None,0
c0f30666-1e4e-4138-8b4e-316a1569805f,Professional,10% Cashback,1
0a1366ee-bb88-476d-8a40-fc7a4e7629cb,Student,10% Cashback,0
a8021e29-8d30-40e5-9eea-268d3f349155,Professional,None,1
71fcde81-cb60-4019-9b1d-c04a819870e5,Student,10% Cashback,1
2edecaa4-b48f-4b9e-b15a-b6601fc54d50,Enterprise,10% Cashback,1
6b43ea8e-d0a9-4ffa-a2ff-302bdafdc431,Professional,None,1
b6b6e1f6-37f2-468f-af66-21d520950e18,Student,10% Cashback,0
81463c32-254e-4143-91fc-1be726698f4a,Professional,None,1
62bb9d75-a8cc-483b-b19b-07eaf084194c,Student,None,0
ada11353-9a7f-4951-a65e-9033b46a9a07,Student,None,0
e761750c-d10c-47f6-96c4-9140e35b103d,Professional,10% Cashback,1
8547e132-d913-41f0-8f79-919500419751,Student,None,1
eaed6ccc-d573-4cc2-afe4-ffa94a116f8d,Student,None,0
cf07ff0a-7813-4b10-9c6e-e84afdba5e2c,Student,10% Cashback,1
ca2cb2e3-68e4-4656-96e9-d6433055213c,Student,10% Cashback,0
ac4a88c4-2274-4b2a-92cc-f657b785f293,Student,None,0
8b7a46e1-3f3a-40e4-8546-950056237351,Professional,None,1
1eddcc46-d759-4320-9f5a-faa754a96c20,Professional,10% Cashback,1
444fda7e-fed4-4506-8798-1a7068731c13,Professional,None,1
c2ccacec-fa92-4532-b296-476895b60530,Student,None,0
bcbf6a25-fd4d-44b9-b927-2eb22287caee,Student,None,1
b83222f9-8c35-42bc-990e-5ce63dfcd6ec,Student,10% Cashback,0
7f85a701-6515-4dc9-a417-afc60533b66c,Professional,10% Cashback,0
9c8b3e37-93b7-4384-bf12-c7a5934c3c04,Student,10% Cashback,1
da85af4d-759d-4581-86a9-e81d3c5140af,Professional,10% Cashback,1
fa0a4c94-1c95-42c7-8410-dba19782e122,Enterprise,None,1
c142e43d-36f5-4ee5-bf01-befcfc2bf33d,Professional,10% Cashback,1
a712567e-ec79-415a-8a14-2b147382b0d0,Professional,10% Cashback,1
8c5caea5-5351-409c-a70e-cdf6138feaef,Professional,10% Cashback,1
3de00366-2316-4343-9131-3c2e61d0449f,Enterprise,10% Cashback,1
6430ff6e-27ae-42c6-82cc-3fd112b929ce,Student,None,0
d6feb0ce-41e7-4042-ba5f-5d897cbc6ee9,Student,10% Cashback,0
e5b719e0-d982-49d9-aa38-480c3d0b78d1,Student,None,0
ab930f4e-ff40-4f5c-a47c-c7defce09558,Student,None,1
6de40f35-f7d1-48f1-9d21-bad8491239be,Professional,10% Cashback,1
5495587c-5b22-4070-8fbd-4758d4d5312b,Enterprise,10% Cashback,1
c2f1e6a8-202d-4c40-ab26-d245462be197,Professional,None,0
1712b770-dc5e-4d7d-bbfe-1683ac0630fd,Professional,None,0
d0ce281e-3936-4bba-92ff-5e07ba88b025,Student,None,0
6580cbc4-3676-4052-a930-082a1bcdaea6,Student,10% Cashback,1
5708a3cc-7365-44fe-bc1c-d1198879d906,Professional,None,1
03de7465-a6ab-48f9-b857-bc1327c279d4,Professional,None,0
dad56c65-90df-4105-a5a7-dc3da429b70d,Student,10% Cashback,0
5677879f-b3b2-467c-b81d-bc67968859a9,Enterprise,None,0
3bd76e29-6650-4813-9b85-ec883d7da0c0,Professional,10% Cashback,0
84842eb7-a991-432d-89c5-f3f09c69d4e7,Student,10% Cashback,1
e0c334cf-243b-49a1-8a8d-48345fc82253,Professional,10% Cashback,1
e995b618-9261-46cf-ad52-6f9b12c57841,Enterprise,None,1
2eb80348-5067-46f2-940e-de5ec0b221a8,Professional,None,0
e4dee40e-0f87-4186-be53-512333bb157d,Professional,10% Cashback,1
1b6f489d-5d06-4a6c-8ed6-ed1a44129b68,Professional,None,0
abbaad00-c990-4c8c-9363-22ffa94ec2d4,Professional,None,0
51e2a10e-7fff-4a5f-8e2a-f3bdb23fd3ca,Student,None,0
56da80fe-27d9-4fae-a898-f4a15bb0f30a,Enterprise,None,1
490d489c-3504-466d-9e46-1d692deb0d43,Professional,10% Cashback,0
2b0d88e2-1864-441d-a4e8-e83f853e4986,Professional,None,1
f8d66901-78ad-44b8-85df-0b6ec5aaae77,Professional,None,1
e7d5c38c-03d4-499f-8a0c-3c32a16c9687,Professional,10% Cashback,1
e71056e5-05a2-4a40-9096-13707868b352,Student,None,0
e5d45815-b9e9-48d0-beb5-1567e5ed5b47,Student,None,0
a86a6f56-c3c4-4046-880d-f5a373f4a28b,Student,None,0
52a03f50-ae08-4362-83f6-662f641c90b4,Professional,None,0
24a9bda1-2865-4536-ba50-b99ae999ed24,Student,10% Cashback,1
15d17ba7-fcb5-46d4-9441-3385460b5070,Professional,10% Cashback,1
e181462b-6bdc-4a2a-a625-4d18c1a26607,Professional,None,0
391e7af5-9f5b-4abf-a6e9-88f6e47f6e55,Professional,None,0
12b5f8ed-2cc8-4a41-98c7-6411eb7a9ca1,Student,None,0
5bf79cf9-8e50-4de0-a61c-c4feb5e6e92b,Student,10% Cashback,1
db2193e8-031f-499e-b394-0d62a1853215,Professional,None,1
4e28e954-5c67-40ff-97a0-97cefc1acaba,Professional,None,1
b0d023fa-fa4c-441e-8875-020fb2d2fe21,Professional,10% Cashback,1
288abc1a-e477-471b-a742-96679cb14d93,Professional,10% Cashback,1
5967da08-0ca3-4494-9c1f-f7519c7aeb1c,Student,None,0
7aa49e41-3c8f-4028-9861-cd0dfde24a6f,Student,10% Cashback,1
a21d48c6-365f-41c5-a71f-e1302c830f8b,Professional,10% Cashback,1
c4f7004c-5980-475f-aaa0-433655644250,Professional,None,0
fa5d14ba-2af5-4c03-add1-439d35577cff,Student,None,0
f54b359a-2ab6-4ad2-aedf-e1457425113d,Professional,10% Cashback,1
637f6166-15ef-4f26-b247-3ff6f63fe75b,Student,10% Cashback,1
2870bd99-c2ef-4ed9-b426-80917c9c5f6a,Professional,None,1
c6c89a82-3481-4654-b089-5ed795882d86,Student,10% Cashback,1
a67fa01c-f446-441f-bf2c-71719640189d,Professional,10% Cashback,1
fa0af6d6-20dd-4b27-b2cd-351d8c6f170d,Professional,None,1
55defa4a-b050-4f25-ba39-5f0cf3948b88,Professional,10% Cashback,1
1048b11f-8547-4d66-aede-07de41d41d3e,Professional,None,1
88449076-ebcb-4cd6-84b0-a80b8e7b9887,Student,10% Cashback,1
71584551-d8e9-445d-a1cc-42548f7ab2eb,Professional,10% Cashback,0
59ea6678-7ba1-4b9b-aef8-9fb6986a9bf2,Enterprise,None,0
90fb9a3f-478c-420a-9978-eeda85137b35,Professional,None,0
6a34ce43-3874-4ca1-a88a-1c84576dd76d,Professional,10% Cashback,1
fbdeaa59-e055-4b24-a6f0-9664e31e5c32,Student,10% Cashback,0
3247e8ab-4abd-4104-8404-73a2212cb0a2,Professional,10% Cashback,0
8945b27c-f1d0-4c16-8451-199102ec35a3,Student,10% Cashback,0
cf47aaea-2660-4ef2-b670-3abc236a88c0,Student,None,0
a26d6ea4-430e-4bd1-80cc-fb5463b9720c,Professional,10% Cashback,0
37d91593-441a-4488-9afc-dbae9f4368ed,Student,10% Cashback,1
28d4942c-a1c9-4ff1-8400-6ece7e9ab1a8,Professional,10% Cashback,0
be3e1809-ac6f-45cb-8a71-afd4782d3e3e,Enterprise,None,1
9d2d5bab-cd6c-48d6-9513-1cb9ad1ceb02,Student,None,0
3b21b191-df4a-4b14-8b62-2be194703c51,Professional,10% Cashback,1
f4138c29-d4b0-42ea-bb23-e725c77264c9,Student,10% Cashback,0
2b6ea7bd-606c-4d65-bce0-8d2113e6f7af,Student,10% Cashback,1
aa850976-b118-49e5-85ea-916528d79c51,Professional,10% Cashback,1
8f99650e-3513-41bc-9f56-76e9860a1fdd,Professional,10% Cashback,1
ac97bb6f-4a76-494d-89c2-4efcdc8fea63,Professional,None,1
343bb95a-0c0d-45d2-bc7c-d5f75c7c48f6,Student,10% Cashback,1
75a2fc2b-200b-40bf-9bc4-86fe25a9032e,Professional,None,0
9de52016-77fc-4270-952f-23553a6b8cd7,Professional,None,0
de497552-a5d0-4257-8d18-f30a836dff11,Professional,10% Cashback,0
4fc5b979-ca6a-47be-864f-26c0d4e51192,Student,None,0
d5552419-1587-458c-9293-e2c14859ba3a,Professional,10% Cashback,1
0145ca42-8250-4615-85f1-830302673f50,Professional,10% Cashback,0
7354c685-d909-4045-8eaa-41d9e282a930,Professional,10% Cashback,0
759b5a69-ffde-4190-bda7-2d1cd4e8b631,Student,10% Cashback,1
f14f47ab-f1af-4a63-8cf7-36becc58843f,Student,10% Cashback,0
5f7070aa-44f3-40f0-99a2-193791042ca9,Student,10% Cashback,0
346427e0-00ee-4d54-bb1f-52cb6c1e6e00,Student,None,0
9b553a43-d5e0-432e-9e52-816a30976b78,Professional,None,1
aadb16b4-5fa7-4b26-9436-904b5d40946b,Student,None,0
68949ae8-610f-46fa-94bb-20e7cba2839b,Student,None,0
3ba42425-8f9f-46d4-ac4b-8a94329d160c,Student,None,0
c78ec7ab-131e-4193-9f39-e9cc77c760a4,Student,10% Cashback,0
5a44478f-8dc7-400f-b5f8-a793c8cd2a94,Student,None,1
df3161ae-f89f-4ce0-91c1-58bcc3de88e2,Professional,10% Cashback,1
2570d699-08cb-4fc0-8c18-634baebdee48,Professional,10% Cashback,1
6a4bfef7-bd3f-4a5a-8abd-4e0ef9848d34,Student,None,0
80d495e3-32b6-4ab8-9f9a-2e232ce6acd0,Student,None,1
eb7da24d-5512-4ce2-90be-7d1060e2c82d,Student,None,1
1784981b-4853-4fec-83cc-3cf73fb16818,Professional,10% Cashback,1
d7854211-b488-4190-9252-710623c99ad1,Enterprise,None,1
6e750494-bcd7-4166-98db-4453d9ee8ee0,Enterprise,None,1
69aecfbd-66b2-4a3e-a451-bff4aa7405f0,Professional,10% Cashback,0
9cdb97f9-999f-4992-b8a8-75288ef4cc57,Professional,10% Cashback,0
7557626d-340d-4605-9fe8-894e40243ee5,Professional,None,1
298fad8c-20b6-4f72-94f9-ac72cca90013,Professional,None,0
88b2962c-26f8-48e1-a6f9-16f83d95dbb4,Professional,None,0
8615078d-6b4a-4ea6-9d48-c4cd69c7ac0b,Student,None,0
556032e8-99eb-4eab-a955-95ba67cd0d14,Professional,10% Cashback,1
9b2336c4-0fa8-4482-815c-f19c8866f872,Professional,None,1
21ef4ad3-55f4-4bdc-bf87-a2e3080f0d12,Student,10% Cashback,0
22becc11-29e6-4a9e-b621-efa7a20784cb,Student,10% Cashback,0
b3a743ee-d85f-4e19-9d0a-4205241c3a0a,Professional,None,0
95bac824-6a53-4258-a742-bf0cbe72de7e,Professional,None,1
3447d462-e08f-4690-bd25-da91aae5c7db,Professional,10% Cashback,1
116cc40e-307d-4548-84ea-387b7e6d1257,Professional,None,1
ec2e7d8b-971e-4981-adc1-f0f194f55fec,Student,None,1
9e7d236b-6ea8-4594-940b-d1a6455b9475,Professional,None,1
71b5a994-0823-4996-be23-0736e627c3c4,Professional,10% Cashback,1
d6059996-a029-48d6-bfd7-981c333f70db,Student,10% Cashback,0
0ad9a9e6-f1b5-440f-bd31-76c713a57a19,Student,10% Cashback,1
6004ce29-ebbd-4e2a-8bef-d66b1ff6d834,Professional,10% Cashback,1
4e72befc-5313-4ad1-a969-9fb0e3980e88,Student,10% Cashback,0
f494892b-1a60-4ce9-9eec-7979da60d23e,Student,None,0
0e777fcf-d0ba-41d6-9c87-6fc9de46a2e9,Professional,None,1
eff2fe35-0e0e-4449-8456-37409d6aab60,Student,10% Cashback,1
3a001090-5a50-4377-9120-80e6db1010a2,Professional,10% Cashback,0
9d65b4e6-a70f-4580-8d8b-10d681c45202,Student,10% Cashback,0
6e6a25cf-6c79-4ef0-8e66-506de895b79a,Professional,10% Cashback,1
e0fdb144-a0d3-40d2-a008-54790b6ba36e,Professional,None,1
245d4421-9d2c-4e76-9a15-3a5aae8a40c9,Professional,10% Cashback,0
7c57382d-4c94-40af-9995-35263d3fe710,Professional,10% Cashback,1
f2029186-764f-4536-9767-8cc4e51e1fde,Professional,10% Cashback,0
781dd854-df05-45da-b735-82b96d9ea81c,Professional,None,1
6feccb1f-1932-4ae4-bce7-0b8be0b9cf23,Professional,None,1
2be90665-f718-4dd5-a0f7-1b7b2e0479ac,Student,10% Cashback,0
256a9540-d4f9-4de3-97a4-737b055c84d5,Professional,None,1
367592b8-9037-4c82-b2a8-06e04c90566e,Professional,10% Cashback,1
4a97901d-48cf-4625-bbe8-62b536276f42,Student,10% Cashback,0
10e78d63-3ef2-485d-b6da-e86cc88f38fd,Professional,None,0
528d1199-257d-4753-bc7a-ff29ee7e7533,Professional,None,0
94100a1b-36be-4731-8fbd-ff70633574dd,Student,None,0
79cdd681-7a88-425b-b688-024ee0fbceab,Professional,10% Cashback,1
f9aca375-85ac-4885-9e32-0e5ae10101a7,Student,10% Cashback,1
46315ba0-c80e-4e6d-9b74-2772a2d30b60,Student,10% Cashback,1
02f92b22-ddd0-442d-99a0-55c386e1e599,Student,None,0
19f41d27-febd-46c2-b320-5dfd304cb367,Student,10% Cashback,0
be5459f8-15ff-4141-9d14-d861f3ef52a0,Professional,10% Cashback,0
ada30874-1484-4950-8d30-7583a3dd1893,Student,10% Cashback,1
b87f996e-4dbe-4175-b0f1-f72688594b28,Student,None,0
44a68cf0-5fbd-4ae2-93a8-6232dc8a4d06,Professional,10% Cashback,1
d60db866-e4ef-4dd3-913e-cca50816d3f9,Enterprise,None,1
436b2996-8742-40e2-aef4-d7d7ccb734b2,Professional,10% Cashback,1
a05e9078-a3a5-490e-8085-aaa7e3bc6bf5,Professional,10% Cashback,1
b3edecbe-5115-42d1-905f-4b3d7ff03f72,Professional,None,1
6e0200b4-7c91-45a1-a1e9-64f2a8093f47,Student,10% Cashback,0
a6377e27-779f-4cf0-ac04-24a17be3e8a2,Student,10% Cashback,0
480e7848-db6b-4618-8bd0-dda54db4562c,Professional,None,0
c8be40ec-5928-48dc-b1ff-49cdd4cfa4cb,Professional,None,1
0ffacbf6-5f14-48a0-b735-2a7c07abeabd,Student,None,1
118c6cee-5f57-401b-998c-f937a2dcaa80,Professional,10% Cashback,1
79f26c29-f82c-4b1e-8823-9defdf406363,Professional,10% Cashback,1
68a979f0-b2fb-4981-b523-fc94a2fc6fb0,Professional,10% Cashback,1
d02c6827-4d6e-418c-b5e9-6e26d2eef9b7,Student,10% Cashback,0
aa2f4fe3-ffe7-444f-89bb-95c9a954dfbd,Student,10% Cashback,1
0651962d-49cc-44e0-bd4e-407b9cf19957,Professional,10% Cashback,1
1e03f3b7-d3f2-445a-983e-8fd246f29761,Student,10% Cashback,1
c83e9adc-099d-4f2c-9b9a-7c9159358b5f,Student,None,0
a8dfc2e8-904e-4037-8b8d-0cca93bc526e,Professional,None,1
97cfc0f1-3c71-44ff-aeca-f6bb2d97016c,Professional,None,0
1ca4f12d-80f2-4142-a1e2-98c780abe4b6,Professional,10% Cashback,0
12fa6009-a08f-40de-9b90-01ad05db880d,Professional,10% Cashback,0
f19c8e2a-1410-4e5f-b369-88771efc32e2,Professional,10% Cashback,1
85496404-6773-4494-9dfa-8e6dbad03f32,Professional,10% Cashback,1
0991c350-1a5c-4e04-860c-454532868495,Professional,10% Cashback,1
c0753374-f137-404c-a8e8-8c67801560b4,Student,None,1
c09eb443-eab1-4046-bfdc-65097365ddd2,Student,None,0
23627199-0429-49df-aebf-9a6e2f249ae3,Professional,10% Cashback,1
f4bb4900-e45c-41db-b157-08e5988247b4,Professional,None,1
2a3c0432-30b4-4ac9-b13d-97d8df03fa84,Student,None,0
f58fd9a8-5e0a-4392-a463-ca3f010a025c,Professional,10% Cashback,1
46ba6f25-96e2-4213-9097-09fd8d74a24a,Professional,10% Cashback,1
34b0b861-2ff1-4cd0-9b5f-a87793945655,Student,10% Cashback,1
e7239528-75cf-4301-899a-967752bfdc1b,Enterprise,10% Cashback,1
c487b11e-a608-43bc-905e-cdbfd861f770,Professional,10% Cashback,0
5634e753-ffdb-450b-afc5-aeb90daa4fb2,Student,10% Cashback,0
4ae8edfc-b08b-4e5e-88a5-218c42c690d0,Professional,10% Cashback,0
2394bcda-d4a1-4c12-8c47-a9f3c774ad8b,Professional,10% Cashback,0
4aa58f45-02d5-4913-b3f5-e220b822c97a,Professional,None,1
af455529-5e9c-4628-8085-c56043e0ba14,Student,None,0
f965003c-1e06-46a8-903b-4f8fe2365e86,Student,10% Cashback,1
ca911630-d4cc-43f9-864d-88e196e4f5da,Student,10% Cashback,0
423cef7e-dc03-4a73-a179-5d0b91370fb1,Student,None,0
ec54fff8-97e0-4015-a463-4a5a6447b43a,Student,None,0
b11b69a2-183c-4c0e-b652-26cbdfbf2f78,Student,10% Cashback,1
077126ea-bd88-452a-b031-a9ca1f5342ce,Student,10% Cashback,0
af576e39-0414-434c-b83b-ac6753d6dee2,Student,None,0
564b171e-79e5-4ed4-a82b-40ec7bad8905,Professional,None,0
2f7a92ee-1f30-44cd-b533-f60f086d3f1a,Enterprise,None,1
3b625884-ad2c-4a0c-bba0-45c52b3bfcef,Student,10% Cashback,0
d85d3171-b72b-45af-adc6-d157df2639d5,Student,None,1
16576894-eb1e-42c7-ae0b-230ee83b1572,Enterprise,None,1
dba96b9d-dcd5-4a75-84a0-016b5930377b,Student,10% Cashback,0
40fd257f-33b6-410e-a5f3-f3c99cf2372b,Student,None,0
677ab478-bce4-400c-9911-cd024b4486d9,Professional,None,0
55315f5a-549c-4c0e-8ed1-9c5de7ea325b,Professional,10% Cashback,0
fd3e39b2-6322-4dfe-a7ff-1c0aa63c75df,Professional,None,0
a44160f1-7665-4f70-8424-584d06788c04,Student,None,0
810dbd07-ae56-4015-be2c-184214fc9b7a,Professional,10% Cashback,0
c9f6538d-1ad9-4015-a9ca-d4aa5bde4dc8,Professional,None,0
b82d6166-2336-4381-94be-d931d671d22e,Student,None,0
6cf30c6f-eb84-44c7-af21-547fa8596c4a,Professional,10% Cashback,1
adfb7ada-ffa3-4308-bbb9-9988de0a3a10,Professional,10% Cashback,1
67b07df3-a86e-4d6d-8767-43176413f10b,Student,None,0
f2174c88-cf71-4317-aab0-6dc1738af15f,Professional,None,0
a2eebe38-d43a-4f5d-bd86-25f2683eb663,Enterprise,10% Cashback,1
cab2233a-9b46-445c-a552-dd9d604bb0ac,Student,None,0
c9a8b71c-8c13-4be4-825b-889e597635fa,Professional,None,1
cdf449c5-f145-4552-88d4-4bb37bfef7f1,Enterprise,10% Cashback,1
fe5fd21c-02df-46ab-b07e-834c94735651,Student,None,0
a3a6a7fd-f3c3-481e-9ca6-e2c1ffc0d347,Enterprise,None,1
5d3071b3-7382-4e6c-819e-b30a47035273,Professional,10% Cashback,1
6ec1d6ff-d61d-44f6-8e7c-d55d20a6891b,Student,10% Cashback,1
35eab9bd-19ea-4c99-9999-3670df25d0a9,Student,10% Cashback,0
da3e019b-f6f4-4c67-bf17-208de0ad5013,Student,None,0
a68f361a-efbe-4cdc-bcc1-17f572f5f921,Professional,None,0
4aea4eda-b80c-4f9b-b8b7-a6376d26b66e,Professional,10% Cashback,1
c15c4bca-32d7-46aa-baba-e6830e19e314,Professional,None,0
3a7263de-78ce-4b28-aeb7-2d547f62c11f,Professional,None,1
3dea761e-07f5-4b3a-a40a-c53f9829504c,Professional,10% Cashback,1
13e57b0f-1f57-4abb-96c5-8f119fa4f15b,Professional,None,0
711b0bb4-d2e8-46f4-931b-2d0caec8e202,Student,10% Cashback,1
c184fb39-1476-4d26-87d2-b9012f5d4dbb,Student,None,0
24a94903-dcfb-48fb-8569-df7e8a425c03,Student,None,0
96785fe6-4ec0-47fd-be01-f6c2c690c8a4,Enterprise,None,1
107304bc-b055-4b8e-a4b0-4049c1bfb993,Professional,10% Cashback,0
b1d99523-f5d9-4763-9824-62cdc4dd6799,Professional,10% Cashback,0
93219363-bf92-4a20-8109-04dc72b9111a,Student,None,1
9a08668e-5726-4632-9fcf-0b38fdd2e191,Professional,None,1
765aa432-da67-4548-90ed-cf530031125e,Professional,None,1
82832773-af4e-4465-812c-4b0b0b99f5ed,Professional,10% Cashback,1
9b39cfe3-d00d-4636-875d-db6e77130020,Professional,10% Cashback,1
ec92ab80-3745-49ad-9707-d9f860840f85,Professional,None,1
d0edfd22-7e15-492c-a9e1-4ee008e56bb8,Professional,None,1
5070444b-71ab-461f-82e6-ce2b9d169114,Professional,10% Cashback,1
2622e512-a614-40c9-83c0-2195d54ef7f3,Professional,None,1
88283d66-9581-4139-baaa-5eb65bed1e75,Professional,10% Cashback,1
33c523f0-151f-4c71-baf1-8169e7e2f530,Student,10% Cashback,0
fd98b9f6-4f7c-4bae-a564-85e013adbea5,Student,10% Cashback,1
bcf74869-a983-46ad-a94d-ecc369dc0d76,Student,10% Cashback,1
2e26906c-0fa7-4aa0-9e8c-7e2ac915475d,Professional,None,1
50375fd6-c8a5-4962-a3ec-f52ef9998208,Professional,10% Cashback,1
8c090392-58b4-4ea0-b855-e6931606d754,Student,None,0
58a8127f-0f5a-4cac-9193-114a053fac39,Student,None,0
3c5048c2-af80-49b7-820f-45b4d7059f7c,Professional,10% Cashback,0
5e23056e-95bb-4bae-8c1c-e0470a687515,Professional,None,0
898f47b5-24d8-4f2b-9e5f-c6971e6fd621,Professional,10% Cashback,1
a3d94170-ce2e-45a8-8761-543ae74ba9c1,Student,10% Cashback,0
206734c1-7992-4deb-845a-a601f0fb43f2,Professional,10% Cashback,0
36d9f297-47de-40c7-aea0-1a29370fd580,Professional,10% Cashback,1
7b49e067-238d-466c-8a3d-cfe56c8f6351,Professional,10% Cashback,0
92c762d7-6b73-448f-971e-3047c4209c96,Student,10% Cashback,1
cd069e58-35a3-4a15-81a8-8e53144e4d36,Student,10% Cashback,1
23b50093-2e43-4b9e-a6a0-b7dfb41e1850,Professional,10% Cashback,1
1519e579-9f05-4864-85a0-481627ab9a58,Professional,10% Cashback,1
40b0ed8b-aaf3-4f35-95a2-39c0002346d8,Professional,10% Cashback,1
d5d2891e-eceb-49d0-aac2-e24397a6ed91,Professional,None,0
40a0a693-2459-4bca-a012-6d1d5d9f0326,Student,None,0
dfdd5033-6b29-4294-8dbc-467f89378d7a,Student,None,0
d86a0e69-5227-4991-acb7-aca0d4e7cee3,Professional,10% Cashback,1
d458272a-771c-4273-a66a-1001c6f0b8e4,Professional,None,1
a469583a-fff8-4342-9dd5-5579e88b2faa,Professional,10% Cashback,0
87c5d973-6bbc-46da-adbe-03b3d047b5d6,Student,10% Cashback,0
6f342ea5-aed4-4bbf-9820-7fe5542b900c,Professional,None,0
8ec2193d-ab0d-4f15-a740-80f17cb00170,Professional,10% Cashback,0
a1c235ff-b713-45b8-865b-bc54f852d716,Professional,None,0
4f0e92b7-2889-4d9c-b11a-01971b44d61f,Student,None,1
c0d2a3aa-7ef5-4b0e-bbd3-a03b0b24ca6e,Student,None,0
954dc88b-193c-4818-bac4-dad5b29284e4,Professional,10% Cashback,0
fb9a2e4b-75d7-4d43-bf7a-54f6bb408a42,Student,10% Cashback,0
e248a104-9f8f-42d9-aff1-0d3bf5b26058,Professional,10% Cashback,1
e1c2a42c-1845-4706-bf6f-a335925fa914,Professional,None,1
24ce9639-bd65-46bb-935b-f37aaf3966ce,Student,10% Cashback,1
691439c2-25ca-40b1-9924-055b2eec34f1,Student,None,0
9f0ce8e3-53bb-49ca-9b0e-f0839ee9791a,Student,None,0
03108e9c-48a1-467c-80f6-ca683aa3b075,Enterprise,None,1
47d1b564-2b49-4705-a0c1-45e93534fc1d,Professional,None,1
69223f77-f861-461e-9074-9323d29314d5,Professional,10% Cashback,1
14b707c0-492b-4118-aaa8-a6ee2e0953f4,Professional,10% Cashback,1
b523716a-5e31-4ec8-b294-80f544067778,Student,10% Cashback,0
76a529c9-ee15-4d0f-a15b-1aa1abe4dda9,Professional,10% Cashback,1
61f62b80-a4bc-4e2b-82f2-3d1189e318d7,Student,10% Cashback,0
38882aae-ea45-4a09-956e-c452feb222cc,Professional,10% Cashback,1
e1f7e284-4233-45c0-a3f7-9c9dadba8adf,Professional,None,0
b2fb1644-2f17-4a48-baf8-a3d25f5a8f0e,Enterprise,10% Cashback,0
a45a36f2-ab21-4574-a69f-808a3a98592c,Professional,10% Cashback,1
6a671e50-f521-4245-95da-0f1cd1b4d297,Student,10% Cashback,1
1c0b34b9-3c0d-49b4-91ca-56c48b4f2aa7,Student,10% Cashback,0
34173209-34ec-4a60-adad-24d96ff7ca12,Student,None,0
a5c6b297-c7a7-48bd-adbf-dcd108075511,Professional,None,0
e93395b5-a4b6-4897-a60a-5a8496742f24,Student,None,0
ff3cb3b2-803f-4548-9d57-8ff9884e2d32,Student,None,0
afa6bf23-2726-4ba0-b2af-68fd68920750,Professional,None,0
31304e16-3981-4d73-8c0d-d053c14fec07,Student,None,0
8cfe6054-d3df-4b2a-83fc-1cd588946791,Professional,None,1
04bbef11-20e7-4bea-8bfc-7fbdb3d5cc5e,Professional,10% Cashback,1
7b37a7fb-7576-4c43-ba46-20ed98329230,Professional,None,1
e9f1558b-c43c-4469-94cf-d7fbc04b8d71,Student,10% Cashback,0
7d9a17f5-77a9-4059-8c2a-499491dbf43d,Professional,10% Cashback,0
3db89b75-b4ac-4670-ae86-a3ed24d43bdc,Professional,None,0
9743214d-f0d2-4aa2-8fa9-5a399c79db5c,Student,None,0
35e1b269-bb54-42a2-8cab-1876b1cc798b,Enterprise,None,1
f7719bc4-d2e9-43d1-935d-9830c95136f4,Enterprise,None,1
b8175ca4-4a2b-4fa2-a2f6-c06fae720472,Professional,10% Cashback,0
cc89809a-b842-4ed9-897d-726897a19982,Student,None,0
8852b6b2-de32-4091-9743-4c6a02dd5d92,Professional,None,1
1118221e-456c-4a89-880d-9f53c4e3f7d5,Professional,None,1
a5a7b146-0271-4565-ba3b-1728eb6a8627,Professional,10% Cashback,0
a9c505e3-c568-4aad-a959-6d7668bf9c42,Student,10% Cashback,0
d90a2adf-7778-494a-a621-4d56643d1aae,Professional,None,0
b9185d7d-b26a-4f2a-b0e8-5829d6d5aebc,Student,10% Cashback,0
266c2156-6f38-407f-b09c-6bdcb779d540,Professional,None,1
ec922fd0-947d-45d2-895e-c78f6b6eb26e,Enterprise,None,1
0c9f05a6-9333-4cf2-bac6-d86d7bfb8128,Professional,None,0
1862c536-12a0-4912-b111-2fd65df543f1,Student,None,0
18ffb636-ae07-4c0d-a49d-5797903b9203,Professional,None,0
c5e28cb9-adf9-483b-8fa4-8a49784d263b,Professional,None,0
bfbef0dc-8287-425f-bb78-dba7692571ea,Student,None,0
d0990aab-5774-4a84-a314-33314c6f12e8,Enterprise,None,1
a6e9c10f-26b0-4983-abdf-fbb5cc4c9341,Professional,10% Cashback,1
4a098ef2-46ba-4fc9-8bfb-a4df5cee09f0,Professional,10% Cashback,1
c0e67e20-1d95-4b1f-a726-02825d78a24f,Professional,10% Cashback,1
d8c83514-d116-42c2-bca8-c616635bd388,Professional,None,0
0cb35ffe-fb1d-4d94-8d05-c666b62592ea,Student,None,0
229c58dd-4e33-46e7-9462-1b1c9144e0a7,Student,None,1
b19b6b48-8f94-4739-92dc-0a2bfbcbbba2,Student,None,0
0ec0bd75-d278-48eb-9c13-56220dd7b075,Professional,None,1
fdbc9923-b6c4-41b3-a266-15e1f598faaf,Professional,10% Cashback,1
0aa9916c-b4e8-4e03-a97f-98d098fb2092,Student,None,0
b7c4b9fe-6f7b-4a90-8e82-6fc2dc5075f3,Student,10% Cashback,1
a326f971-dacc-4ba1-a1c6-6f017dbd2b69,Professional,None,1
43be5f1c-d55a-45dc-b66f-6d1628a2facc,Professional,10% Cashback,0
6d007579-434c-450e-8847-ec95dd8206f9,Student,10% Cashback,0
67ed43ca-eb31-4cfd-a9d4-a77714f58e0b,Professional,10% Cashback,1
ba3a8cb3-bd22-44c6-9095-b10f79dfa427,Professional,None,0
1c4e74b7-b230-4b51-8b74-0a76def3885a,Student,10% Cashback,0
0c91f472-179a-4a14-b9ae-73e5bec45c91,Student,10% Cashback,1
87702a65-fd15-4163-9098-12d6d71a1d0b,Student,10% Cashback,0
ffcebe53-db17-41e4-991a-79f70c3a50ea,Student,10% Cashback,0
06e6347f-1ea7-4b98-835f-e35fe1c34f8f,Enterprise,None,1
884dba68-cc60-4bb8-8f2b-11867d8971de,Professional,None,1
dbd6cd32-c69c-4849-95c2-15686dac6d50,Enterprise,10% Cashback,1
0bfec29e-0bd1-4673-ab63-ff3d52433f3f,Student,None,0
781aff7f-8a2b-4079-a58e-cbde85c4294a,Professional,10% Cashback,0
b932adb6-f156-44eb-8134-37764a56f32f,Student,None,0
74f7fec0-f4d2-428c-b4cc-12292aa861c6,Student,None,0
b3a78032-ecce-49b6-b3da-ef9b63a123fa,Student,None,0
a3d3088d-399b-4ac9-ae9d-049f5af88c44,Student,None,0
fedf9d07-3364-4078-94cc-f0756a9ec1fc,Enterprise,None,1
5d40679c-9116-46dd-9d44-d5442795e454,Enterprise,None,1
e0455113-5ce1-4bc2-a591-b8702d8c5148,Enterprise,None,1
d159af8a-c863-4097-be25-5531261d586f,Professional,None,0
dcbc145d-e2bc-4001-af4a-8d868f6da1fe,Professional,None,1
a4dc87f9-022e-4fb2-b935-a47e918073a9,Professional,None,0
50c46c80-fd4a-4757-acb6-68a461ebda42,Student,10% Cashback,1
c7a37ff8-c724-4386-b1e4-0d56fe0c27a8,Professional,10% Cashback,1
8d124e73-b842-4fa7-9936-06a5891df1f3,Professional,10% Cashback,0
2a50ad03-1564-4cd7-a6f9-95228cc15894,Professional,10% Cashback,1
9d871d8c-d720-4e68-9464-10fcdc79df6c,Professional,10% Cashback,1
fc9cf85b-c32e-4ac2-8926-e70836dc9d07,Enterprise,None,1
d0260814-2c37-4578-98f5-319bf7677811,Professional,10% Cashback,1
6bfa2fd7-d05e-4ccd-bc5a-30cfc4930c04,Enterprise,None,1
2859e673-f2f1-4856-bfb3-3f14d0e8debc,Student,None,0
800297f5-ee41-4e61-9d67-997dd9d43479,Enterprise,10% Cashback,1
730bcbd7-f1d4-4bcc-8935-a6bf1aa60eef,Professional,None,1
ed4d2be2-595a-422b-8717-7620ac1dc9a2,Student,None,0
d098b0bf-a0ea-477a-afe8-7ea07aa6802b,Student,10% Cashback,1
a4d3af1d-339f-4e9b-a1e5-fee998682414,Enterprise,10% Cashback,1
407f95f2-7288-4986-88d4-9abdee1ad8a2,Professional,None,1
f8d604bb-a457-4c01-8e22-ff7929da3bb4,Student,10% Cashback,1
2d1f7fab-e63d-4f88-b628-a76460992a21,Student,None,0
eda628ab-e92b-410b-8cde-dc122060e48c,Professional,10% Cashback,0
a040164a-1c82-4827-984f-3d87e0e20d38,Professional,None,1
4af0714e-475a-4068-92d5-9bc128f0f266,Professional,10% Cashback,1
b875c653-0685-4215-ae92-8c0c60194ee5,Student,None,0
a0db8de3-f1f2-4a92-a5fa-1d34db0b5355,Student,10% Cashback,0
42b5742c-364f-460f-8c01-fe606e722336,Professional,None,1
a8220db7-1af9-48a5-8993-647e36247802,Student,10% Cashback,1
055df8b7-7dff-48c2-8428-4a1c6cfa9260,Student,None,0
1b9414c4-5914-494a-81cd-47aaa6356507,Professional,None,0
f3ebced7-8487-4ff5-8acf-9751b0a5894d,Professional,10% Cashback,0
48c8a854-d916-44d9-815e-9bb428a4a6a3,Enterprise,10% Cashback,1
a60a11ef-5c05-42fd-af3a-11b439ebd7f1,Student,10% Cashback,1
a7a3a303-d805-4dd0-b55a-970a3b5f6722,Professional,None,0
8337df0f-539d-48ac-b8dd-17a8cb2d590a,Professional,None,1
445010b5-da22-4c6b-a088-a9e674e48d0b,Student,None,0
3edc8f06-2eb7-4bcc-868c-2419dc1d4e81,Student,10% Cashback,1
38b7b1fb-43f2-4404-922d-4bd6cc46e16c,Professional,10% Cashback,1
bbd09197-41a0-4be8-b078-c12ee9a81fb9,Student,None,0
59e31c79-f7b3-4143-a5b8-870392daa37f,Student,None,0
09f1d8d8-e238-480f-8a83-10e8ef772171,Professional,None,1
e5eeec63-38ca-4419-a8a7-b485f95b24ae,Enterprise,None,1
43bca17b-1edb-4cb7-845a-1322f72fa288,Student,None,0
5a13077d-9aa4-4824-8f4c-af461caeaa63,Enterprise,10% Cashback,1
c4796c0a-a97f-4716-82a0-6fe2cdad19a0,Student,10% Cashback,1
8bc4e58b-8388-41a0-8895-7244702d9b66,Professional,None,1
3670e849-73f4-40aa-b659-490c61d6682b,Student,10% Cashback,1
93664e41-1a4e-4bd9-8e6a-7d3f99061b23,Professional,10% Cashback,1
45de63b1-e5ac-4742-8e15-5e66c644f24f,Professional,10% Cashback,1
ca5becaf-9b85-444b-a11d-6d3db3551dcb,Professional,None,1
db1b4572-b921-4d2c-aa9d-14a3d9cb3597,Student,None,1
24927df7-617f-4eaa-8324-6396aa6f1a19,Professional,10% Cashback,0
88d4bbe0-5198-4cf4-82f0-a48df81a4411,Student,None,0
1f875859-df34-41b3-8737-1836f4b46c22,Student,10% Cashback,0
5fbefa42-348d-4e80-9f27-bbf69135ad19,Student,10% Cashback,0
6dffa594-8b31-48eb-8e59-ab5fca184831,Professional,10% Cashback,1
fc9e0267-9ac9-4509-95c4-d8086be58957,Professional,10% Cashback,0
0e4ccb2c-ff9f-483c-ad14-a035df7a29bf,Professional,None,1
47c25bce-92d7-48ba-ac21-254db207f3fa,Professional,10% Cashback,1
672ef1de-4eee-448b-ae00-c9775c5042dd,Professional,None,1
3e14b098-8e1f-423a-b6ab-18518be579fc,Professional,None,0
5344ee13-35fb-4cf3-bc8b-beaded15b548,Enterprise,10% Cashback,1
b7d92591-c910-4c52-bf34-f854d6cdf53d,Professional,None,1
5166ef6a-f58c-43d7-8fc4-4cae35ddd081,Enterprise,None,1
52cd9893-f00a-4763-9719-89842a52a5fa,Professional,10% Cashback,1
5cba91d3-13ce-4ace-8cfd-6652529a20ca,Professional,None,1
4e764dfe-abb5-4a52-8d83-4e3d21f56a1a,Professional,None,1
a6120dfc-ee7b-4199-9163-b1414580554c,Professional,10% Cashback,1
a5754bbf-9c3c-42ef-9679-cdafb7ca31a2,Student,10% Cashback,1
cd2bac42-3fa2-4b09-9fb5-612e7ccbb4eb,Student,10% Cashback,1
3a03c37b-485b-4667-9815-c33f51137617,Student,10% Cashback,0
3f7f7920-06bc-4ad9-985a-414c2ef4b938,Professional,None,1
e1b44a24-3a30-48b3-a351-3007d377e4b3,Professional,10% Cashback,1
f8d495d9-3c37-4abf-a0cb-356345d3d29c,Student,10% Cashback,1
b16812c5-9773-49e6-b26c-25453f868e1e,Student,None,1
8849cfde-deb2-4f4e-ac97-a1f44fa7ff23,Professional,None,0
fc42d63d-62e0-42e0-909d-efb0d3301f6d,Professional,None,1
abd02a3f-7b0b-4ba2-ae61-c5550d3770e2,Professional,10% Cashback,1
75e96a97-710d-40c3-b234-e48e65402dbf,Professional,10% Cashback,0
4aa4dd42-9e85-4bc0-993b-c24cfbc38860,Student,None,0
d596517a-7408-4f60-93e0-10dfdc1415bc,Student,None,0
e979fd2c-d0ec-4dbd-8ede-b0960e344c6a,Student,None,1
ee83dd42-fbc5-43cb-8762-9757db1f2128,Professional,10% Cashback,1
73ae4c08-f19c-4f37-a927-c90111b79e1a,Professional,10% Cashback,1
2acb5822-9a57-4334-90ac-0c42a94531ff,Professional,None,0
ef696158-4ea0-44ca-bb89-c47e83b86d8d,Professional,None,0
eea13ddf-6896-4e9b-8043-8518f82913fb,Student,10% Cashback,1
4de1754f-e6c6-4620-b436-15dd74f09bc4,Student,10% Cashback,0
5fe8b316-3bea-4797-a3f0-673f0c5cf14c,Student,10% Cashback,0
fbccf5b5-55a3-47f1-a13b-9b5e4e17a606,Student,10% Cashback,1
2f90a2c6-dfd7-436d-bd53-dedd3a18f847,Professional,10% Cashback,1
d4205d75-92a5-4fbe-b7d1-6ec3e349c918,Professional,10% Cashback,0
1f01365a-60c1-48ad-b219-98cef70c1a50,Enterprise,10% Cashback,1
30b51b84-6ee9-4189-b4d0-b28f181f967f,Professional,None,0
1677e7fa-7f21-4061-8cf2-dbcf4bc4c919,Student,10% Cashback,0
74f6ec14-5f53-44f0-8247-e6d8a5669415,Professional,None,1
48ec1176-21d4-4dd3-8774-daa4462e41f2,Professional,None,1
64335bcb-e944-4091-b617-bea490b0abf1,Student,None,0
a51ef598-beaa-4af6-8784-7b6f00500049,Student,10% Cashback,1
72105ece-2d7c-4fef-becb-9e46acae563f,Student,10% Cashback,1
e5d0ae6f-f733-4a89-b04e-bc89a59d85fc,Student,10% Cashback,0
bd4ecd9b-ee22-433a-97c9-f409182fd60c,Professional,None,0
20b2a770-23a6-4d87-bbd3-7a5b44a942c8,Professional,None,1
c4725b7e-b513-4e14-82a4-914af784b536,Professional,10% Cashback,1
8e24ab0c-9df3-4519-b05a-b0294ff53c5d,Student,None,0
4d07949d-531b-4675-8bc2-0323cc5fa354,Professional,10% Cashback,1
106e7557-1ab8-4ce3-b03d-a857fe21ad2f,Professional,None,1
a034f084-41f5-47db-9921-7ff7d0a81681,Professional,None,0
c6b987ad-8d5a-40b8-99f6-c671a9b29fef,Student,10% Cashback,0
08878d83-9817-4643-955b-46a5fbe4786c,Professional,None,1
d2edfb44-b54e-4abe-a2f1-7187f02957eb,Student,10% Cashback,0
3f6d3d99-0112-4d34-baa9-245373a7744e,Professional,None,0
94673d20-4e3d-41a4-8ae0-36c67ef0f0f1,Professional,None,1
cc2c75af-cfec-4c80-b3fa-8944b5326707,Professional,None,0
3215aed9-92f9-4cc3-8dc7-a0602237514b,Professional,10% Cashback,1
21b768be-40f1-4e7b-b581-52ac0935762a,Professional,None,1
e4e1f55c-757a-4d57-be35-08855bd6122d,Professional,None,0
b49e090a-371e-4360-999c-2b9dbfbc7c5c,Professional,10% Cashback,1
9d43bd40-cd02-4169-a61e-a233768e8972,Student,None,0
76c9fa70-fa62-461a-90a6-23ecb6a1b013,Professional,10% Cashback,1
766d128d-2f68-4d46-a214-641d4bb33108,Professional,None,1
b1590a09-7089-4c7c-b0ea-34841e2d6e80,Student,None,0
77eb2f85-cde4-4f35-acde-788ff5d6336f,Professional,None,1
aaed5205-93a7-40d4-80f1-297cb107a386,Professional,None,1
58beaeec-93c8-43ce-82a8-0e93dc0809c2,Student,None,0
fac5e0d2-86fb-43e0-ad74-085f0c1a8c6f,Student,10% Cashback,1
9273d527-7e35-4082-903a-ac6fabc76253,Enterprise,None,0
eed83fab-ea67-40ee-a922-ab4936af424e,Student,None,0
369447b7-a6ee-4f6b-86e2-9fb075ffbc14,Professional,10% Cashback,1
f33fddbd-5a79-4a38-98ab-2560b9ebd504,Student,None,1
fccaef36-c5c8-4782-9a6c-78ab9a4f480d,Student,None,0
f2e3500d-b2cb-4a90-9bb8-f22a39a76de7,Professional,None,0
ee574cba-18b1-40fc-9fee-366fd944a0ba,Professional,None,1
b60a48fd-bc65-4085-b49d-5169065d1c67,Professional,None,1
ea25bf93-ff70-44fa-9419-610e41ef2de9,Student,10% Cashback,0
fac47af5-006f-4e6a-a9a7-cf356b79d132,Student,None,1
f6f88112-f7cd-4dbe-8649-2c509371d482,Professional,10% Cashback,1
4c389255-243d-492d-82d8-5079700ddf8a,Student,10% Cashback,1
8c940aa1-429f-4b74-9a4f-779a0f93deba,Professional,10% Cashback,1
56e74408-985b-4a76-9fe6-ae1c3e30e1ef,Student,10% Cashback,0
d6efabb7-076d-4c9c-8907-49ee051b0688,Professional,10% Cashback,1
6c1a215b-2093-4f79-aef1-c6a54c539b9f,Student,10% Cashback,1
ac53f622-9374-4a18-b2ff-1018a42ee8cc,Student,None,0
3c12aa72-05cf-465f-8488-c6e2de8c0eec,Student,None,0
dd303728-41a6-47d7-82a6-4a51de624f93,Student,None,0
c69c59ff-0b8a-4645-bacb-72bdcf0c284c,Student,None,0
14961c18-b229-4048-837a-a6b45fcaf158,Student,None,0
160a365a-6035-4653-ac8c-65b0cf6e73b9,Enterprise,None,1
3080be37-f498-4d89-8971-5fe87ed1a67f,Student,10% Cashback,1
a1e97967-6f1e-4bd0-b274-63bd88af278c,Professional,10% Cashback,0
f89d03fe-7d82-4209-93f1-47424dcea2fc,Student,None,0
c15de35e-e8dc-40ae-98f5-e91039d1363e,Professional,10% Cashback,1
70eccdd3-a968-44bf-99f8-f61e026ced06,Professional,None,1
f88c3110-17de-472d-b405-d4b58c5a36f0,Professional,None,1
8a033c33-0f4a-4090-ad94-0e56a9f5d1f1,Professional,None,1
4b0b326f-3b17-47f2-9a7c-d998574bae99,Professional,10% Cashback,0
08e4bca0-3bac-49e0-b640-e90999c98397,Professional,None,1
c4e3e3a0-5c8b-42e4-aa85-87d9d950e55a,Professional,None,1
9d490255-05c6-4a9d-9c5e-3a0b12cae9c8,Student,None,0
28e0fc4b-c00c-4833-b756-51d7e617e7a0,Student,None,0
dec98ce3-d63b-4b02-a438-71e8fdf9f74e,Professional,10% Cashback,0
d94c8190-fb10-49cc-8f60-9875f24cee4b,Student,None,0
8dea25da-98a1-4dff-afb2-69ba6b9b10f8,Enterprise,None,1
291f74ae-76b9-4aee-95e8-fba459389996,Professional,None,1
752abd82-5766-4453-8c7e-9ff97596356c,Student,None,0
be6a998d-c664-4c2d-900c-512e2bb6eb3a,Professional,None,1
f9a31c7e-01a1-433c-b95b-73bb3d6f57fd,Professional,None,0
6ea469fb-8773-4ac2-95ee-83f23a7fb677,Professional,10% Cashback,0
86fb6e41-a2ae-498c-85a8-b1692644e6f6,Professional,None,1
8e7c9716-ffa2-4f9d-956b-f24a1cb69770,Student,10% Cashback,1
2b0b7fe6-b7ff-4637-bf31-47c2bf6f73c6,Professional,None,0
50d943ef-72e8-447f-a460-a5d64e9cfa6d,Professional,10% Cashback,1
1aa9d74a-f344-433a-bcfc-e97e9ca898f2,Professional,None,0
fdedaad0-4cb6-4d98-842f-dd18494b1a6a,Professional,10% Cashback,1
3a811cee-1043-4803-9a37-336f5317c344,Professional,None,1
0eb4ed23-1748-47ba-a08f-ac6312a81825,Enterprise,10% Cashback,1
100aad93-f5e4-4596-9d98-99f828ff4ea1,Professional,10% Cashback,0
893395ac-759d-4df5-a4b3-5df785b5b8da,Professional,None,1
b5e5c2db-3f44-4ed8-b9c6-97902fbd8bc6,Student,10% Cashback,0
61411ddf-0365-4853-8048-481d87398380,Professional,None,1
461fac23-63b0-4a87-bf00-225a44e222ba,Student,10% Cashback,1
f7d339e1-94c1-4aa8-b0fc-0200d84084c6,Professional,10% Cashback,0
7e12ec60-a937-4536-90c2-ffaf3654d5cb,Student,None,0
bc163bd3-98e4-45f3-af1f-c7ba89f1c9af,Enterprise,10% Cashback,1
91d95a3f-0cca-4aa3-a1e6-316542a9c4c6,Professional,None,0
9b220772-321b-45ea-b630-ca1d63553198,Student,10% Cashback,0
b926ef85-e924-416f-91b3-7e83050e9292,Student,10% Cashback,0
46d9deb8-9094-47b1-8731-8b41dab8d22d,Professional,None,1
b651975c-3e67-44d3-bce2-bfbe24d68098,Professional,10% Cashback,0
329f1f96-60e5-4d3d-9d43-62ff39471fd4,Professional,10% Cashback,1
971fbdaf-cc58-476a-98a0-9a8fe2156af1,Professional,10% Cashback,0
f48eb50f-5bfc-4c36-b885-86ae02a97f8f,Professional,10% Cashback,0
231ef2ea-6153-40cb-9341-9e6fb7b291b6,Professional,10% Cashback,0
683170e4-0aba-406f-b5aa-3c57dd481072,Professional,None,1
e049588d-c718-4772-92a1-3c230c2469af,Student,None,0
70ce1be1-c64f-4cc3-b312-3de0ec841197,Professional,None,0
dc031a65-efa3-45c1-955f-f9d629a457cc,Professional,10% Cashback,0
9461f609-7c85-4779-a437-7028302e35f1,Student,10% Cashback,0
f99e6a6c-84ba-4f49-8d0d-5346deef4afa,Student,10% Cashback,0
5e968cc5-a09a-4a2c-b146-207d234cae0e,Student,None,1
a6a5273a-4f5b-449b-a16a-562065d90205,Professional,None,1
b14425c9-83e6-4286-9917-14d09e36b6ea,Student,10% Cashback,0
4176facc-23a8-41b7-85f4-e2d0c7d4bbb3,Student,10% Cashback,1
d333892c-fb99-483b-ab58-19908241fe3a,Student,None,0
38413670-9fac-4994-8307-03f7dafcdc64,Student,None,0
71480b83-21ba-4078-9d0b-113b4a906db0,Professional,None,1
0d272bc1-d799-427f-b809-c41febb45ca8,Student,None,1
75da6fda-affb-48df-a73b-288bcdd27472,Student,10% Cashback,0
d6c13aa2-e89b-41bb-b0a5-790235a31eaf,Professional,None,0
d6169620-9bc7-4f0a-9605-652c2868b9cc,Enterprise,10% Cashback,1
fb49ad7b-c135-4a22-8cca-49e5d59f595b,Student,None,0
1ce82340-a8b4-461f-82ef-4c67c37b18a8,Student,None,0
76c97cd8-1d3f-4421-9f76-5ce0dce6b0b4,Student,None,1
cd5e7c0c-4053-4775-94ad-561795db752d,Professional,None,0
790e1e57-57ba-4333-a102-720bf839738a,Professional,None,0
82ab9583-d3c0-4546-8675-90998dfaca36,Professional,None,1
b5a59d52-2fb0-4b91-a33a-55d5c8f393c0,Student,10% Cashback,0
5ef92839-aec0-46d3-8bb3-81a244d05e6e,Professional,None,0
42d571fe-a3da-4d0d-adf4-ffcb49ceecc0,Student,10% Cashback,0
a001e572-c76c-4724-9706-df5ac347ed39,Professional,10% Cashback,0
96046efb-ce94-40de-b902-e034c681e91c,Professional,10% Cashback,1
9b9aa286-a4f8-4936-9ae6-eebbe1ebec92,Professional,10% Cashback,0
878f1bd2-ee10-447a-b416-618d8ca270ef,Professional,10% Cashback,1
28d07319-6e88-48ee-9339-7b48b2a1a0ed,Professional,None,1
2ab2fc05-2fbd-444c-9e70-1fedc6d76cc0,Professional,10% Cashback,1
764d603c-4bed-4a15-9c0d-d50484fbfa89,Enterprise,None,1
cf0ca834-52d7-4d5b-80e7-03d0d2836526,Student,None,1
58a7bb71-fa8b-4495-8bd2-3f0c78ecfbf2,Student,None,1
36ba322a-1334-4f81-b5dd-0aa9b4e8956e,Professional,10% Cashback,1
206904bc-71af-415b-af4f-8aafd1f38248,Professional,10% Cashback,1
5d0000db-ae2e-4f59-a6ea-c6ac482e605b,Professional,10% Cashback,1
58c8f7f8-2aff-4edc-a89b-219650f143dd,Enterprise,10% Cashback,1
fb88126d-1b44-4f03-880c-fab0a26dd6d2,Professional,None,0
5c5bfb35-3a86-4ae5-a2f4-6bfa095ffb48,Professional,None,0
2e6dba2b-f915-4de5-87f5-3e958d181f59,Professional,None,1
a8ea8804-3395-4bc5-87de-7832c5096178,Professional,None,1
33ecd6dd-6a80-4c24-89b2-4abb3e0660db,Professional,None,1
339dfd74-bbcc-4b62-b663-80ba0531d196,Professional,10% Cashback,1
9b780168-d94d-43ab-aa2a-fc864948c039,Professional,None,0
40ff9112-1761-40d6-b8b8-493ef0f2f626,Student,10% Cashback,1
57efb0eb-5df5-4cda-827c-b67208b74983,Student,10% Cashback,0
ba38b8df-fe7d-4cee-8030-54824285e393,Professional,10% Cashback,0
e2798f9c-ede9-479b-a81b-44bdb113632b,Student,10% Cashback,0
eea777ca-f0af-4666-8a8a-8c534ef67b62,Professional,None,1
8b7fc14b-5483-48b2-835b-34fec4ca80a4,Student,None,0
c4b2d3a6-1174-4db9-9a9b-b6fbc189f6aa,Student,10% Cashback,1
faabe97b-16c4-4a75-b7de-4c51c531fb23,Student,None,0
8d34d5dc-610d-4636-80b0-5cb641e12a2e,Professional,None,1
59898a2d-7516-4699-a968-83cfb9bdfe58,Professional,10% Cashback,1
5f7e46a5-e663-4b73-a0d1-c1fe7f6b7bff,Professional,10% Cashback,0
6b5e3c0c-d6c4-4db1-b4fa-b0fd1f9d94e5,Professional,10% Cashback,0
95358609-7f51-4a56-b6b7-b8eb57d61ed7,Professional,None,1
0f8bb9ed-9d17-420d-bacb-6f6608d3d17d,Student,10% Cashback,1
52f90283-fd6b-452b-a444-1c24b9555f93,Student,None,0
5a30be31-e3fb-4fa2-9124-2d3930357fe9,Professional,10% Cashback,1
4fb08573-a5f2-423c-be4b-133ef2e1d822,Student,10% Cashback,1
4bb854f4-0053-4b6c-92ad-e31e5d6c73e5,Student,None,0
829978bb-a62a-4040-b9a0-292d40f1d6fa,Student,10% Cashback,0
cad1f099-da4f-465a-9a27-d5442249f2a3,Professional,None,0
1d9d4743-4940-4889-85f7-e121416d5256,Student,10% Cashback,1
cd1a87c3-c648-44c5-ae9a-cd4dc539c54d,Student,10% Cashback,0
906cebc7-73e6-4508-a923-a71968c76dbc,Student,None,0
e9b1db0e-93f8-45ca-a3f7-83e3673480df,Enterprise,10% Cashback,1
cef2155c-c95b-41b2-b46b-306d06b728fc,Student,None,0
f4f4b90a-d8e9-4955-b608-c923f6deddfa,Student,None,0
5c6d21c7-3ecd-41db-974f-7f5c2922cdb9,Professional,None,1
8814f933-ae81-4a80-8353-92bab354560c,Professional,10% Cashback,1
5b60e1a6-0f84-4c3b-aae2-79a04ee52add,Professional,10% Cashback,1
23118f33-4e86-450f-9cbc-fbc2c2c843a2,Professional,10% Cashback,0
dfb0ee42-defa-4f35-95be-1db9c06be622,Enterprise,10% Cashback,0
2e8bddbb-79f1-4873-99e1-f935d3c7ebbd,Professional,None,1
531c244d-926f-4bfa-9f6c-ec140c3cb874,Student,None,0
e83eaf67-b4c5-41ce-839c-542ce03019ff,Student,10% Cashback,0
fa0847e1-6e32-4eab-aadd-a2c0bd327eb2,Student,None,0
2d0366a9-31bd-42e9-a9dd-29f66285bdb2,Professional,None,1
1bb7e36d-6cb2-4034-a88a-ed80b475d51d,Professional,10% Cashback,1
8db81cd8-2dce-4c9c-9efd-4da3e7b9d985,Student,None,0
0cba3153-2bef-49ce-b15d-24d4a409e57f,Professional,None,1
b1a69de1-aa74-405e-8ad1-760361f3fe0b,Professional,10% Cashback,1
a0aa7a59-e001-4034-b609-d8ef5edcf298,Student,None,0
7b6ad5ff-40e5-4351-8356-1488f1d50282,Enterprise,None,1
3ce62ba3-9318-4870-aa45-8c8074b821d3,Student,10% Cashback,0
79684a3d-90c2-423f-91da-41d3159c0a5d,Enterprise,None,1
d53d42fd-a6f6-4578-8ec7-70bacb9b2436,Professional,None,1
41249229-c219-43c4-b3e2-ad0222ad8e07,Student,None,0
f7218007-7f70-42b4-888d-1bb4f0ee974a,Student,10% Cashback,1
1d9fdefe-7487-49a2-919a-cc5b7cad442e,Student,10% Cashback,1
8c3c969d-4a2c-4492-8ba6-d04b067a95bd,Student,None,0
5fc7de1a-51e1-4a4b-8761-fdbd6f6c8c42,Enterprise,10% Cashback,0
d721420d-5cda-4e50-ba5a-2132758f1256,Professional,None,1
2bb68113-ab1f-4526-94a6-d671fac11041,Professional,None,0
d6ab3b13-2277-46f6-93f3-e524ba300027,Professional,10% Cashback,0
ab28465e-111c-436f-bf3d-05bb410aa0c6,Student,10% Cashback,1
87541046-26e0-4841-ac0f-264d839cd8d2,Professional,10% Cashback,0
835abccd-a8f7-4802-8e5c-553b1fd94d97,Professional,None,1
f5a9b67a-e7cd-4404-b36f-be3fa06f943d,Professional,None,1
52866ed7-4d8e-4bb8-abbb-bb59f0093f43,Professional,None,1
518ae7f4-a3be-45f7-a2e2-393b36dbcaba,Student,10% Cashback,1
fa7017f8-fd1e-4e41-8ded-9aa664c1f57f,Professional,None,0
8422fad2-7aea-489b-b8c2-ad5f0b88af60,Enterprise,10% Cashback,1
db8ce674-ca04-439b-8770-485c60e576bf,Student,10% Cashback,1
9ca83bc5-4b08-4d15-a723-53b33697ba6b,Professional,10% Cashback,1
3c748070-4926-452f-8b35-8be485fed503,Professional,10% Cashback,1
723631c4-3244-49a7-a02a-bb5efd582cd5,Professional,10% Cashback,1
78d51d31-8b42-4c46-9765-f10f1b07149a,Professional,10% Cashback,1
776cb834-3754-4b7e-8e6a-ebe5b529a640,Student,None,0
74b60262-0472-440e-83f1-d1a4b3e0817f,Student,None,0
fba1f4a5-eea3-41a5-b67b-2d72b090190f,Professional,None,1
2d56b90a-2a03-42fc-8db1-07b5dbbb6682,Student,10% Cashback,0
f8eb72fa-0928-473e-9daa-b137ba2ed979,Professional,None,0
6ffb0eb5-091e-46f8-b972-42b665489ca0,Professional,None,1
9001816f-f660-4cff-b63d-29a8584a7e32,Enterprise,10% Cashback,1
4dc916f5-1b7e-4262-b99b-6073efee3cd0,Student,None,1
3e70188e-98db-42e7-8c3e-e928a87babd0,Professional,10% Cashback,0
a606671d-eabb-48cf-9188-7b1ce9209255,Professional,None,1
54ec75ca-482d-4c3a-bed4-a39f462bb255,Professional,None,1
53f729f4-8b89-4212-b9ae-055f279949a6,Student,10% Cashback,1
11946d72-b91c-452e-b63f-9bec02887597,Professional,10% Cashback,1
b03c7e71-9476-490e-8e09-cf5c9073a99c,Professional,None,1
43ae7c7f-d5c6-4f30-b9bb-76a832250a31,Professional,None,1
a4e7c99f-7195-4f90-99ce-301cfd9fe133,Student,None,0
b2f45e37-c849-4ae7-ae87-27805db11c8d,Professional,None,0
90671a32-6e06-4767-bd0b-1fe4836a661b,Enterprise,10% Cashback,1
7f14366e-2977-484c-8acd-3384535400df,Student,None,0
707033d5-c1a4-4e95-8803-184e9efec70f,Professional,None,1
c2b6daf3-4459-4633-8cb7-c4903eeacfa5,Professional,None,1
730fa544-113b-42cf-a7ec-b89a2cd2bc8a,Enterprise,None,1
fc1a1b9d-58c7-44da-b0e6-625a46090d1c,Professional,10% Cashback,1
4fe92653-fed1-4806-8d33-cf7669a39b7b,Professional,None,0
c31324ec-ff9c-4086-81e2-7bd57ec3cba5,Student,None,0
99d25714-50e7-45dd-bae9-516eb88d1924,Professional,10% Cashback,0
e76c5b79-552e-4248-9fc3-2434b7bd99a1,Professional,None,0
cdb351b9-b755-46c6-ba6c-13b0b9b20bb4,Professional,10% Cashback,0
6410369b-7912-43c2-8bdb-8a13d43b792b,Student,10% Cashback,0
b069464e-25fc-483e-933c-b5342d105128,Professional,10% Cashback,1
f69f4e1e-8ba8-4d1c-953f-a9c573e4aa6a,Professional,10% Cashback,1
9272dd9f-471c-42b1-b28d-e73db4fcbd5d,Student,10% Cashback,0
e1563df9-6bbf-4ae3-a9c9-95e7799a38b9,Professional,10% Cashback,0
588a1a94-e078-479c-a760-68ede60c48ee,Student,None,0
0980f825-439c-4a89-ba8c-8e7561c7099a,Professional,None,1
156b1f0d-c2b2-4110-83e6-de966dad4e0b,Student,None,0
60a631e5-efe7-47b7-a581-0d9abfa8bd87,Professional,10% Cashback,1
b0fb725b-88d0-408d-98a5-4a920b5ab647,Professional,None,1
4300e4e2-fdd9-47c3-bafd-2f6159011513,Student,None,0
a0325e8f-d23e-4fa6-807e-add2f907af5d,Professional,10% Cashback,1
8a873bd0-1363-44b6-b87d-47606e56709b,Professional,None,1
b42f8c6d-2a0f-4547-a400-cc63fd677303,Professional,10% Cashback,1
5c1c6853-c04f-4a35-a009-d70315b9aefc,Student,None,0
4eff6b1d-61ae-4551-9dfd-c26253873ef1,Professional,None,1
b84b0b3a-d2a6-49d9-ab5f-5af7cee9b6d6,Professional,10% Cashback,1
e2afba03-bb41-457d-8c2d-b61b56d01402,Student,10% Cashback,1
fe918867-1cdf-4c26-96b7-57c0490a9d6b,Professional,10% Cashback,0
ef110e66-cdd1-4da1-b92b-a474161c0eb9,Student,10% Cashback,1
403dfd45-430f-4e8c-9029-56c0c2ddd598,Professional,None,1
dfc2df02-5306-41c7-8dcf-9623636d7199,Student,None,0
5909ba04-a380-45d9-a9e5-094b569961b2,Professional,None,0
4c0175ef-b1b2-4c73-8c65-8927b5d37ed6,Professional,10% Cashback,1
a8c73d4d-a259-4d89-99ea-598bb7bd698c,Student,None,0
297e268f-bd02-4769-971e-edd468ea00a9,Professional,None,1
77ec6ad4-d56b-42aa-8b94-16e1cf09a374,Student,10% Cashback,1
bfa142e9-cdd0-46ba-a75f-a79e726425c5,Student,None,1
4bf3da2c-62e5-431f-a934-2e1291b56766,Student,10% Cashback,0
568f14ef-0088-4bd7-b7f6-64ddd9881134,Professional,None,1
ee03d219-59f9-4997-9ec1-39da5ade6eec,Professional,None,0
ed669615-9ee4-47e2-973b-c5d1051cd4b6,Student,None,0
a21f74c4-ece5-4975-9ff9-d6c714b69a0e,Professional,10% Cashback,0
37091282-83a4-4e1b-9990-b3e306d13fdd,Student,10% Cashback,1
653d3b78-6475-4957-8817-3784f61d9433,Student,None,0
264bbe7f-fd1d-4eb3-8cfe-2a14cbcfc31c,Professional,10% Cashback,0
990ae035-120c-4c40-86d4-02d4bfcbb76c,Professional,None,1
d61b26c9-6dcb-4e9b-bff4-d948a16956d7,Student,10% Cashback,0
4f3d4e83-9476-4dd0-933a-81c27678f0be,Professional,10% Cashback,0
7cac1a05-531e-426e-87b1-60f435c5b779,Professional,None,1
88bed7a3-ceb8-4101-a18a-d76193047cdd,Student,None,0
a897c0b5-e371-46c9-957d-52abf9b12fef,Student,10% Cashback,0
41e5db14-89bc-4e27-9468-b7438ea11991,Professional,10% Cashback,0
6606a4c0-3b86-4e22-8bb4-d817d8ab9512,Student,None,0
878b680a-dc0e-427b-9e44-319856ba1023,Student,10% Cashback,1
21efbb05-053c-408a-8e60-78cb49171c6d,Professional,None,0
6eea10e6-337a-4208-b484-a50223223fd4,Student,10% Cashback,1
412d8b43-10de-4880-85c9-6c4ad4dd03dd,Professional,10% Cashback,0
48828ddc-55b7-4166-8c2c-15334d1999cb,Professional,10% Cashback,0
b4b8238c-89c5-42b2-892c-c4cecbf5bdbb,Student,None,1
884ae03c-314f-4b5d-b49c-eb7b0d0822dd,Student,10% Cashback,0
49f84631-97a2-4a2a-a94f-2e8bb93cad08,Professional,None,1
c8c4d05d-4f9c-4650-a835-3f25b0c2b766,Student,10% Cashback,0
e71dbadb-35f7-4b4a-95b5-4ae383043545,Enterprise,10% Cashback,1
e2334afc-0da2-42b0-a72d-adc2142b3655,Enterprise,None,0
f681cbbe-1157-4199-8449-fe30f65d90d0,Professional,None,1
bfc602cc-bf64-4951-843d-6afe6475fa5a,Professional,10% Cashback,1
85ccf003-5927-4570-a0b6-897893f4775e,Professional,None,1
531cf886-1588-450e-8435-8b1d684dec5e,Professional,10% Cashback,0
37f60ec5-7b16-4a17-9fe0-58797fe87b5e,Student,None,0
9a4b7843-92d4-4c38-be07-c8c8660553bc,Professional,None,0
fc4a9f78-a0d9-4668-a7c3-86b6a139f55a,Student,None,0
1c345e36-25d3-42e7-84e8-dce024ddd3f9,Student,10% Cashback,0
46854989-0aac-443c-aaee-d0768120e2b8,Professional,10% Cashback,1
c2f61aba-a257-4ffe-9dc0-5cef2e2f2f20,Student,10% Cashback,0
423969c7-917b-435c-ac4a-15b001da86d5,Professional,10% Cashback,1
41ae3c0e-b96d-4f3e-b4d9-ae061dc99d05,Student,None,0
0c691295-bb44-4f8b-99af-8edfcfc8424a,Student,None,1
b04222e3-34a4-4232-ae93-c2847e9355c0,Professional,10% Cashback,1
bcc3a969-3c45-4b36-b7db-50ee48d3c9f5,Enterprise,10% Cashback,0
10a5e037-0627-4c50-8e0e-7aa1710c1dae,Professional,None,0
6461746e-0ce5-4731-beac-9abaf9d23dbc,Professional,10% Cashback,0
9cf67227-e0f2-4861-beb7-d5abad3551fa,Professional,None,0
26674caf-9210-4501-b427-0ea2dc4c1d69,Student,10% Cashback,0
9a6d9457-9e91-4bb0-9eec-2cd4dc17a8c6,Student,None,0
cbf70358-d7f4-406f-8a43-ccc563aa73d8,Professional,None,0
311ed5b2-c828-40a8-821e-8f3c94a2d7fc,Enterprise,None,1
6746d10f-7a1b-4acb-878d-df4928981dcf,Professional,10% Cashback,1
d4c7ae3f-9aa0-440b-8863-a6a881da4159,Professional,10% Cashback,1
64ef75d2-234f-48ae-8975-27020810690a,Professional,None,0
421e1f94-03d1-4ce1-afe7-5925a8210899,Enterprise,10% Cashback,0
fd7ba5b5-a16f-4881-a867-3768b2f8b1e4,Student,None,1
bf1b5a8d-7f58-4f37-b9ed-e95b31e4fffa,Student,10% Cashback,1
1cc9fc9d-43c4-41d4-87c9-020e597d258d,Student,10% Cashback,0
8e614ef0-3353-45c4-8a67-db24acf3c6d2,Student,10% Cashback,1
992170b8-36a0-4095-a8cb-94d566272088,Professional,10% Cashback,0
da7811aa-6e5e-49a2-97db-d038b039a0b6,Student,10% Cashback,0
8dc61a60-3a40-4add-a579-e34ea6722f3e,Professional,10% Cashback,0
c033fe78-5da3-430a-b5fd-2e72cee71f15,Student,10% Cashback,0
42e90b84-8a99-41b0-b5a9-d7396eb9b77c,Professional,None,0
7c4c660b-e803-41ab-accd-51061012b1d2,Student,None,0
53aafad5-d1a4-487f-8fb8-83e1a89d89c1,Professional,10% Cashback,0
130362c2-4162-403a-b85a-08e86287fcaa,Student,None,0
6051aeed-d352-4422-b0c2-8465e389c82b,Professional,None,0
309aae2a-6c31-417a-aece-babcba31fc6d,Student,None,1
94b7f1f7-e211-4c6b-b29d-a328c184be5c,Professional,None,1
c1748839-f54b-4937-8a34-87b72bbe65a9,Professional,None,1
0393d07d-0253-4f9c-b6ab-f647132e1e84,Student,None,0
a326b24b-629f-4dee-b314-89835e717ba6,Student,10% Cashback,0
cebe84e5-fe35-4cc2-85b7-cf576e11d320,Student,None,0
cda04de6-204f-4016-8bd0-b364d6b9dcaa,Professional,None,0
25ee4dbd-bef7-4270-9292-bb420f0d9c0c,Student,10% Cashback,0
635f5854-6ae6-4139-900f-7f72a99e35a4,Student,None,1
c6d5f741-fb25-4a3b-92f9-322b36b5f75f,Professional,None,1
a1940237-1c8d-4bf0-8d40-e7e8ef0ea1f9,Professional,None,0
a735f555-6fe5-4002-8d94-ffa1da4989cb,Professional,None,0
4db70690-1632-4887-a7ec-e3090262cb5f,Professional,None,1
1bd80df5-0cfc-41ed-8acd-60757d75288b,Student,10% Cashback,1
e321d732-f721-42c1-bc08-066be17dbacc,Student,None,0
1ed64671-03d4-4605-9a14-fe57445bf127,Enterprise,10% Cashback,1
5aedaaaa-7bd4-4f7e-9b15-6dc3124eab33,Student,None,0
06fddbf3-28f3-4296-aa1b-3ee3a4260270,Professional,10% Cashback,1
f5436b7c-b89c-4e65-8fe4-8030caf4a302,Student,None,1
6fdfdc21-2994-45e5-9926-1caed0ee5e9b,Professional,None,0
dbfc2c2f-5ea2-407f-8bf9-7af0572f2b40,Enterprise,None,1
6336b5ca-a464-4c34-8abc-ad62d13a5bd9,Enterprise,None,0
287f4625-c8b1-4ad5-bff2-b9aa9e5d9d22,Student,10% Cashback,1
cd1f2aab-8fb8-4570-a6a8-ec4a29653d74,Student,None,0
121ddaf8-383f-4fc4-b833-6c13eb36986b,Student,None,0
bb29149f-6f94-4624-bdf6-46520a30b08d,Professional,None,1
f193284a-9f65-4b87-86c0-818e9ae6c127,Professional,10% Cashback,1
00276288-4b75-48d9-9dd4-15e9121f683b,Student,None,0
0b41db7f-81d9-4db7-9691-f10df3c0229f,Student,10% Cashback,0
1747b829-793e-4236-b8a1-e20a82b045a3,Enterprise,None,1
a5129aaf-1372-4482-96fd-fe6b7b2b1c0c,Professional,10% Cashback,1
26206d2b-57a9-4526-9475-307031852aa2,Student,10% Cashback,0
599dc481-72b9-4869-9423-249c19c669dd,Professional,None,0
85a68276-6a53-4507-bdc8-ab1e8a8778c9,Professional,10% Cashback,1
dcacac84-802c-4627-ab03-15c2dba00e36,Student,None,0
b5ded970-bc4a-4361-99fe-fc2f85fb3f18,Student,10% Cashback,1
aca3f88c-2f4a-4a34-b1ca-dad09c010f5e,Student,10% Cashback,0
495b161b-0ea6-41fb-af80-dfbdaf4bbe53,Student,10% Cashback,0
95ba791b-41a1-4b05-83b6-6e0dae537f22,Student,None,0
b4290365-ff07-49b5-8e46-d0e0db1ede07,Student,10% Cashback,1
a170fd82-1b09-4690-977c-b9b961f09886,Professional,10% Cashback,1
6de777a1-384b-4edd-806f-7477aa632dc1,Enterprise,10% Cashback,1
743b04d7-6e98-4b66-bd8c-05e0f49f9a82,Student,10% Cashback,1
fbcc0153-5242-4e4e-8b75-9ba4f0ad5104,Professional,None,1
701f9127-3ceb-4502-b96f-c1d1dad333b6,Professional,None,0
a7829aa3-d7f3-4062-9a43-69f9715a24f5,Professional,None,1
308bc906-c366-40d2-9b40-2fd67dc56e1c,Professional,None,1
20ddbfb8-fbce-485a-ba94-79c856d2792b,Student,10% Cashback,1
98dc0f81-7ba7-4242-9eb7-dd61488e853e,Professional,None,0
43b7e949-bc15-402a-9f1e-d800ea693e7a,Professional,None,1
343857e6-0b0e-4d59-8cab-25cb1885034b,Student,None,0
c730bcdc-e223-48e8-8268-ec80881b96ec,Student,10% Cashback,0
86e53d55-60c4-43ac-9913-396d93be1a30,Student,None,1
8c4b0567-12d5-41b6-8d83-f8553cc4e609,Professional,10% Cashback,1
9276c5c8-a07c-4864-a9c6-c3d701fdcb57,Professional,10% Cashback,1
5ed715af-7fb2-42a9-834c-103472f5d6a5,Student,None,0
9b65c15d-adb8-458b-8c83-878bf86c51d0,Professional,10% Cashback,0
5c441d9f-551a-4e3c-a49d-37c210297ee2,Student,10% Cashback,1
6bce94c7-3871-4ba4-862e-6a684f6f6577,Professional,10% Cashback,1
9512d359-ae7f-4b0b-abc3-1d05f801c921,Professional,10% Cashback,0
909db6af-8a06-427b-b541-ab80e95231cf,Enterprise,None,1
7e99b010-6a1f-4e6c-8360-67e8bf9b7fc3,Professional,10% Cashback,1
0ff5c73b-508e-49f2-98e7-263c0870e48b,Professional,10% Cashback,0
c6724198-c680-4997-bb69-a7489e1296c0,Student,10% Cashback,0
43cedb70-d975-4045-837d-524e9340c40c,Professional,None,1
39577fb4-8d6c-45b4-ad66-86bfeee4aad1,Student,None,0
6d88c996-16d2-47f6-81cf-67505d72810b,Student,10% Cashback,1
c3c07b8d-9af5-45a9-8a21-dad04127a420,Student,None,0
9dfc3926-34cc-4a1c-b7d6-ed5286ec0cbe,Student,None,1
268fba45-729b-4d9b-be7f-fcbff83fef95,Enterprise,10% Cashback,1
62228610-be48-41dc-a595-3376ad6d8466,Student,None,0
4cc7875f-e967-4fd1-9c41-d4e9dbe3d779,Enterprise,10% Cashback,1
ffe6ea03-3829-41e9-a148-91398585522d,Student,10% Cashback,1
29257ef3-cca1-4ebd-9e4f-42d23b5e69bf,Student,10% Cashback,1
cb4e859b-7a5f-4a40-84d5-b0a15905a8c3,Professional,None,1
3ba75955-c2e7-40cd-b42c-d007febbefac,Student,None,0
f0cd69ef-9866-4c4c-b1f3-073b1b645677,Professional,None,0
25329bd8-96b2-434d-9876-e222fa150548,Professional,None,1
d2418a30-7cd2-408f-a5ce-10ffe8d2ba74,Student,10% Cashback,1
d8aef342-25aa-4787-8b20-4a728aa3efd3,Professional,10% Cashback,1
9024ebac-0dc2-4e75-9b75-6cc67d6d369b,Professional,None,1
edea8812-a8d5-4b26-abed-1b9976466a27,Student,None,0
f831e88a-a3e9-44f5-b250-d1012d1996a4,Student,None,0
0d3240fe-b25f-43ac-b94f-f4be094dd1e5,Student,None,0
eb2d9b22-342a-4e0c-ab40-3ef20e21423b,Enterprise,None,1
2be067ca-7fbd-418d-bd58-6f633e76e373,Professional,None,1
8dc5f326-a4cf-402b-b20c-8289d1499400,Professional,None,1
a5ac6a59-bd2c-4481-8850-1d0c91552f52,Professional,10% Cashback,1
ab077291-ff09-45c7-83bf-c2082eab891d,Student,10% Cashback,1
14753dd0-70ee-4093-bc06-534e30953fde,Student,10% Cashback,0
34234afc-349e-4d8d-a1a3-49ca1f2aa10f,Enterprise,10% Cashback,1
edbf84a2-04fd-4eef-9296-3e22a6dbc256,Student,10% Cashback,0
36188970-1442-444a-8d27-8d2b71909b88,Student,10% Cashback,0
2bac9bb6-1e89-4748-a180-d636524692cf,Professional,10% Cashback,0
72818492-5df0-4ca1-b935-7a108c7c01fb,Professional,10% Cashback,0
a0ea0eed-2abb-4cf0-91e2-223c9cab8e28,Student,10% Cashback,0
41b78748-eb37-45e6-8233-7d9a22280bd0,Student,10% Cashback,0
76544006-5838-4b84-9bcb-155fd6c660d1,Professional,10% Cashback,1
5ff3edef-73fb-454a-bf0f-6d0854704c88,Enterprise,10% Cashback,1
53165558-7794-4533-870e-51fd8ef49a85,Professional,10% Cashback,0
1333d578-2ca6-441c-8374-6a2fe8704955,Professional,10% Cashback,0
2532f6ff-ef73-4b03-9582-6a5edc75a35f,Student,10% Cashback,0
7a310481-0a9d-4417-8964-32c6166f0ec6,Enterprise,None,1
ed5511c0-0dfa-445c-93ed-73fffee9ce07,Student,10% Cashback,1
b74e7f17-d025-4a41-b8ab-c7bdb3b8590a,Professional,None,1
a6ab5506-9b25-49d3-892f-2678ebe2152e,Student,None,1
f544a66e-36b4-4be7-b087-3f80453abf7c,Student,10% Cashback,1
bd22afd9-e870-49aa-887a-4a8506622cba,Professional,10% Cashback,1
225f2c8a-6cdb-426a-bb70-5ba24f89e478,Professional,10% Cashback,1
fc8bdb6e-e112-4900-827f-f55a4c17ab5f,Student,None,0
f0ea105e-79c2-41d3-b904-69faddc3fc2e,Student,None,0
897ac5d7-0b30-41f1-99a8-eb6b1f29cb1f,Professional,10% Cashback,1
c8963df3-2fe2-4cec-bbd5-c27e5f6ca621,Enterprise,None,1
dd810371-14ae-4c0b-b30c-9fb1b459710f,Professional,10% Cashback,1
54dfe2f1-f1ad-4898-962d-72ea25aae2c5,Enterprise,10% Cashback,1
8bee3d2d-62c1-456f-a31c-ec78917a3a38,Student,10% Cashback,0
b72f18af-300a-492a-acfe-528bfb8693d2,Student,None,1
a16f6ed4-7afd-486f-8135-5325d3e5ff9c,Professional,10% Cashback,1
f33afcc7-afe3-453c-b466-886c8e95ccd9,Professional,10% Cashback,1
02db3137-d473-4322-ad0c-d4aa7df00878,Student,10% Cashback,0
0361f9bf-2e29-4990-80b8-1566f9e6a0fe,Professional,None,0
74bdbeca-1673-43dd-9954-eaf4eac526c8,Professional,None,0
60aa63eb-3061-4cc6-a98c-995e950aae7c,Professional,10% Cashback,0
ccd62750-c382-48b8-b9b1-0d8b8cadd868,Professional,10% Cashback,0
f23429fa-1407-46ed-a838-ab4e8f68f181,Professional,None,0
cf484305-ff73-4adc-a1bc-393a66039ee7,Professional,10% Cashback,0
41b80c4d-f05b-4d30-a39f-30fbeb01e115,Student,None,0
a7694c45-4864-44d3-9f0d-0bda3040ff8a,Student,10% Cashback,0
fc7d125a-f271-4785-acb0-d3e1dfb0f1e4,Professional,10% Cashback,1
e19a6524-be35-4e1f-a773-3b15513eac87,Student,None,0
a783cc55-bff9-44e8-a63a-8ff7cb618c3b,Student,10% Cashback,1
37697ffd-84b4-4b95-88f2-391b4a26f45f,Professional,10% Cashback,1
b66232c9-2d66-4dbc-831e-bf53e2db82e6,Professional,10% Cashback,0
523635ad-e9d3-4198-b2c9-d104a21cbea0,Professional,10% Cashback,1
c9a9547f-746a-450a-8bac-1f46f5d817ef,Student,10% Cashback,1
dd9c0515-fa61-4823-862f-3c4243d7378e,Professional,10% Cashback,0
8fb99bd4-ced9-453b-8391-b3bcb39fd588,Student,None,0
0a2a9f10-84d8-4035-a6a7-08ce45a4b2a9,Professional,10% Cashback,0
22afa7b4-0cd7-4009-bdd4-7bd51d0e494a,Professional,10% Cashback,0
b1b1d371-945e-4631-98e7-67e703afc5eb,Enterprise,None,1
7be205ce-0d54-4165-aa01-99351f9ac195,Student,None,0
0180e90e-a628-4b3b-ba58-775d3feebd6a,Professional,None,0
72f41ab2-2aef-4884-921f-c8b698055aff,Professional,10% Cashback,0
6f4cf5e3-37fa-42a4-9be6-85f121cd9bde,Enterprise,None,1
383cd240-2c54-4c2e-a1d4-2ee35d6ebd14,Professional,None,1
f67b84d3-a66a-4cba-86ef-8580442f108a,Student,10% Cashback,1
fc4227ac-55e3-4896-b1d0-5d035d3dddec,Professional,None,0
65e85f97-9b35-4696-85e5-11adced013c7,Enterprise,10% Cashback,1
d34f96ed-b096-4e9b-a62c-3e4535e6fce7,Student,10% Cashback,0
611645d1-f5fd-423f-82af-6db42a5efb8f,Professional,10% Cashback,1
682d7fa8-ac9b-497b-8013-4cd971371fae,Professional,10% Cashback,0
a17b0c1b-18e7-48d7-8d0a-106d71809fd9,Professional,10% Cashback,0
3462783f-130c-4598-a10a-da92a4e84a45,Student,10% Cashback,0
c4dbdb69-72d6-4af3-b787-00fa2373977c,Enterprise,10% Cashback,1
34216a76-f560-42ad-9547-f6a02888c7e8,Student,10% Cashback,0
bf1fed11-4451-45d4-8a76-7dd000600ca0,Enterprise,None,1
3dc323e8-7d9f-44a0-8a42-7028ed1b034d,Enterprise,None,1
49227d1b-63cb-416b-9f02-3e4411b231c2,Student,None,0
d15574a9-1025-45e1-9309-d59b86fa7c15,Professional,None,0
7e9e7c6c-8ebd-4b58-ba80-3f0d452e7eeb,Student,10% Cashback,1
b28c71e3-a5d4-4238-8e27-9891ef4816e1,Professional,10% Cashback,1
ca78c57f-164d-4f8d-ae51-88ddce9569fb,Student,10% Cashback,0
603a5b5c-76f8-4722-bc85-f35a58d152b1,Student,10% Cashback,1
04b1b697-6fed-4246-8895-1ea73a488f03,Professional,None,0
dae1a837-6adb-4edd-b895-b41312e22dea,Professional,10% Cashback,1
d9634d1a-1aec-4f09-b5e5-9080fec33949,Professional,None,1
aa492822-c84a-413c-85e9-493e2e8bb8e3,Professional,10% Cashback,1
bc270907-c284-478f-9fbe-a737e20ed118,Professional,10% Cashback,1
61296946-a3b0-44b2-9061-280914ae0f59,Professional,None,1
47faf0e6-ee04-494a-9f55-99d411c2a1b1,Professional,None,1
62f5175f-5bb2-4b30-9cb5-43f956f961da,Professional,None,0
0da59e43-bc59-470a-8be5-683c1a4a43b4,Student,10% Cashback,1
307ae84a-a5fd-4809-9840-186924a59c24,Student,None,1
cc04dd2d-ff79-4928-8290-6902499e46ea,Student,None,0
ee184f12-28fc-4e42-9125-38dac9f1cd6b,Student,None,0
ad67cc4d-9a9f-4941-9561-d2cb20822d05,Professional,10% Cashback,1
c2cadd69-60f2-47f1-8dba-b2b7db2e65b3,Student,None,0
bd8368f1-aa69-4219-b9d6-9d5da1e6e66a,Student,None,1
31a2d9a5-b710-4fb5-a29b-b325be4d5799,Enterprise,None,1
d2d9df41-6ab6-4245-b75c-6f1353927b84,Professional,10% Cashback,1
f2103844-34ae-4616-9bcb-d4c8d0725ad1,Professional,10% Cashback,1
4056a929-7d5b-4c99-8e2d-8cdcf9749a3c,Professional,10% Cashback,1
b5c62e69-0e40-4818-a9af-a94e4de89286,Professional,None,0
454f2c9b-9291-4994-8c6b-94cd77e7ced2,Professional,None,0
fc970c9e-3251-48d1-b47a-9d0c9b8d6cd0,Professional,None,1
5fef125e-9f51-401a-b072-c5fea80dcd01,Student,None,0
a83e7c54-42bd-445f-ab5b-a7e7d2830674,Enterprise,None,0
da6f3ab8-a5d8-4eb3-81da-56bb79efb086,Student,None,1
fca06ebc-4e6c-4cb4-8f36-156d9f1de2ff,Professional,10% Cashback,0
036485d4-8e6a-4478-a9b7-5ee876bb450a,Professional,10% Cashback,0
c7fd63f1-9795-4652-884b-7dee4243ef6e,Student,10% Cashback,1
a9d8c9d3-f55a-4ae7-8991-c6c196097017,Professional,None,0
47414554-bfde-44a7-8a59-55e01d392e1b,Professional,10% Cashback,1
c5efe7c1-3072-40e4-97b8-ee47c0bb0e6e,Professional,10% Cashback,0
96e389a5-e8ba-4cbe-96bf-7e58993eb935,Professional,None,0
ad8e740d-f512-44ce-8f46-f2cc03b48e48,Student,None,0
be1dcf2c-30af-449e-a277-b30d22d4d957,Student,10% Cashback,1
0a89af1d-c0ff-49cd-8aa3-dc20d0989749,Student,10% Cashback,0
cbc3fc47-511e-45ff-bda8-81668b332ea8,Professional,10% Cashback,0
3c531bf3-dd7f-4595-980e-9e2f08b36877,Professional,10% Cashback,0
33226aed-ad91-4f3f-a665-04506b9139ec,Student,10% Cashback,1
2fc33277-373a-4f4e-9904-34aff4e07d59,Professional,10% Cashback,0
b535c6dd-2078-4d54-bed3-3c29605e4da1,Enterprise,10% Cashback,1
ca90039a-4b4b-47f9-8d90-eceadb526542,Student,None,1
3e571a91-bb31-4cc1-8adb-ce75f8f8d2a4,Professional,10% Cashback,1
f3ec613e-e597-44f1-871e-905e84dd32e2,Student,None,0
6a763d7b-ca27-4e6a-9336-546284e7e115,Student,None,0
e4f6a4f5-781b-4a64-96f0-e186179cf90d,Professional,10% Cashback,0
6f5bd091-bba6-49c6-b339-e0d1b73356e4,Professional,10% Cashback,0
79407459-4542-490b-9494-bd5453cddf28,Student,10% Cashback,0
18ffffcb-7f71-4de1-bb1d-0d227f0c3851,Student,None,0
0fb0b1c0-bba9-4ee7-b88e-48ce0183bb49,Professional,None,1
47ef0ef2-066f-4365-9d52-45cadd68f881,Professional,10% Cashback,1
b97ea6c0-9eaa-42fd-a767-a014f645c4fd,Enterprise,10% Cashback,1
58510ef7-1edd-470e-a718-63c1e35b652f,Student,None,0
48c55e41-f894-475a-957c-d4155558675f,Student,None,0
07306e4c-e7a8-44d8-8c2c-f9d636a9fe35,Student,10% Cashback,1
32ae3532-d15c-4b6b-8531-6686570760b8,Student,10% Cashback,1
34f1dbe3-bb35-4824-af7d-5298e8efac8c,Enterprise,10% Cashback,1
0d1e9ca5-82a9-4d2f-8d45-4b20404267d7,Professional,10% Cashback,1
381a1b5c-3185-457d-9020-6736f16c27dc,Student,None,0
6ffe0c8c-b0e6-43d3-86f2-6f95f68742a3,Student,None,0
1638cf10-1671-427b-a8f7-b8f222a8420f,Student,None,0
ea87c4e8-150c-4939-bdd6-e70956d14a8c,Professional,None,0
7bc1a6a8-314e-4b04-a29b-797f837275e1,Student,10% Cashback,0
89bcc716-a56c-4013-aa15-458097f94fb8,Professional,None,1
dce04db3-e94f-47d4-b288-3c37eec3d375,Professional,None,1
b865a63b-5ef3-4555-83bc-be5a630aee80,Professional,10% Cashback,0
312772a2-9e11-47c1-9241-0d6995146459,Student,10% Cashback,0
5446235d-62f7-4cc8-8e99-696615f03d3d,Enterprise,10% Cashback,1
d52040b5-d4aa-45e8-ae40-1fbbd39d27e0,Professional,10% Cashback,0
4608a176-f43f-411d-9424-ed76d19a5f74,Student,None,0
0fdb20d5-137a-4a3d-9ec9-5220c124e98d,Student,10% Cashback,1
a97ce6f2-752f-432e-a4d6-c24523f0c882,Student,10% Cashback,0
43b1dfb0-26fb-4f4a-81f6-f1085bcec780,Professional,10% Cashback,1
a10171c9-502e-4bdc-b258-d8880abfb834,Student,None,0
ec25732e-e3fb-4ed7-bb81-cdc00475a864,Student,10% Cashback,0
62754a12-d9e6-4d26-8ee5-5998f61f58c4,Student,None,0
b09d641e-ad5d-4e9b-b08d-12fc6401b27b,Student,None,0
57fe29e4-1aac-4b0a-8180-d280ff9a9606,Student,10% Cashback,1
a10069d0-ff70-46fb-9e2e-830d46023298,Student,None,1
681469cd-c881-491d-b10a-dbcef22c73cc,Student,None,0
e4e8f654-a13a-4349-af45-f1550d21d8d1,Student,None,0
dff24484-36ba-497d-aced-8927cd0dd23e,Professional,10% Cashback,0
e47532ef-b2d3-4e48-b2db-aa25580226e4,Student,None,0
4b31eecb-dcfc-4011-8e78-5fef6d9fefc8,Professional,10% Cashback,0
12777e79-1328-4c69-8206-4c4c287a82cc,Professional,10% Cashback,1
bf13ca7a-19ab-4972-b316-d81ece732320,Student,None,0
cda9196b-6dbe-45e6-b6d4-86269bf8ffd1,Professional,10% Cashback,1
150d7e70-1a87-4568-a56b-99e4a1b0170f,Professional,None,1
fe0e54d7-0657-4a82-9cf5-68ce9d683472,Student,None,0
6957f80b-6464-485a-8dff-6d2e2d25a1ae,Enterprise,None,1
0c7676ca-0c91-4da3-b991-2ae6a2a86c8f,Student,None,0
eb7f55ba-f578-422d-8b3c-7933d38e1e45,Professional,None,1
b24b9367-845b-49cc-8e52-46a36f2874dd,Professional,10% Cashback,1
29674e0c-f63a-4dc3-bced-ff7c1bd1c680,Professional,10% Cashback,1
b4681caa-6f08-41e7-ac40-57e75b10d642,Enterprise,None,0
0a4ee5b9-9fbe-4b97-9df6-7e3f94b3de49,Professional,10% Cashback,0
1729b6d7-ff5c-445a-8ed0-ea55ba2e7b9c,Professional,None,1
9f8e97f6-a27d-4151-bc2b-6676a45ac7c7,Professional,10% Cashback,0
dae7ecfd-4c9a-4c82-ba13-12acb3068c9a,Professional,None,1
55c6dfd2-1a4e-4e7a-9e99-561299156767,Student,10% Cashback,0
b1e6cbf8-9ad5-4506-ad62-f7186341f1b4,Professional,10% Cashback,1
7b793538-35f6-41a0-8059-405cb3e80509,Professional,None,0
127312b8-9b59-48f6-a522-4b337be1dda3,Professional,None,0
a6cd5e59-16d6-4f24-be8a-c0748c6a9d0d,Professional,None,1
722c6755-5f4f-48e8-8819-a82765bbb649,Professional,None,1
a9d7ea10-2797-436e-9fa0-5a1bc255636a,Professional,10% Cashback,1
b3641eaf-8763-48a7-a614-4850ac9ead2a,Student,10% Cashback,1
5e611fa3-8676-4246-87dc-4421edec7eaa,Enterprise,10% Cashback,1
2e93d890-f479-475e-abf0-5f369747a02d,Professional,None,0
3af022f6-a286-4304-906a-e3f19917cc12,Student,10% Cashback,1
69b4f8e6-e4af-452a-8def-c533693d9244,Student,None,0
9eacf594-e6f0-4e9e-9348-c7750e652fa0,Professional,10% Cashback,0
c2b8cfb3-6e94-42b2-92e6-eb89fb7bc56b,Student,None,0
e0049da5-6ebb-4d9b-bf09-df68b4adf0f6,Student,None,0
6695728d-b12a-4cc3-836e-33e20981bd6c,Enterprise,10% Cashback,1
2b6d5080-3ce1-4666-81a7-ea8fb02e86e6,Student,10% Cashback,0
164a1801-437f-44fe-acbb-871bdf9c1273,Student,None,0
369af494-fd14-4acf-b10d-2c70fa20b87c,Professional,10% Cashback,1
9e9d8773-5c28-4236-af22-86e4b730d263,Student,None,0
47cb127f-8835-4865-938c-b1ca46f54849,Professional,None,0
f98e64a5-49c8-4fb3-8524-61d0eccfcc6d,Professional,10% Cashback,1
f802c820-db74-4de6-9c23-c75098a3fa75,Professional,None,1
a629a12d-8b90-4df7-8f56-e3ad5d9e2d96,Student,10% Cashback,0
e770892e-14a7-484e-87f3-0007d4c06834,Student,None,0
5408b14e-3338-4a82-bdba-18df02751e86,Professional,None,0
c08032ee-f110-4b46-b26c-dea47bb0a947,Student,10% Cashback,1
d3b5eab8-0340-45f5-be78-6a61755bb6dc,Student,10% Cashback,1
e91397cf-8054-4c3e-9623-233f3b5a1de5,Student,None,0
9bb9e2bb-ef1d-40fe-bf1c-34149d4a1844,Student,10% Cashback,1
8ac5f0e1-e750-45d2-8df9-cbbd41c0d9ab,Professional,10% Cashback,1
4328931a-bb37-4882-92cd-17c334c99cf1,Enterprise,10% Cashback,1
fca78afc-c42d-49cc-9fc8-9f8cd554e785,Professional,10% Cashback,1
425a49a0-235f-4ccc-a2eb-b2113aa98ed0,Student,10% Cashback,0
09d1be29-acfd-4930-805e-31a7c5431909,Student,10% Cashback,1
e1d925dc-931f-46a7-af08-85beff2abee2,Professional,None,1
6e7594b3-5942-4385-acc0-961015a60e54,Professional,10% Cashback,0
3055220c-c952-4b69-8d7c-f487d83d707b,Professional,None,1
665b68e0-fb2f-4f99-8114-418bd48cdc21,Student,None,0
c605481b-a80f-4c31-9f62-7717ae6fe1e6,Professional,10% Cashback,1
790d2227-2905-4bae-aa5a-a2720f422f5b,Professional,10% Cashback,1
750382f2-c2b5-410b-9b60-3e6e72d414ff,Student,10% Cashback,0
67126ec9-719c-41f5-8f6b-ffe86a10f609,Student,None,0
e83edee0-f911-4e08-9c24-8e8c01544e38,Professional,10% Cashback,1
055ccba6-2d62-4216-8a1a-2eff40dcf180,Professional,None,1
f57d902a-38c8-43a6-8c7b-66deae047c11,Professional,None,1
b0b5be52-fcc6-4d1d-a0e2-abc24fd1cda6,Student,10% Cashback,1
12913f9c-f615-40f4-81de-2c3d4183e3c8,Professional,10% Cashback,1
e5cea01a-1462-4fd3-baa0-083d74d6f414,Student,None,0
fd75e5f7-e651-481f-85e2-6b510efd8d9b,Student,10% Cashback,1
2f7064b0-06cb-42fe-82e3-6bb8eedc9522,Professional,None,1
e7f10b24-e22d-4d42-b4eb-fba2959ba8ae,Professional,None,1
6ee42e81-9aab-45e4-b0c1-723243e494ac,Professional,None,0
e8c7d6ef-64c7-4489-82f8-4b0007a14017,Student,10% Cashback,0
a701e05e-cea4-4e78-960f-e9536a3e6a28,Professional,10% Cashback,1
afc6e451-c93e-45b2-b2ea-1ec2c389b726,Student,None,0
1be49199-933d-429f-89f9-642decb5c836,Student,10% Cashback,1
5826cc9e-82ae-4e4a-9d49-138dfbc83f29,Professional,None,1
4d44cc7a-7a5e-47f1-8519-0549583c6ff7,Student,None,0
e2fa17c9-9680-459e-a32a-d3bd4903cf8c,Student,10% Cashback,1
ad902e44-2c73-41d7-aed0-701eb21d6801,Enterprise,None,1
f336b31d-c6b9-4503-8061-361865203fe4,Professional,None,0
43579627-1fc2-4ece-8fc6-6aeb2f05f740,Student,None,0
66d8561c-360e-4818-a5c7-ceb684a377a0,Student,None,0
7fb58bc9-4e19-41cf-be9f-8b3e71f5c7f0,Student,None,0
26501626-15c3-427a-b4ea-bd17b16d3d67,Professional,10% Cashback,1
41ecf54e-8fb0-49a9-8928-1d42e51c3d84,Professional,None,1
baac6344-d1f0-4e9f-afce-6509994c5eb9,Professional,None,0
e1d26e38-aee8-45d0-bf55-e2bb142b7dd2,Professional,10% Cashback,0
c2dab1f9-73a6-4a17-9d43-2003caf1abd8,Professional,10% Cashback,1
b0c18a36-f6a2-4cae-bf3c-7b3db9cdd7fd,Professional,None,0
d1716fb1-46c7-42be-b0a2-7c805950115c,Student,10% Cashback,1
524711ae-3622-4478-95f3-52562bd230c6,Professional,10% Cashback,1
c35eae04-8e6e-4bf7-b3ac-df3256d8fd1f,Student,10% Cashback,0
2a0c1ce6-1d3e-40bb-8bd0-1df7c2e71f7d,Enterprise,10% Cashback,1
aa6c3c40-ecd6-481c-ac9f-b9b60068924b,Professional,10% Cashback,0
bea29c04-c718-48d2-8365-2f62fe8c85bb,Student,None,0
6a093fed-9362-48fb-8480-09d86dac0bbf,Professional,None,1
afb8c195-dbca-4d77-b08d-60407a42d238,Student,10% Cashback,0
055248c5-b736-4c34-8a1e-a17929693477,Professional,None,0
886d960d-3d56-4d8c-b370-30a5e3bad7d6,Professional,None,1
48df35be-32e9-4cf9-89a4-2639c2c72f96,Student,None,0
ffb0baeb-4369-4bac-80fb-d2499244afd0,Professional,10% Cashback,1
4c5b4e12-5fdb-41a9-8e24-f6f0812aec27,Professional,10% Cashback,0
54d2a8f3-6412-4559-b39a-469d2ac860ff,Student,None,0
b4f2af93-fea2-466d-ad0d-c1dcd74949c2,Student,10% Cashback,0
c337f4ab-1ba7-4382-a1b7-229a6dfcdcbb,Professional,10% Cashback,1
b16ad696-4713-48bc-b3d4-3074765b81cf,Student,None,0
82c67da9-87de-4ae9-b6fc-b61365a2bb3b,Enterprise,10% Cashback,1
bdd37007-e0ad-4e83-be51-75aeb6195558,Student,None,0
01e1695d-e25c-4020-9f24-6243d3b20b99,Professional,None,0
4636909c-6c09-41dc-ba35-3d8a38a111b8,Professional,None,1
bc69bf28-3745-4d63-a770-f1c57c214c38,Professional,None,1
376683fe-425d-47b3-9fff-d6bfd8dd59a2,Student,None,0
31dd1ecc-cb57-42a0-8e95-221eae96e206,Student,None,1
6ce0a4c3-5b88-4d7a-89b4-e71eb1fb8419,Professional,None,0
53400126-071a-4966-bcd9-cdf7320bdfad,Professional,None,1
47971107-63b7-4778-8355-73e6b87068db,Enterprise,None,1
426ec467-f471-44f5-b72f-510592c2177e,Student,None,0
6eb747f7-b4ae-433e-858c-cbf622a4658c,Professional,10% Cashback,0
1fa2af14-fc2b-427c-8bcc-81e39d487a83,Student,10% Cashback,0
499aa91d-2178-41d9-a3d9-8fd98e99c170,Professional,10% Cashback,1
5cde8227-ea6b-471c-a32c-e32f597088ef,Professional,None,1
0d137a52-f5e0-4022-8cd1-f7485b9d56be,Professional,10% Cashback,1
5e64933b-3514-441f-990c-b69d6dfeb7f6,Student,None,0
f97b8f4e-b14d-4c30-88fc-9d52cd1bab4d,Enterprise,10% Cashback,1
2a76d7a9-496b-48d1-bf74-ef4832be7da3,Student,10% Cashback,0
bf2fecaf-e46b-4d09-b479-a36458bed88c,Student,None,0
69791667-dce1-4d04-8bd6-a89f1e04a091,Student,None,0
e2babdd6-1372-4cc9-a25e-012d9c1a0030,Professional,None,0
9a8c6c10-bf54-4132-9ade-9656df626b49,Professional,None,0
475fb0a5-5ff4-4b1c-a6c4-fb073ebe8ca1,Enterprise,None,1
35f07e44-4104-415e-a2bc-761cdb1ff8fb,Student,None,0
a7a69383-c5b2-4e04-a8af-aa408d59ac04,Student,None,1
ccf03f72-a41f-467c-9de1-01cf82bcac45,Professional,None,0
e3ab758c-6c7e-4760-9f91-1aa37bd379e9,Student,10% Cashback,1
4d81eb48-7d7a-4f4f-ac3b-1a54335e3d40,Student,10% Cashback,0
d1618925-737c-41fa-b2fe-7cf57f8fc422,Professional,10% Cashback,0
e27ae26a-8ce6-4c5d-9c37-31edb2916e20,Student,10% Cashback,1
00fbaebd-6fe3-408f-9f3d-92037e918398,Professional,10% Cashback,1
5e01b09e-9b00-480b-bf59-f26273bb4187,Professional,None,0
ebaef45b-1bab-4b60-89f0-edc4b3021a51,Professional,10% Cashback,1
315868f1-4fa3-466a-b5f5-6c21577f859b,Professional,10% Cashback,0
150e2c38-5d51-456a-a296-2e5158f0fac5,Student,10% Cashback,0
9ee80ce7-e1a6-479c-8b2b-e3a5ef802c82,Enterprise,None,1
1375fd03-1ec2-46e4-aeb4-5d012270d41b,Professional,None,1
c76925b6-1b5c-4095-8aba-f64758da4a66,Student,None,0
35771df0-76f6-4bae-8773-38f31831e9ff,Student,None,1
055eac78-7bd5-478d-8783-a87b5b86aa91,Student,None,0
ab4feccc-5967-411e-b8d2-562f8ade8cca,Professional,10% Cashback,1
99502d9d-1c47-4c2e-aa9e-489ce37d5e60,Professional,10% Cashback,1
e00faf03-2560-4150-b493-2222f3e67877,Student,None,0
225bd1d3-0171-4e94-bdd1-7b3f1eaa4ffd,Student,10% Cashback,1
428cf86b-92d1-4aeb-8358-2e1275b62156,Student,10% Cashback,0
24caed15-60d0-487c-a83c-0c4e554630db,Student,10% Cashback,1
a81f9bd2-b87c-43fa-9c5b-caadfb8b0ee1,Professional,None,1
6d84a63b-8b70-47c7-9342-39e4125f83a7,Student,None,0
110eaa48-9c4f-482a-8975-bd890166a623,Student,None,0
421cd075-1d69-48fc-b5fd-b7d3bc8b0641,Professional,10% Cashback,0
b3e6eb52-66f9-4b88-be01-4aef61ea7070,Student,10% Cashback,0
a078af3f-dc9f-4208-ba95-243d19aa2260,Student,10% Cashback,1
1b440c8d-3f02-4dd6-aed5-b1c69bf785fc,Professional,None,0
c18ddb6a-a134-497c-af2e-52f1bbf38f53,Student,None,0
04845aa2-32a9-4cfe-9337-af87dd41c62c,Student,None,1
dd425bc6-2719-4fe3-b921-4ef8a84e9755,Professional,None,1
e6493d61-3e9f-4131-bdbb-3eb4ec536d5e,Professional,None,1
5eb2647c-2eff-47db-82c4-c6534c8f5f44,Professional,10% Cashback,0
6d3dcb6d-5338-4644-98d7-e02e49237598,Enterprise,10% Cashback,1
70fcc803-90f7-47b1-a4d8-0042c9ff7077,Professional,None,1
35d29469-ec50-459b-bbdb-607d7897757c,Student,None,0
5a44e941-1993-468e-a838-2a7f195480ab,Professional,10% Cashback,1
0d94491d-1c28-4036-9773-e6e4d9f76c0c,Student,None,0
b5ebe9ca-eaf8-48e1-a752-62ba16437d6b,Student,None,0
9a33f5ac-127a-48ed-a150-1ef2c7ba4b88,Student,None,0
ee14c76f-014a-4fc0-a482-1471a87c47c9,Professional,None,1
cc6fac55-5347-4904-8dc3-60e8d6a03aeb,Professional,10% Cashback,0
dd077c38-f1bc-4bc2-8142-69c506bf115c,Student,10% Cashback,1
5d2727fa-95f1-4ac0-a9ee-1ac73f8267f5,Professional,None,1
353e060c-0ae1-4f2a-8f3a-321a1a2ba36a,Professional,10% Cashback,1
7c4ba820-a6a8-44f2-90f2-9db5cb7f400a,Student,None,0
d96ee4f4-e823-4e40-9ca6-0862aec88a3f,Professional,None,1
c1952dab-9c86-49f1-86fd-fab8ded9ffbb,Professional,None,1
3a9383d6-e3f5-4498-ab1c-8801f96af867,Student,10% Cashback,1
398941ef-bc07-469d-97a7-3cc44c2e274b,Student,10% Cashback,0
55e218ef-e458-4e57-bed9-692f3f95af22,Professional,None,1
1e9f382b-6a62-4dcc-95e6-f5cf66950d4d,Student,None,0
b5c22f57-1165-4805-b23b-a1ad9e7d0415,Enterprise,None,0
bd574908-3f05-4ddd-9c87-2c09705b080b,Student,None,0
29497558-e5ac-4e6d-9e15-5f29bada5090,Enterprise,10% Cashback,1
b87ed694-6153-431d-929c-d67ed0662f90,Professional,None,1
218016f3-deaf-456e-838b-8e2d28f32e35,Student,None,0
0018e2e7-7f60-4492-b16b-05b839ec8e62,Student,None,0
b73967b8-435f-4557-9813-7214743d67d7,Student,None,1
9d3f9813-4649-40ba-9893-59320df6dfaa,Professional,None,1
5cfcc99c-82de-4336-81ef-af07a17e1a40,Professional,10% Cashback,0
2d7b9e0c-26e2-4482-b36c-fc53df26934d,Student,None,0
89ff2c29-bab8-4a61-9a94-02a3aa8e66dd,Professional,10% Cashback,1
c7119698-0c01-472c-952b-c9af11e54c3d,Professional,10% Cashback,1
8507cd0b-c8b8-4d77-900a-a13b56cb0e82,Enterprise,None,1
7815e481-44b2-409e-9c82-25a6ed54fdaf,Student,10% Cashback,0
c668d808-1c15-4abc-b208-45abe75ad2bc,Student,None,0
5164fe68-c278-421a-9737-4edf078fe1fa,Student,10% Cashback,1
610a0371-7115-4d14-934a-08ca03192bff,Student,10% Cashback,1
bab6f7b3-e03e-4126-a879-fe2eed0462c2,Professional,None,1
916e893b-de38-4e93-994f-8812e86a03e3,Enterprise,10% Cashback,1
b4304409-65df-4242-b2e4-460477e31fe2,Student,10% Cashback,1
4e2f6b72-104f-47fd-868b-3390db8e1607,Professional,None,0
ea3ceb4b-a280-4ce2-af17-c78e5fc3313a,Professional,None,1
7ca1eef4-62dc-48a6-9796-836968f599b6,Student,10% Cashback,1
fb9ea500-bb6c-4522-9905-752be875e178,Student,10% Cashback,0
f2f34f39-7446-4563-9f90-6db021fda14d,Professional,None,1
cd98bb96-9d33-4979-87b0-cba657ecb64c,Professional,10% Cashback,1
d5cb49c5-904f-4ecb-a006-9eb691a263ea,Professional,10% Cashback,1
8d6643d4-6753-4c4e-9cf5-cc87002a9c84,Student,None,0
fef5fc97-31da-4797-8556-896842297aea,Student,None,0
bf1976e1-0112-4067-8c51-cfd60bbfb100,Enterprise,None,1
6263fe78-2664-4ca2-b65c-0ec17c8579dc,Student,None,0
93751a27-f38f-4e41-a191-d39350dc7e7c,Professional,None,1
48d45ff0-ced5-4630-a104-3124b7619c9f,Enterprise,None,1
36e14087-eec5-49ad-891b-c4e38ec09148,Professional,None,1
b3dc7fdc-5408-4e5d-ba9b-38912c42180f,Student,10% Cashback,0
be0695a0-1c48-4430-a11b-bcdd453d3682,Professional,10% Cashback,0
ec314834-6368-410c-8e45-16c8a263aa5e,Professional,None,0
07891477-4609-4db2-853f-50c4a111253c,Student,None,1
c7070d10-b552-476e-a6ff-a27028d23de3,Student,None,0
35e0bb05-fdb8-4ee1-b46a-a04a4c1b9c21,Student,10% Cashback,0
f975fd22-0bba-4982-bc06-90f40d519155,Student,10% Cashback,1
e2e42e6a-3163-4062-b791-8a9fee71b586,Professional,10% Cashback,0
f19efe77-b1c6-494d-b2ea-00ef4a19a9b6,Student,10% Cashback,1
7ef393a7-97a8-4453-9b7c-fb5847bb8d4c,Professional,10% Cashback,1
92e42511-053d-4c90-94fa-607dd6a2052b,Professional,10% Cashback,0
06dccc59-5203-4a2f-a98e-03f474737d29,Professional,None,0
4df719dc-d38a-446b-a7f9-b3f785249ac2,Student,10% Cashback,1
695d1261-2fe4-4d27-b1dc-db30ebba6534,Professional,None,1
1fc519db-d5aa-4808-b513-c12422ba2c8c,Enterprise,None,1
254aec0c-b5b6-4660-822a-f26d777baa09,Professional,10% Cashback,0
e95fb109-f468-4284-b40c-4afc830018d3,Student,None,0
9387c40b-b1d1-4531-b484-f9f962d97d45,Enterprise,10% Cashback,0
57bfec13-2e17-4451-9d5e-b3ab28c6b7f6,Professional,None,0
6bf04a46-852d-4571-a025-8d20aee62362,Professional,10% Cashback,1
5e5f0f4b-4fe1-4668-bfd2-0e22b42215af,Professional,None,1
14db7540-4af5-4749-a637-da53eca8f448,Student,10% Cashback,0
9d6d5667-e29c-4dfd-a4b0-f41bc2b3c3b9,Student,10% Cashback,1
98e707e5-3c0e-4020-ab13-70312462f69b,Student,None,0
a4e3b193-edc8-4cb1-8b74-d1eeb0115bbb,Student,10% Cashback,0
a9268d01-6342-4212-813f-34b3e2c85114,Professional,10% Cashback,1
97aea98a-f9e3-4974-aeaf-58fedaecefe8,Professional,10% Cashback,1
08bdeb0c-5dbf-427a-bb92-f20bb5bd9888,Student,10% Cashback,0
6e855476-546b-40d1-8894-0771be59026d,Professional,10% Cashback,0
44c4818a-a6ca-4969-96b0-363a1f4541ec,Student,10% Cashback,0
ad9ae3f9-7f8c-48e4-8db1-0ec2b260aa6d,Professional,10% Cashback,1
724df41e-2a78-42bb-8db4-2cca82e00abc,Professional,None,0
517f167f-88de-4236-a358-a4e977d4fca8,Professional,10% Cashback,1
d1170394-9fef-4459-a2af-e1137f37ef04,Enterprise,None,1
8c3d139f-beb3-4a3f-bee4-72f3d45f159d,Professional,None,1
720abe7d-f7f8-41e0-8b3d-a7512491cf67,Professional,10% Cashback,0
c18281c5-d399-4dda-8467-367538721286,Professional,None,0
465b8559-73fb-4630-b209-e5cdd5ab08d9,Professional,10% Cashback,0
c16d638f-bfd9-4cfd-99ac-6ac899a6073b,Professional,None,0
c482bb73-bb46-47f0-8caa-074cff7cb19d,Student,10% Cashback,1
8d142e18-2681-463e-b2d6-06f81db6ef5d,Professional,10% Cashback,1
565e7c6b-77d9-4c18-babd-3d0a69374143,Enterprise,10% Cashback,1
ef85be7c-c9e1-44e6-9763-a27159ce85e4,Professional,10% Cashback,1
e5fc04cd-239f-4e16-bcc9-340ea0c6b648,Professional,10% Cashback,1
d328ce94-45f9-41ec-b654-bfa0bd4cae62,Professional,None,0
f99b0cbe-0042-4f29-b608-2b747f71dbe0,Enterprise,10% Cashback,0
2763f1cf-11c3-41f2-b8f2-3e50f935c2ac,Professional,10% Cashback,1
e6a6d9f4-3459-4c85-a056-ad6d9a43214f,Student,None,0
da6ff249-28bc-49e2-850c-76b42a2c768f,Professional,None,1
c7888d8d-628e-4b30-8f87-c3b033c0bebc,Student,10% Cashback,0
2c2699a1-20ff-4730-8fb3-40677dfb9ef8,Student,10% Cashback,0
fb82f5b1-27bc-4f62-b348-594eb977f42b,Student,10% Cashback,0
0ddfc8a5-2b3c-4a5f-ae35-6b10bd15b189,Student,10% Cashback,0
bdfcea50-62c3-4515-94e4-c8c4aaf44584,Professional,None,1
c5915efa-416c-478e-9f80-1fccb1e316b6,Professional,None,0
72132a6c-3ebc-40d5-8940-8fe6fc5660bc,Student,None,0
ca495362-dbea-4602-926e-987cdeba8307,Professional,10% Cashback,1
4530c70d-f644-4537-9ac2-006ab2dd9beb,Professional,None,1
44c424e2-d34d-410f-b86b-bc428fbf19ca,Enterprise,10% Cashback,0
08aa8533-73c1-4c0e-8c95-00101c9219a6,Student,10% Cashback,1
7643a546-dacf-4e85-89d9-b06c290be36b,Student,10% Cashback,1
9c71ffb8-49eb-4ded-b100-95c572673dcc,Student,10% Cashback,0
59f5d9d8-ae90-4433-ba25-a1f5e9efa6ca,Professional,10% Cashback,1
6561bc90-95e1-4ef6-92b9-c1f0ed2d0059,Professional,None,1
0dc59c65-2afd-4e3c-803a-69b4c28f8363,Enterprise,10% Cashback,1
d533d650-6a9d-426c-8917-fbc7b75f78d2,Student,None,0
757641c8-9c82-4391-9717-e92b9c4861f5,Student,10% Cashback,0
251cd814-29a8-41bb-98c8-da7535923430,Professional,10% Cashback,0
7c391bd0-9d04-4154-964d-95a4340995bf,Professional,None,0
767dfb59-95fc-4fa2-8296-e2b47d22c903,Student,10% Cashback,1
e3941931-ea88-4224-83c6-1ecd295439bd,Professional,None,0
90453159-ac12-4938-ac35-1a6547f2fd50,Enterprise,None,1
b69d1da1-1870-4245-b93c-b6ff53c80a48,Student,10% Cashback,0
ad1e475f-0e24-470e-9b62-555a853eee88,Enterprise,None,1
a5441cdc-da3e-4cfc-90b4-393b2465368c,Student,None,0
301824aa-23f1-44a8-af64-d9f87119d55d,Professional,None,1
99225ecb-20b0-498f-95db-54b0512c38df,Professional,10% Cashback,0
0171b954-9d4a-43ab-bb37-e14fc6a92505,Professional,None,1
d67cf639-0732-44d5-8b91-93c3d0044828,Professional,None,0
27b598b5-7647-4b7f-a83f-7a0eda7f0dd4,Professional,10% Cashback,1
947c2299-b51f-4ff0-b937-ca88abf97dd0,Professional,None,1
484ab4b8-cd16-47a3-93e8-99f201353d34,Student,10% Cashback,1
f2b17a59-2e1b-4249-9fa4-d7d8fea5f81e,Professional,10% Cashback,0
5acf8e91-a00e-43b1-9117-2cda2d92cca2,Professional,10% Cashback,1
c5a8d0a6-83fa-404d-9348-ee139e852998,Professional,None,1
06d14bc3-9c20-4cc1-8b15-3210d9c5ac3a,Professional,None,0
f3764ee7-12f8-48e1-b4b6-8def8116e51c,Professional,None,1
0daace7e-1755-4d0a-8653-f4364da67012,Professional,None,1
9bfac4b4-2840-4fd2-9ed9-be3c31c2a95c,Student,None,0
98da52f4-4286-4964-aaa4-5106392027c7,Professional,10% Cashback,0
22e1bbc2-8e4d-446f-b97b-cff1977a109f,Professional,10% Cashback,1
88875550-f1a4-4692-b10f-ca22280cc203,Professional,None,0
4a88feaf-557b-4eae-a774-27083bfade65,Enterprise,None,1
d19c69a9-6a99-49b9-851a-1035075036dd,Student,None,0
d40510de-bb90-4ce3-83a4-e17d0c2744c2,Enterprise,None,1
3319b211-3e6b-4b11-bcef-8c717ef51843,Professional,10% Cashback,1
365032c0-f4a7-4078-856a-9822d83019c2,Enterprise,10% Cashback,1
a445ad67-645c-450a-8dbb-13cf2388e310,Professional,10% Cashback,1
2d145f0d-136b-473b-a995-cc38ef94771a,Professional,None,1
28b3af1b-57bc-4022-bb1c-aa63d7272f8d,Professional,10% Cashback,0
3bf3a7cf-c39b-41d4-b10a-fc19cd965419,Professional,None,1
31c73b56-0a28-4eba-8f70-acd569422074,Enterprise,None,1
b4c4c2dd-2cf3-4db4-b6c2-7139acda4b91,Student,10% Cashback,0
b272c38f-60a2-470c-a9ef-3ce7f023cbbd,Professional,None,1
5006924c-6fa9-4891-9697-ba0ceabc5a42,Professional,None,1
7fb98976-4d5f-436c-9a6d-9286c1d962c0,Student,10% Cashback,0
8dc530a4-30dd-4a7b-bc5c-e48d465418a5,Professional,None,1
69002db3-3215-4fe7-b929-48d475179922,Professional,10% Cashback,1
644643f3-7329-49c4-9965-3f3d0ede6d55,Student,10% Cashback,1
ae44352d-22be-4583-8423-e58bb4452818,Enterprise,None,1
3c0f3ed4-34fc-4db7-85d3-38a13d68edb3,Student,10% Cashback,0
811089be-d8ac-455d-b3dd-27fe1ec5015d,Enterprise,10% Cashback,1
f60c0304-84f0-446c-81c9-7a9370b04a69,Student,10% Cashback,0
04c2449b-8f43-43a8-86e1-6194d0744e17,Student,None,0
644891ff-d98b-4990-834f-4941e529fcbe,Student,10% Cashback,0
372adace-e233-48fa-a40a-eb34a71f968d,Student,10% Cashback,1
121361dd-e4a5-460a-bec9-ea9f03a92c3b,Professional,10% Cashback,1
22b8a474-6554-4f19-a784-9ecca58274e2,Professional,None,1
2ec73183-e119-4172-bdd4-e1f0311ab8a3,Student,None,0
ec3c67db-7b89-4a6d-bb7e-9da69f75cb0e,Professional,10% Cashback,1
2b639492-bf50-4dda-a3a4-3b9019ee3e7d,Professional,10% Cashback,0
b60ab6dd-611b-4f32-b98f-a770077c64b3,Professional,10% Cashback,1
f770b8c6-7213-467b-b476-dd86dcbcb602,Professional,10% Cashback,0
1199694d-a767-49f2-a5c5-e3e0f7ab51d3,Student,None,0
c3a6b2df-cddf-4aa7-9a04-b56ae554a018,Professional,None,1
2325a4e2-870e-4b96-a53d-94969eb85297,Professional,10% Cashback,1
ab426704-056a-4e9a-a166-cca0306df55e,Student,None,0
3d5f9ff8-6a59-4185-afa2-eecf11c49b71,Professional,10% Cashback,0
47760de5-1571-4620-aab2-99b9aa5a125d,Student,10% Cashback,0
f2940476-37ec-4923-9c46-2c158ae702c0,Professional,None,1
fff6dc79-96d7-4d0f-b559-a0e784ca600c,Professional,10% Cashback,1
f1b8fef2-6f81-4658-ba1e-bd347c1658af,Professional,10% Cashback,0
7f6ea832-484b-4d9f-a60d-663c13d9e4da,Professional,None,1
67af4ff8-e707-4bc4-8cb3-298c94cc378a,Student,None,1
2cf445e7-f696-4084-a334-b42e41227a16,Professional,10% Cashback,1
7aa0d54b-64cb-485c-9f38-6c87fd8d8c8a,Professional,None,1
6d9c1a70-425c-491b-806d-59de9a308c19,Enterprise,None,1
84d18b53-9fb7-4775-a7c1-45d659b2e61a,Professional,None,1
ae966053-0fed-47cb-82f8-5040a31ef550,Professional,None,1
735d4ee9-38be-4229-8cb4-2140e03e6395,Student,None,0
d1c0fc5d-491f-4a87-b1c5-a583d793a8ad,Student,10% Cashback,0
3a03e37d-6a05-4de6-a326-d420295e950d,Professional,None,1
43787106-1bf3-45fa-a92a-6ff5eeedb87a,Student,None,0
c5acb6ea-ec62-451e-97c8-5b396ef59aee,Professional,None,1
f3c237e2-e2e6-4c8a-8fc2-4292ce23313b,Student,10% Cashback,0
2538e922-3cfe-4c41-8c3a-b836901b6aad,Student,None,0
b58823ef-c7e2-43d1-8bd5-0e622cc99d16,Enterprise,None,1
aabc267f-3b53-48e3-86ca-21d7a2a67bfd,Student,10% Cashback,0
d0715531-a107-4906-a775-2fbd8ebc3e00,Professional,None,1
a8cd05d5-5709-4911-bb40-d286b87c1407,Professional,10% Cashback,1
a90ac15f-169f-4beb-a0c9-c71257767294,Professional,10% Cashback,1
ba88a1d4-0f0b-4d52-99ad-590a6caa4860,Professional,10% Cashback,1
501e49dc-7c19-4701-97ec-c04dd440e429,Student,None,0
63eff2d6-a6a0-4dc0-9a7c-0fab489ffe4f,Student,10% Cashback,0
0a35ce1f-7a5f-40b4-bfac-f4e11c4b9e50,Student,10% Cashback,0
60a9c2df-5283-4ded-9e28-ef478b84949b,Student,None,1
feae37f0-7cc6-4ada-a115-81a8bf7fc30e,Student,None,0
9f40afe0-b69b-478d-85b8-b88768ae30ef,Professional,10% Cashback,0
a6253b04-7227-4ac9-8d24-afd5977f0026,Student,None,0
da07125a-0e6b-4297-8342-275f61dbec08,Student,10% Cashback,1
7a47ce86-b589-499e-8432-53a631c0b595,Student,10% Cashback,1
07cbeecf-a334-4452-9c99-2a613d685001,Student,None,0
6e14cd2f-9f2c-4f60-979d-e2a3afe3d6c7,Professional,None,1
0defbdb9-d2f1-4fee-bde1-aae746ba5dae,Enterprise,10% Cashback,1
62ed4a18-0960-46bf-9b21-396aaeb093e6,Professional,None,0
4776fcfe-e939-4f08-b285-57b0a374ee73,Student,None,1
752170c0-fa6a-42dd-814c-25d9eaf11a04,Enterprise,10% Cashback,1
e6303b53-d764-45ca-99d7-09abcdf73f0e,Professional,10% Cashback,1
c28a8986-fa2c-490a-85f1-17d6b2d71a3f,Student,10% Cashback,0
8ce11160-ed71-4d04-9165-9d25ef01af20,Student,10% Cashback,1
a71b9bf8-f8af-46b3-8d50-89bb766bce4a,Professional,None,0
4f351950-e767-4f7e-b825-e152f9fd518c,Student,10% Cashback,0
205c69e6-e1a5-482c-999a-ac3cba3df67c,Enterprise,None,1
2f48b8b0-89ea-402d-87c3-8cfb242d1c67,Student,10% Cashback,0
a6e71a79-6724-4bd2-b067-3e96f8d63714,Student,None,0
726bff65-a6e0-4435-985a-a42157438b15,Student,None,0
44a012f2-8dc7-45be-a56d-8ad1250eacee,Professional,10% Cashback,1
e0a64575-ba06-4353-9df4-9c5a146d026f,Professional,None,0
55e4f431-5f45-4d5f-95c8-d7dd889ff728,Student,None,1
b54cc611-2726-4551-b828-13ea073897ea,Student,None,0
35448036-3028-4bc3-afb8-76745576831f,Professional,10% Cashback,1
50821cec-46a1-4047-82d0-a148ccef0591,Professional,10% Cashback,0
99029e33-ecee-4a75-a61e-167958ffe6b9,Student,10% Cashback,0
4364dff4-e61b-4625-b8b6-b15a16a6c148,Professional,10% Cashback,1
94d7e361-8b81-4735-95ea-c44bc8be7535,Student,10% Cashback,0
0ce307ee-d97e-4f1a-bbbf-9e1d71937ade,Student,None,0
f1ab9e6f-b0ce-4319-8cc5-c029365e3967,Professional,None,1
d26b369f-6b42-4d91-83c9-7370692582c4,Student,10% Cashback,0
6a5e6b43-9f83-4d51-8710-227d7af786cf,Professional,10% Cashback,1
fa6a0403-6667-4218-b2a7-a3debbdc57f0,Professional,10% Cashback,1
6e8efb87-2ab3-4ea9-83e0-9bfa1732a8ae,Enterprise,None,1
92788bfc-f20b-46dc-ac1a-9c0229feec26,Student,None,0
b79d99a8-ae7d-4637-bd13-f6bdaad6d366,Student,10% Cashback,0
63bb51fa-5b92-445d-b3ea-8d1e5383a3ce,Student,10% Cashback,1
175cbfb7-e62c-45ef-b8ad-8788eeb5cff5,Professional,10% Cashback,1
03ba4c99-3aad-4a6c-acbe-bdc471cd79a1,Enterprise,10% Cashback,1
f9ad9627-9d77-4259-8acf-b8f3b1ec7045,Student,None,0
4542779c-b7f3-4924-a2b3-c3ae51fb2d80,Professional,10% Cashback,1
8ac018c9-d818-4178-8018-38a5705f8ed1,Professional,10% Cashback,0
595f848c-d232-4ba5-88da-764264fabeb1,Professional,10% Cashback,0
eef36ec2-f991-451f-90e6-3ed7a3780d98,Student,10% Cashback,0
65778a39-819a-4ed8-95be-80474c6ef9be,Student,10% Cashback,1
56b815a0-ebfa-4b60-a723-9041f255a565,Student,10% Cashback,1
33eefc3b-93ea-4aee-bf3e-91fe87fdd62e,Student,10% Cashback,0
90e99cad-76a3-4737-a121-faa6a2f766f8,Professional,None,1
1f1646cd-447c-45ba-9dc8-6102319a64a8,Professional,10% Cashback,0
4dfdcda8-947d-4b46-8335-9ce6bc0e37ac,Professional,10% Cashback,0
32689809-e7a5-47a7-a4fc-9b20a3cfd061,Student,10% Cashback,0
d701e716-2598-4120-bc7b-65f1d81b8e9e,Professional,10% Cashback,1
3e4688fe-1a5c-449e-9490-bd4d84776a6c,Student,None,0
9682e216-d515-4d25-a0bf-293c44edc6dd,Student,10% Cashback,1
c2477615-39df-478d-b747-0ff7f7276aac,Professional,None,1
42d29a7b-ddb3-4b3d-be65-d587f0621908,Student,10% Cashback,0
f88be787-18d8-4456-8f08-bbaa8a9e6e0c,Professional,10% Cashback,0
875262de-9fa1-4919-b0a9-15e3ef967a28,Student,None,1
047a1b5a-ab95-4c98-a45b-ef16fc6d280b,Student,None,0
03faf40e-a923-443e-831b-16c18d0f8c44,Professional,None,1
c9e5be49-ec09-4390-9bce-e46fcbdbefa5,Student,None,1
d7b95bb1-9a86-4ae9-a33d-8da5cee810a3,Enterprise,10% Cashback,1
593d127c-08fb-468f-831e-b05b9bff9880,Student,10% Cashback,0
b533546d-102a-4d4e-b9ae-3ec0417f2a14,Professional,None,1
c1483b47-f6ec-4a90-9e54-db2b651bae1b,Student,None,0
b3ea6d13-ed5a-4598-824d-8eca53c02ce5,Professional,None,1
b10ff6d0-9cfe-4009-86ac-3b6fadecfad8,Professional,10% Cashback,1
5b47806a-99d1-4580-b1f2-4afea4e815b4,Enterprise,None,0
6165f68d-9fba-43c3-a082-e14ec0c1dd8c,Student,10% Cashback,1
310a9d41-0006-419c-9c11-3f75b666f681,Student,None,0
2e4515a8-75f0-4c81-92a9-e385e13ec391,Student,None,0
dbcff7d2-6fba-4de4-8f6b-2c2fe9102ff8,Professional,None,0
57fe6955-253e-4bce-b104-7db9afc0055f,Enterprise,None,1
e95d0deb-4bc5-4fb1-aa06-27c5547ab2a3,Student,None,0
fe128133-23b1-467b-8b48-c194fb40880f,Student,None,0
69463a63-d8cf-4c5c-8dfe-6489b7b099b6,Student,None,0
94a33e8a-f44d-47e9-bca7-45df18212c1f,Professional,None,1
dd9f041e-3340-48ed-a1fe-fb78d9ae242d,Student,10% Cashback,0
940e779b-cab6-4a52-a023-d15ee35a1cbb,Student,10% Cashback,0
c37416eb-b807-40d4-a860-cff7ba2bc3d4,Enterprise,None,1
18732c70-39ad-4538-8b05-d36f1df4ab67,Professional,10% Cashback,1
1a8e04cc-57dd-4448-8d17-b1e957c2aad8,Student,None,0
20d1a0ae-7f28-4eb5-857f-40a5733d545d,Student,10% Cashback,1
2f7599e5-2bd3-4cb4-ac04-d78b9090d763,Professional,10% Cashback,0
e6ea1262-8890-4280-8510-01e7b03703a0,Enterprise,None,1
613ff408-92fa-4a45-87ac-2f15b876cb4d,Student,10% Cashback,1
89c55c76-9309-41ab-a647-f65efdc11403,Student,10% Cashback,1
e3946ace-6fe6-4d62-9b6f-1a5a12ceba4e,Professional,10% Cashback,0
b9c456a3-8ef5-4068-abc0-c3fe6988e48b,Student,None,0
88aaac13-04ee-40a6-b660-c9ed432a3667,Professional,10% Cashback,1
1088cab0-f262-478f-a3f0-4a0ea1885c82,Professional,10% Cashback,1
f564f6ab-4033-4eb5-96fb-eca6c7568e73,Student,10% Cashback,1
b4dc7309-4996-4101-8347-47c0fa7ce976,Student,None,0
0e9948e6-f6a1-40fa-9003-42bef026aa17,Professional,10% Cashback,1
a1c8fe6f-06d7-4e28-8a33-3ac6492d73bb,Student,10% Cashback,0
430cec37-1830-4222-90a6-6f9089b7001e,Professional,None,1
299dc374-417e-4e30-86e4-cc65f6fd4dfe,Student,10% Cashback,1
5e14904e-9406-4c13-a111-9e9095e9f0d2,Student,None,1
945a61ab-2b7c-4517-a7d6-0c985cedd646,Professional,10% Cashback,1
f44655be-6468-4f72-94b0-b937ea7fdbe9,Enterprise,None,1
9b4db9a4-08af-4b01-b616-3b6930b86867,Enterprise,10% Cashback,1
ee027c23-5f3a-4961-8f5d-fcafe9af31da,Professional,None,0
584b00bb-0340-492f-8a0b-e4552adbc846,Professional,None,0
a7319c53-8f3b-4cbe-b30b-2c1c3d147d4f,Student,10% Cashback,1
bab056e7-0f9e-4d9c-ba1c-b87efa20731b,Professional,None,1
42a02cbd-988c-47d2-b159-3bdcdc907385,Student,10% Cashback,1
1ee72912-5e26-4be3-8728-1ce05efb3bff,Professional,None,1
b277329e-1e80-48fd-9084-09090de2f85a,Student,10% Cashback,0
98533913-1122-465a-b66f-356748adfa9e,Professional,10% Cashback,1
687e501a-e40d-48e7-9c2a-bed759b4c000,Student,10% Cashback,0
67d016d3-0761-4d05-b98b-37aa6bbe56c0,Professional,None,0
5c3c71de-6a48-47ef-a3db-263092144508,Professional,10% Cashback,1
6bfbc018-b525-4b38-93db-75a41d60ebbd,Student,10% Cashback,0
84989a47-6f60-4fe2-9779-560a222a35d6,Enterprise,None,1
05b99dfc-8992-4f59-a447-76316e8925b4,Student,10% Cashback,0
e6d74547-4365-4e85-8268-29a71fc3a2f7,Student,10% Cashback,0
6a47ef5c-7bac-424e-83d0-8e9706715c3d,Professional,None,0
2a314a25-ccd4-41be-846e-8a94c1321b1f,Professional,None,0
4b3bd434-5ff1-41a0-8342-bef86d9d0aeb,Professional,10% Cashback,1
0b70ab0c-4eff-4a22-a8a8-7f8d2a11fd02,Student,10% Cashback,0
16d062c2-ea76-4f5c-b100-ccf6ffa3c528,Professional,10% Cashback,1
220554dd-9c92-4491-94dc-e6784fd7f703,Student,10% Cashback,0
3618b98a-21a7-40ff-b935-d526072b626e,Professional,10% Cashback,0
fd72b865-3edc-4ef9-b843-459aafc092a2,Professional,10% Cashback,1
a81f183a-ff8c-41da-ad47-a77c023c0c10,Professional,None,0
0c5ae992-a0e4-4517-a6fc-d372e34e70d1,Student,10% Cashback,1
8fdd5699-833b-4496-ad46-4a64b1c3125c,Professional,None,1
0f9e66e1-05be-45c9-9295-2328e6cb6046,Professional,10% Cashback,0
cd2f0c99-1221-4f14-961a-75022aafaf66,Student,10% Cashback,0
1ea184a0-a932-4089-ab60-659da1bc52dc,Professional,None,0
864d0820-9076-41cc-98bd-aa2878ffac53,Enterprise,10% Cashback,1
a790f4bd-acd2-4139-8c2a-847fd115bdf0,Professional,None,1
9fd4d07e-aaaa-4b0b-bfef-bd01aa4318ed,Professional,None,1
2ec17fc1-f39e-476f-a6c0-a99b43853fd8,Professional,10% Cashback,0
b7ab85a1-29c4-40b6-afa2-811dab2efc35,Enterprise,10% Cashback,1
839518b2-9db7-4834-9b44-2a23cf9d0de9,Professional,None,0
487d4f28-8522-4623-bf0e-bbd92e7ea099,Student,None,0
e967412e-779f-47c5-907b-0ddf9047acd5,Student,10% Cashback,0
6f25f321-f26c-48e0-bf36-b24937d2f234,Professional,None,0
a02c8038-643e-49ad-8d54-82f61be48108,Student,None,0
dc9aa684-e4bb-48c4-a702-a2740c21cfc1,Student,None,0
d6393114-b2e2-44bd-bcb3-33487426d8df,Professional,10% Cashback,1
d57bced6-ec32-4535-8d9d-d73d614655e0,Professional,10% Cashback,0
6b35f634-4144-4c63-a8ed-88c67cb8a677,Student,None,1
fb103aea-d3fa-4fc7-9d27-f306c5a834ce,Student,10% Cashback,1
08062b3c-13a3-4c82-9df3-c4a35b624664,Student,None,0
ef75f8f9-b6df-4ef4-b99d-8873fcf42cc5,Student,None,0
e847c31e-91fd-4009-a7c2-3aa110460792,Student,10% Cashback,1
5bdcaca2-e7a1-4d84-9d70-7af652d0eee4,Professional,10% Cashback,1
e724fbc8-c500-45e6-871f-96fb9ffcd0fd,Student,None,0
115f61a2-28c8-4d7b-9415-973057b083d0,Student,None,0
8731a186-7166-4c9f-84af-8dd2b2aa2a39,Student,None,0
aa77c63f-25d3-4aa7-a02c-432813314bb0,Professional,None,1
641304ef-0606-47e5-b5a3-9e576cc22e9d,Professional,10% Cashback,0
14fd3040-5ec0-4aea-b92b-1b4256bfab2b,Student,10% Cashback,1
ff23e8ef-a6f5-464e-91ca-23e7f2953680,Student,None,0
ed3de9d4-5b41-416c-b544-4667ec625ca8,Enterprise,None,0
a619c70e-b6e1-4ad8-92f1-e041ac7eb93f,Professional,10% Cashback,0
4908daf1-8bf0-4341-9366-6b2ebf898468,Professional,10% Cashback,0
637682fd-0ffe-48ac-be73-7985e2f5f063,Student,10% Cashback,0
e9569554-8f5d-4598-b026-3ac560efdc96,Professional,10% Cashback,0
76ff4a5a-d233-4a37-a0ba-0d39c40798c0,Student,None,1
3d4aedeb-4358-433c-ae51-1c81948d099c,Professional,10% Cashback,1
7d40785a-e5d1-4dd5-8ce0-e85f97063643,Professional,None,1
73c8efbe-6e6b-493a-9921-ca3a106dd599,Enterprise,10% Cashback,0
1bef28ba-20a0-4ebb-9c25-7f6a17f3b274,Enterprise,10% Cashback,1
6f2ec4ed-9236-4965-a58a-4ed539751c27,Student,None,0
b46a0ad1-62ed-40c2-a4f1-53fad88b4461,Professional,10% Cashback,1
97beb18c-9e31-413f-b2b5-4544dd9e6287,Professional,10% Cashback,1
1cb1a31a-462e-4966-83c8-873f64a0f33b,Professional,None,1
ba907b73-1d3f-40d7-9029-f1b9d730978e,Professional,10% Cashback,1
cb870326-56b5-4c3c-a899-8e09328c3bbe,Enterprise,None,1
36c93486-4973-4d01-95e5-064ebf2a8a64,Student,10% Cashback,0
f9d32684-c31d-4ed8-8f67-35327e103203,Student,None,0
321a7cb8-9120-4ca3-b6fb-a158da0fbef2,Professional,None,0
f16fef5f-c3b4-4603-a5fe-03bf6a636b9b,Professional,10% Cashback,1
b10c724e-ea1f-4d4a-9362-a0f03198c2bc,Professional,10% Cashback,0
dbfb48df-9354-45ea-ba4f-6d84803fae87,Professional,None,1
b1f1dbea-86e7-4b90-a089-0ed85ca4ae3c,Student,None,0
dfa558cb-cc5b-435f-b2c8-3b694c0e9a60,Professional,None,0
3beb15b1-587f-41a2-9a14-b4e33e730e17,Student,10% Cashback,1
8e8f6141-fba4-4cb7-9bb9-20990747adae,Professional,None,1
093fd028-d959-4862-abd1-0a9671545280,Professional,None,0
c110f832-aaf2-4c64-b287-b6e2223a9c90,Enterprise,None,1
26543ac2-0630-4a5b-8753-1d95be6b402a,Professional,10% Cashback,1
6517b416-b153-45a9-a4df-34dfaf267d7b,Student,None,1
e8363ccc-c72c-47ff-be54-e4dae6156c15,Professional,None,1
9d9467c9-af6b-4745-af89-30a75908c638,Student,None,1
02a094fa-6aad-4d27-bffb-e47c1b38348d,Student,10% Cashback,1
1513ed03-ea97-41ba-a072-133d548246e2,Enterprise,None,1
bb6b94a8-9304-48bb-905d-f3003ef4efac,Professional,None,1
c07ae89b-163b-401c-aa9a-f6e4381954e7,Student,10% Cashback,1
31539d8f-4372-4955-b005-9287fe649c98,Student,10% Cashback,0
d9f99687-70c1-4635-b537-016db4c5d7a3,Student,10% Cashback,1
ab97f463-a7d3-4246-9473-652712bff1c0,Professional,None,0
70278b2b-c3eb-4965-98b3-cd874cfb4311,Professional,10% Cashback,1
f9097e9b-4a9e-4751-a935-fe22142b2846,Student,10% Cashback,0
fa4e998f-db78-45d4-a800-4a8e1536020a,Student,10% Cashback,1
d241bc43-7cd1-442e-8231-3906207dfb9b,Student,10% Cashback,1
242b0201-165e-40ce-a685-dfc184375bf1,Enterprise,10% Cashback,1
64d29664-2237-4cc3-8baa-499efea0bc9f,Professional,10% Cashback,1
1359348f-d772-484e-8839-f6f1ecb7f8f8,Enterprise,None,1
61b5a3f0-3cd1-4579-bfc2-3380ea4933bb,Student,None,0
40e85623-d00b-4c74-b4aa-3e1f5081c37f,Enterprise,10% Cashback,1
8c8c2767-a2dc-4762-bb3b-a61045f91ab6,Professional,10% Cashback,0
3c89bf63-33b1-44bb-bb3a-36802b016f87,Student,None,0
371d8c8e-15d9-405a-91f0-ea95d0758eb7,Professional,None,1
85f9ea3e-dfab-4fa3-9839-7494a4c434ba,Student,10% Cashback,0
e6e3523e-7ced-4378-898b-68805d63e351,Student,10% Cashback,1
14c25a04-86e5-45b4-8365-50c19cbd74ee,Professional,None,1
6d18793a-077a-4de1-b00e-e7809c3232cc,Student,10% Cashback,1
56ecddf7-b9a4-444e-a8e6-0f4e9971e7c7,Student,10% Cashback,1
0c0acbfb-dfdc-4d90-9745-e5a79b07a845,Student,10% Cashback,0
0e84ca50-ac81-415e-a20c-771d5d0b43b9,Student,10% Cashback,0
fb6683ab-d82c-42f5-8429-99edf5731b2a,Professional,10% Cashback,1
ed173a37-d2be-415d-8a38-8a04a94f1d9a,Enterprise,10% Cashback,1
de32551c-bcff-43ff-852c-b520f15d2e4f,Professional,10% Cashback,0
51799860-20e8-4b75-a024-2cbcce7a8e07,Professional,None,0
f44c15e6-24df-4746-a96c-5990fe0331d5,Student,10% Cashback,1
c6f0c7ca-9980-47b0-9d9d-cd72c434ab33,Student,10% Cashback,0
caa6ffef-4c15-4a60-9e72-576b81527942,Student,10% Cashback,1
90063f4b-07c1-49a8-8364-b83ffdb55fbe,Enterprise,10% Cashback,1
7216f448-d074-49cb-a553-34ddc0c801f9,Student,None,0
ee8ba117-db5a-4578-a7d2-3fcb506eafa6,Professional,10% Cashback,0
4935491a-50b4-4aa7-8870-d05c5faf188e,Student,10% Cashback,0
9185e288-e008-41e0-baac-474e9a638baa,Professional,None,1
aa6ffdbc-42a3-4f8a-b6d7-2501eb485ac2,Professional,10% Cashback,0
581aa8ee-b99f-4435-b3e7-d44efb9f8fb5,Student,None,1
24ce1674-d164-467e-9075-fcf611b0bfef,Student,10% Cashback,0
8925cdaf-eafb-47c6-893b-1647cb94c123,Student,10% Cashback,1
df117161-cc9f-4711-b899-845ac1f9dd09,Professional,10% Cashback,0
19e842c9-0a8e-4ad5-ace6-0c39b61351d4,Student,10% Cashback,1
8e4f4b09-b3a8-4e61-9067-3b6cdc1d4bf1,Professional,10% Cashback,1
9a11ba03-23ba-4e99-9d91-5a6ff45a2641,Enterprise,None,0
0e4bcfdb-acde-4dbe-af11-4313c9a90233,Professional,10% Cashback,1
293b504f-231b-4a25-a0d3-473ef50deee9,Professional,None,1
fc82c24d-3f4f-4708-84b1-fbf6ad648569,Professional,10% Cashback,1
68172d8d-7bd7-4d03-81ae-807f225f84b8,Student,None,1
d53734c5-d042-4e82-b954-162b7ba073a1,Professional,10% Cashback,0
49c438cf-cb61-4773-b215-4721e8e572f5,Enterprise,10% Cashback,1
51ff8003-3b94-45db-8f0d-214d606c1dbf,Professional,None,1
1f264418-1de2-4b76-8b0c-25758630d3d7,Student,10% Cashback,0
6c435631-412a-4e3b-a355-8ae96186d2a3,Professional,None,0
9e91c1d9-6366-4fe9-a61a-9bddbc98a596,Professional,None,0
bbee417d-62f3-470e-9d38-e8e8590db0a4,Professional,None,1
a865aa4e-aeab-48af-a886-6fc2bb2ceceb,Enterprise,10% Cashback,1
200ae4ae-2204-458a-8dd4-efb06a86e528,Student,10% Cashback,0
a73c574c-52c8-4242-a3bb-505db45db16a,Student,10% Cashback,0
7884d6d1-ac9e-41b2-85d9-3333bb5ddc7c,Professional,None,1
4b22758f-e674-43be-b948-f110914280e0,Student,None,1
90202a03-5889-4994-adc0-3e32cd67918d,Professional,None,0
74b48eea-5246-4318-87cc-a139668b4546,Professional,10% Cashback,1
f5439040-0382-4f70-b886-f0aad59b99ec,Student,None,0
2c06195c-b1d1-4892-9333-f6f4efec69a7,Student,None,0
425a79e7-86f2-4c44-aabb-f2742e2a99cb,Student,10% Cashback,0
20fad150-788b-448e-94f2-9326a8bc6978,Professional,10% Cashback,0
1f73926b-3427-42a3-897d-6c55069a9e38,Professional,10% Cashback,1
feccd3f4-b3d8-4daa-90a2-c00bc1baaaa2,Professional,None,0
fc1d87c2-a27b-400b-b83a-bb5acb3babd9,Professional,10% Cashback,1
820e9f74-cdc3-4082-8b77-d5dbc50d7d15,Professional,None,0
681d6c62-bdc3-4e66-a122-8c9970711f30,Student,None,0
4c48b969-e115-458a-8e54-7eb73dd5bbe0,Student,None,0
86007e46-5301-45ba-9fd7-ba49f50079e0,Professional,10% Cashback,0
0f27082a-19f1-4c4d-93b0-86ecc5ffba59,Professional,10% Cashback,0
2fa943cb-3c00-494d-8ba5-29b4222dc654,Professional,10% Cashback,1
7cccdab4-8dc2-4a7d-acd4-66bbea200caa,Student,None,0
706474f2-7497-45f2-9cd4-3db724347871,Student,None,0
8b951cb1-837c-41a7-b11a-b79f89be7fdf,Professional,None,0
6a6d2777-2980-4512-8da6-48a86019fff1,Professional,10% Cashback,1
4c56fc6b-834b-488a-b1e2-9b76fee44e59,Student,None,1
9d351a67-76c0-4503-861b-421afcac06a2,Professional,None,0
a8e0ba00-82df-4753-a84b-454b92427a1b,Professional,None,1
c3b31e14-3cca-4dbe-8f44-d740630380e5,Student,None,1
875224b5-9f96-4f11-9a26-9cdd0b7021da,Student,10% Cashback,1
1f4f45af-81e6-4364-8336-9b23e876e9bf,Professional,10% Cashback,1
b13c6526-a6a9-459e-b566-8d2c9880daa7,Professional,None,1
efee3de5-fe22-4d62-98db-a5dfad642b8f,Student,None,0
ae869d0f-7106-4ac3-844a-cbf06783c614,Student,None,0
8f0e0daa-543c-467b-9cdb-f86fac3ff2c7,Student,None,1
bb3cf402-281f-4d22-8d5c-4a2dd66e90fb,Professional,None,1
0eb29b48-0494-4a1d-baaf-813ae6318c9c,Professional,10% Cashback,1
c7cd80ba-8e68-4d55-8f56-385887606a60,Professional,10% Cashback,1
2e0894ca-d554-49ff-b1fc-e00f46bd0bf5,Student,10% Cashback,0
210704d7-f971-4244-a5f7-2f7191679f2e,Enterprise,None,1
a0d63a6a-640b-4116-9ef5-600ef46626bb,Enterprise,10% Cashback,1
040fe029-485e-4056-aba0-ad8a76b32967,Student,10% Cashback,1
374dde1f-c09d-4427-b068-00818f86e0bf,Professional,None,0
eadbd230-876f-46a6-8482-444cd0646fd9,Professional,10% Cashback,1
b0348c68-ce45-4a17-a5be-aacd1eabc09b,Student,None,0
a6c99307-7a51-4f70-abe8-974b79b68746,Professional,10% Cashback,1
d914d7a4-c406-4774-b93e-8dd4dd4cb6e8,Professional,10% Cashback,1
0e2a052f-5ec2-4c3a-a9b4-ae9924219a7a,Professional,10% Cashback,0
6a07bc53-ccca-46be-ab7c-0411a1132572,Professional,10% Cashback,0
f0de41f6-cc7e-491d-af10-7c299aa6221f,Professional,None,1
faa153e8-64bd-453c-85d9-cc88c30286d7,Professional,10% Cashback,1
2243eee7-7541-4cd2-a36c-7546b84d6bfa,Student,10% Cashback,0
38b797ca-6905-4657-af23-200e94016b3a,Professional,None,0
27ddd886-789d-4fdc-9bb2-74279f472bf5,Student,None,0
11ca4a3e-e2fb-42c3-84ee-fd2a02074420,Professional,10% Cashback,1
41610ba9-4fce-4252-ab83-d927263f201e,Professional,10% Cashback,0
4a53a763-42af-461b-b515-e1668f3f8fac,Enterprise,10% Cashback,1
9a0b4edb-16da-4dc7-a087-030f523fc1b5,Student,None,0
9180ee1c-21ae-4a34-b754-710a3dee0740,Professional,10% Cashback,1
fa090703-5f1f-4154-83f7-55a71c3cfce8,Student,10% Cashback,1
c6b3015d-5751-469a-b66f-8a9185ea7f50,Professional,None,0
96efebab-1f8c-4370-89a7-6c75108791a0,Professional,None,0
e75c3c05-b6f5-423e-8041-1bacebc970b3,Student,None,0
ebdfad62-c814-451c-b76a-05ad312a6621,Professional,10% Cashback,1
c7861eb7-2a26-4619-bc46-9fea58b76768,Student,None,0
c0aa6559-e48c-4616-a007-265de517c5b7,Professional,None,1
f595b71d-4025-4803-bdbf-48ded0dbd9ac,Professional,None,0
01243082-3162-4979-ae9f-b57d4a3c6596,Student,10% Cashback,1
3fb39072-a59b-43fc-b579-ee9d235694cd,Professional,None,1
c4a5196a-7351-464e-af5b-a662f93164ba,Professional,10% Cashback,1
f68a737d-a1eb-48a6-a532-fd59cdad965a,Professional,None,1
46d40e8f-51e1-42b3-ad5f-32fb95b40a51,Student,None,0
90cd535f-486b-46c2-bf37-c5cac05f65da,Professional,10% Cashback,1
5ebc8822-5ca6-4b8e-bdfe-af1b4d082032,Professional,None,0
38558c8f-c6c8-4f18-841d-16c0c74aa479,Professional,None,0
efdf7594-4f5a-4efa-bdff-a9e46264f2b2,Professional,10% Cashback,1
6b140236-d1c3-4c4f-baf9-c01b29d9fd95,Professional,10% Cashback,1
1da1ef51-6491-4402-a69f-f349ae4370d3,Professional,10% Cashback,1
775aed02-c936-42ff-a471-880ebf8aa896,Student,None,0
8c26d1ae-fcb3-4b13-96f6-fd5511e3f3ff,Student,None,0
0a6122d2-4a8b-4c93-a363-9f290335f249,Student,None,0
096ddfa3-488b-4385-a64e-8c88b4370ea1,Student,10% Cashback,0
c9d7585d-a26a-409e-b065-9ea092e83871,Professional,None,1
2c64b6d6-8efa-42cc-a1ee-3a76a1f514c7,Professional,10% Cashback,1
958544b6-8d6b-4232-883f-9ed049d00d49,Professional,10% Cashback,1
9a17a1b3-07e6-4bd2-87e1-c0d4da86ea11,Professional,None,0
5e6bca31-21fc-4db2-a5ff-55c0f2bd5e3f,Enterprise,10% Cashback,1
69d6ac9e-e446-4625-aa58-eca731feff83,Student,10% Cashback,0
cb3a0891-dd44-4737-b222-7af1d8966766,Student,None,0
4af6c59e-6b07-4939-accd-287b68d90cdd,Student,None,0
3f22ef66-830f-43f2-b8f6-d364e781cdb0,Student,None,0
42497ba0-fd44-40f2-a4e3-feb281cce076,Professional,None,1
9d4950bd-25b1-419b-96d1-69779f8c3494,Student,None,0
77b22cfc-2a9f-4ac2-8baa-9fcedd425275,Professional,10% Cashback,1
086b34ce-42d3-4039-bd0c-6fc946798d0a,Professional,None,0
cbbc72ba-03f9-4aa5-a7d2-691889c99b3f,Student,10% Cashback,0
fb4e61f8-a926-49d9-87d5-179759e6cfaa,Professional,None,1
746e731a-bbee-4a8f-ba7c-c701b6410042,Professional,None,0
1d94c60d-b478-4890-852a-ac258a877667,Enterprise,10% Cashback,1
99930e30-8543-43f4-a7db-41c77de21ee6,Professional,None,0
f565113e-3df9-4a43-854a-6f131a134b9e,Student,10% Cashback,1
abab7bfe-5a1e-466d-ba2a-a5cf765ba9ac,Professional,None,1
0cc8375c-2647-4e12-9e51-07bffa784e3c,Professional,None,0
67b172c7-ed0f-497c-83f8-12f9c639e838,Student,None,1
813b700c-f34a-4b12-9972-c48e531c9297,Professional,None,1
fc0ff2a4-bd9b-4ff3-b883-ba5088279cff,Student,None,0
4d13daf1-7f72-4dc3-b09e-74968d693842,Professional,None,1
59ee570d-05c6-4204-8ab3-8a46041037a6,Professional,None,1
13d792cb-20cb-45c8-80a9-e605b3335ac5,Professional,10% Cashback,1
6ffe6e46-e8a6-4d70-9e2b-0702829b9344,Student,10% Cashback,0
4f65366d-f2e5-4aa9-8c65-db9bd2fd4386,Professional,None,1
9c66d2e5-c69f-42ae-94dc-2f16278b4eaa,Student,None,0
5a49e7ad-0e90-4198-9e0f-48c66c49d7ee,Professional,None,1
6dab57d9-d1a6-4778-aefc-e6365416e7af,Student,None,0
152182a1-ee16-448f-b535-647a7d876e4d,Professional,10% Cashback,1
1cb14dec-92aa-489a-925c-dfd054de5a75,Professional,None,0
9f17c4c2-52f5-4cd5-83bd-a9c3fe93a387,Student,10% Cashback,0
d49e0277-da21-4e98-a52e-6e74627acfae,Professional,10% Cashback,1
c39a50ea-907d-40c6-8ceb-2dfbfc52292b,Student,None,0
61f833c6-08ce-449f-8b05-0fbebd9c03ba,Student,10% Cashback,1
304cc295-c00c-4937-9d8b-c90f6fc5c7c3,Student,None,0
7d2d79c7-98bd-445e-84b8-f2924537a23c,Professional,10% Cashback,0
29825c2f-55de-471d-bf61-0c2ba8e7094e,Professional,None,1
454d1185-b116-4dad-a49a-28b2d4f41925,Enterprise,None,1
717b83b4-f6b7-4bdf-ba38-1f551e8f5f83,Student,10% Cashback,1
8dc9f664-5d19-4c32-95a6-bf967fb7eaf4,Professional,10% Cashback,1
657f1d8d-5caa-4668-8c31-1f00bc360f49,Professional,10% Cashback,0
1741b9d3-57b9-41f9-aa29-79fcbd15ebb3,Professional,None,1
9de4b8c7-60cf-4c5c-a65e-8c15b0f555a6,Professional,None,1
f0119dd6-f4c3-4dac-b306-b2a2db9627ea,Professional,10% Cashback,1
9942ef86-9b14-4093-9e81-0fbcb214be67,Student,None,0
298f6062-599e-46cc-887f-b8301de5cc31,Professional,10% Cashback,1
8dcc8975-2997-456c-8309-37d47789aef8,Student,None,0
6b6b79fa-ef0d-4baf-8118-ef393483a30f,Student,10% Cashback,0
cfd58930-425d-444d-a782-80944edf86a2,Professional,None,1
5a04a234-0541-4b3f-bc80-c1a59d5a8ffa,Professional,10% Cashback,0
3cc47143-9268-4f55-8a52-541f996df7fe,Professional,10% Cashback,0
2f19c15f-530d-46b7-802d-20b608d8daaf,Student,10% Cashback,0
dc8478d6-cb80-4794-8594-d36aeb62d749,Enterprise,10% Cashback,0
38904934-be06-4f30-abfd-1222dd96cdfb,Professional,None,0
7a09a1ac-e03d-4207-893c-6cd68db74185,Professional,10% Cashback,0
512087f2-5420-4e1a-9479-b9b46fc22957,Enterprise,None,1
232d9735-d895-4773-8c86-c87553f2c311,Enterprise,10% Cashback,1
3cdc4e8d-a60d-46b6-affb-41c0957f50bc,Professional,None,0
797cd2e2-5501-4225-b956-e37956cb0f44,Professional,None,1
199daafd-862c-4ec7-9cfb-8e3954510d64,Professional,10% Cashback,0
29812157-4f30-4952-ae6b-025a7a04262b,Professional,10% Cashback,1
1aef3f99-cd66-4eac-b0de-39f53606c39f,Student,10% Cashback,0
47bc38cd-a2ea-41af-bcb0-b9b7c22ae217,Professional,None,1
a0dc04d4-b044-4b1c-a8b2-987b78dd76d0,Student,10% Cashback,0
794d438c-bf14-4905-a698-c5c02635e163,Professional,None,1
ad4b8941-8879-4e77-bdc1-ce7e32a75e79,Student,None,1
10105b83-499a-417a-9369-c3a74979217a,Student,10% Cashback,1
073bac83-de7f-482f-9fda-e39ed5f25747,Student,10% Cashback,0
6d0cb844-17a1-4e27-bfed-7c4c1189f1f3,Student,None,0
1848bf0a-595f-4978-bad2-1c9df274ad40,Professional,10% Cashback,1
a6e365c2-3de6-40f0-b020-fbfdea092fe2,Enterprise,None,1
2152894e-f36b-4232-8dc4-6103159a7f19,Student,None,0
40f0d9bb-5300-49bc-9148-e9c670735fd7,Student,10% Cashback,1
40ce7844-21dc-4286-92e6-80cacfe24280,Student,None,0
075c02cc-1f5e-4084-af21-8abbfbaee81e,Professional,10% Cashback,0
21753d19-6de3-4f95-9236-70f2e59b0262,Professional,10% Cashback,0
9b8920f6-db92-4c9a-9a81-f8e14f025cad,Professional,10% Cashback,0
fc299de0-0b8a-48e7-9494-63ac0a71d88c,Professional,None,1
7729f4b8-3898-43e1-af9e-eb2bb6a58396,Enterprise,10% Cashback,1
862ac129-bb2e-4f79-9ee0-c9961f143163,Student,None,0
2574b8a0-3506-4124-878d-67b08a0d67f6,Student,None,1
c868f2c6-bb7c-4fa2-b5dd-02294b6f8885,Student,None,0
69ba4e7f-d65c-424d-9888-6e1edfd2ce36,Student,10% Cashback,0
f109e12b-a191-4f05-9574-31300033f0b5,Student,10% Cashback,0
5df99d15-1b86-4f0b-b4db-c90d5e4387c1,Professional,10% Cashback,1
79dc0daa-5c82-47fa-8328-464655eb40a4,Student,None,0
fc6ad8d4-f9d5-409a-a1a9-2be1a68c91bd,Professional,None,1
5c2b151a-dcf1-4b88-ab56-48d1eb8a4dec,Professional,10% Cashback,1
0fa232d0-2352-4f3d-949c-3a0e308df671,Professional,10% Cashback,0
9342510e-83b1-4c4e-9934-12575d93a202,Professional,10% Cashback,1
ef35a4a2-70e2-47ed-9209-b802327cb146,Student,None,0
068f076c-bf32-4409-9cf6-8974a1c6e8ae,Professional,None,0
ef4a14bb-39e7-4fbe-8ba2-89271f926f01,Professional,10% Cashback,1
a643c1b0-9d52-4032-98f2-bdb5c82f4832,Professional,10% Cashback,1
531552d4-a372-4361-8fa2-e7f931c505a6,Professional,10% Cashback,0
11dec5c1-14d6-44cd-a3ff-5ab6a38dd3f5,Student,None,0
5b9bec02-d761-4fe5-886a-26642f645b24,Professional,10% Cashback,1
c730f179-03e4-47ee-8174-5c11f4d52f15,Professional,None,0
44f2d160-c08a-4b43-bd1d-8409a899a28c,Professional,None,1
35c9f7cc-1875-48c6-91cf-48ed6085d4ff,Professional,None,0
40aebe0a-cfc2-463c-a1e8-5893dae01ef5,Professional,10% Cashback,1
ca285e89-2876-455a-8c2a-218698705d02,Professional,10% Cashback,0
9a7a352d-0ae6-40d9-930a-0e6da5bfc289,Professional,None,0
e01f18df-10a3-48f1-a9f3-9250da23c866,Professional,10% Cashback,0
8108186e-fcfb-413d-b3e0-c873fc45ae90,Student,None,0
601fdb95-c3b4-4ff7-845d-73f64a47d075,Student,None,0
b069c034-c72b-44ba-9a8e-0c926bc86269,Student,None,0
f69db582-7553-4b1b-8b80-7406c9b7ad46,Professional,10% Cashback,0
5d97b1c9-80e0-498b-b81e-295e1f7f68f1,Student,10% Cashback,0
df43fee2-3c04-467e-81b3-d02a0e918d34,Enterprise,None,1
356fd436-0fd0-46ac-b6de-a0399c8f6be5,Professional,10% Cashback,0
3118a710-0dad-4456-b0a6-ef029d013740,Student,None,0
91fb26f4-d85d-493a-a436-e62ed325dd1c,Student,10% Cashback,1
415d6eb5-3a44-4854-8387-92c3d73fdfab,Professional,10% Cashback,1
9c9d91c7-f072-440b-885d-212b87af4808,Student,10% Cashback,0
4356c1d8-2532-4c5d-bea9-e547c8915921,Student,10% Cashback,0
4c0c4de7-097f-43cd-bc19-7c3602821af0,Student,None,0
c63dce3b-51a6-4bd2-94d9-594380878703,Student,None,0
067289a2-2b20-47f5-a85c-e4f3ab101ba4,Enterprise,10% Cashback,1
b40bbd55-ee5b-4fec-9805-7ce45f4b9af7,Student,10% Cashback,0
5e91f539-714d-4a53-bc28-afd6a3a5eac0,Professional,10% Cashback,1
2480ee21-b917-46ee-8745-af1f5900066f,Professional,None,1
7d4f7a4c-c82f-4eac-9736-7c37faebc4ee,Student,None,0
2685a4ea-2624-4d77-8f3a-b7e0471abf5a,Professional,10% Cashback,0
a6d5680c-1f48-4bd5-b927-94b7085b0415,Enterprise,10% Cashback,1
818be1c4-c0e1-4ca4-ba54-ca4a86601ecb,Professional,10% Cashback,1
8aeba543-d669-4f2b-a117-5b16a33b7eb9,Professional,10% Cashback,0
731cfeb4-4cf4-44c1-b224-65f752436eab,Enterprise,10% Cashback,1
f2d639cd-2abb-4c9f-889d-56b48512ba4f,Professional,None,1
05c114e6-9d71-4578-b133-d5860b0b7728,Student,None,0
513589d5-8222-4203-b221-3791b1be5210,Professional,None,1
9c64c0a7-a30d-4051-b1ad-48ad0a4529fa,Professional,None,1
fe4e4541-e038-4c76-a257-e4b79cf9d42a,Professional,None,0
d91c042b-2f5a-4051-ba69-086eaeb08c0f,Student,10% Cashback,0
4030f104-f1dd-45a6-adfe-012c78343d11,Student,10% Cashback,1
